session_id,timestamp,focus_score,au1_inner_brow_raise,au2_outer_brow_raise,au4_frown,au6_cheek_raise,au7_eye_squeeze,au9_nose_wrinkle,au10_upper_lip_raise,au12_smile,au14_dimpler,au15_mouth_down,au20_lip_stretcher,au23_lip_compression,au25_mouth_open,au26_jaw_drop,avg_ear,head_yaw,head_pitch,symmetry_score,blink_rate_per_min,eye_closed_sec,is_blink,left_iris_x,left_iris_y,right_iris_x,right_iris_y,gaze_direction_x,gaze_direction_y,gaze_deviation,tension_score,tension_level,tension_sources_brow_furrow,tension_sources_lip_compression,tension_sources_eye_closure,tension_sources_expression_instability,tension_sources_emotional_influence,micro_exp_au_name,micro_exp_intensity,micro_exp_duration_frames,micro_exp_onset_frame,dominant_emotion,confidence,emotion_state,is_valid,au1_inner_brow_raise_trend,au1_inner_brow_raise_volatility,au1_inner_brow_raise_change_rate,au2_outer_brow_raise_trend,au2_outer_brow_raise_volatility,au2_outer_brow_raise_change_rate,au4_frown_trend,au4_frown_volatility,au4_frown_change_rate,au6_cheek_raise_trend,au6_cheek_raise_volatility,au6_cheek_raise_change_rate,au7_eye_squeeze_trend,au7_eye_squeeze_volatility,au7_eye_squeeze_change_rate,au9_nose_wrinkle_trend,au9_nose_wrinkle_volatility,au9_nose_wrinkle_change_rate,au10_upper_lip_raise_trend,au10_upper_lip_raise_volatility,au10_upper_lip_raise_change_rate,au12_smile_trend,au12_smile_volatility,au12_smile_change_rate,au14_dimpler_trend,au14_dimpler_volatility,au14_dimpler_change_rate,au15_mouth_down_trend,au15_mouth_down_volatility,au15_mouth_down_change_rate,au20_lip_stretcher_trend,au20_lip_stretcher_volatility,au20_lip_stretcher_change_rate,au23_lip_compression_trend,au23_lip_compression_volatility,au23_lip_compression_change_rate,au25_mouth_open_trend,au25_mouth_open_volatility,au25_mouth_open_change_rate,au26_jaw_drop_trend,au26_jaw_drop_volatility,au26_jaw_drop_change_rate,avg_ear_trend,avg_ear_volatility,avg_ear_change_rate,head_yaw_trend,head_yaw_volatility,head_yaw_change_rate,head_pitch_trend,head_pitch_volatility,head_pitch_change_rate,symmetry_score_trend,symmetry_score_volatility,symmetry_score_change_rate,blink_rate_per_min_trend,blink_rate_per_min_volatility,blink_rate_per_min_change_rate,eye_closed_sec_trend,eye_closed_sec_volatility,eye_closed_sec_change_rate,is_blink_trend,is_blink_volatility,is_blink_change_rate,left_iris_x_trend,left_iris_x_volatility,left_iris_x_change_rate,left_iris_y_trend,left_iris_y_volatility,left_iris_y_change_rate,right_iris_x_trend,right_iris_x_volatility,right_iris_x_change_rate,right_iris_y_trend,right_iris_y_volatility,right_iris_y_change_rate,gaze_direction_x_trend,gaze_direction_x_volatility,gaze_direction_x_change_rate,gaze_direction_y_trend,gaze_direction_y_volatility,gaze_direction_y_change_rate,gaze_deviation_trend,gaze_deviation_volatility,gaze_deviation_change_rate
20260304_135106,1772603467.4198775,0.3,0.232,0.278,0.012,0.466,0.578,0.499,0.0,0.0,0.624,0.0,0.0,0.0,0.0,0.0,0.422,0.307,-0.999,0.994,0.0,0.0,0,0.524,0.567,0.61,0.569,-0.072,-0.573,0.577,0.083,low,0.015,0.0,0.0,0.53,0.0,,,,,startled_anxiety,1.0,neutral,1,1.0,1.0,1.0,1.0,1.0,1.0,1.0,0.059,0.118,1.0,1.0,1.0,1.0,1.0,1.0,1.0,1.0,1.0,0.0,0.0,0.0,0.0,0.0,0.0,1.0,1.0,1.0,0.0,0.0,0.0,0.0,0.0,0.0,0.01,0.001,0.001,0.0,0.0,0.0,0.0,0.0,0.0,1.0,1.0,1.0,1.0,1.0,1.0,-1.0,1.0,1.0,-0.575,0.003,0.011,0.0,0.0,0.0,0.0,0.0,0.0,0.0,0.0,0.0,0.0,0.0,0.0,0.0,0.0,0.0,0.0,0.0,0.0,0.0,0.0,0.0,0.0,0.0,0.717,0.0,0.0,1.0,0.0,0.0,0.0
20260304_135106,1772603467.50843,0.3,0.228,0.284,0.082,0.451,0.555,0.499,0.0,0.0,0.761,0.0,0.0,0.915,0.0,0.0,0.445,0.319,-0.998,0.993,0.0,0.0,0,0.522,0.567,0.61,0.569,-0.096,-0.591,0.599,0.656,high,0.107,1.0,0.0,0.96,0.235,,,,,anxiety,0.588,neutral,1,1.0,0.707,1.0,1.0,0.707,1.0,1.0,1.0,1.0,1.0,0.707,1.0,1.0,0.708,1.0,1.0,0.707,1.0,0.0,0.0,0.0,0.0,0.0,0.0,1.0,0.717,1.0,0.0,0.0,0.0,0.0,0.0,0.0,1.0,1.0,1.0,0.0,0.0,0.0,0.0,0.0,0.0,1.0,0.708,1.0,1.0,0.707,1.0,-1.0,1.0,1.0,-0.353,0.003,0.008,0.0,0.0,0.0,0.0,0.0,0.0,0.0,0.0,0.0,-0.105,0.002,0.008,-0.023,0.0,0.002,0.029,0.0,0.002,-0.005,0.0,0.0,-1.0,0.113,0.957,-0.913,0.086,1.0,1.0,0.017,0.074
20260304_135106,1772603467.5314374,0.3,0.232,0.284,0.063,0.445,0.543,0.498,0.0,0.0,0.745,0.001,0.0,0.592,0.002,0.0,0.457,0.305,-0.998,0.994,0.0,0.0,0,0.522,0.567,0.611,0.569,-0.077,-0.614,0.619,0.481,medium,0.082,0.769,0.0,0.57,0.182,,,,,startled_anxiety,0.544,neutral,1,1.0,0.577,1.0,1.0,0.577,1.0,1.0,0.873,1.0,1.0,0.578,0.916,1.0,0.578,0.873,1.0,0.577,0.992,0.0,0.0,0.0,0.0,0.0,0.0,1.0,0.586,1.0,0.044,0.006,0.015,0.0,0.0,0.0,1.0,1.0,1.0,0.055,0.008,0.018,0.0,0.0,0.0,1.0,0.579,1.0,1.0,0.578,0.918,-1.0,1.0,1.0,-0.2,0.003,0.004,0.0,0.0,0.0,0.0,0.0,0.0,0.0,0.0,0.0,-0.066,0.002,0.003,-0.008,0.0,0.0,0.036,0.001,0.003,-0.017,0.0,0.002,-0.414,0.098,0.775,-1.0,0.168,1.0,1.0,0.029,0.117
20260304_135106,1772603467.5534573,0.3,0.234,0.295,0.069,0.447,0.536,0.498,0.0,0.0,0.753,0.001,0.0,0.506,0.014,0.0,0.464,0.3,-0.998,0.994,0.0,0.0,0,0.523,0.567,0.61,0.569,-0.079,-0.614,0.619,0.405,medium,0.09,0.658,0.0,0.4,0.158,,,,,startled_anxiety,0.604,neutral,1,1.0,0.5,0.702,1.0,0.501,0.784,1.0,0.727,1.0,1.0,0.5,0.624,1.0,0.501,0.559,1.0,0.5,0.661,0.0,0.0,0.0,0.0,0.0,0.0,1.0,0.508,0.826,0.043,0.007,1.0,0.0,0.0,0.0,1.0,0.884,0.686,0.295,0.054,1.0,0.0,0.0,0.0,1.0,0.502,0.802,1.0,0.501,0.58,-1.0,1.0,1.0,-0.132,0.003,0.003,0.0,0.0,0.0,0.0,0.0,0.0,0.0,0.0,0.0,-0.034,0.002,0.0,-0.004,0.0,0.0,0.021,0.001,0.001,-0.006,0.0,0.0,-0.206,0.088,0.79,-1.0,0.184,1.0,1.0,0.031,0.089
20260304_135106,1772603467.5724692,0.3,0.232,0.294,0.067,0.449,0.546,0.498,0.0,0.004,0.738,0.002,0.004,0.787,0.0,0.0,0.454,0.302,-0.998,0.994,0.0,0.0,0,0.523,0.567,0.61,0.569,-0.083,-0.609,0.615,0.542,medium,0.088,1.0,0.0,0.29,0.223,,,,,anxiety,0.557,neutral,1,1.0,0.447,0.508,1.0,0.448,0.578,1.0,0.637,0.972,1.0,0.448,0.484,1.0,0.448,0.466,1.0,0.447,0.497,0.0,0.0,0.0,0.063,0.016,0.044,1.0,0.454,0.56,0.046,0.009,1.0,0.063,0.016,0.044,1.0,0.761,1.0,0.124,0.051,1.0,0.0,0.0,0.0,1.0,0.449,0.542,1.0,0.448,0.455,-1.0,1.0,1.0,-0.087,0.002,0.002,0.0,0.0,0.0,0.0,0.0,0.0,0.0,0.0,0.0,-0.022,0.001,0.001,0.002,0.0,0.001,0.012,0.001,0.0,-0.004,0.0,0.0,-0.173,0.082,0.83,-0.939,0.179,1.0,0.953,0.03,0.056
20260304_135106,1772603467.6019957,0.3,0.233,0.292,0.068,0.452,0.552,0.498,0.0,0.006,0.739,0.002,0.006,0.715,0.0,0.016,0.448,0.303,-0.998,0.993,0.0,0.0,0,0.523,0.567,0.61,0.569,-0.082,-0.608,0.614,0.51,medium,0.089,0.93,0.0,0.264,0.21,,,,,anxiety,0.525,neutral,1,1.0,0.408,0.415,1.0,0.409,0.439,1.0,0.573,0.795,1.0,0.409,0.4,1.0,0.409,0.4,1.0,0.408,0.396,0.0,0.0,0.0,0.094,0.024,1.0,1.0,0.414,0.448,0.042,0.009,1.0,0.094,0.024,1.0,1.0,0.677,1.0,0.049,0.048,1.0,0.17,0.055,0.158,1.0,0.41,0.4,1.0,0.409,0.369,-1.0,1.0,1.0,-0.069,0.002,0.003,0.0,0.0,0.0,0.0,0.0,0.0,0.0,0.0,0.0,-0.016,0.001,0.001,0.004,0.0,0.001,0.007,0.001,0.0,0.0,0.0,0.001,-0.134,0.076,0.821,-0.718,0.171,1.0,0.728,0.029,0.041
20260304_135106,1772603467.6418705,0.3,0.24,0.294,0.057,0.444,0.554,0.498,0.0,0.0,0.762,0.003,0.0,0.755,0.0,0.0,0.446,0.301,-0.998,0.994,0.0,0.0,0,0.523,0.567,0.61,0.57,-0.078,-0.614,0.618,0.525,medium,0.074,0.981,0.0,0.261,0.217,,,,,anxiety,0.543,neutral,1,1.0,0.378,0.409,1.0,0.379,0.384,0.765,0.531,0.193,1.0,0.378,0.296,1.0,0.379,0.343,1.0,0.378,0.33,0.0,0.0,0.0,0.051,0.023,1.0,1.0,0.384,0.446,0.042,0.01,1.0,0.051,0.023,1.0,1.0,0.616,1.0,0.014,0.045,1.0,0.094,0.052,1.0,1.0,0.379,0.321,1.0,0.379,0.297,-1.0,1.0,1.0,-0.054,0.002,0.002,0.0,0.0,0.0,0.0,0.0,0.0,0.0,0.0,0.0,-0.012,0.001,0.0,0.0,0.0,0.001,0.009,0.001,0.002,0.003,0.0,0.001,-0.074,0.071,0.783,-0.612,0.168,1.0,0.615,0.028,0.052
20260304_135106,1772603467.6789055,0.3,0.231,0.287,0.058,0.444,0.552,0.497,0.0,0.009,0.755,0.004,0.009,0.811,0.0,0.0,0.448,0.303,-0.999,0.994,0.0,0.0,0,0.522,0.567,0.61,0.57,-0.081,-0.613,0.619,0.543,medium,0.076,1.0,0.0,0.263,0.227,,,,,anxiety,0.567,neutral,1,1.0,0.354,0.263,1.0,0.354,0.268,0.574,0.495,0.218,1.0,0.354,0.251,1.0,0.354,0.288,1.0,0.354,0.282,0.0,0.0,0.0,0.09,0.033,1.0,1.0,0.359,0.358,0.047,0.013,1.0,0.09,0.033,1.0,1.0,0.57,1.0,-0.003,0.043,1.0,0.053,0.05,1.0,1.0,0.355,0.283,1.0,0.354,0.265,-1.0,1.0,1.0,-0.038,0.002,0.0,0.0,0.0,0.0,0.0,0.0,0.0,0.0,0.0,0.0,-0.011,0.001,0.002,0.001,0.0,0.0,0.008,0.001,0.001,0.006,0.0,0.002,-0.062,0.067,0.813,-0.521,0.165,1.0,0.524,0.027,0.046
20260304_135106,1772603467.6999252,0.3,0.232,0.285,0.064,0.446,0.554,0.498,0.0,0.013,0.748,0.005,0.013,0.662,0.0,0.009,0.446,0.304,-0.998,0.994,0.0,0.0,0,0.522,0.567,0.611,0.57,-0.082,-0.61,0.615,0.486,medium,0.083,0.861,0.0,0.266,0.199,,,,,startled_anxiety,0.502,neutral,1,1.0,0.334,0.244,1.0,0.334,0.22,0.478,0.464,0.418,1.0,0.334,0.23,1.0,0.334,0.257,1.0,0.333,0.248,0.0,0.0,0.0,0.127,0.046,1.0,1.0,0.338,0.293,0.051,0.015,1.0,0.127,0.046,1.0,1.0,0.534,0.346,-0.012,0.041,1.0,0.075,0.051,1.0,1.0,0.334,0.242,1.0,0.334,0.244,-1.0,1.0,1.0,-0.029,0.002,0.0,0.0,0.0,0.0,0.0,0.0,0.0,0.0,0.0,0.0,-0.01,0.001,0.001,0.002,0.0,0.001,0.009,0.001,0.002,0.008,0.001,0.002,-0.056,0.064,0.821,-0.426,0.158,1.0,0.429,0.026,0.029
20260304_135106,1772603467.732115,0.3,0.225,0.279,0.042,0.449,0.555,0.497,0.0,0.015,0.725,0.006,0.015,0.0,0.0,0.061,0.445,0.3,-0.999,0.994,0.0,0.0,0,0.522,0.567,0.61,0.569,-0.077,-0.606,0.611,0.07,low,0.055,0.0,0.0,0.292,0.0,,,,,startled_anxiety,1.0,neutral,1,1.0,0.317,0.149,1.0,0.317,0.149,0.304,0.457,0.441,1.0,0.317,0.22,1.0,0.317,0.236,1.0,0.316,0.218,0.0,0.0,0.0,0.148,0.055,1.0,1.0,0.321,0.189,0.058,0.019,1.0,0.148,0.055,1.0,1.0,0.644,1.0,-0.016,0.04,1.0,0.323,0.176,1.0,1.0,0.317,0.206,1.0,0.317,0.184,-1.0,1.0,1.0,-0.022,0.002,0.0,0.0,0.0,0.0,0.0,0.0,0.0,0.0,0.0,0.0,-0.01,0.001,0.002,0.002,0.0,0.001,0.008,0.001,0.001,0.006,0.001,0.0,-0.026,0.062,0.767,-0.338,0.151,1.0,0.337,0.025,0.012
20260304_135106,1772603467.77166,0.3,0.228,0.282,0.054,0.443,0.547,0.497,0.0,0.0,0.749,0.008,0.0,0.74,0.0,0.0,0.453,0.298,-0.999,0.993,0.0,0.0,0,0.522,0.567,0.611,0.57,-0.073,-0.618,0.622,0.529,medium,0.071,0.962,0.0,0.291,0.215,,,,,anxiety,0.537,neutral,1,0.867,0.302,0.159,1.0,0.302,0.164,0.239,0.436,0.054,1.0,0.302,0.168,1.0,0.302,0.176,1.0,0.302,0.196,0.0,0.0,0.0,0.097,0.054,1.0,1.0,0.306,0.243,0.068,0.025,1.0,0.097,0.054,1.0,1.0,0.606,0.836,-0.018,0.038,1.0,0.219,0.169,1.0,1.0,0.302,0.229,1.0,0.302,0.152,-1.0,1.0,1.0,-0.021,0.002,0.003,0.0,0.0,0.0,0.0,0.0,0.0,0.0,0.0,0.0,-0.01,0.001,0.002,0.0,0.0,0.001,0.008,0.001,0.001,0.008,0.001,0.003,0.007,0.063,0.728,-0.32,0.151,1.0,0.316,0.025,0.048
20260304_135106,1772603467.799194,0.3,0.22,0.273,0.049,0.44,0.553,0.497,0.0,0.013,0.706,0.014,0.013,0.839,0.014,0.0,0.447,0.303,-0.999,0.994,0.0,0.0,0,0.522,0.567,0.611,0.568,-0.076,-0.615,0.62,0.554,medium,0.064,1.0,0.0,0.295,0.231,,,,,anxiety,0.578,neutral,1,0.706,0.289,0.071,0.891,0.29,0.076,0.174,0.422,0.162,1.0,0.289,0.139,1.0,0.289,0.186,1.0,0.289,0.179,0.0,0.0,0.0,0.105,0.057,1.0,1.0,0.293,0.093,0.09,0.038,1.0,0.105,0.057,1.0,1.0,0.576,1.0,0.028,0.05,1.0,0.148,0.164,1.0,1.0,0.29,0.177,0.932,0.289,0.18,-1.0,1.0,1.0,-0.017,0.002,0.0,0.0,0.0,0.0,0.0,0.0,0.0,0.0,0.0,0.0,-0.011,0.001,0.003,-0.0,0.0,0.001,0.008,0.001,0.002,0.002,0.001,0.004,0.018,0.061,0.756,-0.289,0.148,1.0,0.284,0.024,0.036
20260304_135106,1772603467.8348188,0.3,0.22,0.273,0.052,0.44,0.55,0.497,0.0,0.0,0.731,0.011,0.0,0.806,0.0,0.0,0.45,0.302,-0.999,0.994,0.0,0.0,0,0.523,0.567,0.611,0.569,-0.074,-0.618,0.623,0.55,medium,0.068,1.0,0.0,0.294,0.226,,,,,anxiety,0.565,neutral,1,0.584,0.278,0.063,0.739,0.279,0.07,0.138,0.407,0.017,1.0,0.278,0.129,1.0,0.278,0.159,1.0,0.277,0.163,0.0,0.0,0.0,0.071,0.056,1.0,1.0,0.282,0.159,0.093,0.041,1.0,0.071,0.056,1.0,1.0,0.549,0.862,0.016,0.048,1.0,0.1,0.159,1.0,1.0,0.278,0.176,0.809,0.278,0.157,-1.0,1.0,1.0,-0.015,0.002,0.001,0.0,0.0,0.0,0.0,0.0,0.0,0.0,0.0,0.0,-0.008,0.001,0.001,-0.0,0.0,0.0,0.008,0.001,0.002,0.0,0.001,0.002,0.028,0.06,0.743,-0.271,0.148,1.0,0.265,0.024,0.043
20260304_135106,1772603467.8714623,0.3,0.218,0.275,0.061,0.436,0.537,0.497,0.0,0.0,0.723,0.016,0.0,0.919,0.0,0.0,0.463,0.303,-0.999,0.994,0.0,0.0,0,0.523,0.566,0.611,0.569,-0.075,-0.622,0.627,0.562,medium,0.079,1.0,0.0,0.295,0.235,,,,,anxiety,0.588,neutral,1,0.486,0.269,0.045,0.626,0.269,0.079,0.131,0.391,0.292,1.0,0.268,0.1,1.0,0.268,0.095,1.0,0.267,0.152,0.0,0.0,0.0,0.046,0.056,1.0,1.0,0.271,0.122,0.105,0.05,1.0,0.046,0.056,1.0,1.0,0.529,1.0,0.007,0.047,1.0,0.066,0.154,1.0,1.0,0.268,0.226,0.71,0.268,0.151,-1.0,1.0,1.0,-0.012,0.002,0.0,0.0,0.0,0.0,0.0,0.0,0.0,0.0,0.0,0.0,-0.006,0.001,0.0,-0.002,0.0,0.002,0.008,0.001,0.002,-0.001,0.001,0.002,0.031,0.059,0.754,-0.263,0.149,1.0,0.256,0.024,0.053
20260304_135106,1772603467.8979845,0.3,0.219,0.277,0.057,0.433,0.533,0.497,0.0,0.0,0.728,0.019,0.0,0.97,0.0,0.0,0.467,0.302,-0.999,0.994,0.0,0.0,0,0.522,0.567,0.611,0.569,-0.071,-0.627,0.631,0.56,medium,0.074,1.0,0.0,0.296,0.235,,,,,anxiety,0.588,neutral,1,0.412,0.26,0.05,0.543,0.26,0.094,0.116,0.378,0.127,0.866,0.259,0.076,1.0,0.259,0.072,1.0,0.258,0.141,0.0,0.0,0.0,0.029,0.055,1.0,1.0,0.262,0.129,0.119,0.06,1.0,0.029,0.055,1.0,1.0,0.514,1.0,0.002,0.046,1.0,0.042,0.15,1.0,1.0,0.259,0.229,0.627,0.259,0.133,-1.0,1.0,1.0,-0.01,0.002,0.0,0.0,0.0,0.0,0.0,0.0,0.0,0.0,0.0,0.0,-0.005,0.001,0.001,-0.002,0.0,0.0,0.008,0.001,0.003,-0.002,0.001,0.002,0.041,0.059,0.715,-0.261,0.152,1.0,0.254,0.025,0.064
20260304_135106,1772603467.9250474,0.3,0.225,0.282,0.067,0.432,0.537,0.496,0.0,0.0,0.721,0.023,0.0,0.955,0.0,0.0,0.463,0.303,-0.999,0.994,0.0,0.0,0,0.522,0.568,0.611,0.569,-0.075,-0.634,0.638,0.564,medium,0.087,1.0,0.0,0.298,0.235,,,,,anxiety,0.588,neutral,1,0.364,0.252,0.099,0.484,0.251,0.119,0.123,0.366,0.501,0.749,0.251,0.066,0.976,0.251,0.084,0.964,0.25,0.128,0.0,0.0,0.0,0.017,0.054,1.0,1.0,0.254,0.1,0.133,0.071,1.0,0.017,0.054,1.0,1.0,0.498,1.0,-0.002,0.045,1.0,0.024,0.146,1.0,0.985,0.251,0.193,0.558,0.25,0.128,-1.0,1.0,1.0,-0.009,0.002,0.001,0.0,0.0,0.0,0.0,0.0,0.0,0.0,0.0,0.0,-0.006,0.001,0.002,0.001,0.001,0.005,0.007,0.001,0.001,-0.001,0.001,0.001,0.039,0.058,0.754,-0.268,0.16,1.0,0.261,0.026,0.082
20260304_135106,1772603467.9522827,0.3,0.221,0.275,0.057,0.43,0.534,0.496,0.0,0.0,0.738,0.031,0.0,0.967,0.0,0.0,0.466,0.301,-0.999,0.995,0.0,0.0,0,0.522,0.57,0.61,0.57,-0.071,-0.635,0.639,0.561,medium,0.074,1.0,0.0,0.301,0.235,,,,,anxiety,0.588,neutral,1,0.318,0.244,0.057,0.422,0.244,0.061,0.108,0.355,0.103,0.65,0.243,0.054,0.852,0.243,0.066,0.861,0.243,0.12,0.0,0.0,0.0,0.008,0.053,1.0,1.0,0.246,0.144,0.155,0.089,1.0,0.008,0.053,1.0,1.0,0.484,0.995,-0.005,0.043,1.0,0.012,0.142,1.0,0.903,0.244,0.196,0.496,0.243,0.105,-1.0,1.0,1.0,-0.007,0.001,0.001,0.0,0.0,0.0,0.0,0.0,0.0,0.0,0.0,0.0,-0.006,0.001,0.003,0.006,0.001,0.01,0.006,0.001,0.0,0.001,0.001,0.004,0.046,0.059,0.705,-0.271,0.166,1.0,0.263,0.026,0.079
20260304_135106,1772603467.9903607,0.3,0.224,0.276,0.053,0.426,0.537,0.496,0.0,0.0,0.731,0.042,0.0,0.988,0.0,0.0,0.463,0.296,-0.999,0.994,0.0,0.0,0,0.521,0.572,0.61,0.573,-0.066,-0.644,0.647,0.56,medium,0.069,1.0,0.0,0.307,0.235,,,,,anxiety,0.588,neutral,1,0.285,0.237,0.088,0.372,0.237,0.065,0.09,0.345,0.039,0.563,0.237,0.032,0.755,0.237,0.076,0.773,0.236,0.11,0.0,0.0,0.0,0.001,0.052,1.0,1.0,0.239,0.115,0.185,0.115,1.0,0.001,0.052,1.0,1.0,0.471,0.98,-0.007,0.042,1.0,0.002,0.139,1.0,0.824,0.237,0.169,0.437,0.236,0.07,-1.0,1.0,1.0,-0.007,0.001,0.001,0.0,0.0,0.0,0.0,0.0,0.0,0.0,0.0,0.0,-0.007,0.001,0.004,0.012,0.002,0.016,0.005,0.001,0.0,0.006,0.002,0.013,0.057,0.062,0.662,-0.282,0.177,1.0,0.273,0.028,0.102
20260304_135106,1772603468.030446,0.3,0.23,0.29,0.057,0.417,0.549,0.493,0.0,0.0,0.713,0.063,0.0,0.938,0.0,0.0,0.451,0.286,-0.999,0.996,0.0,0.0,0,0.521,0.575,0.61,0.576,-0.058,-0.661,0.663,0.587,medium,0.074,1.0,0.0,0.479,0.235,,,,,anxiety,0.588,neutral,1,0.265,0.231,0.133,0.351,0.231,0.168,0.081,0.336,0.085,0.479,0.231,0.013,0.691,0.23,0.119,0.694,0.229,0.095,0.0,0.0,0.0,-0.003,0.051,1.0,1.0,0.233,0.055,0.234,1.0,1.0,-0.003,0.051,1.0,1.0,0.458,0.757,-0.008,0.042,1.0,-0.004,0.136,1.0,0.737,0.231,0.102,0.374,0.23,0.006,-1.0,1.0,1.0,-0.004,0.001,0.003,0.0,0.0,0.0,0.0,0.0,0.0,0.0,0.0,0.0,-0.007,0.001,0.004,0.022,0.004,0.028,0.004,0.001,0.001,0.015,0.003,0.023,0.076,0.074,0.575,-0.311,0.203,1.0,0.3,0.032,0.149
20260304_135106,1772603468.0704856,0.3,0.243,0.314,0.066,0.405,0.524,0.492,0.0,0.0,0.674,0.078,0.0,0.925,0.0,0.0,0.476,0.28,-0.999,0.996,0.0,0.0,0,0.521,0.577,0.609,0.579,-0.053,-0.69,0.692,0.591,medium,0.086,1.0,0.0,0.49,0.235,,,,,anxiety,0.588,neutral,1,0.264,0.226,0.252,0.362,0.226,0.336,0.084,0.328,0.418,0.395,0.226,0.069,0.602,0.225,0.015,0.625,0.224,0.085,0.0,0.0,0.0,-0.007,0.05,1.0,0.878,0.228,0.058,0.287,1.0,1.0,-0.007,0.05,1.0,1.0,0.446,0.669,-0.009,0.041,1.0,-0.009,0.133,1.0,0.697,0.225,0.215,0.314,0.225,0.046,-1.0,1.0,1.0,-0.001,0.001,0.003,0.0,0.0,0.0,0.0,0.0,0.0,0.0,0.0,0.0,-0.008,0.001,0.004,0.031,0.005,0.033,0.003,0.001,0.003,0.025,0.004,0.032,0.096,0.087,0.527,-0.366,0.254,1.0,0.353,0.039,0.233
20260304_135106,1772603468.103679,0.3,0.241,0.309,0.056,0.399,0.517,0.491,0.0,0.0,0.648,0.091,0.0,0.976,0.0,0.0,0.483,0.278,-0.999,0.996,0.0,0.0,0,0.521,0.578,0.61,0.579,-0.05,-0.706,0.708,0.59,medium,0.073,1.0,0.0,0.502,0.235,,,,,anxiety,0.588,neutral,1,0.258,0.221,0.217,0.359,0.222,0.28,0.075,0.32,0.035,0.32,0.221,0.093,0.519,0.22,0.014,0.565,0.218,0.075,0.0,0.0,0.0,-0.009,0.05,1.0,0.71,0.224,0.131,0.339,1.0,1.0,-0.009,0.05,1.0,1.0,0.435,0.771,-0.009,0.04,1.0,-0.013,0.13,1.0,0.667,0.22,0.237,0.263,0.22,0.061,-1.0,1.0,1.0,0.001,0.001,0.004,0.0,0.0,0.0,0.0,0.0,0.0,0.0,0.0,0.0,-0.009,0.001,0.006,0.038,0.006,0.033,0.002,0.001,0.001,0.032,0.005,0.031,0.113,0.1,0.503,-0.422,0.308,1.0,0.407,0.048,0.272
20260304_135106,1772603468.1302161,0.3,0.247,0.317,0.065,0.393,0.498,0.491,0.0,0.0,0.668,0.099,0.0,0.947,0.0,0.0,0.502,0.276,-0.999,0.996,0.0,0.0,0,0.52,0.578,0.61,0.58,-0.052,-0.713,0.715,0.594,medium,0.085,1.0,0.0,0.511,0.235,,,,,anxiety,0.588,neutral,1,0.256,0.216,0.257,0.363,0.218,0.33,0.076,0.313,0.374,0.254,0.217,0.116,0.431,0.215,0.083,0.513,0.213,0.072,0.0,0.0,0.0,-0.011,0.049,1.0,0.596,0.219,0.067,0.383,1.0,1.0,-0.011,0.049,1.0,1.0,0.425,0.643,-0.01,0.039,1.0,-0.016,0.127,1.0,0.656,0.216,0.309,0.219,0.216,0.071,-1.0,1.0,1.0,0.003,0.001,0.003,0.0,0.0,0.0,0.0,0.0,0.0,0.0,0.0,0.0,-0.01,0.002,0.008,0.044,0.007,0.034,0.001,0.001,0.001,0.038,0.006,0.032,0.122,0.107,0.517,-0.468,0.353,1.0,0.452,0.054,0.28
20260304_135106,1772603468.1628685,0.3,0.247,0.32,0.059,0.396,0.494,0.492,0.0,0.0,0.646,0.107,0.0,0.927,0.0,0.0,0.506,0.274,-0.999,0.997,0.0,0.0,0,0.52,0.579,0.61,0.581,-0.047,-0.71,0.712,0.593,medium,0.076,1.0,0.0,0.518,0.235,au15_mouth_down,0.107,6,9,anxiety,0.588,neutral,1,0.253,0.212,0.252,0.366,0.214,0.333,0.07,0.306,0.113,0.202,0.213,0.101,0.353,0.211,0.098,0.468,0.209,0.072,0.0,0.0,0.0,-0.012,0.048,1.0,0.48,0.216,0.128,0.422,1.0,1.0,-0.012,0.048,1.0,1.0,0.415,0.552,-0.01,0.038,1.0,-0.017,0.125,1.0,0.647,0.213,0.316,0.181,0.212,0.08,-1.0,1.0,1.0,0.004,0.001,0.004,0.0,0.0,0.0,0.0,0.0,0.0,0.0,0.0,0.0,-0.011,0.002,0.009,0.048,0.007,0.034,0.001,0.001,0.001,0.043,0.007,0.033,0.134,0.117,0.469,-0.495,0.384,1.0,0.478,0.059,0.257
20260304_135106,1772603468.204929,0.3,0.24,0.312,0.07,0.397,0.489,0.492,0.0,0.005,0.63,0.114,0.005,0.933,0.0,0.0,0.511,0.276,-0.999,0.996,0.0,0.0,0,0.52,0.579,0.61,0.581,-0.05,-0.711,0.712,0.597,medium,0.091,1.0,0.0,0.522,0.235,au15_mouth_down,0.114,6,9,anxiety,0.588,neutral,1,0.241,0.208,0.171,0.356,0.21,0.258,0.075,0.301,0.512,0.161,0.21,0.093,0.286,0.208,0.111,0.429,0.204,0.068,0.0,0.0,0.0,-0.008,0.047,1.0,0.371,0.213,0.169,0.454,1.0,1.0,-0.008,0.047,1.0,1.0,0.405,0.54,-0.01,0.038,1.0,-0.019,0.123,1.0,0.637,0.209,0.32,0.152,0.208,0.067,-0.925,1.0,1.0,0.005,0.001,0.002,0.0,0.0,0.0,0.0,0.0,0.0,0.0,0.0,0.0,-0.012,0.002,0.008,0.051,0.008,0.032,0.0,0.001,0.002,0.046,0.008,0.033,0.139,0.122,0.496,-0.513,0.408,1.0,0.496,0.062,0.247
20260304_135106,1772603468.2285023,0.3,0.248,0.319,0.068,0.398,0.49,0.491,0.0,0.0,0.655,0.113,0.0,0.917,0.0,0.0,0.51,0.273,-0.999,0.995,0.0,0.0,0,0.52,0.579,0.61,0.581,-0.047,-0.711,0.713,0.597,medium,0.088,1.0,0.0,0.526,0.235,au15_mouth_down,0.113,6,9,anxiety,0.588,neutral,1,0.237,0.204,0.241,0.352,0.207,0.298,0.077,0.295,0.401,0.129,0.206,0.081,0.232,0.204,0.103,0.394,0.2,0.063,0.0,0.0,0.0,-0.01,0.047,1.0,0.304,0.209,0.09,0.475,1.0,1.0,-0.01,0.047,1.0,1.0,0.396,0.469,-0.01,0.037,1.0,-0.02,0.12,1.0,0.623,0.206,0.3,0.124,0.204,0.085,-0.857,1.0,1.0,0.004,0.001,0.001,0.0,0.0,0.0,0.0,0.0,0.0,0.0,0.0,0.0,-0.012,0.002,0.007,0.053,0.008,0.032,-0.0,0.001,0.001,0.049,0.008,0.033,0.143,0.129,0.47,-0.523,0.428,1.0,0.505,0.065,0.237
20260304_135106,1772603468.2736752,0.3,0.248,0.32,0.072,0.397,0.482,0.491,0.0,0.0,0.652,0.115,0.0,0.92,0.0,0.0,0.518,0.273,-0.999,0.996,0.0,0.0,0,0.52,0.58,0.61,0.581,-0.049,-0.716,0.718,0.598,medium,0.094,1.0,0.0,0.53,0.235,au15_mouth_down,0.115,6,9,anxiety,0.588,neutral,1,0.232,0.2,0.23,0.346,0.204,0.29,0.081,0.291,0.547,0.101,0.203,0.086,0.18,0.202,0.13,0.363,0.196,0.06,0.0,0.0,0.0,-0.011,0.046,1.0,0.245,0.206,0.096,0.489,1.0,1.0,-0.011,0.046,1.0,1.0,0.388,0.454,-0.01,0.036,1.0,-0.02,0.118,1.0,0.613,0.203,0.323,0.102,0.201,0.081,-0.796,1.0,1.0,0.005,0.001,0.002,0.0,0.0,0.0,0.0,0.0,0.0,0.0,0.0,0.0,-0.012,0.002,0.007,0.055,0.009,0.033,-0.0,0.001,0.002,0.051,0.008,0.031,0.145,0.132,0.49,-0.53,0.446,1.0,0.513,0.067,0.243
20260304_135106,1772603468.3023233,0.3,0.254,0.321,0.075,0.387,0.49,0.49,0.0,0.008,0.66,0.121,0.008,0.951,0.0,0.0,0.51,0.272,-0.999,0.996,0.0,0.0,0,0.52,0.58,0.61,0.581,-0.049,-0.729,0.731,0.6,high,0.097,1.0,0.0,0.534,0.235,au15_mouth_down,0.121,6,9,anxiety,0.588,neutral,1,0.231,0.197,0.271,0.34,0.201,0.282,0.085,0.288,0.606,0.07,0.2,0.13,0.143,0.198,0.095,0.335,0.193,0.053,0.0,0.0,0.0,-0.005,0.047,1.0,0.202,0.202,0.07,0.502,1.0,1.0,-0.005,0.047,1.0,1.0,0.381,0.518,-0.009,0.036,1.0,-0.02,0.116,1.0,0.595,0.2,0.274,0.083,0.198,0.083,-0.741,1.0,1.0,0.005,0.001,0.003,0.0,0.0,0.0,0.0,0.0,0.0,0.0,0.0,0.0,-0.012,0.002,0.007,0.056,0.009,0.034,-0.0,0.001,0.0,0.052,0.009,0.031,0.144,0.135,0.493,-0.542,0.469,1.0,0.524,0.07,0.272
20260304_135106,1772603468.3383558,0.3,0.25,0.318,0.072,0.4,0.49,0.491,0.0,0.015,0.639,0.123,0.015,0.839,0.0,0.0,0.51,0.277,-0.999,0.996,0.0,0.0,0,0.52,0.581,0.61,0.582,-0.054,-0.708,0.71,0.597,medium,0.094,1.0,0.0,0.537,0.231,au15_mouth_down,0.123,6,9,anxiety,0.578,neutral,1,0.225,0.194,0.225,0.33,0.198,0.251,0.086,0.284,0.488,0.055,0.197,0.059,0.113,0.195,0.094,0.311,0.189,0.056,0.0,0.0,0.0,0.003,0.051,1.0,0.151,0.2,0.13,0.51,1.0,1.0,0.003,0.051,1.0,1.0,0.373,0.2,-0.009,0.035,1.0,-0.02,0.115,1.0,0.577,0.197,0.265,0.07,0.195,0.045,-0.692,1.0,1.0,0.005,0.001,0.002,0.0,0.0,0.0,0.0,0.0,0.0,0.0,0.0,0.0,-0.012,0.002,0.006,0.058,0.01,0.035,-0.0,0.001,0.0,0.054,0.009,0.033,0.14,0.135,0.54,-0.533,0.476,1.0,0.516,0.071,0.198
20260304_135106,1772603468.3603446,0.3,0.249,0.316,0.074,0.397,0.485,0.49,0.0,0.016,0.638,0.127,0.016,0.895,0.0,0.0,0.515,0.272,-0.999,0.995,0.0,0.0,0,0.52,0.581,0.611,0.583,-0.046,-0.716,0.717,0.603,high,0.097,1.0,0.0,0.54,0.235,au15_mouth_down,0.127,3,12,anxiety,0.588,neutral,1,0.218,0.191,0.21,0.319,0.195,0.227,0.088,0.281,0.547,0.04,0.194,0.076,0.083,0.193,0.111,0.289,0.186,0.05,0.0,0.0,0.0,0.011,0.055,1.0,0.109,0.197,0.126,0.516,1.0,1.0,0.011,0.055,1.0,1.0,0.366,0.337,-0.009,0.035,1.0,-0.02,0.113,1.0,0.562,0.195,0.278,0.056,0.192,0.083,-0.647,1.0,1.0,0.005,0.001,0.0,0.0,0.0,0.0,0.0,0.0,0.0,0.0,0.0,0.0,-0.012,0.002,0.005,0.058,0.01,0.033,0.0,0.001,0.002,0.055,0.009,0.035,0.14,0.138,0.465,-0.527,0.485,1.0,0.51,0.072,0.212
20260304_135106,1772603468.387371,0.3,0.255,0.319,0.061,0.401,0.485,0.491,0.0,0.011,0.633,0.13,0.011,0.891,0.0,0.0,0.515,0.278,-0.999,0.994,0.0,0.0,0,0.52,0.581,0.611,0.584,-0.049,-0.704,0.706,0.599,medium,0.079,1.0,0.0,0.541,0.235,au15_mouth_down,0.13,2,13,anxiety,0.588,neutral,1,0.215,0.189,0.254,0.31,0.192,0.239,0.081,0.276,0.058,0.029,0.191,0.055,0.059,0.19,0.106,0.269,0.183,0.054,0.0,0.0,0.0,0.015,0.056,1.0,0.07,0.195,0.139,0.519,1.0,1.0,0.015,0.056,1.0,1.0,0.359,0.314,-0.009,0.034,1.0,-0.02,0.111,1.0,0.546,0.192,0.266,0.047,0.189,0.035,-0.607,1.0,1.0,0.004,0.001,0.002,0.0,0.0,0.0,0.0,0.0,0.0,0.0,0.0,0.0,-0.011,0.002,0.005,0.058,0.01,0.034,0.001,0.001,0.004,0.056,0.01,0.037,0.138,0.14,0.494,-0.512,0.488,1.0,0.496,0.072,0.169
20260304_135106,1772603468.42033,0.3,0.249,0.321,0.079,0.4,0.493,0.491,0.0,0.008,0.633,0.131,0.008,0.947,0.0,0.0,0.507,0.275,-0.999,0.994,0.0,0.0,0,0.521,0.581,0.611,0.584,-0.051,-0.709,0.711,0.604,high,0.102,1.0,0.0,0.541,0.235,au15_mouth_down,0.131,2,13,anxiety,0.588,neutral,1,0.208,0.186,0.193,0.302,0.19,0.25,0.085,0.275,0.669,0.02,0.188,0.055,0.043,0.188,0.073,0.252,0.18,0.05,0.0,0.0,0.0,0.016,0.055,1.0,0.038,0.192,0.134,0.519,1.0,1.0,0.016,0.055,1.0,1.0,0.353,0.447,-0.008,0.034,1.0,-0.02,0.109,1.0,0.525,0.189,0.223,0.039,0.186,0.053,-0.57,1.0,1.0,0.003,0.001,0.001,0.0,0.0,0.0,0.0,0.0,0.0,0.0,0.0,0.0,-0.011,0.002,0.004,0.058,0.01,0.032,0.001,0.001,0.003,0.057,0.01,0.034,0.134,0.14,0.508,-0.5,0.491,1.0,0.484,0.073,0.18
20260304_135106,1772603468.4528534,0.3,0.251,0.32,0.072,0.399,0.482,0.491,0.0,0.007,0.633,0.131,0.007,0.913,0.0,0.0,0.518,0.275,-0.999,0.995,0.0,0.0,0,0.521,0.581,0.611,0.583,-0.051,-0.714,0.716,0.582,medium,0.093,1.0,0.0,0.404,0.235,,,,,anxiety,0.588,neutral,1,0.202,0.183,0.201,0.293,0.187,0.234,0.084,0.272,0.408,0.012,0.185,0.058,0.024,0.185,0.11,0.236,0.177,0.047,0.0,0.0,0.0,0.016,0.055,1.0,0.011,0.19,0.129,0.517,0.991,1.0,0.016,0.055,1.0,1.0,0.347,0.344,-0.008,0.033,1.0,-0.02,0.108,1.0,0.511,0.187,0.259,0.031,0.183,0.057,-0.536,1.0,1.0,0.003,0.001,0.001,0.0,0.0,0.0,0.0,0.0,0.0,0.0,0.0,0.0,-0.01,0.002,0.003,0.058,0.011,0.031,0.002,0.001,0.002,0.056,0.01,0.032,0.13,0.14,0.51,-0.49,0.496,1.0,0.474,0.073,0.189
20260304_135106,1772603468.5121686,0.3,0.247,0.317,0.075,0.401,0.484,0.491,0.0,0.003,0.629,0.128,0.003,0.947,0.0,0.0,0.516,0.276,-0.999,0.996,0.0,0.0,0,0.521,0.58,0.612,0.582,-0.051,-0.714,0.716,0.582,medium,0.097,1.0,0.0,0.405,0.235,,,,,anxiety,0.588,neutral,1,0.194,0.181,0.161,0.283,0.185,0.206,0.084,0.269,0.5,0.006,0.183,0.048,0.009,0.183,0.103,0.221,0.174,0.045,0.0,0.0,0.0,0.014,0.054,0.37,-0.014,0.188,0.139,0.51,0.965,1.0,0.014,0.054,0.37,1.0,0.342,0.419,-0.008,0.033,1.0,-0.019,0.106,1.0,0.495,0.185,0.245,0.025,0.181,0.047,-0.506,1.0,1.0,0.003,0.001,0.002,0.0,0.0,0.0,0.0,0.0,0.0,0.0,0.0,0.0,-0.01,0.002,0.001,0.057,0.011,0.028,0.002,0.001,0.004,0.056,0.01,0.028,0.127,0.141,0.506,-0.479,0.5,1.0,0.464,0.074,0.183
20260304_135106,1772603468.5596368,0.3,0.247,0.319,0.08,0.397,0.493,0.489,0.0,0.001,0.63,0.124,0.001,0.924,0.0,0.0,0.507,0.27,-0.999,0.995,0.0,0.0,0,0.521,0.58,0.612,0.582,-0.047,-0.725,0.726,0.584,medium,0.104,1.0,0.0,0.405,0.235,,,,,anxiety,0.588,neutral,1,0.186,0.178,0.155,0.274,0.182,0.21,0.087,0.268,0.654,-0.001,0.18,0.065,0.001,0.181,0.063,0.207,0.172,0.038,0.0,0.0,0.0,0.012,0.053,1.0,-0.034,0.186,0.131,0.501,0.94,1.0,0.012,0.053,1.0,1.0,0.337,0.346,-0.008,0.032,1.0,-0.019,0.105,1.0,0.476,0.182,0.197,0.017,0.179,0.086,-0.477,1.0,1.0,0.003,0.001,0.0,0.0,0.0,0.0,0.0,0.0,0.0,0.0,0.0,0.0,-0.009,0.002,0.001,0.056,0.011,0.024,0.003,0.001,0.006,0.055,0.011,0.027,0.125,0.142,0.466,-0.473,0.506,1.0,0.458,0.074,0.208
20260304_135106,1772603468.5909543,0.3,0.248,0.318,0.068,0.393,0.492,0.49,0.0,0.0,0.648,0.122,0.0,0.926,0.0,0.0,0.508,0.271,-0.999,0.994,0.0,0.0,0,0.521,0.579,0.612,0.583,-0.047,-0.721,0.722,0.58,medium,0.089,1.0,0.0,0.406,0.235,,,,,anxiety,0.588,neutral,1,0.179,0.176,0.158,0.265,0.18,0.199,0.083,0.264,0.237,-0.009,0.178,0.084,-0.007,0.178,0.064,0.195,0.169,0.042,0.0,0.0,0.0,0.009,0.053,1.0,-0.042,0.184,0.075,0.49,0.917,1.0,0.009,0.053,1.0,1.0,0.331,0.339,-0.007,0.032,1.0,-0.018,0.103,1.0,0.457,0.18,0.194,0.011,0.176,0.079,-0.451,1.0,1.0,0.002,0.001,0.001,0.0,0.0,0.0,0.0,0.0,0.0,0.0,0.0,0.0,-0.008,0.002,0.001,0.054,0.011,0.021,0.003,0.001,0.005,0.054,0.011,0.027,0.123,0.143,0.467,-0.463,0.51,1.0,0.449,0.075,0.189
20260304_135106,1772603468.6079807,0.3,0.245,0.319,0.079,0.394,0.487,0.491,0.0,0.0,0.643,0.119,0.0,0.922,0.0,0.0,0.513,0.271,-0.999,0.993,0.0,0.0,0,0.521,0.578,0.612,0.583,-0.046,-0.717,0.719,0.584,medium,0.102,1.0,0.0,0.406,0.235,,,,,anxiety,0.588,neutral,1,0.172,0.173,0.126,0.256,0.178,0.198,0.084,0.263,0.574,-0.015,0.176,0.077,-0.015,0.176,0.083,0.183,0.167,0.042,0.0,0.0,0.0,0.007,0.053,1.0,-0.051,0.181,0.087,0.477,0.895,1.0,0.007,0.053,1.0,1.0,0.327,0.318,-0.007,0.031,1.0,-0.018,0.102,1.0,0.442,0.178,0.211,0.005,0.174,0.074,-0.428,1.0,1.0,0.001,0.001,0.003,0.0,0.0,0.0,0.0,0.0,0.0,0.0,0.0,0.0,-0.008,0.002,0.002,0.052,0.011,0.017,0.004,0.001,0.006,0.053,0.011,0.026,0.121,0.144,0.462,-0.452,0.512,1.0,0.438,0.075,0.172
20260304_135106,1772603468.6362762,0.3,0.248,0.319,0.078,0.396,0.48,0.491,0.0,0.0,0.645,0.113,0.0,0.955,0.0,0.0,0.52,0.27,-0.999,0.994,0.0,0.0,0,0.522,0.578,0.613,0.581,-0.046,-0.719,0.72,0.583,medium,0.101,1.0,0.0,0.406,0.235,,,,,anxiety,0.588,neutral,1,0.165,0.171,0.154,0.247,0.176,0.189,0.084,0.261,0.528,-0.019,0.174,0.065,-0.025,0.174,0.11,0.173,0.165,0.041,0.0,0.0,0.0,0.005,0.052,1.0,-0.058,0.179,0.081,0.462,0.874,1.0,0.005,0.052,1.0,1.0,0.322,0.39,-0.007,0.031,1.0,-0.017,0.101,1.0,0.43,0.176,0.236,0.001,0.172,0.079,-0.406,1.0,1.0,0.001,0.001,0.002,0.0,0.0,0.0,0.0,0.0,0.0,0.0,0.0,0.0,-0.007,0.002,0.001,0.049,0.011,0.015,0.004,0.001,0.007,0.051,0.011,0.02,0.119,0.145,0.457,-0.441,0.514,1.0,0.427,0.075,0.172
20260304_135106,1772603468.657928,0.3,0.252,0.324,0.072,0.393,0.481,0.492,0.0,0.0,0.662,0.111,0.0,0.948,0.0,0.0,0.519,0.268,-0.998,0.994,0.0,0.0,0,0.522,0.577,0.612,0.581,-0.046,-0.718,0.72,0.581,medium,0.093,1.0,0.0,0.406,0.235,,,,,anxiety,0.588,neutral,1,0.161,0.169,0.179,0.241,0.174,0.222,0.081,0.258,0.307,-0.024,0.172,0.077,-0.033,0.172,0.1,0.164,0.162,0.043,0.0,0.0,0.0,0.003,0.052,1.0,-0.057,0.177,0.027,0.446,0.854,1.0,0.003,0.052,1.0,1.0,0.318,0.362,-0.007,0.031,1.0,-0.017,0.1,1.0,0.418,0.174,0.221,-0.004,0.17,0.091,-0.385,1.0,1.0,0.001,0.001,0.002,0.0,0.0,0.0,0.0,0.0,0.0,0.0,0.0,0.0,-0.006,0.002,0.002,0.047,0.01,0.013,0.004,0.001,0.004,0.049,0.011,0.018,0.117,0.146,0.457,-0.43,0.516,1.0,0.416,0.075,0.166
20260304_135106,1772603468.6878567,0.3,0.256,0.331,0.072,0.392,0.484,0.492,0.0,0.0,0.661,0.107,0.0,0.907,0.0,0.0,0.516,0.268,-0.998,0.994,0.0,0.0,0,0.522,0.577,0.612,0.581,-0.044,-0.719,0.721,0.581,medium,0.094,1.0,0.0,0.406,0.235,,,,,anxiety,0.588,neutral,1,0.158,0.167,0.208,0.238,0.172,0.262,0.079,0.255,0.309,-0.028,0.17,0.083,-0.039,0.171,0.086,0.156,0.16,0.042,0.0,0.0,0.0,0.002,0.052,1.0,-0.057,0.175,0.029,0.43,0.836,1.0,0.002,0.052,1.0,1.0,0.313,0.248,-0.007,0.03,1.0,-0.017,0.098,1.0,0.405,0.172,0.203,-0.009,0.169,0.087,-0.366,1.0,1.0,0.0,0.001,0.001,0.0,0.0,0.0,0.0,0.0,0.0,0.0,0.0,0.0,-0.006,0.002,0.003,0.045,0.01,0.013,0.005,0.001,0.005,0.047,0.011,0.018,0.115,0.147,0.443,-0.419,0.517,1.0,0.406,0.075,0.164
20260304_135106,1772603468.7259605,0.3,0.256,0.332,0.082,0.39,0.499,0.491,0.0,0.0,0.665,0.104,0.0,0.945,0.0,0.0,0.501,0.272,-0.998,0.995,0.0,0.0,0,0.522,0.577,0.612,0.581,-0.049,-0.723,0.724,0.584,medium,0.107,1.0,0.0,0.406,0.235,,,,,anxiety,0.588,neutral,1,0.155,0.166,0.204,0.234,0.171,0.258,0.08,0.254,0.62,-0.032,0.168,0.089,-0.038,0.169,0.027,0.148,0.158,0.04,0.0,0.0,0.0,0.0,0.051,1.0,-0.055,0.173,0.016,0.413,0.819,1.0,0.0,0.051,1.0,1.0,0.309,0.335,-0.006,0.03,1.0,-0.016,0.097,1.0,0.387,0.17,0.135,-0.011,0.167,0.061,-0.349,1.0,1.0,0.0,0.001,0.0,0.0,0.0,0.0,0.0,0.0,0.0,0.0,0.0,0.0,-0.005,0.002,0.003,0.043,0.01,0.011,0.005,0.001,0.006,0.046,0.011,0.018,0.111,0.147,0.491,-0.409,0.518,1.0,0.397,0.075,0.171
20260304_135106,1772603468.757198,0.3,0.255,0.328,0.08,0.391,0.498,0.489,0.0,0.0,0.639,0.105,0.0,0.915,0.0,0.0,0.502,0.268,-0.999,0.995,0.0,0.0,0,0.523,0.579,0.613,0.582,-0.044,-0.73,0.731,0.584,medium,0.104,1.0,0.0,0.406,0.235,au7_eye_squeeze,0.498,2,13,anxiety,0.588,neutral,1,0.152,0.164,0.194,0.229,0.169,0.226,0.08,0.253,0.549,-0.036,0.167,0.083,-0.038,0.167,0.03,0.14,0.156,0.031,0.0,0.0,0.0,-0.001,0.051,1.0,-0.061,0.171,0.094,0.397,0.803,1.0,-0.001,0.051,1.0,1.0,0.305,0.253,-0.006,0.03,1.0,-0.016,0.096,1.0,0.37,0.168,0.136,-0.014,0.165,0.087,-0.332,1.0,1.0,0.0,0.001,0.0,0.0,0.0,0.0,0.0,0.0,0.0,0.0,0.0,0.0,-0.004,0.002,0.006,0.042,0.01,0.017,0.005,0.001,0.008,0.045,0.011,0.022,0.11,0.147,0.438,-0.402,0.521,1.0,0.39,0.075,0.187
20260304_135106,1772603468.7972393,0.3,0.263,0.349,0.097,0.376,0.495,0.488,0.0,0.0,0.618,0.111,0.0,0.931,0.0,0.0,0.505,0.264,-0.998,0.995,0.0,0.0,0,0.524,0.58,0.614,0.583,-0.042,-0.758,0.759,0.589,medium,0.126,1.0,0.0,0.408,0.235,au7_eye_squeeze,0.495,3,12,anxiety,0.588,neutral,1,0.151,0.163,0.257,0.23,0.169,0.36,0.085,0.259,1.0,-0.043,0.165,0.153,-0.039,0.165,0.042,0.133,0.154,0.023,0.0,0.0,0.0,-0.002,0.05,1.0,-0.073,0.17,0.154,0.385,0.787,1.0,-0.002,0.05,1.0,1.0,0.302,0.284,-0.006,0.029,1.0,-0.015,0.095,1.0,0.356,0.166,0.146,-0.018,0.163,0.111,-0.317,1.0,1.0,0.0,0.001,0.001,0.0,0.0,0.0,0.0,0.0,0.0,0.0,0.0,0.0,-0.003,0.002,0.011,0.041,0.01,0.021,0.006,0.002,0.009,0.044,0.011,0.024,0.108,0.149,0.419,-0.404,0.533,1.0,0.391,0.077,0.266
20260304_135106,1772603468.8219743,0.3,0.262,0.353,0.097,0.359,0.506,0.487,0.0,0.0,0.61,0.121,0.0,0.895,0.0,0.0,0.494,0.257,-0.998,0.996,0.0,0.0,0,0.525,0.581,0.614,0.584,-0.04,-0.777,0.778,0.59,medium,0.127,1.0,0.0,0.412,0.235,au7_eye_squeeze,0.506,4,11,anxiety,0.588,neutral,1,0.149,0.161,0.237,0.232,0.168,0.379,0.09,0.264,1.0,-0.055,0.165,0.236,-0.036,0.163,0.004,0.125,0.153,0.021,0.0,0.0,0.0,-0.003,0.05,1.0,-0.086,0.169,0.175,0.375,0.773,1.0,-0.003,0.05,1.0,1.0,0.298,0.189,-0.006,0.029,1.0,-0.015,0.094,1.0,0.339,0.164,0.094,-0.024,0.162,0.162,-0.303,1.0,1.0,0.001,0.001,0.003,0.0,0.0,0.0,0.0,0.0,0.0,0.0,0.0,0.0,-0.002,0.002,0.014,0.04,0.01,0.026,0.006,0.002,0.01,0.043,0.011,0.026,0.108,0.15,0.396,-0.409,0.551,1.0,0.397,0.079,0.314
20260304_135106,1772603468.8544962,0.3,0.269,0.37,0.107,0.353,0.516,0.487,0.0,0.0,0.583,0.126,0.0,0.921,0.0,0.0,0.484,0.256,-0.998,0.995,0.0,0.0,0,0.526,0.582,0.615,0.586,-0.038,-0.788,0.789,0.594,medium,0.139,1.0,0.0,0.417,0.235,au4_frown,0.107,3,12,anxiety,0.588,neutral,1,0.149,0.161,0.293,0.238,0.169,0.487,0.096,0.274,1.0,-0.066,0.165,0.259,-0.03,0.161,0.045,0.119,0.151,0.02,0.0,0.0,0.0,-0.003,0.05,1.0,-0.105,0.168,0.252,0.368,0.761,1.0,-0.003,0.05,1.0,1.0,0.294,0.248,-0.006,0.029,1.0,-0.014,0.093,1.0,0.32,0.163,0.048,-0.029,0.161,0.166,-0.289,1.0,1.0,0.001,0.001,0.0,0.0,0.0,0.0,0.0,0.0,0.0,0.0,0.0,0.0,-0.0,0.003,0.018,0.04,0.01,0.029,0.007,0.002,0.014,0.043,0.011,0.033,0.107,0.153,0.376,-0.416,0.571,1.0,0.404,0.082,0.338
20260304_135106,1772603468.9001174,0.3,0.269,0.374,0.098,0.358,0.526,0.488,0.0,0.0,0.561,0.131,0.0,0.862,0.0,0.0,0.474,0.26,-0.998,0.994,0.0,0.0,0,0.527,0.584,0.615,0.589,-0.039,-0.77,0.771,0.591,medium,0.128,1.0,0.0,0.419,0.235,au7_eye_squeeze,0.526,5,10,anxiety,0.587,neutral,1,0.149,0.16,0.285,0.243,0.171,0.499,0.099,0.277,0.988,-0.075,0.164,0.227,-0.023,0.159,0.084,0.113,0.149,0.024,0.0,0.0,0.0,-0.004,0.049,1.0,-0.127,0.169,0.313,0.362,0.749,1.0,-0.004,0.049,1.0,1.0,0.291,0.098,-0.005,0.028,1.0,-0.014,0.092,1.0,0.3,0.161,0.005,-0.032,0.16,0.13,-0.277,1.0,1.0,0.001,0.001,0.002,0.0,0.0,0.0,0.0,0.0,0.0,0.0,0.0,0.0,0.001,0.003,0.02,0.04,0.011,0.035,0.008,0.002,0.014,0.044,0.011,0.045,0.106,0.154,0.388,-0.416,0.582,1.0,0.405,0.083,0.278
20260304_135106,1772603468.9292276,0.3,0.276,0.389,0.1,0.363,0.527,0.489,0.0,0.0,0.57,0.136,0.0,0.903,0.0,0.0,0.473,0.259,-0.997,0.992,0.0,0.0,0,0.529,0.585,0.618,0.592,-0.033,-0.77,0.771,0.592,medium,0.13,1.0,0.0,0.421,0.235,au4_frown,0.1,5,10,anxiety,0.588,neutral,1,0.15,0.159,0.333,0.251,0.173,0.586,0.102,0.281,1.0,-0.081,0.163,0.201,-0.015,0.158,0.084,0.107,0.148,0.026,0.0,0.0,0.0,-0.004,0.049,1.0,-0.144,0.169,0.28,0.356,0.738,1.0,-0.004,0.049,1.0,0.965,0.287,0.194,-0.005,0.028,1.0,-0.014,0.091,1.0,0.281,0.159,0.002,-0.035,0.159,0.138,-0.265,1.0,1.0,-0.0,0.001,0.005,0.0,0.0,0.0,0.0,0.0,0.0,0.0,0.0,0.0,0.003,0.004,0.027,0.041,0.011,0.038,0.009,0.003,0.023,0.045,0.012,0.052,0.107,0.157,0.328,-0.415,0.591,1.0,0.404,0.084,0.269
20260304_135106,1772603468.9678354,0.3,0.28,0.387,0.113,0.364,0.511,0.489,0.0,0.0,0.554,0.141,0.0,0.825,0.0,0.0,0.489,0.26,-0.996,0.991,0.0,0.0,0,0.53,0.586,0.618,0.592,-0.035,-0.774,0.774,0.596,medium,0.147,1.0,0.0,0.423,0.235,au4_frown,0.113,6,9,anxiety,0.587,neutral,1,0.152,0.159,0.359,0.257,0.175,0.551,0.107,0.29,1.0,-0.086,0.162,0.192,-0.013,0.156,0.019,0.102,0.146,0.026,0.0,0.0,0.0,-0.005,0.049,1.0,-0.162,0.169,0.324,0.352,0.729,1.0,-0.005,0.049,1.0,0.906,0.284,0.002,-0.005,0.028,1.0,-0.013,0.09,1.0,0.268,0.157,0.07,-0.038,0.158,0.127,-0.253,1.0,1.0,-0.001,0.001,0.008,0.0,0.0,0.0,0.0,0.0,0.0,0.0,0.0,0.0,0.005,0.004,0.029,0.041,0.011,0.04,0.011,0.003,0.023,0.046,0.012,0.05,0.106,0.159,0.353,-0.414,0.601,1.0,0.403,0.086,0.273
20260304_135106,1772603469.0050828,0.3,0.284,0.397,0.118,0.354,0.545,0.488,0.0,0.0,0.576,0.151,0.0,0.795,0.0,0.0,0.455,0.251,-0.996,0.988,0.0,0.0,0,0.531,0.587,0.62,0.595,-0.027,-0.784,0.784,0.594,medium,0.154,1.0,0.0,0.426,0.23,au4_frown,0.118,7,8,anxiety,0.576,neutral,1,0.154,0.159,0.391,0.264,0.177,0.602,0.113,0.301,1.0,-0.092,0.162,0.236,-0.003,0.154,0.153,0.097,0.145,0.023,0.0,0.0,0.0,-0.005,0.048,1.0,-0.173,0.169,0.251,0.35,0.721,1.0,-0.005,0.048,1.0,0.844,0.282,0.072,-0.005,0.028,1.0,-0.013,0.089,1.0,0.248,0.156,0.075,-0.042,0.157,0.188,-0.243,1.0,1.0,-0.003,0.002,0.014,0.0,0.0,0.0,0.0,0.0,0.0,0.0,0.0,0.0,0.007,0.005,0.032,0.041,0.011,0.04,0.012,0.004,0.028,0.048,0.013,0.061,0.108,0.164,0.266,-0.415,0.612,1.0,0.403,0.087,0.295
20260304_135106,1772603469.0284648,0.3,0.294,0.424,0.136,0.341,0.55,0.489,0.0,0.0,0.554,0.163,0.0,0.771,0.0,0.0,0.45,0.251,-0.994,0.983,0.0,0.0,0,0.531,0.587,0.621,0.599,-0.03,-0.8,0.801,0.597,medium,0.176,1.0,0.0,0.43,0.228,au4_frown,0.136,4,11,anxiety,0.569,neutral,1,0.158,0.16,0.459,0.276,0.182,0.767,0.122,0.321,1.0,-0.101,0.162,0.296,0.007,0.153,0.168,0.093,0.143,0.025,0.0,0.0,0.0,-0.006,0.048,1.0,-0.187,0.169,0.314,0.35,0.716,1.0,-0.006,0.048,1.0,0.782,0.279,0.127,-0.005,0.027,1.0,-0.013,0.088,1.0,0.228,0.155,0.094,-0.045,0.156,0.186,-0.232,1.0,1.0,-0.005,0.002,0.022,0.0,0.0,0.0,0.0,0.0,0.0,0.0,0.0,0.0,0.008,0.005,0.034,0.042,0.012,0.042,0.013,0.004,0.03,0.05,0.014,0.074,0.108,0.167,0.3,-0.418,0.628,1.0,0.407,0.089,0.337
20260304_135106,1772603469.0589833,0.3,0.309,0.443,0.149,0.344,0.549,0.488,0.0,0.0,0.538,0.167,0.0,0.816,0.0,0.0,0.451,0.249,-0.993,0.982,0.0,0.0,0,0.532,0.589,0.621,0.602,-0.033,-0.805,0.806,0.609,high,0.193,1.0,0.0,0.434,0.235,au4_frown,0.149,5,10,anxiety,0.588,neutral,1,0.165,0.163,0.577,0.291,0.188,0.865,0.133,0.345,1.0,-0.108,0.162,0.277,0.016,0.152,0.161,0.089,0.142,0.019,0.0,0.0,0.0,-0.006,0.048,1.0,-0.203,0.17,0.357,0.35,0.711,1.0,-0.006,0.048,1.0,0.735,0.277,0.017,-0.005,0.027,1.0,-0.012,0.088,1.0,0.21,0.153,0.089,-0.049,0.156,0.193,-0.222,1.0,1.0,-0.008,0.003,0.024,0.0,0.0,0.0,0.0,0.0,0.0,0.0,0.0,0.0,0.01,0.006,0.037,0.043,0.012,0.048,0.015,0.005,0.032,0.052,0.015,0.083,0.107,0.169,0.332,-0.421,0.644,1.0,0.41,0.091,0.343
20260304_135106,1772603469.088473,0.3,0.311,0.453,0.15,0.34,0.562,0.489,0.0,0.0,0.551,0.173,0.0,0.89,0.0,0.0,0.438,0.247,-0.993,0.981,0.0,0.0,0,0.532,0.59,0.621,0.605,-0.029,-0.796,0.796,0.61,high,0.195,1.0,0.0,0.436,0.235,au4_frown,0.15,5,10,anxiety,0.588,neutral,1,0.171,0.165,0.58,0.305,0.195,0.906,0.142,0.365,1.0,-0.114,0.162,0.292,0.027,0.151,0.209,0.085,0.14,0.025,0.0,0.0,0.0,-0.006,0.047,1.0,-0.213,0.17,0.311,0.351,0.706,1.0,-0.006,0.047,1.0,0.709,0.274,0.165,-0.004,0.027,1.0,-0.012,0.087,1.0,0.191,0.152,0.142,-0.052,0.155,0.204,-0.212,1.0,1.0,-0.01,0.003,0.027,0.0,0.0,0.0,0.0,0.0,0.0,0.0,0.0,0.0,0.011,0.006,0.036,0.043,0.012,0.051,0.016,0.005,0.029,0.055,0.016,0.091,0.107,0.171,0.289,-0.421,0.655,1.0,0.41,0.092,0.308
20260304_135106,1772603469.1214132,0.3,0.313,0.455,0.153,0.34,0.603,0.49,0.0,0.0,0.543,0.179,0.0,0.916,0.0,0.0,0.397,0.249,-0.991,0.978,0.0,0.0,0,0.532,0.592,0.623,0.607,-0.028,-0.796,0.796,0.611,high,0.199,1.0,0.0,0.438,0.235,au4_frown,0.153,6,9,anxiety,0.588,neutral,1,0.176,0.167,0.58,0.318,0.201,0.897,0.151,0.382,1.0,-0.12,0.162,0.29,0.045,0.151,0.367,0.082,0.139,0.028,0.0,0.0,0.0,-0.006,0.047,1.0,-0.224,0.17,0.33,0.352,0.703,1.0,-0.006,0.047,1.0,0.689,0.271,0.224,-0.004,0.026,1.0,-0.012,0.086,1.0,0.165,0.153,0.316,-0.055,0.154,0.19,-0.203,1.0,1.0,-0.013,0.004,0.031,0.0,0.0,0.0,0.0,0.0,0.0,0.0,0.0,0.0,0.013,0.007,0.035,0.044,0.013,0.056,0.017,0.006,0.035,0.058,0.017,0.095,0.107,0.174,0.283,-0.42,0.664,1.0,0.409,0.093,0.301
20260304_135106,1772603469.1608064,0.3,0.328,0.466,0.144,0.338,0.724,0.49,0.0,0.0,0.552,0.179,0.0,0.882,0.0,0.0,0.276,0.255,-0.991,0.979,0.0,0.0,0,0.538,0.6,0.623,0.61,-0.01,-0.767,0.767,0.609,high,0.187,1.0,0.0,0.44,0.235,au4_frown,0.144,6,9,anxiety,0.588,neutral,1,0.183,0.171,0.685,0.33,0.207,0.938,0.156,0.391,1.0,-0.125,0.163,0.293,0.085,0.158,0.83,0.079,0.138,0.028,0.0,0.0,0.0,-0.007,0.047,1.0,-0.231,0.17,0.299,0.352,0.699,1.0,-0.007,0.047,1.0,0.662,0.268,0.135,-0.004,0.026,1.0,-0.011,0.085,1.0,0.117,0.163,0.823,-0.056,0.153,0.146,-0.194,1.0,1.0,-0.015,0.004,0.028,0.0,0.0,0.0,0.0,0.0,0.0,0.0,0.0,0.0,0.015,0.007,0.056,0.047,0.014,0.084,0.019,0.006,0.036,0.061,0.018,0.103,0.111,0.183,0.104,-0.412,0.666,1.0,0.401,0.093,0.211
20260304_135106,1772603469.2023351,0.3,0.328,0.458,0.138,0.352,0.717,0.491,0.0,0.0,0.543,0.177,0.0,0.901,0.0,0.0,0.283,0.262,-0.991,0.98,0.0,0.0,0,0.536,0.602,0.624,0.611,-0.019,-0.75,0.75,0.606,high,0.179,1.0,0.0,0.44,0.235,au4_frown,0.138,6,9,anxiety,0.588,neutral,1,0.189,0.174,0.674,0.34,0.211,0.867,0.16,0.397,1.0,-0.127,0.162,0.216,0.12,0.164,0.783,0.076,0.136,0.03,0.0,0.0,0.0,-0.007,0.046,1.0,-0.239,0.171,0.322,0.352,0.694,1.0,-0.007,0.046,1.0,0.641,0.266,0.179,-0.004,0.026,1.0,-0.011,0.084,1.0,0.075,0.171,0.787,-0.055,0.152,0.089,-0.186,1.0,1.0,-0.017,0.005,0.026,0.0,0.0,0.0,0.0,0.0,0.0,0.0,0.0,0.0,0.017,0.008,0.05,0.049,0.015,0.087,0.02,0.006,0.037,0.064,0.019,0.107,0.112,0.188,0.188,-0.401,0.664,1.0,0.391,0.093,0.157
20260304_135106,1772603469.2348716,0.3,0.319,0.45,0.16,0.361,0.714,0.491,0.0,0.0,0.543,0.179,0.0,0.93,0.0,0.0,0.286,0.266,-0.991,0.979,0.0,0.0,0,0.538,0.602,0.624,0.612,-0.02,-0.743,0.743,0.614,high,0.208,1.0,0.0,0.44,0.235,au4_frown,0.16,5,10,anxiety,0.588,neutral,1,0.193,0.176,0.584,0.346,0.214,0.794,0.167,0.41,1.0,-0.126,0.161,0.17,0.15,0.169,0.752,0.073,0.135,0.033,0.0,0.0,0.0,-0.007,0.046,1.0,-0.246,0.171,0.315,0.351,0.689,1.0,-0.007,0.046,1.0,0.627,0.263,0.246,-0.004,0.026,1.0,-0.011,0.084,1.0,0.038,0.178,0.765,-0.054,0.151,0.059,-0.179,1.0,1.0,-0.018,0.005,0.028,0.0,0.0,0.0,0.0,0.0,0.0,0.0,0.0,0.0,0.019,0.009,0.055,0.051,0.016,0.086,0.021,0.007,0.035,0.066,0.02,0.108,0.112,0.191,0.202,-0.389,0.662,1.0,0.379,0.092,0.134
20260304_135106,1772603469.260411,0.3,0.314,0.445,0.156,0.36,0.707,0.491,0.0,0.0,0.528,0.176,0.0,0.973,0.0,0.0,0.293,0.266,-0.991,0.979,0.0,0.0,0,0.537,0.6,0.623,0.611,-0.025,-0.744,0.744,0.612,high,0.202,1.0,0.0,0.44,0.235,au4_frown,0.156,5,10,anxiety,0.588,neutral,1,0.195,0.177,0.528,0.35,0.216,0.742,0.172,0.418,1.0,-0.126,0.16,0.171,0.176,0.173,0.704,0.071,0.134,0.03,0.0,0.0,0.0,-0.007,0.046,1.0,-0.254,0.172,0.359,0.349,0.684,1.0,-0.007,0.046,1.0,0.62,0.261,0.345,-0.004,0.026,1.0,-0.01,0.083,1.0,0.006,0.184,0.723,-0.052,0.15,0.057,-0.171,1.0,1.0,-0.02,0.005,0.027,0.0,0.0,0.0,0.0,0.0,0.0,0.0,0.0,0.0,0.02,0.009,0.049,0.053,0.017,0.079,0.022,0.007,0.033,0.068,0.021,0.103,0.112,0.193,0.248,-0.378,0.659,1.0,0.368,0.092,0.134
20260304_135106,1772603469.2835917,0.3,0.322,0.452,0.16,0.354,0.658,0.49,0.0,0.0,0.554,0.171,0.0,0.74,0.0,0.0,0.342,0.262,-0.991,0.98,0.0,0.0,0,0.537,0.599,0.623,0.612,-0.021,-0.763,0.763,0.593,medium,0.207,0.962,0.0,0.44,0.224,au4_frown,0.16,3,12,anxiety,0.56,neutral,1,0.198,0.179,0.581,0.354,0.219,0.767,0.177,0.427,1.0,-0.126,0.16,0.197,0.19,0.174,0.502,0.068,0.133,0.027,0.0,0.0,0.0,-0.007,0.046,1.0,-0.256,0.171,0.272,0.345,0.678,1.0,-0.007,0.046,1.0,0.572,0.26,0.222,-0.004,0.025,1.0,-0.01,0.082,1.0,-0.015,0.186,0.501,-0.052,0.149,0.085,-0.165,1.0,1.0,-0.021,0.005,0.026,0.0,0.0,0.0,0.0,0.0,0.0,0.0,0.0,0.0,0.021,0.01,0.05,0.054,0.017,0.072,0.022,0.007,0.032,0.07,0.022,0.104,0.112,0.196,0.213,-0.37,0.659,1.0,0.36,0.092,0.187
20260304_135106,1772603469.3269982,0.3,0.313,0.441,0.174,0.363,0.616,0.491,0.0,0.0,0.529,0.168,0.0,0.809,0.0,0.0,0.384,0.264,-0.992,0.98,0.0,0.0,0,0.537,0.598,0.62,0.61,-0.031,-0.762,0.763,0.618,high,0.226,1.0,0.0,0.44,0.235,au4_frown,0.174,3,12,anxiety,0.588,neutral,1,0.198,0.179,0.496,0.355,0.22,0.685,0.184,0.439,1.0,-0.125,0.159,0.147,0.196,0.173,0.332,0.066,0.132,0.028,0.0,0.0,0.0,-0.007,0.045,1.0,-0.262,0.172,0.347,0.341,0.671,1.0,-0.007,0.045,1.0,0.54,0.258,0.052,-0.004,0.025,1.0,-0.01,0.082,1.0,-0.026,0.186,0.31,-0.051,0.148,0.066,-0.158,1.0,1.0,-0.022,0.006,0.024,0.0,0.0,0.0,0.0,0.0,0.0,0.0,0.0,0.0,0.022,0.01,0.048,0.054,0.017,0.067,0.022,0.007,0.022,0.071,0.023,0.095,0.11,0.197,0.307,-0.363,0.659,1.0,0.353,0.092,0.183
20260304_135106,1772603469.359403,0.3,0.317,0.44,0.186,0.359,0.59,0.491,0.0,0.0,0.543,0.162,0.0,0.724,0.0,0.0,0.41,0.272,-0.991,0.981,0.0,0.0,0,0.538,0.597,0.621,0.609,-0.037,-0.774,0.775,0.595,medium,0.242,0.941,0.0,0.44,0.223,au4_frown,0.186,4,11,anxiety,0.557,neutral,1,0.199,0.18,0.519,0.356,0.221,0.66,0.192,0.454,1.0,-0.124,0.158,0.17,0.196,0.172,0.229,0.064,0.13,0.028,0.0,0.0,0.0,-0.007,0.045,1.0,-0.265,0.172,0.298,0.336,0.664,1.0,-0.007,0.045,1.0,0.496,0.257,0.257,-0.004,0.025,1.0,-0.01,0.081,1.0,-0.032,0.185,0.192,-0.048,0.146,0.01,-0.152,1.0,1.0,-0.023,0.006,0.022,0.0,0.0,0.0,0.0,0.0,0.0,0.0,0.0,0.0,0.023,0.011,0.05,0.055,0.018,0.062,0.022,0.008,0.026,0.072,0.023,0.091,0.107,0.196,0.374,-0.358,0.661,1.0,0.348,0.092,0.214
20260304_135106,1772603469.396062,0.3,0.31,0.432,0.191,0.363,0.596,0.491,0.0,0.0,0.534,0.158,0.0,0.895,0.0,0.0,0.404,0.276,-0.991,0.982,0.0,0.0,0,0.539,0.596,0.622,0.609,-0.038,-0.765,0.766,0.623,high,0.249,1.0,0.0,0.44,0.235,au4_frown,0.191,3,12,anxiety,0.588,neutral,1,0.199,0.18,0.453,0.354,0.222,0.599,0.199,0.468,1.0,-0.123,0.157,0.144,0.197,0.171,0.248,0.062,0.129,0.03,0.0,0.0,0.0,-0.007,0.045,1.0,-0.268,0.172,0.322,0.33,0.657,1.0,-0.007,0.045,1.0,0.483,0.254,0.16,-0.003,0.025,1.0,-0.009,0.08,1.0,-0.038,0.184,0.217,-0.046,0.145,0.017,-0.147,1.0,1.0,-0.023,0.006,0.02,0.0,0.0,0.0,0.0,0.0,0.0,0.0,0.0,0.0,0.024,0.011,0.054,0.055,0.018,0.06,0.023,0.008,0.029,0.073,0.024,0.088,0.104,0.195,0.377,-0.351,0.661,1.0,0.342,0.092,0.184
20260304_135106,1772603469.432716,0.3,0.312,0.438,0.192,0.357,0.59,0.491,0.0,0.0,0.528,0.153,0.0,0.866,0.0,0.0,0.41,0.272,-0.992,0.982,0.0,0.0,0,0.539,0.596,0.622,0.607,-0.037,-0.78,0.781,0.623,high,0.25,1.0,0.0,0.439,0.235,au4_frown,0.192,4,11,anxiety,0.588,neutral,1,0.198,0.18,0.458,0.353,0.222,0.621,0.206,0.479,1.0,-0.122,0.157,0.173,0.196,0.17,0.219,0.06,0.128,0.026,0.0,0.0,0.0,-0.007,0.044,1.0,-0.272,0.173,0.336,0.323,0.65,1.0,-0.007,0.044,1.0,0.465,0.252,0.087,-0.003,0.025,1.0,-0.009,0.08,1.0,-0.043,0.183,0.185,-0.044,0.144,0.011,-0.141,1.0,1.0,-0.024,0.006,0.02,0.0,0.0,0.0,0.0,0.0,0.0,0.0,0.0,0.0,0.025,0.011,0.052,0.055,0.018,0.058,0.023,0.008,0.028,0.073,0.024,0.081,0.101,0.194,0.373,-0.347,0.663,1.0,0.337,0.092,0.224
20260304_135106,1772603469.4662116,0.3,0.308,0.432,0.183,0.357,0.588,0.491,0.0,0.0,0.567,0.148,0.0,0.815,0.0,0.0,0.412,0.273,-0.992,0.981,0.0,0.0,0,0.538,0.596,0.624,0.609,-0.033,-0.775,0.775,0.62,high,0.237,1.0,0.0,0.439,0.235,au4_frown,0.183,5,10,anxiety,0.588,neutral,1,0.197,0.18,0.416,0.351,0.222,0.574,0.21,0.485,1.0,-0.121,0.156,0.169,0.195,0.168,0.206,0.058,0.127,0.026,0.0,0.0,0.0,-0.007,0.044,1.0,-0.269,0.172,0.209,0.316,0.643,1.0,-0.007,0.044,1.0,0.441,0.25,0.038,-0.003,0.024,1.0,-0.009,0.079,1.0,-0.047,0.182,0.172,-0.042,0.143,0.006,-0.136,1.0,1.0,-0.024,0.006,0.021,0.0,0.0,0.0,0.0,0.0,0.0,0.0,0.0,0.0,0.026,0.012,0.049,0.054,0.018,0.056,0.023,0.008,0.033,0.073,0.024,0.085,0.099,0.194,0.331,-0.341,0.664,1.0,0.332,0.092,0.204
20260304_135106,1772603469.5072577,0.3,0.307,0.432,0.176,0.361,0.578,0.491,0.0,0.0,0.561,0.148,0.0,0.83,0.0,0.0,0.422,0.271,-0.992,0.983,0.0,0.0,0,0.539,0.595,0.625,0.608,-0.03,-0.77,0.77,0.618,high,0.228,1.0,0.0,0.439,0.235,au4_frown,0.176,6,9,anxiety,0.588,neutral,1,0.195,0.18,0.405,0.349,0.222,0.561,0.213,0.489,1.0,-0.12,0.155,0.15,0.193,0.167,0.166,0.057,0.126,0.028,0.0,0.0,0.0,-0.007,0.044,1.0,-0.267,0.172,0.224,0.309,0.636,1.0,-0.007,0.044,1.0,0.421,0.248,0.0,-0.003,0.024,1.0,-0.009,0.078,1.0,-0.048,0.181,0.126,-0.04,0.142,0.018,-0.132,1.0,1.0,-0.024,0.006,0.018,0.0,0.0,0.0,0.0,0.0,0.0,0.0,0.0,0.0,0.027,0.012,0.051,0.054,0.018,0.054,0.024,0.008,0.036,0.073,0.025,0.081,0.098,0.195,0.297,-0.335,0.664,1.0,0.326,0.092,0.186
20260304_135106,1772603469.5325754,0.3,0.311,0.43,0.18,0.354,0.585,0.49,0.0,0.0,0.56,0.147,0.0,0.837,0.0,0.0,0.415,0.269,-0.992,0.984,0.0,0.0,0,0.539,0.595,0.624,0.607,-0.032,-0.776,0.776,0.619,high,0.234,1.0,0.0,0.439,0.235,au4_frown,0.18,5,10,anxiety,0.588,neutral,1,0.194,0.18,0.424,0.345,0.222,0.536,0.216,0.492,1.0,-0.119,0.155,0.18,0.191,0.166,0.19,0.055,0.125,0.024,0.0,0.0,0.0,-0.007,0.044,1.0,-0.265,0.171,0.224,0.302,0.629,1.0,-0.007,0.044,1.0,0.403,0.246,0.016,-0.003,0.024,1.0,-0.009,0.078,1.0,-0.051,0.18,0.156,-0.039,0.141,0.028,-0.127,1.0,1.0,-0.024,0.006,0.015,0.0,0.0,0.0,0.0,0.0,0.0,0.0,0.0,0.0,0.027,0.012,0.049,0.054,0.019,0.052,0.024,0.008,0.031,0.073,0.025,0.077,0.096,0.194,0.324,-0.33,0.665,1.0,0.321,0.092,0.2
20260304_135106,1772603469.5644681,0.3,0.306,0.429,0.182,0.358,0.61,0.49,0.0,0.0,0.56,0.142,0.0,0.763,0.0,0.0,0.39,0.27,-0.992,0.983,0.0,0.0,0,0.538,0.595,0.623,0.609,-0.034,-0.767,0.768,0.611,high,0.237,0.992,0.0,0.438,0.229,,,,,anxiety,0.572,neutral,1,0.192,0.179,0.382,0.342,0.222,0.521,0.218,0.495,1.0,-0.118,0.154,0.16,0.193,0.165,0.28,0.053,0.124,0.024,0.0,0.0,0.0,-0.007,0.043,1.0,-0.262,0.171,0.22,0.294,0.623,0.919,-0.007,0.043,1.0,0.375,0.245,0.162,-0.003,0.024,1.0,-0.008,0.077,1.0,-0.057,0.18,0.264,-0.038,0.14,0.027,-0.123,1.0,1.0,-0.024,0.006,0.017,0.0,0.0,0.0,0.0,0.0,0.0,0.0,0.0,0.0,0.028,0.013,0.047,0.053,0.019,0.05,0.024,0.009,0.029,0.073,0.025,0.08,0.094,0.194,0.345,-0.324,0.664,1.0,0.315,0.091,0.172
20260304_135106,1772603469.6016784,0.3,0.311,0.435,0.183,0.355,0.594,0.491,0.0,0.0,0.552,0.142,0.0,0.935,0.0,0.0,0.406,0.271,-0.992,0.982,0.0,0.0,0,0.539,0.594,0.623,0.607,-0.035,-0.774,0.775,0.62,high,0.238,1.0,0.0,0.438,0.235,,,,,anxiety,0.588,neutral,1,0.19,0.179,0.41,0.339,0.222,0.549,0.22,0.498,1.0,-0.117,0.153,0.169,0.192,0.164,0.217,0.052,0.123,0.025,0.0,0.0,0.0,-0.007,0.043,1.0,-0.261,0.17,0.244,0.287,0.616,0.904,-0.007,0.043,1.0,0.373,0.243,0.255,-0.003,0.024,1.0,-0.008,0.077,1.0,-0.06,0.179,0.191,-0.036,0.139,0.016,-0.119,1.0,1.0,-0.024,0.006,0.019,0.0,0.0,0.0,0.0,0.0,0.0,0.0,0.0,0.0,0.028,0.013,0.047,0.053,0.019,0.048,0.024,0.009,0.028,0.072,0.025,0.073,0.092,0.193,0.354,-0.318,0.664,1.0,0.31,0.091,0.189
20260304_135106,1772603469.6247377,0.3,0.313,0.436,0.179,0.357,0.579,0.492,0.0,0.0,0.558,0.14,0.0,0.859,0.0,0.0,0.421,0.274,-0.992,0.981,0.0,0.0,0,0.539,0.594,0.622,0.608,-0.04,-0.773,0.775,0.619,high,0.233,1.0,0.0,0.438,0.235,,,,,anxiety,0.588,neutral,1,0.189,0.179,0.421,0.336,0.222,0.545,0.221,0.499,1.0,-0.116,0.153,0.161,0.189,0.163,0.156,0.05,0.122,0.027,0.0,0.0,0.0,-0.007,0.043,1.0,-0.258,0.17,0.22,0.28,0.61,0.835,-0.007,0.043,1.0,0.36,0.241,0.068,-0.003,0.024,1.0,-0.008,0.076,1.0,-0.061,0.178,0.121,-0.035,0.138,0.006,-0.115,1.0,1.0,-0.025,0.006,0.02,0.0,0.0,0.0,0.0,0.0,0.0,0.0,0.0,0.0,0.029,0.013,0.047,0.052,0.019,0.047,0.024,0.009,0.026,0.072,0.026,0.074,0.089,0.192,0.402,-0.313,0.664,1.0,0.305,0.091,0.185
20260304_135106,1772603469.6603594,0.3,0.312,0.435,0.178,0.361,0.573,0.492,0.0,0.0,0.559,0.136,0.0,0.904,0.0,0.0,0.427,0.272,-0.992,0.982,0.0,0.0,0,0.539,0.594,0.623,0.607,-0.039,-0.773,0.774,0.618,high,0.231,1.0,0.0,0.437,0.235,,,,,anxiety,0.588,neutral,1,0.188,0.179,0.403,0.333,0.221,0.524,0.222,0.499,1.0,-0.114,0.152,0.138,0.185,0.162,0.132,0.049,0.121,0.027,0.0,0.0,0.0,-0.007,0.043,1.0,-0.255,0.169,0.214,0.272,0.604,0.737,-0.007,0.043,1.0,0.354,0.239,0.176,-0.003,0.023,1.0,-0.008,0.076,1.0,-0.061,0.177,0.093,-0.033,0.137,0.005,-0.111,1.0,1.0,-0.025,0.006,0.018,0.0,0.0,0.0,0.0,0.0,0.0,0.0,0.0,0.0,0.029,0.013,0.048,0.052,0.019,0.046,0.024,0.009,0.026,0.072,0.026,0.071,0.086,0.191,0.395,-0.308,0.664,1.0,0.3,0.091,0.181
20260304_135106,1772603469.691267,0.3,0.318,0.434,0.172,0.356,0.584,0.491,0.0,0.0,0.532,0.134,0.0,0.938,0.0,0.0,0.416,0.27,-0.992,0.982,0.0,0.0,0,0.539,0.593,0.624,0.606,-0.031,-0.778,0.778,0.616,high,0.224,1.0,0.0,0.436,0.235,,,,,anxiety,0.588,neutral,1,0.187,0.179,0.445,0.33,0.221,0.508,0.222,0.498,1.0,-0.113,0.151,0.162,0.183,0.161,0.171,0.047,0.121,0.024,0.0,0.0,0.0,-0.007,0.042,1.0,-0.256,0.169,0.297,0.265,0.598,0.678,-0.007,0.042,1.0,0.352,0.238,0.254,-0.003,0.023,1.0,-0.008,0.075,1.0,-0.062,0.176,0.141,-0.032,0.136,0.019,-0.108,1.0,1.0,-0.025,0.006,0.018,0.0,0.0,0.0,0.0,0.0,0.0,0.0,0.0,0.0,0.029,0.013,0.046,0.051,0.019,0.042,0.024,0.009,0.029,0.071,0.026,0.067,0.085,0.191,0.313,-0.303,0.664,1.0,0.295,0.091,0.19
20260304_135106,1772603469.7225416,0.3,0.314,0.431,0.179,0.362,0.59,0.492,0.0,0.0,0.534,0.133,0.0,0.953,0.0,0.0,0.41,0.277,-0.992,0.982,0.0,0.0,0,0.539,0.593,0.622,0.606,-0.046,-0.769,0.77,0.618,high,0.233,1.0,0.0,0.436,0.235,,,,,anxiety,0.588,neutral,1,0.185,0.179,0.407,0.326,0.221,0.486,0.222,0.498,1.0,-0.112,0.151,0.126,0.181,0.16,0.189,0.046,0.12,0.028,0.0,0.0,0.0,-0.007,0.042,1.0,-0.256,0.169,0.288,0.258,0.593,0.654,-0.007,0.042,1.0,0.351,0.236,0.286,-0.003,0.023,1.0,-0.007,0.075,1.0,-0.064,0.176,0.164,-0.03,0.135,0.031,-0.104,1.0,1.0,-0.025,0.006,0.018,0.0,0.0,0.0,0.0,0.0,0.0,0.0,0.0,0.0,0.029,0.014,0.047,0.05,0.019,0.041,0.024,0.009,0.024,0.07,0.026,0.064,0.082,0.19,0.46,-0.297,0.663,1.0,0.29,0.091,0.164
20260304_135106,1772603469.8043573,0.3,0.304,0.43,0.182,0.364,0.584,0.492,0.0,0.0,0.573,0.128,0.0,0.919,0.0,0.0,0.416,0.276,-0.991,0.982,0.0,0.0,0,0.54,0.593,0.624,0.606,-0.042,-0.765,0.767,0.619,high,0.237,1.0,0.0,0.435,0.235,,,,,anxiety,0.588,neutral,1,0.182,0.178,0.32,0.322,0.22,0.472,0.222,0.498,1.0,-0.11,0.15,0.117,0.179,0.159,0.164,0.045,0.119,0.029,0.0,0.0,0.0,-0.007,0.042,1.0,-0.251,0.169,0.158,0.25,0.587,0.531,-0.007,0.042,1.0,0.346,0.235,0.201,-0.003,0.023,1.0,-0.007,0.074,1.0,-0.065,0.175,0.135,-0.029,0.134,0.021,-0.101,1.0,1.0,-0.025,0.006,0.017,0.0,0.0,0.0,0.0,0.0,0.0,0.0,0.0,0.0,0.03,0.014,0.049,0.05,0.019,0.041,0.024,0.009,0.031,0.069,0.026,0.064,0.079,0.189,0.417,-0.291,0.662,1.0,0.284,0.09,0.152
20260304_135106,1772603469.8363626,0.3,0.304,0.43,0.175,0.366,0.584,0.493,0.0,0.0,0.587,0.126,0.0,0.929,0.0,0.0,0.416,0.275,-0.991,0.982,0.0,0.0,0,0.54,0.593,0.625,0.606,-0.039,-0.761,0.762,0.617,high,0.228,1.0,0.0,0.435,0.235,,,,,anxiety,0.588,neutral,1,0.179,0.178,0.316,0.318,0.219,0.46,0.221,0.497,1.0,-0.107,0.149,0.102,0.176,0.158,0.163,0.044,0.118,0.031,0.0,0.0,0.0,-0.007,0.042,1.0,-0.245,0.168,0.114,0.243,0.582,0.497,-0.007,0.042,1.0,0.342,0.233,0.221,-0.003,0.023,1.0,-0.007,0.074,1.0,-0.065,0.174,0.135,-0.027,0.133,0.012,-0.098,1.0,1.0,-0.025,0.006,0.017,0.0,0.0,0.0,0.0,0.0,0.0,0.0,0.0,0.0,0.03,0.014,0.048,0.049,0.019,0.039,0.024,0.009,0.031,0.069,0.026,0.063,0.077,0.188,0.387,-0.285,0.66,1.0,0.278,0.09,0.136
20260304_135106,1772603469.866246,0.3,0.302,0.42,0.171,0.378,0.578,0.493,0.0,0.0,0.58,0.124,0.0,0.978,0.0,0.0,0.422,0.281,-0.991,0.982,0.0,0.0,0,0.54,0.593,0.624,0.606,-0.044,-0.744,0.745,0.615,high,0.222,1.0,0.0,0.433,0.235,,,,,anxiety,0.588,neutral,1,0.176,0.177,0.296,0.313,0.219,0.4,0.22,0.495,1.0,-0.104,0.148,0.038,0.173,0.157,0.137,0.043,0.117,0.033,0.0,0.0,0.0,-0.007,0.041,1.0,-0.239,0.167,0.134,0.236,0.577,0.433,-0.007,0.041,1.0,0.344,0.232,0.336,-0.003,0.023,1.0,-0.007,0.073,1.0,-0.065,0.173,0.105,-0.025,0.132,0.059,-0.095,1.0,1.0,-0.024,0.007,0.017,0.0,0.0,0.0,0.0,0.0,0.0,0.0,0.0,0.0,0.03,0.014,0.048,0.048,0.019,0.038,0.024,0.009,0.029,0.068,0.026,0.064,0.075,0.187,0.443,-0.277,0.656,1.0,0.27,0.09,0.087
20260304_135106,1772603469.8943648,0.3,0.298,0.419,0.177,0.369,0.592,0.494,0.0,0.0,0.582,0.124,0.0,0.998,0.0,0.0,0.408,0.282,-0.991,0.983,0.0,0.0,0,0.54,0.593,0.624,0.604,-0.048,-0.75,0.752,0.617,high,0.23,1.0,0.0,0.432,0.235,,,,,anxiety,0.588,neutral,1,0.173,0.176,0.265,0.307,0.218,0.385,0.219,0.494,1.0,-0.101,0.147,0.085,0.172,0.156,0.188,0.042,0.116,0.034,0.0,0.0,0.0,-0.006,0.041,1.0,-0.234,0.166,0.125,0.229,0.572,0.44,-0.006,0.041,1.0,0.347,0.231,0.377,-0.002,0.022,1.0,-0.007,0.073,1.0,-0.067,0.172,0.168,-0.024,0.131,0.064,-0.092,1.0,1.0,-0.024,0.007,0.013,0.0,0.0,0.0,0.0,0.0,0.0,0.0,0.0,0.0,0.03,0.014,0.047,0.047,0.019,0.037,0.024,0.009,0.027,0.067,0.026,0.056,0.072,0.185,0.479,-0.27,0.654,1.0,0.264,0.089,0.105
20260304_135106,1772603469.9244146,0.3,0.304,0.43,0.191,0.361,0.623,0.494,0.0,0.0,0.566,0.125,0.0,0.872,0.0,0.0,0.377,0.284,-0.991,0.983,0.0,0.0,0,0.54,0.593,0.624,0.604,-0.056,-0.754,0.756,0.621,high,0.248,1.0,0.0,0.431,0.235,,,,,anxiety,0.588,neutral,1,0.171,0.175,0.306,0.303,0.217,0.442,0.219,0.495,1.0,-0.1,0.147,0.126,0.174,0.156,0.299,0.042,0.116,0.033,0.0,0.0,0.0,-0.006,0.041,1.0,-0.23,0.166,0.176,0.222,0.567,0.447,-0.006,0.041,1.0,0.336,0.229,0.071,-0.002,0.022,1.0,-0.007,0.072,1.0,-0.071,0.172,0.305,-0.021,0.13,0.08,-0.089,1.0,1.0,-0.024,0.007,0.015,0.0,0.0,0.0,0.0,0.0,0.0,0.0,0.0,0.0,0.03,0.014,0.047,0.047,0.019,0.037,0.024,0.009,0.029,0.066,0.026,0.055,0.069,0.184,0.557,-0.264,0.651,1.0,0.257,0.089,0.114
20260304_135106,1772603469.945944,0.3,0.308,0.429,0.187,0.357,0.612,0.493,0.0,0.0,0.576,0.121,0.0,0.64,0.0,0.0,0.388,0.281,-0.991,0.983,0.0,0.0,0,0.54,0.593,0.624,0.604,-0.05,-0.766,0.767,0.55,medium,0.243,0.831,0.0,0.43,0.207,au4_frown,0.187,2,13,anxiety,0.518,neutral,1,0.168,0.175,0.327,0.299,0.216,0.428,0.219,0.494,1.0,-0.099,0.146,0.146,0.174,0.155,0.254,0.041,0.115,0.03,0.0,0.0,0.0,-0.006,0.041,1.0,-0.226,0.165,0.14,0.215,0.562,0.369,-0.006,0.041,1.0,0.303,0.23,0.481,-0.002,0.022,1.0,-0.006,0.072,1.0,-0.074,0.172,0.252,-0.02,0.129,0.057,-0.087,1.0,1.0,-0.024,0.007,0.014,0.0,0.0,0.0,0.0,0.0,0.0,0.0,0.0,0.0,0.03,0.015,0.047,0.046,0.019,0.036,0.024,0.009,0.028,0.065,0.026,0.053,0.066,0.183,0.499,-0.259,0.649,1.0,0.253,0.088,0.145
20260304_135106,1772603469.970907,0.3,0.299,0.422,0.185,0.367,0.591,0.494,0.0,0.0,0.577,0.121,0.0,0.823,0.0,0.0,0.409,0.285,-0.991,0.983,0.0,0.0,0,0.541,0.593,0.625,0.604,-0.051,-0.756,0.758,0.619,high,0.241,1.0,0.0,0.429,0.235,au4_frown,0.185,3,12,anxiety,0.588,neutral,1,0.165,0.174,0.257,0.295,0.216,0.382,0.219,0.494,1.0,-0.097,0.145,0.09,0.172,0.154,0.174,0.04,0.114,0.032,0.0,0.0,0.0,-0.006,0.041,1.0,-0.221,0.164,0.137,0.209,0.558,0.35,-0.006,0.041,1.0,0.29,0.228,0.041,-0.002,0.022,1.0,-0.006,0.071,1.0,-0.074,0.171,0.154,-0.018,0.128,0.079,-0.084,1.0,1.0,-0.024,0.007,0.014,0.0,0.0,0.0,0.0,0.0,0.0,0.0,0.0,0.0,0.03,0.015,0.048,0.045,0.019,0.036,0.024,0.01,0.03,0.064,0.026,0.052,0.063,0.182,0.51,-0.253,0.647,1.0,0.247,0.088,0.117
20260304_135106,1772603470.0075026,0.3,0.303,0.43,0.184,0.348,0.583,0.494,0.0,0.0,0.591,0.121,0.0,0.755,0.0,0.0,0.417,0.285,-0.99,0.983,0.0,0.0,0,0.541,0.592,0.624,0.602,-0.054,-0.772,0.774,0.606,high,0.239,0.982,0.0,0.429,0.228,,,,,anxiety,0.569,neutral,1,0.163,0.173,0.283,0.291,0.215,0.423,0.218,0.493,1.0,-0.097,0.145,0.187,0.169,0.153,0.142,0.039,0.113,0.034,0.0,0.0,0.0,-0.006,0.04,1.0,-0.216,0.163,0.09,0.203,0.553,0.357,-0.006,0.04,1.0,0.271,0.228,0.2,-0.002,0.022,1.0,-0.006,0.071,1.0,-0.074,0.171,0.116,-0.016,0.128,0.079,-0.082,1.0,1.0,-0.023,0.007,0.013,0.0,0.0,0.0,0.0,0.0,0.0,0.0,0.0,0.0,0.031,0.015,0.049,0.044,0.019,0.034,0.024,0.01,0.028,0.063,0.026,0.047,0.06,0.181,0.541,-0.249,0.646,1.0,0.243,0.088,0.159
20260304_135106,1772603470.0367372,0.3,0.298,0.423,0.187,0.355,0.592,0.494,0.0,0.0,0.583,0.119,0.0,0.697,0.0,0.0,0.408,0.285,-0.99,0.983,0.0,0.0,0,0.541,0.592,0.626,0.602,-0.051,-0.765,0.767,0.579,medium,0.243,0.906,0.0,0.428,0.218,au4_frown,0.187,5,10,anxiety,0.545,neutral,1,0.16,0.173,0.239,0.286,0.214,0.376,0.217,0.492,1.0,-0.096,0.144,0.149,0.167,0.153,0.174,0.039,0.113,0.032,0.0,0.0,0.0,-0.006,0.04,1.0,-0.211,0.162,0.114,0.197,0.549,0.312,-0.006,0.04,1.0,0.248,0.227,0.337,-0.002,0.022,1.0,-0.006,0.07,1.0,-0.075,0.17,0.157,-0.015,0.127,0.081,-0.079,1.0,1.0,-0.023,0.007,0.013,0.0,0.0,0.0,0.0,0.0,0.0,0.0,0.0,0.0,0.031,0.015,0.049,0.044,0.019,0.032,0.024,0.01,0.032,0.062,0.026,0.046,0.058,0.18,0.511,-0.245,0.644,1.0,0.239,0.088,0.137
20260304_135106,1772603470.0698793,0.3,0.298,0.419,0.188,0.362,0.587,0.494,0.0,0.0,0.56,0.12,0.0,0.809,0.0,0.0,0.413,0.285,-0.991,0.983,0.0,0.0,0,0.541,0.592,0.626,0.602,-0.05,-0.761,0.762,0.619,high,0.244,1.0,0.0,0.427,0.235,au4_frown,0.188,3,12,anxiety,0.588,neutral,1,0.157,0.172,0.239,0.281,0.213,0.347,0.216,0.491,1.0,-0.094,0.144,0.111,0.165,0.152,0.152,0.038,0.112,0.031,0.0,0.0,0.0,-0.006,0.04,1.0,-0.209,0.162,0.187,0.191,0.545,0.329,-0.006,0.04,1.0,0.237,0.226,0.066,-0.002,0.022,1.0,-0.006,0.07,1.0,-0.074,0.169,0.131,-0.013,0.126,0.079,-0.077,1.0,1.0,-0.023,0.007,0.013,0.0,0.0,0.0,0.0,0.0,0.0,0.0,0.0,0.0,0.031,0.015,0.048,0.043,0.019,0.032,0.024,0.01,0.032,0.061,0.026,0.045,0.056,0.179,0.499,-0.24,0.642,1.0,0.234,0.087,0.123
20260304_135106,1772603470.096841,0.3,0.301,0.426,0.194,0.357,0.618,0.493,0.0,0.0,0.552,0.118,0.0,0.842,0.0,0.0,0.382,0.285,-0.991,0.985,0.0,0.0,0,0.541,0.592,0.625,0.602,-0.05,-0.766,0.768,0.621,high,0.252,1.0,0.0,0.426,0.235,au4_frown,0.194,2,13,anxiety,0.588,neutral,1,0.154,0.171,0.258,0.277,0.212,0.385,0.216,0.49,1.0,-0.093,0.143,0.135,0.165,0.151,0.263,0.037,0.111,0.028,0.0,0.0,0.0,-0.006,0.04,1.0,-0.207,0.162,0.212,0.186,0.541,0.276,-0.006,0.04,1.0,0.229,0.225,0.015,-0.002,0.021,1.0,-0.006,0.07,1.0,-0.077,0.169,0.27,-0.012,0.125,0.08,-0.075,1.0,1.0,-0.022,0.007,0.01,0.0,0.0,0.0,0.0,0.0,0.0,0.0,0.0,0.0,0.031,0.015,0.047,0.042,0.019,0.031,0.024,0.01,0.028,0.06,0.026,0.042,0.054,0.178,0.504,-0.235,0.641,1.0,0.23,0.087,0.137
20260304_135106,1772603470.121866,0.3,0.305,0.429,0.208,0.356,0.618,0.494,0.0,0.0,0.55,0.121,0.0,0.758,0.0,0.0,0.382,0.287,-0.989,0.981,0.0,0.0,0,0.541,0.591,0.626,0.603,-0.055,-0.767,0.769,0.581,medium,0.27,0.985,0.0,0.426,0.194,au4_frown,0.208,3,12,anxiety,0.486,neutral,1,0.152,0.17,0.281,0.273,0.212,0.393,0.216,0.491,1.0,-0.092,0.143,0.141,0.165,0.151,0.261,0.036,0.111,0.03,0.0,0.0,0.0,-0.006,0.04,1.0,-0.205,0.161,0.214,0.18,0.537,0.334,-0.006,0.04,1.0,0.214,0.224,0.188,-0.002,0.021,1.0,-0.006,0.069,1.0,-0.079,0.169,0.269,-0.01,0.125,0.091,-0.073,1.0,1.0,-0.022,0.007,0.016,0.0,0.0,0.0,0.0,0.0,0.0,0.0,0.0,0.0,0.031,0.015,0.047,0.041,0.019,0.029,0.024,0.01,0.031,0.059,0.026,0.046,0.051,0.177,0.55,-0.231,0.639,1.0,0.226,0.087,0.138
20260304_135106,1772603470.196049,0.3,0.307,0.433,0.189,0.368,0.604,0.494,0.0,0.0,0.565,0.119,0.0,0.861,0.0,0.0,0.396,0.285,-0.99,0.979,0.0,0.0,0,0.542,0.592,0.626,0.606,-0.05,-0.747,0.749,0.619,high,0.246,1.0,0.0,0.424,0.235,,,,,anxiety,0.588,neutral,1,0.15,0.17,0.297,0.27,0.211,0.412,0.215,0.49,1.0,-0.09,0.142,0.074,0.164,0.15,0.205,0.036,0.11,0.032,0.0,0.0,0.0,-0.006,0.039,1.0,-0.202,0.161,0.163,0.175,0.533,0.284,-0.006,0.039,1.0,0.208,0.222,0.061,-0.002,0.021,1.0,-0.006,0.069,1.0,-0.08,0.168,0.201,-0.009,0.124,0.075,-0.071,1.0,1.0,-0.022,0.007,0.021,0.0,0.0,0.0,0.0,0.0,0.0,0.0,0.0,0.0,0.031,0.016,0.048,0.041,0.019,0.031,0.024,0.01,0.032,0.058,0.026,0.055,0.049,0.176,0.504,-0.226,0.636,1.0,0.221,0.086,0.08
20260304_135106,1772603470.219745,0.3,0.313,0.441,0.189,0.364,0.581,0.493,0.0,0.0,0.568,0.118,0.0,0.978,0.0,0.0,0.419,0.283,-0.989,0.981,0.0,0.0,0,0.542,0.592,0.626,0.605,-0.048,-0.767,0.768,0.619,high,0.246,1.0,0.0,0.423,0.235,,,,,anxiety,0.588,neutral,1,0.148,0.169,0.332,0.267,0.211,0.451,0.214,0.488,1.0,-0.088,0.141,0.099,0.161,0.149,0.118,0.035,0.109,0.027,0.0,0.0,0.0,-0.006,0.039,1.0,-0.199,0.16,0.153,0.17,0.529,0.273,-0.006,0.039,1.0,0.213,0.221,0.341,-0.002,0.021,1.0,-0.005,0.068,1.0,-0.079,0.168,0.093,-0.008,0.123,0.06,-0.069,1.0,1.0,-0.022,0.007,0.016,0.0,0.0,0.0,0.0,0.0,0.0,0.0,0.0,0.0,0.031,0.016,0.049,0.04,0.019,0.031,0.024,0.01,0.031,0.057,0.026,0.052,0.048,0.175,0.484,-0.222,0.634,1.0,0.217,0.086,0.134
20260304_135106,1772603470.2560716,0.3,0.315,0.442,0.193,0.359,0.588,0.494,0.0,0.0,0.558,0.126,0.0,0.915,0.0,0.0,0.412,0.285,-0.989,0.981,0.0,0.0,0,0.542,0.593,0.626,0.606,-0.052,-0.76,0.762,0.62,high,0.251,1.0,0.0,0.423,0.235,au4_frown,0.193,3,12,anxiety,0.588,neutral,1,0.147,0.169,0.343,0.264,0.21,0.445,0.213,0.487,1.0,-0.087,0.141,0.121,0.159,0.149,0.144,0.034,0.109,0.031,0.0,0.0,0.0,-0.006,0.039,1.0,-0.197,0.16,0.183,0.166,0.525,0.422,-0.006,0.039,1.0,0.212,0.22,0.185,-0.002,0.021,1.0,-0.005,0.068,1.0,-0.079,0.167,0.127,-0.007,0.122,0.077,-0.067,1.0,1.0,-0.022,0.007,0.016,0.0,0.0,0.0,0.0,0.0,0.0,0.0,0.0,0.0,0.031,0.016,0.049,0.039,0.019,0.033,0.024,0.01,0.03,0.057,0.026,0.054,0.046,0.174,0.517,-0.217,0.632,1.0,0.213,0.086,0.114
20260304_135106,1772603470.2886283,0.3,0.312,0.437,0.193,0.368,0.61,0.494,0.0,0.0,0.593,0.125,0.0,0.964,0.0,0.0,0.39,0.281,-0.989,0.978,0.0,0.0,0,0.542,0.592,0.626,0.608,-0.048,-0.747,0.749,0.62,high,0.25,1.0,0.0,0.422,0.235,,,,,anxiety,0.588,neutral,1,0.145,0.169,0.32,0.261,0.21,0.413,0.212,0.486,1.0,-0.085,0.14,0.073,0.158,0.148,0.221,0.034,0.108,0.031,0.0,0.0,0.0,-0.006,0.039,1.0,-0.192,0.159,0.068,0.162,0.521,0.39,-0.006,0.039,1.0,0.214,0.219,0.3,-0.002,0.021,1.0,-0.005,0.068,1.0,-0.08,0.167,0.224,-0.006,0.122,0.047,-0.065,1.0,1.0,-0.022,0.007,0.022,0.0,0.0,0.0,0.0,0.0,0.0,0.0,0.0,0.0,0.031,0.016,0.046,0.039,0.019,0.031,0.024,0.01,0.031,0.056,0.026,0.06,0.044,0.173,0.482,-0.212,0.629,1.0,0.208,0.085,0.077
20260304_135106,1772603470.3247404,0.3,0.312,0.446,0.196,0.363,0.607,0.494,0.0,0.0,0.532,0.129,0.0,0.987,0.0,0.0,0.393,0.286,-0.989,0.979,0.0,0.0,0,0.543,0.592,0.626,0.606,-0.053,-0.764,0.766,0.621,high,0.255,1.0,0.0,0.421,0.235,au15_mouth_down,0.129,3,12,anxiety,0.588,neutral,1,0.143,0.168,0.316,0.259,0.209,0.457,0.211,0.485,1.0,-0.084,0.139,0.098,0.157,0.147,0.209,0.033,0.107,0.029,0.0,0.0,0.0,-0.006,0.039,1.0,-0.191,0.159,0.265,0.159,0.518,0.454,-0.006,0.039,1.0,0.218,0.218,0.351,-0.002,0.021,1.0,-0.005,0.067,1.0,-0.081,0.166,0.21,-0.005,0.121,0.081,-0.063,1.0,1.0,-0.022,0.007,0.021,0.0,0.0,0.0,0.0,0.0,0.0,0.0,0.0,0.0,0.03,0.016,0.049,0.038,0.019,0.029,0.024,0.01,0.031,0.055,0.026,0.054,0.043,0.172,0.534,-0.208,0.628,1.0,0.204,0.085,0.123
20260304_135106,1772603470.3686764,0.3,0.302,0.436,0.202,0.366,0.632,0.494,0.0,0.0,0.521,0.126,0.0,0.994,0.0,0.0,0.368,0.287,-0.989,0.978,0.0,0.0,0,0.542,0.591,0.626,0.608,-0.056,-0.753,0.755,0.588,medium,0.263,1.0,0.0,0.42,0.2,au4_frown,0.202,2,13,anxiety,0.501,neutral,1,0.141,0.168,0.235,0.256,0.209,0.397,0.21,0.484,1.0,-0.082,0.139,0.082,0.158,0.147,0.296,0.033,0.107,0.03,0.0,0.0,0.0,-0.006,0.038,1.0,-0.192,0.159,0.3,0.155,0.514,0.399,-0.006,0.038,1.0,0.222,0.217,0.364,-0.002,0.021,1.0,-0.005,0.067,1.0,-0.083,0.166,0.32,-0.004,0.12,0.085,-0.061,1.0,1.0,-0.022,0.007,0.023,0.0,0.0,0.0,0.0,0.0,0.0,0.0,0.0,0.0,0.03,0.016,0.048,0.037,0.018,0.027,0.024,0.01,0.03,0.055,0.026,0.058,0.041,0.171,0.556,-0.204,0.625,1.0,0.2,0.084,0.091
20260304_135106,1772603470.3944407,0.3,0.309,0.446,0.205,0.36,0.597,0.494,0.0,0.0,0.557,0.121,0.0,0.821,0.0,0.0,0.403,0.285,-0.989,0.98,0.0,0.0,0,0.543,0.591,0.626,0.606,-0.053,-0.771,0.773,0.589,medium,0.267,1.0,0.0,0.419,0.2,au4_frown,0.205,3,12,anxiety,0.501,neutral,1,0.139,0.167,0.287,0.253,0.208,0.447,0.209,0.484,1.0,-0.081,0.138,0.11,0.156,0.146,0.166,0.032,0.106,0.028,0.0,0.0,0.0,-0.005,0.038,1.0,-0.189,0.158,0.18,0.151,0.51,0.306,-0.005,0.038,1.0,0.214,0.216,0.052,-0.002,0.021,1.0,-0.005,0.066,1.0,-0.083,0.166,0.158,-0.003,0.12,0.069,-0.06,1.0,1.0,-0.022,0.007,0.018,0.0,0.0,0.0,0.0,0.0,0.0,0.0,0.0,0.0,0.03,0.016,0.05,0.037,0.018,0.027,0.023,0.01,0.03,0.054,0.026,0.051,0.039,0.17,0.529,-0.201,0.624,1.0,0.197,0.084,0.141
20260304_135106,1772603470.4249809,0.3,0.311,0.446,0.193,0.357,0.607,0.494,0.0,0.0,0.551,0.124,0.0,0.94,0.0,0.0,0.393,0.282,-0.99,0.978,0.0,0.0,0,0.543,0.591,0.627,0.607,-0.048,-0.767,0.769,0.588,medium,0.251,1.0,0.0,0.209,0.235,au15_mouth_down,0.124,5,10,anxiety,0.588,neutral,1,0.122,0.128,0.269,0.232,0.178,0.415,0.206,0.468,1.0,-0.111,0.088,0.149,0.119,0.1,0.174,-0.004,0.006,0.006,0.0,0.0,0.0,-0.006,0.038,1.0,-0.24,0.117,0.216,0.144,0.493,0.325,-0.006,0.038,1.0,0.158,0.186,0.206,-0.002,0.021,1.0,-0.005,0.066,1.0,-0.119,0.127,0.22,-0.023,0.055,0.026,0.014,0.039,1.0,-0.022,0.007,0.021,0.0,0.0,0.0,0.0,0.0,0.0,0.0,0.0,0.0,0.031,0.016,0.047,0.036,0.018,0.025,0.024,0.011,0.033,0.054,0.026,0.053,0.038,0.168,0.481,-0.193,0.606,1.0,0.189,0.082,0.122
20260304_135106,1772603470.4505086,0.3,0.312,0.45,0.204,0.358,0.618,0.494,0.0,0.0,0.571,0.123,0.0,0.798,0.0,0.0,0.382,0.278,-0.989,0.976,0.0,0.0,0,0.543,0.592,0.627,0.605,-0.048,-0.776,0.778,0.556,medium,0.265,1.0,0.0,0.205,0.2,au4_frown,0.204,3,12,anxiety,0.501,neutral,1,0.121,0.128,0.27,0.231,0.177,0.423,0.204,0.456,1.0,-0.107,0.086,0.138,0.125,0.101,0.212,-0.003,0.006,0.005,0.0,0.0,0.0,-0.006,0.038,1.0,-0.243,0.118,0.15,0.138,0.476,0.273,-0.006,0.038,1.0,0.09,0.152,0.151,-0.002,0.021,1.0,-0.005,0.066,1.0,-0.125,0.128,0.268,-0.021,0.054,0.0,0.014,0.039,1.0,-0.023,0.007,0.024,0.0,0.0,0.0,0.0,0.0,0.0,0.0,0.0,0.0,0.031,0.017,0.048,0.035,0.018,0.025,0.024,0.011,0.03,0.053,0.026,0.047,0.036,0.167,0.482,-0.186,0.587,1.0,0.182,0.079,0.14
20260304_135106,1772603470.4724982,0.3,0.311,0.451,0.21,0.358,0.629,0.494,0.0,0.0,0.567,0.125,0.0,0.75,0.0,0.0,0.371,0.279,-0.988,0.975,0.0,0.0,0,0.543,0.592,0.628,0.608,-0.048,-0.772,0.774,0.543,medium,0.273,0.974,0.0,0.2,0.192,au4_frown,0.21,4,11,anxiety,0.481,neutral,1,0.121,0.127,0.254,0.23,0.176,0.417,0.207,0.455,1.0,-0.104,0.084,0.133,0.129,0.101,0.249,-0.003,0.006,0.005,0.0,0.0,0.0,-0.006,0.038,1.0,-0.235,0.116,0.155,0.131,0.458,0.284,-0.006,0.038,1.0,0.085,0.153,0.26,-0.002,0.021,1.0,-0.005,0.066,1.0,-0.129,0.129,0.316,-0.018,0.052,0.01,0.014,0.04,1.0,-0.023,0.007,0.027,0.0,0.0,0.0,0.0,0.0,0.0,0.0,0.0,0.0,0.032,0.017,0.049,0.035,0.018,0.025,0.024,0.011,0.034,0.053,0.025,0.054,0.033,0.159,0.479,-0.179,0.571,1.0,0.176,0.077,0.123
20260304_135106,1772603470.5105228,0.3,0.308,0.448,0.227,0.355,0.619,0.493,0.0,0.0,0.538,0.128,0.0,0.761,0.0,0.0,0.381,0.279,-0.988,0.976,0.0,0.0,0,0.544,0.591,0.626,0.606,-0.05,-0.781,0.783,0.553,medium,0.295,0.989,0.0,0.197,0.194,au4_frown,0.227,4,11,anxiety,0.484,neutral,1,0.12,0.126,0.229,0.228,0.174,0.388,0.21,0.453,1.0,-0.102,0.083,0.142,0.133,0.102,0.211,-0.002,0.006,0.003,0.0,0.0,0.0,-0.006,0.038,1.0,-0.231,0.114,0.245,0.124,0.441,0.302,-0.006,0.038,1.0,0.058,0.149,0.237,-0.002,0.02,1.0,-0.006,0.066,1.0,-0.133,0.13,0.269,-0.016,0.051,0.012,0.014,0.04,1.0,-0.024,0.007,0.023,0.0,0.0,0.0,0.0,0.0,0.0,0.0,0.0,0.0,0.032,0.017,0.049,0.034,0.017,0.023,0.024,0.011,0.027,0.052,0.025,0.045,0.03,0.156,0.504,-0.175,0.561,1.0,0.171,0.075,0.143
20260304_135106,1772603470.5390782,0.3,0.312,0.45,0.224,0.347,0.633,0.492,0.0,0.0,0.51,0.131,0.0,0.735,0.0,0.0,0.367,0.28,-0.989,0.978,0.0,0.0,0,0.544,0.592,0.627,0.606,-0.05,-0.789,0.791,0.539,medium,0.292,0.956,0.0,0.193,0.189,au4_frown,0.224,3,12,anxiety,0.473,neutral,1,0.119,0.125,0.25,0.228,0.173,0.387,0.213,0.452,1.0,-0.099,0.082,0.178,0.136,0.102,0.255,-0.002,0.005,0.0,0.0,0.0,0.0,-0.007,0.038,1.0,-0.228,0.114,0.329,0.117,0.423,0.334,-0.007,0.038,1.0,0.022,0.143,0.302,-0.001,0.015,1.0,-0.006,0.066,1.0,-0.136,0.131,0.326,-0.014,0.05,0.018,0.015,0.04,1.0,-0.024,0.007,0.019,0.0,0.0,0.0,0.0,0.0,0.0,0.0,0.0,0.0,0.032,0.017,0.049,0.033,0.017,0.024,0.024,0.011,0.028,0.051,0.025,0.044,0.028,0.153,0.498,-0.171,0.551,1.0,0.168,0.074,0.16
20260304_135106,1772603470.5975354,0.3,0.314,0.454,0.223,0.345,0.608,0.493,0.0,0.0,0.552,0.135,0.0,0.717,0.0,0.0,0.392,0.284,-0.988,0.976,0.0,0.0,0,0.544,0.592,0.629,0.607,-0.05,-0.789,0.79,0.528,medium,0.289,0.932,0.0,0.19,0.186,au4_frown,0.223,4,11,anxiety,0.465,neutral,1,0.118,0.124,0.253,0.227,0.172,0.398,0.215,0.45,1.0,-0.097,0.08,0.187,0.138,0.102,0.163,-0.001,0.005,0.004,0.0,0.0,0.0,-0.006,0.038,1.0,-0.223,0.112,0.183,0.111,0.405,0.378,-0.006,0.038,1.0,0.005,0.144,0.344,-0.001,0.015,1.0,-0.006,0.066,1.0,-0.138,0.132,0.209,-0.012,0.049,0.049,0.015,0.041,1.0,-0.024,0.007,0.022,0.0,0.0,0.0,0.0,0.0,0.0,0.0,0.0,0.0,0.033,0.017,0.049,0.032,0.017,0.022,0.024,0.011,0.035,0.05,0.025,0.048,0.025,0.148,0.499,-0.166,0.539,1.0,0.163,0.072,0.153
20260304_135106,1772603470.6235497,0.3,0.309,0.447,0.217,0.352,0.606,0.492,0.0,0.0,0.527,0.136,0.0,0.869,0.0,0.0,0.394,0.282,-0.989,0.976,0.0,0.0,0,0.545,0.592,0.629,0.607,-0.051,-0.784,0.786,0.555,medium,0.282,1.0,0.0,0.186,0.198,au4_frown,0.217,5,10,anxiety,0.496,neutral,1,0.117,0.123,0.209,0.225,0.17,0.35,0.217,0.447,1.0,-0.094,0.078,0.143,0.14,0.103,0.155,-0.001,0.005,0.001,0.0,0.0,0.0,-0.006,0.038,1.0,-0.219,0.111,0.261,0.104,0.387,0.363,-0.006,0.038,1.0,-0.006,0.143,0.009,-0.001,0.015,1.0,-0.005,0.065,1.0,-0.14,0.132,0.199,-0.009,0.049,0.039,0.015,0.041,1.0,-0.024,0.007,0.022,0.0,0.0,0.0,0.0,0.0,0.0,0.0,0.0,0.0,0.033,0.017,0.05,0.031,0.017,0.023,0.024,0.011,0.033,0.05,0.024,0.046,0.022,0.144,0.51,-0.16,0.525,1.0,0.158,0.07,0.134
20260304_135106,1772603470.6462536,0.3,0.307,0.443,0.215,0.354,0.602,0.492,0.0,0.0,0.544,0.136,0.0,0.9,0.0,0.0,0.398,0.28,-0.989,0.978,0.0,0.0,0,0.545,0.592,0.628,0.606,-0.048,-0.78,0.782,0.554,medium,0.28,1.0,0.0,0.182,0.198,au4_frown,0.215,6,9,anxiety,0.496,neutral,1,0.116,0.122,0.19,0.223,0.169,0.317,0.218,0.442,1.0,-0.09,0.077,0.124,0.143,0.103,0.136,-0.001,0.005,0.001,0.0,0.0,0.0,-0.006,0.038,1.0,-0.211,0.109,0.196,0.097,0.369,0.324,-0.006,0.038,1.0,-0.011,0.142,0.076,-0.001,0.015,1.0,-0.005,0.065,1.0,-0.143,0.133,0.175,-0.007,0.048,0.024,0.015,0.041,1.0,-0.025,0.007,0.018,0.0,0.0,0.0,0.0,0.0,0.0,0.0,0.0,0.0,0.033,0.017,0.049,0.03,0.016,0.022,0.024,0.011,0.031,0.049,0.024,0.042,0.02,0.14,0.475,-0.154,0.511,1.0,0.152,0.068,0.118
20260304_135106,1772603470.6782708,0.3,0.307,0.445,0.229,0.355,0.617,0.493,0.0,0.0,0.543,0.137,0.0,0.839,0.0,0.0,0.383,0.285,-0.989,0.977,0.0,0.0,0,0.545,0.592,0.628,0.606,-0.055,-0.775,0.777,0.557,medium,0.298,1.0,0.0,0.177,0.197,au4_frown,0.229,4,11,anxiety,0.493,neutral,1,0.114,0.12,0.183,0.221,0.167,0.319,0.219,0.438,1.0,-0.087,0.075,0.114,0.146,0.103,0.187,-0.0,0.005,0.006,0.0,0.0,0.0,-0.006,0.037,1.0,-0.204,0.106,0.193,0.09,0.35,0.325,-0.006,0.037,1.0,-0.018,0.142,0.067,-0.001,0.015,1.0,-0.005,0.065,1.0,-0.146,0.134,0.242,-0.005,0.047,0.065,0.015,0.041,1.0,-0.025,0.007,0.02,0.0,0.0,0.0,0.0,0.0,0.0,0.0,0.0,0.0,0.033,0.017,0.048,0.029,0.016,0.021,0.025,0.011,0.03,0.048,0.024,0.04,0.017,0.135,0.546,-0.148,0.496,1.0,0.146,0.066,0.101
20260304_135106,1772603470.7068086,0.3,0.31,0.448,0.218,0.349,0.607,0.493,0.0,0.0,0.529,0.141,0.0,0.861,0.0,0.0,0.393,0.281,-0.988,0.977,0.0,0.0,0,0.545,0.592,0.629,0.607,-0.051,-0.784,0.785,0.552,medium,0.283,1.0,0.0,0.171,0.198,au15_mouth_down,0.141,6,9,anxiety,0.494,neutral,1,0.112,0.119,0.198,0.218,0.164,0.32,0.22,0.433,1.0,-0.084,0.073,0.14,0.148,0.103,0.15,0.0,0.005,0.005,0.0,0.0,0.0,-0.005,0.035,1.0,-0.198,0.104,0.231,0.083,0.331,0.353,-0.005,0.035,1.0,-0.033,0.139,0.02,-0.001,0.015,1.0,-0.004,0.064,1.0,-0.148,0.134,0.194,-0.002,0.046,0.038,0.015,0.042,1.0,-0.025,0.007,0.02,0.0,0.0,0.0,0.0,0.0,0.0,0.0,0.0,0.0,0.034,0.017,0.048,0.028,0.016,0.021,0.025,0.011,0.034,0.047,0.023,0.041,0.014,0.13,0.51,-0.141,0.479,1.0,0.14,0.063,0.117
20260304_135106,1772603470.736075,0.3,0.308,0.447,0.212,0.365,0.61,0.493,0.0,0.0,0.547,0.14,0.0,0.936,0.0,0.0,0.39,0.278,-0.988,0.976,0.0,0.0,0,0.545,0.593,0.629,0.609,-0.048,-0.766,0.768,0.551,medium,0.275,1.0,0.0,0.176,0.198,au15_mouth_down,0.14,6,9,anxiety,0.496,neutral,1,0.11,0.117,0.178,0.214,0.162,0.306,0.218,0.425,1.0,-0.079,0.07,0.05,0.15,0.104,0.159,0.001,0.005,0.005,0.0,0.0,0.0,-0.004,0.031,1.0,-0.193,0.102,0.166,0.076,0.312,0.306,-0.004,0.031,1.0,-0.094,0.089,0.128,-0.001,0.015,1.0,0.0,0.0,0.0,-0.15,0.135,0.206,-0.0,0.045,0.017,0.015,0.042,1.0,-0.025,0.007,0.021,0.0,0.0,0.0,0.0,0.0,0.0,0.0,0.0,0.0,0.034,0.017,0.049,0.027,0.015,0.021,0.025,0.011,0.032,0.046,0.023,0.045,0.012,0.126,0.481,-0.133,0.458,1.0,0.132,0.06,0.065
20260304_135106,1772603470.7561252,0.3,0.302,0.441,0.218,0.362,0.612,0.493,0.0,0.0,0.536,0.142,0.0,0.879,0.0,0.0,0.388,0.28,-0.988,0.974,0.0,0.0,0,0.546,0.593,0.629,0.607,-0.05,-0.78,0.782,0.551,medium,0.283,1.0,0.0,0.17,0.198,au15_mouth_down,0.142,7,8,anxiety,0.494,neutral,1,0.107,0.115,0.131,0.21,0.159,0.261,0.218,0.419,1.0,-0.075,0.068,0.064,0.152,0.104,0.164,0.001,0.005,0.003,0.0,0.0,0.0,-0.004,0.031,1.0,-0.186,0.099,0.195,0.069,0.293,0.316,-0.004,0.031,1.0,-0.104,0.088,0.006,-0.001,0.015,1.0,0.0,0.0,0.0,-0.152,0.135,0.213,0.001,0.044,0.032,0.015,0.042,1.0,-0.025,0.007,0.024,0.0,0.0,0.0,0.0,0.0,0.0,0.0,0.0,0.0,0.034,0.017,0.049,0.026,0.015,0.019,0.025,0.011,0.031,0.045,0.023,0.039,0.009,0.123,0.501,-0.127,0.44,1.0,0.125,0.058,0.098
20260304_135106,1772603470.791716,0.3,0.305,0.446,0.223,0.357,0.614,0.493,0.0,0.0,0.531,0.142,0.0,0.873,0.0,0.0,0.386,0.281,-0.988,0.975,0.0,0.0,0,0.546,0.593,0.629,0.607,-0.05,-0.784,0.785,0.555,medium,0.29,1.0,0.0,0.192,0.197,au15_mouth_down,0.142,5,10,anxiety,0.493,neutral,1,0.104,0.113,0.144,0.205,0.156,0.278,0.217,0.412,1.0,-0.071,0.065,0.085,0.155,0.104,0.167,0.002,0.004,0.003,0.0,0.0,0.0,-0.003,0.029,1.0,-0.182,0.098,0.205,0.062,0.275,0.29,-0.003,0.029,1.0,-0.108,0.087,0.02,0.0,0.0,0.0,0.0,0.0,0.0,-0.155,0.136,0.219,0.004,0.043,0.041,0.015,0.042,1.0,-0.026,0.008,0.023,0.0,0.0,0.0,0.0,0.0,0.0,0.0,0.0,0.0,0.034,0.017,0.049,0.025,0.014,0.018,0.025,0.011,0.032,0.044,0.022,0.037,0.007,0.119,0.498,-0.12,0.42,1.0,0.119,0.055,0.103
20260304_135106,1772603470.8192546,0.3,0.311,0.443,0.221,0.354,0.61,0.493,0.0,0.0,0.543,0.14,0.0,0.905,0.0,0.0,0.39,0.28,-0.988,0.977,0.0,0.0,0,0.546,0.593,0.63,0.607,-0.046,-0.78,0.782,0.554,medium,0.288,1.0,0.0,0.184,0.198,au15_mouth_down,0.14,5,10,anxiety,0.494,neutral,1,0.101,0.11,0.174,0.2,0.152,0.249,0.216,0.405,1.0,-0.068,0.063,0.094,0.157,0.104,0.149,0.002,0.004,0.003,0.0,0.0,0.0,-0.004,0.029,1.0,-0.175,0.096,0.158,0.055,0.254,0.229,-0.004,0.029,1.0,-0.112,0.087,0.051,0.0,0.0,0.0,0.0,0.0,0.0,-0.157,0.137,0.196,0.006,0.042,0.034,0.015,0.042,1.0,-0.026,0.008,0.017,0.0,0.0,0.0,0.0,0.0,0.0,0.0,0.0,0.0,0.034,0.017,0.048,0.024,0.014,0.017,0.025,0.011,0.032,0.042,0.022,0.034,0.004,0.115,0.463,-0.113,0.399,1.0,0.112,0.052,0.087
20260304_135106,1772603470.8540275,0.3,0.308,0.441,0.212,0.356,0.614,0.493,0.0,0.0,0.536,0.144,0.0,0.96,0.0,0.0,0.386,0.283,-0.988,0.976,0.0,0.0,0,0.546,0.593,0.629,0.608,-0.051,-0.772,0.774,0.55,medium,0.276,1.0,0.0,0.176,0.198,au15_mouth_down,0.144,4,11,anxiety,0.495,neutral,1,0.098,0.107,0.146,0.195,0.149,0.23,0.215,0.398,0.923,-0.064,0.06,0.08,0.158,0.104,0.161,0.003,0.004,0.006,0.0,0.0,0.0,-0.004,0.029,1.0,-0.169,0.093,0.177,0.048,0.235,0.262,-0.004,0.029,1.0,-0.104,0.087,0.174,0.0,0.0,0.0,0.0,0.0,0.0,-0.158,0.137,0.211,0.009,0.04,0.06,0.015,0.042,1.0,-0.026,0.008,0.02,0.0,0.0,0.0,0.0,0.0,0.0,0.0,0.0,0.0,0.034,0.018,0.045,0.023,0.014,0.016,0.025,0.011,0.031,0.041,0.021,0.036,0.002,0.11,0.506,-0.105,0.377,1.0,0.105,0.049,0.062
20260304_135106,1772603470.8851364,0.3,0.315,0.445,0.209,0.353,0.608,0.494,0.0,0.0,0.543,0.141,0.0,0.919,0.0,0.0,0.392,0.281,-0.987,0.976,0.0,0.0,0,0.546,0.592,0.631,0.608,-0.048,-0.776,0.777,0.548,medium,0.271,1.0,0.0,0.169,0.198,,,,,anxiety,0.496,neutral,1,0.095,0.104,0.192,0.189,0.145,0.241,0.213,0.391,0.841,-0.061,0.058,0.095,0.158,0.104,0.136,0.003,0.004,0.009,0.0,0.0,0.0,-0.004,0.029,1.0,-0.161,0.091,0.145,0.041,0.215,0.196,-0.004,0.029,1.0,-0.095,0.087,0.082,0.0,0.0,0.0,0.0,0.0,0.0,-0.158,0.137,0.179,0.011,0.039,0.048,0.015,0.042,1.0,-0.026,0.008,0.018,0.0,0.0,0.0,0.0,0.0,0.0,0.0,0.0,0.0,0.034,0.018,0.046,0.022,0.013,0.015,0.025,0.011,0.034,0.04,0.021,0.034,-0.0,0.107,0.478,-0.098,0.355,1.0,0.098,0.047,0.067
20260304_135106,1772603470.9113004,0.3,0.317,0.453,0.217,0.35,0.607,0.493,0.0,0.0,0.558,0.14,0.0,0.764,0.0,0.0,0.393,0.28,-0.987,0.975,0.0,0.0,0,0.546,0.592,0.63,0.608,-0.048,-0.782,0.784,0.543,medium,0.282,0.993,0.0,0.161,0.193,,,,,anxiety,0.483,neutral,1,0.092,0.102,0.198,0.185,0.142,0.272,0.212,0.385,0.924,-0.057,0.056,0.104,0.158,0.104,0.13,0.004,0.004,0.007,0.0,0.0,0.0,-0.004,0.029,1.0,-0.153,0.088,0.088,0.034,0.195,0.159,-0.004,0.029,1.0,-0.098,0.088,0.269,0.0,0.0,0.0,0.0,0.0,0.0,-0.158,0.138,0.173,0.014,0.038,0.042,0.015,0.042,1.0,-0.026,0.008,0.02,0.0,0.0,0.0,0.0,0.0,0.0,0.0,0.0,0.0,0.034,0.018,0.046,0.02,0.013,0.013,0.025,0.011,0.032,0.038,0.02,0.035,-0.003,0.102,0.48,-0.091,0.334,1.0,0.091,0.044,0.08
20260304_135106,1772603470.979336,0.3,0.315,0.455,0.227,0.336,0.64,0.493,0.0,0.0,0.538,0.136,0.0,0.856,0.0,0.0,0.36,0.283,-0.987,0.977,0.0,0.0,0,0.546,0.592,0.631,0.608,-0.051,-0.795,0.796,0.55,medium,0.295,1.0,0.0,0.153,0.197,,,,,anxiety,0.493,neutral,1,0.089,0.098,0.175,0.179,0.138,0.266,0.211,0.379,1.0,-0.055,0.054,0.174,0.161,0.104,0.242,0.004,0.004,0.005,0.0,0.0,0.0,-0.004,0.029,1.0,-0.145,0.084,0.151,0.027,0.176,0.078,-0.004,0.029,1.0,-0.094,0.087,0.054,0.0,0.0,0.0,0.0,0.0,0.0,-0.161,0.139,0.322,0.017,0.036,0.066,0.015,0.042,1.0,-0.026,0.008,0.015,0.0,0.0,0.0,0.0,0.0,0.0,0.0,0.0,0.0,0.034,0.017,0.045,0.019,0.012,0.012,0.025,0.011,0.032,0.037,0.02,0.032,-0.005,0.098,0.508,-0.086,0.312,1.0,0.086,0.041,0.108
20260304_135106,1772603471.0323646,0.3,0.311,0.453,0.232,0.343,0.604,0.494,0.0,0.0,0.546,0.136,0.0,0.92,0.0,0.0,0.396,0.284,-0.986,0.976,0.0,0.0,0,0.546,0.591,0.631,0.608,-0.049,-0.787,0.789,0.55,medium,0.301,1.0,0.0,0.146,0.197,,,,,anxiety,0.492,neutral,1,0.085,0.095,0.14,0.174,0.134,0.249,0.209,0.372,1.0,-0.053,0.052,0.133,0.161,0.104,0.113,0.005,0.004,0.009,0.0,0.0,0.0,-0.004,0.029,1.0,-0.136,0.08,0.114,0.021,0.159,0.069,-0.004,0.029,1.0,-0.083,0.086,0.094,0.0,0.0,0.0,0.0,0.0,0.0,-0.161,0.139,0.151,0.019,0.036,0.073,0.015,0.042,1.0,-0.026,0.008,0.017,0.0,0.0,0.0,0.0,0.0,0.0,0.0,0.0,0.0,0.034,0.017,0.044,0.018,0.012,0.009,0.025,0.011,0.034,0.036,0.019,0.031,-0.007,0.095,0.49,-0.08,0.291,1.0,0.08,0.038,0.084
20260304_135106,1772603471.0578604,0.3,0.309,0.453,0.233,0.354,0.63,0.494,0.0,0.0,0.512,0.139,0.0,0.951,0.0,0.0,0.37,0.29,-0.987,0.974,0.0,0.0,0,0.546,0.591,0.632,0.608,-0.06,-0.777,0.78,0.55,medium,0.303,1.0,0.0,0.141,0.196,au4_frown,0.233,3,12,anxiety,0.491,neutral,1,0.082,0.093,0.12,0.169,0.13,0.238,0.208,0.365,1.0,-0.05,0.05,0.068,0.163,0.104,0.201,0.005,0.004,0.008,0.0,0.0,0.0,-0.004,0.029,1.0,-0.131,0.077,0.227,0.016,0.148,0.101,-0.004,0.029,1.0,-0.073,0.087,0.165,0.0,0.0,0.0,0.0,0.0,0.0,-0.163,0.14,0.269,0.021,0.036,0.117,0.015,0.042,1.0,-0.026,0.008,0.022,0.0,0.0,0.0,0.0,0.0,0.0,0.0,0.0,0.0,0.034,0.017,0.042,0.017,0.011,0.007,0.025,0.011,0.034,0.035,0.019,0.03,-0.01,0.096,0.599,-0.074,0.274,1.0,0.075,0.036,0.055
20260304_135106,1772603471.090895,0.3,0.313,0.452,0.231,0.348,0.62,0.494,0.0,0.0,0.513,0.139,0.0,0.931,0.0,0.0,0.38,0.289,-0.986,0.976,0.0,0.0,0,0.546,0.591,0.632,0.607,-0.059,-0.785,0.787,0.549,medium,0.3,1.0,0.0,0.139,0.197,au4_frown,0.231,4,11,anxiety,0.492,neutral,1,0.08,0.091,0.142,0.165,0.128,0.225,0.207,0.359,0.96,-0.049,0.049,0.101,0.163,0.104,0.162,0.005,0.004,0.009,0.0,0.0,0.0,-0.004,0.029,1.0,-0.128,0.076,0.217,0.012,0.141,0.084,-0.004,0.029,1.0,-0.066,0.087,0.118,0.0,0.0,0.0,0.0,0.0,0.0,-0.163,0.14,0.218,0.022,0.036,0.107,0.015,0.042,1.0,-0.025,0.007,0.017,0.0,0.0,0.0,0.0,0.0,0.0,0.0,0.0,0.0,0.034,0.017,0.043,0.017,0.011,0.008,0.025,0.011,0.033,0.034,0.019,0.026,-0.011,0.097,0.587,-0.071,0.266,1.0,0.072,0.035,0.072
20260304_135106,1772603471.1194162,0.3,0.314,0.453,0.218,0.349,0.61,0.493,0.0,0.0,0.516,0.135,0.0,0.956,0.0,0.0,0.39,0.285,-0.988,0.976,0.0,0.0,0,0.547,0.591,0.631,0.605,-0.054,-0.792,0.794,0.546,medium,0.284,1.0,0.0,0.138,0.198,,,,,anxiety,0.496,neutral,1,0.078,0.089,0.143,0.161,0.126,0.219,0.204,0.351,0.759,-0.047,0.049,0.092,0.161,0.104,0.124,0.005,0.004,0.004,0.0,0.0,0.0,-0.005,0.029,1.0,-0.127,0.076,0.203,0.009,0.136,0.017,-0.005,0.029,1.0,-0.053,0.086,0.177,0.0,0.0,0.0,0.0,0.0,0.0,-0.161,0.14,0.168,0.024,0.036,0.082,0.015,0.042,1.0,-0.025,0.007,0.017,0.0,0.0,0.0,0.0,0.0,0.0,0.0,0.0,0.0,0.034,0.017,0.043,0.016,0.011,0.005,0.025,0.011,0.032,0.033,0.018,0.019,-0.013,0.097,0.542,-0.07,0.262,1.0,0.07,0.034,0.089
20260304_135106,1772603471.150794,0.3,0.313,0.456,0.22,0.346,0.609,0.494,0.0,0.0,0.536,0.136,0.0,0.868,0.0,0.0,0.391,0.286,-0.987,0.976,0.0,0.0,0,0.547,0.591,0.632,0.606,-0.053,-0.788,0.79,0.546,medium,0.285,1.0,0.0,0.137,0.198,,,,,anxiety,0.495,neutral,1,0.076,0.088,0.131,0.158,0.123,0.225,0.201,0.344,0.748,-0.047,0.048,0.104,0.158,0.103,0.116,0.005,0.004,0.008,0.0,0.0,0.0,-0.005,0.029,1.0,-0.123,0.074,0.128,0.007,0.133,0.025,-0.005,0.029,1.0,-0.049,0.086,0.023,0.0,0.0,0.0,0.0,0.0,0.0,-0.158,0.139,0.158,0.025,0.037,0.085,0.015,0.042,1.0,-0.025,0.007,0.016,0.0,0.0,0.0,0.0,0.0,0.0,0.0,0.0,0.0,0.033,0.017,0.042,0.015,0.011,0.006,0.025,0.011,0.031,0.032,0.018,0.019,-0.014,0.097,0.528,-0.068,0.259,1.0,0.069,0.034,0.075
20260304_135106,1772603471.1811564,0.3,0.319,0.467,0.24,0.343,0.617,0.493,0.0,0.0,0.53,0.141,0.0,0.838,0.0,0.0,0.383,0.285,-0.986,0.974,0.0,0.0,0,0.547,0.591,0.632,0.608,-0.053,-0.797,0.798,0.551,medium,0.311,1.0,0.0,0.136,0.196,au4_frown,0.24,4,11,anxiety,0.49,neutral,1,0.074,0.086,0.164,0.155,0.122,0.274,0.199,0.337,0.964,-0.046,0.048,0.12,0.155,0.101,0.137,0.005,0.004,0.007,0.0,0.0,0.0,-0.005,0.029,1.0,-0.121,0.073,0.143,0.005,0.131,0.093,-0.005,0.029,1.0,-0.048,0.086,0.089,0.0,0.0,0.0,0.0,0.0,0.0,-0.155,0.139,0.188,0.025,0.037,0.075,0.015,0.041,1.0,-0.025,0.007,0.02,0.0,0.0,0.0,0.0,0.0,0.0,0.0,0.0,0.0,0.033,0.017,0.042,0.015,0.011,0.006,0.024,0.011,0.033,0.031,0.018,0.027,-0.015,0.097,0.53,-0.067,0.257,1.0,0.068,0.033,0.095
20260304_135106,1772603471.218744,0.3,0.324,0.472,0.233,0.34,0.615,0.493,0.0,0.0,0.534,0.142,0.0,0.844,0.0,0.0,0.385,0.285,-0.986,0.974,0.0,0.0,0,0.548,0.592,0.633,0.607,-0.052,-0.806,0.808,0.549,medium,0.303,1.0,0.0,0.135,0.196,au4_frown,0.233,3,12,anxiety,0.491,neutral,1,0.072,0.084,0.191,0.152,0.119,0.285,0.197,0.331,0.852,-0.045,0.048,0.129,0.151,0.1,0.124,0.005,0.004,0.007,0.0,0.0,0.0,-0.005,0.028,1.0,-0.119,0.073,0.127,0.004,0.13,0.1,-0.005,0.028,1.0,-0.046,0.086,0.074,0.0,0.0,0.0,0.0,0.0,0.0,-0.151,0.138,0.17,0.026,0.037,0.078,0.015,0.041,1.0,-0.024,0.007,0.019,0.0,0.0,0.0,0.0,0.0,0.0,0.0,0.0,0.0,0.033,0.017,0.043,0.014,0.011,0.007,0.024,0.011,0.034,0.03,0.017,0.023,-0.016,0.098,0.521,-0.067,0.255,1.0,0.067,0.033,0.117
20260304_135106,1772603471.245868,0.3,0.313,0.46,0.243,0.346,0.613,0.494,0.0,0.0,0.547,0.138,0.0,0.888,0.0,0.0,0.387,0.287,-0.985,0.974,0.0,0.0,0,0.548,0.592,0.634,0.608,-0.056,-0.794,0.796,0.551,medium,0.315,1.0,0.0,0.134,0.196,au4_frown,0.243,2,13,anxiety,0.489,neutral,1,0.07,0.083,0.112,0.149,0.117,0.221,0.196,0.325,0.934,-0.044,0.047,0.095,0.147,0.099,0.115,0.006,0.004,0.008,0.0,0.0,0.0,-0.005,0.028,1.0,-0.114,0.072,0.079,0.003,0.129,0.047,-0.005,0.028,1.0,-0.042,0.086,0.028,0.0,0.0,0.0,0.0,0.0,0.0,-0.147,0.137,0.158,0.027,0.037,0.089,0.015,0.041,1.0,-0.024,0.007,0.019,0.0,0.0,0.0,0.0,0.0,0.0,0.0,0.0,0.0,0.032,0.017,0.042,0.013,0.01,0.007,0.024,0.011,0.036,0.029,0.017,0.025,-0.017,0.098,0.556,-0.065,0.251,1.0,0.066,0.033,0.083
20260304_135106,1772603471.2750788,0.3,0.319,0.468,0.249,0.335,0.613,0.494,0.0,0.0,0.536,0.143,0.0,0.885,0.0,0.0,0.387,0.288,-0.985,0.976,0.0,0.0,0,0.548,0.592,0.633,0.607,-0.056,-0.804,0.806,0.552,medium,0.324,1.0,0.0,0.134,0.195,au4_frown,0.249,3,12,anxiety,0.487,neutral,1,0.068,0.081,0.147,0.145,0.115,0.25,0.195,0.319,0.981,-0.044,0.047,0.15,0.142,0.097,0.108,0.006,0.004,0.008,0.0,0.0,0.0,-0.005,0.028,1.0,-0.11,0.07,0.112,0.002,0.127,0.108,-0.005,0.028,1.0,-0.038,0.086,0.022,0.0,0.0,0.0,0.0,0.0,0.0,-0.142,0.135,0.15,0.028,0.038,0.095,0.015,0.041,1.0,-0.024,0.007,0.015,0.0,0.0,0.0,0.0,0.0,0.0,0.0,0.0,0.0,0.032,0.016,0.042,0.013,0.01,0.006,0.024,0.01,0.034,0.028,0.017,0.021,-0.018,0.099,0.564,-0.065,0.25,1.0,0.065,0.033,0.107
20260304_135106,1772603471.2971349,0.3,0.313,0.455,0.252,0.348,0.628,0.494,0.0,0.0,0.528,0.142,0.0,0.913,0.0,0.0,0.372,0.291,-0.986,0.975,0.0,0.0,0,0.548,0.592,0.633,0.608,-0.057,-0.785,0.787,0.553,medium,0.327,1.0,0.0,0.133,0.195,au4_frown,0.252,4,11,anxiety,0.487,neutral,1,0.066,0.079,0.1,0.141,0.112,0.179,0.194,0.314,0.973,-0.043,0.046,0.077,0.138,0.096,0.153,0.006,0.004,0.01,0.0,0.0,0.0,-0.004,0.027,1.0,-0.106,0.069,0.137,0.001,0.127,0.087,-0.004,0.027,1.0,-0.03,0.085,0.088,0.0,0.0,0.0,0.0,0.0,0.0,-0.138,0.134,0.214,0.029,0.038,0.117,0.015,0.041,1.0,-0.023,0.007,0.017,0.0,0.0,0.0,0.0,0.0,0.0,0.0,0.0,0.0,0.031,0.016,0.041,0.012,0.01,0.005,0.024,0.01,0.032,0.027,0.016,0.02,-0.019,0.1,0.566,-0.063,0.248,1.0,0.064,0.032,0.055
20260304_135106,1772603471.322741,0.3,0.306,0.453,0.241,0.351,0.64,0.495,0.0,0.0,0.524,0.143,0.0,0.894,0.0,0.0,0.36,0.294,-0.985,0.973,0.0,0.0,0,0.547,0.591,0.634,0.607,-0.067,-0.777,0.78,0.548,medium,0.313,1.0,0.0,0.129,0.196,au4_frown,0.241,5,10,anxiety,0.489,neutral,1,0.063,0.077,0.047,0.136,0.109,0.161,0.192,0.308,0.814,-0.041,0.045,0.056,0.135,0.094,0.191,0.006,0.004,0.014,0.0,0.0,0.0,-0.003,0.023,1.0,-0.104,0.068,0.146,0.001,0.126,0.1,-0.003,0.023,1.0,-0.031,0.085,0.042,0.0,0.0,0.0,0.0,0.0,0.0,-0.135,0.133,0.268,0.03,0.039,0.135,0.015,0.041,1.0,-0.023,0.007,0.02,0.0,0.0,0.0,0.0,0.0,0.0,0.0,0.0,0.0,0.031,0.016,0.035,0.011,0.01,0.004,0.024,0.01,0.033,0.026,0.016,0.018,-0.022,0.102,0.673,-0.06,0.241,1.0,0.061,0.031,0.035
20260304_135106,1772603471.3904593,0.3,0.305,0.453,0.238,0.341,0.633,0.494,0.0,0.0,0.542,0.135,0.0,0.943,0.0,0.0,0.367,0.293,-0.986,0.973,0.0,0.0,0,0.546,0.591,0.633,0.605,-0.073,-0.797,0.801,0.546,medium,0.309,1.0,0.0,0.125,0.196,au7_eye_squeeze,0.633,2,13,anxiety,0.491,neutral,1,0.059,0.075,0.041,0.131,0.106,0.151,0.189,0.302,0.749,-0.039,0.044,0.109,0.131,0.093,0.161,0.006,0.004,0.008,0.0,0.0,0.0,-0.002,0.016,1.0,-0.1,0.067,0.079,-0.0,0.126,0.015,-0.002,0.016,1.0,-0.025,0.086,0.156,0.0,0.0,0.0,0.0,0.0,0.0,-0.131,0.132,0.228,0.031,0.039,0.129,0.015,0.04,1.0,-0.023,0.007,0.018,0.0,0.0,0.0,0.0,0.0,0.0,0.0,0.0,0.0,0.03,0.016,0.03,0.011,0.01,0.002,0.023,0.01,0.031,0.025,0.016,0.011,-0.024,0.107,0.733,-0.059,0.237,1.0,0.06,0.031,0.086
20260304_135106,1772603471.4210556,0.3,0.306,0.453,0.244,0.342,0.638,0.494,0.0,0.0,0.531,0.138,0.0,0.886,0.0,0.0,0.362,0.289,-0.987,0.973,0.0,0.0,0,0.546,0.591,0.633,0.606,-0.07,-0.796,0.799,0.546,medium,0.317,1.0,0.0,0.121,0.196,au4_frown,0.244,4,11,anxiety,0.489,neutral,1,0.057,0.074,0.044,0.125,0.102,0.142,0.186,0.293,0.786,-0.038,0.043,0.1,0.127,0.091,0.171,0.006,0.004,0.006,0.0,0.0,0.0,-0.001,0.012,1.0,-0.097,0.066,0.112,-0.0,0.126,0.024,-0.001,0.012,1.0,-0.023,0.086,0.024,0.0,0.0,0.0,0.0,0.0,0.0,-0.127,0.13,0.244,0.032,0.04,0.1,0.014,0.04,1.0,-0.023,0.007,0.018,0.0,0.0,0.0,0.0,0.0,0.0,0.0,0.0,0.0,0.029,0.015,0.028,0.01,0.01,0.001,0.023,0.01,0.029,0.024,0.015,0.012,-0.026,0.11,0.702,-0.056,0.23,1.0,0.058,0.03,0.079
20260304_135106,1772603471.465298,0.3,0.307,0.451,0.247,0.346,0.648,0.494,0.0,0.0,0.509,0.142,0.0,0.931,0.0,0.0,0.352,0.292,-0.986,0.972,0.0,0.0,0,0.545,0.591,0.633,0.606,-0.074,-0.791,0.795,0.545,medium,0.321,1.0,0.0,0.118,0.195,au4_frown,0.247,3,12,anxiety,0.488,neutral,1,0.053,0.071,0.046,0.12,0.099,0.128,0.184,0.287,0.787,-0.036,0.042,0.074,0.125,0.09,0.197,0.006,0.004,0.009,0.0,0.0,0.0,-0.001,0.008,1.0,-0.096,0.065,0.186,-0.0,0.126,0.078,-0.001,0.008,1.0,-0.013,0.085,0.127,0.0,0.0,0.0,0.0,0.0,0.0,-0.125,0.129,0.283,0.034,0.04,0.119,0.014,0.039,1.0,-0.022,0.007,0.019,0.0,0.0,0.0,0.0,0.0,0.0,0.0,0.0,0.0,0.029,0.015,0.025,0.009,0.009,0.001,0.023,0.01,0.029,0.023,0.015,0.011,-0.029,0.114,0.74,-0.054,0.223,1.0,0.055,0.029,0.065
20260304_135106,1772603471.494166,0.3,0.315,0.463,0.235,0.344,0.65,0.494,0.0,0.0,0.513,0.142,0.0,0.927,0.0,0.0,0.35,0.289,-0.986,0.971,0.0,0.0,0,0.545,0.591,0.632,0.609,-0.076,-0.789,0.793,0.54,medium,0.306,1.0,0.0,0.114,0.196,au7_eye_squeeze,0.65,6,9,anxiety,0.49,neutral,1,0.051,0.069,0.091,0.115,0.096,0.175,0.18,0.279,0.628,-0.034,0.04,0.084,0.121,0.088,0.198,0.006,0.004,0.006,0.0,0.0,0.0,-0.0,0.004,1.0,-0.094,0.065,0.167,-0.0,0.126,0.08,-0.0,0.004,1.0,-0.007,0.086,0.117,0.0,0.0,0.0,0.0,0.0,0.0,-0.121,0.128,0.287,0.034,0.04,0.095,0.014,0.039,1.0,-0.022,0.007,0.021,0.0,0.0,0.0,0.0,0.0,0.0,0.0,0.0,0.0,0.028,0.015,0.023,0.009,0.009,0.0,0.022,0.01,0.025,0.022,0.015,0.022,-0.031,0.118,0.76,-0.051,0.216,1.0,0.053,0.028,0.057
20260304_135106,1772603471.5300193,0.3,0.318,0.468,0.233,0.343,0.651,0.494,0.0,0.0,0.51,0.142,0.0,0.933,0.0,0.0,0.349,0.289,-0.985,0.97,0.0,0.0,0,0.545,0.59,0.633,0.61,-0.075,-0.792,0.796,0.539,medium,0.303,1.0,0.0,0.111,0.196,au7_eye_squeeze,0.651,5,10,anxiety,0.491,neutral,1,0.048,0.066,0.107,0.11,0.092,0.191,0.176,0.271,0.576,-0.032,0.039,0.087,0.117,0.086,0.194,0.006,0.004,0.006,0.0,0.0,0.0,-0.0,0.001,1.0,-0.092,0.064,0.175,-0.001,0.125,0.085,-0.0,0.001,1.0,0.003,0.085,0.131,0.0,0.0,0.0,0.0,0.0,0.0,-0.117,0.126,0.284,0.035,0.041,0.092,0.014,0.038,1.0,-0.022,0.007,0.023,0.0,0.0,0.0,0.0,0.0,0.0,0.0,0.0,0.0,0.027,0.014,0.023,0.008,0.009,0.001,0.022,0.01,0.026,0.021,0.014,0.022,-0.034,0.122,0.753,-0.049,0.209,1.0,0.05,0.027,0.064
20260304_135106,1772603471.5547676,0.3,0.31,0.456,0.218,0.338,0.633,0.494,0.0,0.0,0.503,0.146,0.0,0.972,0.0,0.0,0.367,0.286,-0.986,0.972,0.0,0.0,0,0.545,0.59,0.633,0.607,-0.07,-0.793,0.796,0.546,medium,0.283,1.0,0.0,0.184,0.197,,,,,anxiety,0.493,neutral,1,0.044,0.063,0.049,0.104,0.088,0.129,0.171,0.263,0.387,-0.031,0.037,0.109,0.112,0.084,0.128,0.006,0.004,0.008,0.0,0.0,0.0,0.0,0.0,0.0,-0.091,0.064,0.195,-0.001,0.125,0.127,0.0,0.0,0.0,0.013,0.086,0.221,0.0,0.0,0.0,0.0,0.0,0.0,-0.112,0.124,0.188,0.036,0.041,0.07,0.014,0.038,1.0,-0.021,0.007,0.017,0.0,0.0,0.0,0.0,0.0,0.0,0.0,0.0,0.0,0.026,0.014,0.021,0.007,0.009,0.002,0.022,0.009,0.026,0.019,0.014,0.013,-0.036,0.125,0.699,-0.047,0.205,1.0,0.049,0.027,0.061
20260304_135106,1772603471.5962944,0.3,0.305,0.452,0.219,0.347,0.639,0.494,0.0,0.0,0.527,0.14,0.0,0.944,0.0,0.0,0.361,0.286,-0.986,0.973,0.0,0.0,0,0.545,0.59,0.633,0.607,-0.068,-0.78,0.783,0.546,medium,0.284,1.0,0.0,0.181,0.198,au7_eye_squeeze,0.639,5,10,anxiety,0.494,neutral,1,0.04,0.06,0.009,0.097,0.084,0.103,0.165,0.253,0.374,-0.029,0.036,0.058,0.108,0.082,0.144,0.006,0.004,0.009,0.0,0.0,0.0,0.0,0.0,0.0,-0.086,0.062,0.104,-0.002,0.124,0.049,0.0,0.0,0.0,0.022,0.086,0.156,0.0,0.0,0.0,0.0,0.0,0.0,-0.108,0.122,0.212,0.036,0.041,0.066,0.013,0.037,1.0,-0.021,0.006,0.016,0.0,0.0,0.0,0.0,0.0,0.0,0.0,0.0,0.0,0.025,0.013,0.02,0.006,0.009,0.002,0.021,0.009,0.024,0.018,0.013,0.01,-0.037,0.127,0.684,-0.044,0.198,1.0,0.046,0.026,0.027
20260304_135106,1772603471.619985,0.3,0.304,0.449,0.208,0.353,0.647,0.494,0.0,0.0,0.531,0.14,0.0,0.928,0.0,0.0,0.353,0.282,-0.987,0.973,0.0,0.0,0,0.544,0.591,0.632,0.606,-0.066,-0.78,0.783,0.543,medium,0.271,1.0,0.0,0.177,0.199,au7_eye_squeeze,0.647,4,11,anxiety,0.497,neutral,1,0.036,0.057,0.0,0.09,0.079,0.078,0.159,0.244,0.244,-0.026,0.035,0.019,0.103,0.08,0.164,0.006,0.004,0.006,0.0,0.0,0.0,0.0,0.0,0.0,-0.082,0.06,0.087,-0.003,0.123,0.044,0.0,0.0,0.0,0.029,0.086,0.119,0.0,0.0,0.0,0.0,0.0,0.0,-0.103,0.12,0.244,0.036,0.041,0.038,0.013,0.036,1.0,-0.021,0.006,0.014,0.0,0.0,0.0,0.0,0.0,0.0,0.0,0.0,0.0,0.024,0.013,0.017,0.005,0.008,0.002,0.021,0.009,0.022,0.017,0.013,0.007,-0.039,0.128,0.662,-0.04,0.19,1.0,0.043,0.025,0.023
20260304_135106,1772603471.650826,0.3,0.295,0.445,0.211,0.349,0.637,0.494,0.0,0.0,0.519,0.14,0.0,0.929,0.0,0.0,0.363,0.283,-0.987,0.975,0.0,0.0,0,0.544,0.59,0.632,0.603,-0.07,-0.79,0.793,0.543,medium,0.274,1.0,0.0,0.174,0.198,,,,,anxiety,0.496,neutral,1,0.031,0.053,0.062,0.083,0.073,0.057,0.153,0.235,0.254,-0.024,0.033,0.039,0.097,0.077,0.122,0.006,0.004,0.005,0.0,0.0,0.0,0.0,0.0,0.0,-0.077,0.058,0.123,-0.004,0.122,0.035,0.0,0.0,0.0,0.039,0.086,0.121,0.0,0.0,0.0,0.0,0.0,0.0,-0.097,0.116,0.184,0.036,0.041,0.047,0.012,0.035,1.0,-0.02,0.006,0.011,0.0,0.0,0.0,0.0,0.0,0.0,0.0,0.0,0.0,0.023,0.012,0.014,0.004,0.008,0.004,0.02,0.009,0.02,0.015,0.012,0.002,-0.041,0.131,0.698,-0.038,0.182,1.0,0.04,0.024,0.049
20260304_135106,1772603471.6870146,0.3,0.299,0.443,0.225,0.35,0.641,0.492,0.0,0.0,0.521,0.14,0.0,0.925,0.0,0.0,0.359,0.281,-0.987,0.973,0.0,0.0,0,0.544,0.59,0.63,0.603,-0.068,-0.796,0.799,0.546,medium,0.292,1.0,0.0,0.17,0.197,,,,,anxiety,0.493,neutral,1,0.027,0.05,0.04,0.075,0.068,0.037,0.147,0.224,0.379,-0.021,0.031,0.033,0.091,0.075,0.129,0.006,0.004,0.0,0.0,0.0,0.0,0.0,0.0,0.0,-0.072,0.054,0.112,-0.006,0.12,0.025,0.0,0.0,0.0,0.048,0.086,0.113,0.0,0.0,0.0,0.0,0.0,0.0,-0.091,0.113,0.194,0.035,0.041,0.028,0.012,0.034,1.0,-0.02,0.006,0.013,0.0,0.0,0.0,0.0,0.0,0.0,0.0,0.0,0.0,0.022,0.012,0.014,0.003,0.007,0.004,0.02,0.009,0.015,0.013,0.011,0.005,-0.042,0.133,0.683,-0.035,0.174,1.0,0.038,0.023,0.061
20260304_135106,1772603471.71255,0.3,0.303,0.447,0.208,0.344,0.637,0.492,0.0,0.0,0.521,0.141,0.0,0.947,0.0,0.0,0.363,0.279,-0.989,0.974,0.0,0.0,0,0.544,0.59,0.63,0.606,-0.064,-0.792,0.794,0.541,medium,0.27,1.0,0.0,0.166,0.199,,,,,anxiety,0.497,neutral,1,0.023,0.047,0.015,0.068,0.063,0.053,0.14,0.213,0.184,-0.02,0.029,0.063,0.085,0.072,0.112,0.006,0.004,0.0,0.0,0.0,0.0,0.0,0.0,0.0,-0.066,0.05,0.108,-0.008,0.117,0.032,0.0,0.0,0.0,0.055,0.086,0.163,0.0,0.0,0.0,0.0,0.0,0.0,-0.085,0.109,0.17,0.035,0.04,0.014,0.012,0.033,1.0,-0.019,0.006,0.012,0.0,0.0,0.0,0.0,0.0,0.0,0.0,0.0,0.0,0.021,0.011,0.011,0.002,0.007,0.006,0.019,0.008,0.014,0.012,0.011,0.005,-0.043,0.134,0.636,-0.032,0.165,1.0,0.035,0.022,0.047
20260304_135106,1772603471.7516055,0.3,0.306,0.447,0.206,0.353,0.638,0.493,0.0,0.0,0.529,0.14,0.0,0.932,0.0,0.0,0.362,0.279,-0.989,0.972,0.0,0.0,0,0.544,0.589,0.631,0.607,-0.059,-0.779,0.781,0.54,medium,0.268,1.0,0.0,0.161,0.199,,,,,anxiety,0.497,neutral,1,0.019,0.043,0.001,0.061,0.058,0.047,0.133,0.203,0.15,-0.017,0.027,0.01,0.079,0.069,0.107,0.006,0.004,0.003,0.0,0.0,0.0,0.0,0.0,0.0,-0.059,0.045,0.073,-0.011,0.114,0.019,0.0,0.0,0.0,0.064,0.086,0.128,0.0,0.0,0.0,0.0,0.0,0.0,-0.079,0.106,0.164,0.035,0.04,0.011,0.011,0.032,1.0,-0.018,0.006,0.014,0.0,0.0,0.0,0.0,0.0,0.0,0.0,0.0,0.0,0.02,0.011,0.011,0.0,0.006,0.009,0.018,0.008,0.015,0.01,0.01,0.008,-0.044,0.134,0.589,-0.029,0.156,1.0,0.031,0.02,0.012
20260304_135106,1772603471.7800622,0.3,0.301,0.442,0.209,0.358,0.623,0.493,0.0,0.0,0.54,0.139,0.0,0.856,0.0,0.0,0.377,0.28,-0.99,0.972,0.0,0.0,0,0.543,0.589,0.632,0.608,-0.057,-0.767,0.77,0.54,medium,0.272,1.0,0.0,0.157,0.199,,,,,anxiety,0.497,neutral,1,0.015,0.04,0.041,0.054,0.051,0.018,0.125,0.192,0.163,-0.014,0.025,0.024,0.073,0.067,0.052,0.006,0.004,0.004,0.0,0.0,0.0,0.0,0.0,0.0,-0.052,0.042,0.025,-0.013,0.11,0.008,0.0,0.0,0.0,0.066,0.086,0.046,0.0,0.0,0.0,0.0,0.0,0.0,-0.073,0.103,0.081,0.034,0.04,0.022,0.01,0.03,1.0,-0.018,0.006,0.014,0.0,0.0,0.0,0.0,0.0,0.0,0.0,0.0,0.0,0.018,0.01,0.008,-0.001,0.006,0.012,0.018,0.008,0.018,0.008,0.009,0.01,-0.044,0.135,0.574,-0.025,0.149,1.0,0.027,0.019,0.02
20260304_135106,1772603471.8171117,0.3,0.305,0.447,0.201,0.356,0.62,0.493,0.0,0.0,0.523,0.142,0.0,0.885,0.0,0.0,0.38,0.274,-0.991,0.971,0.0,0.0,0,0.545,0.588,0.634,0.606,-0.046,-0.781,0.782,0.538,medium,0.262,1.0,0.0,0.155,0.199,,,,,anxiety,0.498,neutral,1,0.012,0.037,0.012,0.047,0.046,0.035,0.119,0.184,0.068,-0.013,0.024,0.008,0.065,0.063,0.037,0.005,0.004,0.003,0.0,0.0,0.0,0.0,0.0,0.0,-0.049,0.04,0.085,-0.015,0.108,0.037,0.0,0.0,0.0,0.071,0.086,0.023,0.0,0.0,0.0,0.0,0.0,0.0,-0.065,0.099,0.058,0.033,0.04,0.021,0.01,0.029,1.0,-0.017,0.005,0.016,0.0,0.0,0.0,0.0,0.0,0.0,0.0,0.0,0.0,0.018,0.01,0.014,-0.002,0.006,0.015,0.017,0.008,0.023,0.007,0.008,0.003,-0.044,0.134,0.457,-0.024,0.147,1.0,0.026,0.019,0.011
20260304_135106,1772603471.85774,0.3,0.301,0.444,0.198,0.36,0.634,0.494,0.0,0.0,0.54,0.139,0.0,0.965,0.0,0.0,0.366,0.275,-0.99,0.97,0.0,0.0,0,0.545,0.587,0.634,0.609,-0.052,-0.764,0.765,0.738,high,0.258,1.0,0.0,0.155,0.4,,,,,anxiety,1.0,neutral,1,0.008,0.033,0.045,0.041,0.041,0.014,0.112,0.175,0.027,-0.012,0.024,0.033,0.059,0.061,0.08,0.005,0.004,0.005,0.0,0.0,0.0,0.0,0.0,0.0,-0.045,0.038,0.019,-0.017,0.107,0.007,0.0,0.0,0.0,0.079,0.086,0.207,0.0,0.0,0.0,0.0,0.0,0.0,-0.059,0.095,0.124,0.031,0.039,0.02,0.009,0.028,1.0,-0.016,0.005,0.018,0.0,0.0,0.0,0.0,0.0,0.0,0.0,0.0,0.0,0.017,0.009,0.013,-0.003,0.005,0.016,0.017,0.007,0.023,0.006,0.007,0.012,-0.044,0.134,0.519,-0.023,0.148,1.0,0.025,0.019,0.032
20260304_135106,1772603471.8932638,0.3,0.3,0.443,0.214,0.342,0.654,0.494,0.0,0.0,0.52,0.142,0.0,0.944,0.0,0.0,0.346,0.279,-0.99,0.972,0.0,0.0,0,0.546,0.586,0.634,0.607,-0.061,-0.784,0.787,0.646,high,0.279,1.0,0.0,0.154,0.303,,,,,anxiety,0.757,neutral,1,0.004,0.031,0.049,0.036,0.038,0.008,0.106,0.167,0.18,-0.013,0.025,0.069,0.056,0.059,0.141,0.005,0.003,0.004,0.0,0.0,0.0,0.0,0.0,0.0,-0.044,0.038,0.091,-0.018,0.106,0.027,0.0,0.0,0.0,0.087,0.086,0.156,0.0,0.0,0.0,0.0,0.0,0.0,-0.056,0.093,0.221,0.03,0.038,0.005,0.008,0.026,1.0,-0.016,0.005,0.013,0.0,0.0,0.0,0.0,0.0,0.0,0.0,0.0,0.0,0.016,0.009,0.014,-0.004,0.005,0.02,0.017,0.007,0.023,0.004,0.006,0.003,-0.044,0.135,0.609,-0.024,0.148,1.0,0.027,0.019,0.024
20260304_135106,1772603471.9269726,0.3,0.3,0.443,0.207,0.35,0.654,0.494,0.0,0.0,0.534,0.139,0.0,0.933,0.0,0.0,0.346,0.28,-0.989,0.973,0.0,0.0,0,0.546,0.587,0.635,0.609,-0.058,-0.77,0.772,0.646,high,0.269,1.0,0.0,0.154,0.305,au7_eye_squeeze,0.654,2,13,anxiety,0.763,neutral,1,0.001,0.028,0.054,0.031,0.034,0.003,0.1,0.158,0.088,-0.013,0.025,0.022,0.052,0.057,0.136,0.005,0.003,0.005,0.0,0.0,0.0,0.0,0.0,0.0,-0.043,0.038,0.039,-0.018,0.106,0.018,0.0,0.0,0.0,0.09,0.087,0.13,0.0,0.0,0.0,0.0,0.0,0.0,-0.052,0.091,0.216,0.029,0.037,0.011,0.008,0.025,1.0,-0.015,0.005,0.011,0.0,0.0,0.0,0.0,0.0,0.0,0.0,0.0,0.0,0.015,0.008,0.016,-0.005,0.005,0.019,0.016,0.007,0.026,0.003,0.006,0.008,-0.044,0.135,0.578,-0.024,0.148,1.0,0.026,0.019,0.014
20260304_135106,1772603471.9563165,0.3,0.292,0.429,0.2,0.357,0.638,0.493,0.0,0.0,0.544,0.134,0.0,0.924,0.0,0.0,0.362,0.273,-0.99,0.973,0.0,0.0,0,0.548,0.585,0.636,0.605,-0.046,-0.761,0.762,0.646,high,0.26,1.0,0.0,0.153,0.308,,,,,anxiety,0.769,neutral,1,-0.003,0.026,0.109,0.026,0.032,0.061,0.093,0.148,0.01,-0.012,0.024,0.017,0.048,0.056,0.078,0.004,0.003,0.003,0.0,0.0,0.0,0.0,0.0,0.0,-0.041,0.037,0.001,-0.019,0.106,0.081,0.0,0.0,0.0,0.096,0.087,0.107,0.0,0.0,0.0,0.0,0.0,0.0,-0.048,0.088,0.124,0.027,0.037,0.037,0.007,0.024,1.0,-0.014,0.004,0.01,0.0,0.0,0.0,0.0,0.0,0.0,0.0,0.0,0.0,0.014,0.008,0.021,-0.006,0.005,0.023,0.016,0.007,0.029,0.002,0.005,0.003,-0.043,0.134,0.461,-0.022,0.148,1.0,0.025,0.019,0.039
20260304_135106,1772603471.9821913,0.3,0.289,0.422,0.178,0.367,0.636,0.494,0.0,0.0,0.551,0.136,0.0,0.943,0.0,0.0,0.364,0.265,-0.99,0.97,0.0,0.0,0,0.549,0.585,0.638,0.605,-0.034,-0.752,0.752,0.731,high,0.232,1.0,0.0,0.154,0.4,,,,,anxiety,1.0,neutral,1,-0.006,0.025,0.131,0.021,0.029,0.097,0.085,0.14,0.219,-0.01,0.025,0.074,0.042,0.053,0.069,0.004,0.003,0.005,0.0,0.0,0.0,0.0,0.0,0.0,-0.04,0.037,0.026,-0.019,0.106,0.049,0.0,0.0,0.0,0.096,0.087,0.148,0.0,0.0,0.0,0.0,0.0,0.0,-0.042,0.084,0.111,0.024,0.036,0.093,0.007,0.022,1.0,-0.014,0.004,0.016,0.0,0.0,0.0,0.0,0.0,0.0,0.0,0.0,0.0,0.014,0.008,0.026,-0.007,0.005,0.025,0.016,0.007,0.034,0.001,0.004,0.004,-0.04,0.134,0.335,-0.02,0.151,1.0,0.022,0.02,0.065
20260304_135106,1772603472.012722,0.3,0.294,0.43,0.191,0.372,0.621,0.494,0.0,0.0,0.541,0.134,0.0,0.939,0.0,0.0,0.379,0.267,-0.988,0.969,0.0,0.0,0,0.552,0.584,0.641,0.607,-0.034,-0.744,0.745,0.735,high,0.249,1.0,0.0,0.154,0.4,,,,,anxiety,1.0,neutral,1,-0.009,0.024,0.098,0.016,0.027,0.061,0.078,0.133,0.095,-0.009,0.025,0.1,0.037,0.051,0.014,0.004,0.003,0.006,0.0,0.0,0.0,0.0,0.0,0.0,-0.038,0.037,0.012,-0.019,0.106,0.08,0.0,0.0,0.0,0.095,0.086,0.135,0.0,0.0,0.0,0.0,0.0,0.0,-0.037,0.082,0.023,0.022,0.035,0.086,0.006,0.021,1.0,-0.014,0.004,0.018,0.0,0.0,0.0,0.0,0.0,0.0,0.0,0.0,0.0,0.014,0.008,0.034,-0.008,0.005,0.027,0.017,0.007,0.043,-0.0,0.004,0.001,-0.038,0.133,0.341,-0.018,0.154,1.0,0.021,0.02,0.083
20260304_135106,1772603472.0496442,0.3,0.313,0.459,0.199,0.366,0.602,0.495,0.0,0.0,0.563,0.135,0.0,0.943,0.0,0.0,0.398,0.258,-0.987,0.962,0.0,0.0,0,0.556,0.582,0.643,0.607,-0.019,-0.753,0.753,0.738,high,0.259,1.0,0.0,0.154,0.4,,,,,anxiety,1.0,neutral,1,-0.01,0.023,0.027,0.016,0.027,0.072,0.073,0.128,0.022,-0.009,0.025,0.069,0.031,0.05,0.048,0.004,0.003,0.008,0.0,0.0,0.0,0.0,0.0,0.0,-0.036,0.037,0.071,-0.017,0.105,0.061,0.0,0.0,0.0,0.091,0.085,0.139,0.0,0.0,0.0,0.0,0.0,0.0,-0.031,0.08,0.077,0.018,0.035,0.152,0.006,0.021,1.0,-0.014,0.004,0.031,0.0,0.0,0.0,0.0,0.0,0.0,0.0,0.0,0.0,0.014,0.008,0.048,-0.01,0.005,0.034,0.017,0.008,0.049,-0.001,0.003,0.0,-0.034,0.135,0.192,-0.019,0.153,1.0,0.021,0.02,0.06
20260304_135106,1772603472.08089,0.3,0.324,0.475,0.214,0.372,0.624,0.497,0.0,0.0,0.594,0.131,0.0,0.861,0.0,0.0,0.376,0.252,-0.983,0.955,0.0,0.0,0,0.56,0.58,0.645,0.613,-0.007,-0.726,0.726,0.649,high,0.278,1.0,0.0,0.16,0.305,,,,,anxiety,0.763,neutral,1,-0.009,0.024,0.099,0.018,0.028,0.142,0.07,0.125,0.117,-0.008,0.025,0.099,0.026,0.048,0.019,0.004,0.003,0.015,0.0,0.0,0.0,0.0,0.0,0.0,-0.032,0.038,0.186,-0.016,0.103,0.115,0.0,0.0,0.0,0.084,0.085,0.05,0.0,0.0,0.0,0.0,0.0,0.0,-0.026,0.078,0.031,0.014,0.034,0.196,0.006,0.021,1.0,-0.016,0.005,0.045,0.0,0.0,0.0,0.0,0.0,0.0,0.0,0.0,0.0,0.014,0.008,0.063,-0.011,0.006,0.041,0.018,0.008,0.053,-0.001,0.004,0.019,-0.03,0.141,0.066,-0.017,0.158,1.0,0.019,0.021,0.128
20260304_135106,1772603472.109112,0.3,0.347,0.515,0.241,0.384,0.609,0.497,0.0,0.0,0.571,0.131,0.0,0.869,0.0,0.0,0.391,0.245,-0.977,0.942,0.0,0.0,0,0.564,0.578,0.648,0.617,-0.005,-0.726,0.726,0.653,high,0.313,1.0,0.0,0.167,0.3,,,,,anxiety,0.749,neutral,1,-0.006,0.027,0.246,0.024,0.032,0.321,0.069,0.123,0.375,-0.007,0.026,0.164,0.021,0.047,0.031,0.004,0.003,0.015,0.0,0.0,0.0,0.0,0.0,0.0,-0.03,0.038,0.099,-0.014,0.1,0.104,0.0,0.0,0.0,0.084,0.085,0.03,0.0,0.0,0.0,0.0,0.0,0.0,-0.021,0.077,0.051,0.009,0.035,0.241,0.007,0.024,1.0,-0.018,0.006,0.071,0.0,0.0,0.0,0.0,0.0,0.0,0.0,0.0,0.0,0.015,0.009,0.076,-0.012,0.006,0.048,0.019,0.009,0.062,0.0,0.004,0.032,-0.026,0.147,0.05,-0.016,0.164,1.0,0.017,0.022,0.126
20260304_135106,1772603472.1362567,0.3,0.378,0.584,0.25,0.363,0.631,0.498,0.0,0.0,0.58,0.125,0.0,0.898,0.0,0.0,0.369,0.234,-0.968,0.93,0.0,0.0,0,0.569,0.573,0.656,0.623,0.006,-0.746,0.747,0.657,high,0.325,1.0,0.0,0.177,0.299,au4_frown,0.25,2,13,anxiety,0.748,neutral,1,-0.001,0.036,0.444,0.035,0.046,0.626,0.068,0.122,0.454,-0.008,0.026,0.043,0.021,0.047,0.04,0.004,0.003,0.018,0.0,0.0,0.0,0.0,0.0,0.0,-0.027,0.039,0.13,-0.012,0.096,0.193,0.0,0.0,0.0,0.088,0.085,0.035,0.0,0.0,0.0,0.0,0.0,0.0,-0.021,0.077,0.064,0.004,0.037,0.321,0.008,0.033,1.0,-0.021,0.008,0.096,0.0,0.0,0.0,0.0,0.0,0.0,0.0,0.0,0.0,0.016,0.01,0.092,-0.013,0.007,0.064,0.02,0.01,0.087,0.001,0.005,0.051,-0.02,0.156,0.06,-0.015,0.165,1.0,0.017,0.022,0.072
20260304_135106,1772603472.1902537,0.3,0.414,0.654,0.306,0.38,0.575,0.499,0.0,0.033,0.572,0.068,0.033,0.807,0.0,0.0,0.425,0.233,-0.945,0.908,0.0,0.0,0,0.578,0.564,0.657,0.621,-0.005,-0.77,0.77,0.603,high,0.398,1.0,0.0,0.134,0.225,au4_frown,0.306,3,12,anxiety,0.563,neutral,1,0.008,0.049,0.671,0.052,0.067,0.934,0.071,0.127,0.984,-0.007,0.026,0.137,0.026,0.044,0.136,0.004,0.003,0.024,0.0,0.0,0.0,0.002,0.035,0.331,-0.025,0.039,0.101,-0.014,0.106,1.0,0.002,0.035,0.331,0.082,0.085,0.172,0.0,0.0,0.0,0.0,0.0,0.0,-0.026,0.072,0.22,-0.002,0.04,0.326,0.011,0.056,1.0,-0.026,0.011,0.139,0.0,0.0,0.0,0.0,0.0,0.0,0.0,0.0,0.0,0.018,0.012,0.126,-0.015,0.009,0.093,0.022,0.011,0.089,0.002,0.005,0.047,-0.014,0.157,0.054,-0.015,0.164,1.0,0.016,0.022,0.011
20260304_135106,1772603472.2158782,0.3,0.402,0.646,0.257,0.424,0.585,0.5,0.0,0.044,0.545,0.044,0.044,0.0,0.0,0.0,0.415,0.238,-0.941,0.899,0.0,0.0,0,0.58,0.557,0.657,0.617,-0.019,-0.723,0.723,0.182,low,0.334,0.0,0.0,0.156,0.062,au4_frown,0.257,4,11,startled_anxiety,0.845,neutral,1,0.016,0.058,0.585,0.067,0.081,0.881,0.07,0.124,0.48,-0.003,0.033,0.382,0.031,0.041,0.101,0.004,0.003,0.027,0.0,0.0,0.0,0.006,0.058,1.0,-0.025,0.039,0.002,-0.018,0.125,1.0,0.006,0.058,1.0,0.019,0.137,1.0,0.0,0.0,0.0,0.0,0.0,0.0,-0.031,0.066,0.162,-0.006,0.042,0.287,0.014,0.075,1.0,-0.031,0.014,0.156,0.0,0.0,0.0,0.0,0.0,0.0,0.0,0.0,0.0,0.02,0.013,0.13,-0.016,0.01,0.116,0.024,0.011,0.086,0.003,0.006,0.034,-0.01,0.157,0.186,-0.009,0.171,1.0,0.01,0.023,0.132
20260304_135106,1772603472.2445068,0.3,0.414,0.662,0.33,0.407,0.675,0.5,0.0,0.067,0.517,0.005,0.067,0.984,0.0,0.0,0.325,0.253,-0.938,0.902,0.0,0.0,0,0.583,0.559,0.656,0.615,-0.025,-0.713,0.713,0.586,medium,0.429,1.0,0.0,0.182,0.182,au4_frown,0.33,5,10,anxiety,0.454,neutral,1,0.024,0.067,0.653,0.082,0.094,0.939,0.075,0.135,1.0,0.001,0.036,0.285,0.043,0.039,0.198,0.005,0.004,0.027,0.0,0.0,0.0,0.01,0.09,1.0,-0.027,0.04,0.103,-0.024,0.159,1.0,0.01,0.09,1.0,0.032,0.137,0.26,0.0,0.0,0.0,0.0,0.0,0.0,-0.043,0.063,0.315,-0.008,0.043,0.177,0.018,0.091,1.0,-0.036,0.016,0.148,0.0,0.0,0.0,0.0,0.0,0.0,0.0,0.0,0.0,0.022,0.015,0.139,-0.018,0.012,0.107,0.025,0.012,0.082,0.004,0.006,0.027,-0.006,0.156,0.249,-0.003,0.179,1.0,0.004,0.024,0.157
20260304_135106,1772603472.3107233,0.3,0.389,0.607,0.308,0.433,0.833,0.5,0.0,0.074,0.496,0.0,0.074,0.892,0.0,0.0,0.167,0.261,-0.952,0.907,0.0,0.0,0,0.582,0.56,0.655,0.613,-0.017,-0.643,0.643,0.609,high,0.4,1.0,0.0,0.375,0.176,au4_frown,0.308,6,9,anxiety,0.441,neutral,1,0.03,0.071,0.487,0.093,0.1,0.681,0.078,0.14,0.929,0.007,0.042,0.423,0.065,0.052,0.713,0.005,0.004,0.027,0.0,0.0,0.0,0.016,0.118,1.0,-0.032,0.041,0.18,-0.03,0.19,1.0,0.016,0.118,1.0,0.041,0.137,0.049,0.0,0.0,0.0,0.0,0.0,0.0,-0.065,0.083,1.0,-0.01,0.043,0.12,0.02,0.098,1.0,-0.04,0.017,0.136,0.073,1.0,1.0,0.002,0.035,0.333,0.0,0.0,0.0,0.025,0.017,0.134,-0.019,0.013,0.101,0.026,0.013,0.079,0.005,0.006,0.017,-0.002,0.158,0.174,0.009,0.223,1.0,-0.008,0.029,0.337
20260304_135106,1772603472.344338,0.3,0.377,0.583,0.299,0.436,0.87,0.5,0.0,0.066,0.501,0.0,0.066,0.88,0.0,0.0,0.13,0.275,-0.953,0.909,0.0,0.0,0,0.581,0.558,0.653,0.607,-0.027,-0.62,0.621,0.594,medium,0.389,1.0,0.0,0.403,0.156,au4_frown,0.299,7,8,anxiety,0.389,neutral,1,0.035,0.074,0.405,0.102,0.104,0.563,0.081,0.143,0.829,0.013,0.048,0.438,0.087,0.067,0.825,0.005,0.004,0.026,0.0,0.0,0.0,0.02,0.135,1.0,-0.035,0.042,0.16,-0.037,0.218,1.0,0.02,0.135,1.0,0.032,0.136,0.018,0.0,0.0,0.0,0.0,0.0,0.0,-0.087,0.108,1.0,-0.012,0.043,0.023,0.022,0.103,1.0,-0.045,0.018,0.131,0.145,1.0,1.0,0.007,0.078,1.0,0.0,0.0,0.0,0.026,0.018,0.128,-0.021,0.014,0.107,0.027,0.013,0.069,0.005,0.006,0.0,0.001,0.157,0.273,0.02,0.273,1.0,-0.02,0.036,0.393
20260304_135106,1772603472.3718724,0.3,0.369,0.568,0.298,0.455,0.873,0.499,0.014,0.047,0.51,0.0,0.047,0.917,0.0,0.0,0.127,0.282,-0.952,0.91,0.0,0.0,0,0.581,0.558,0.653,0.608,-0.03,-0.573,0.574,0.592,medium,0.388,1.0,0.0,0.382,0.156,au4_frown,0.298,5,10,anxiety,0.389,neutral,1,0.039,0.076,0.349,0.109,0.107,0.489,0.084,0.147,0.799,0.02,0.055,0.534,0.106,0.079,0.822,0.005,0.004,0.023,0.001,0.014,0.136,0.023,0.143,1.0,-0.038,0.042,0.126,-0.044,0.243,1.0,0.023,0.143,1.0,0.03,0.135,0.099,0.0,0.0,0.0,0.0,0.0,0.0,-0.106,0.13,1.0,-0.013,0.042,0.031,0.024,0.109,1.0,-0.048,0.02,0.127,0.215,1.0,1.0,0.014,0.13,1.0,0.0,0.0,0.0,0.028,0.019,0.126,-0.023,0.015,0.105,0.028,0.014,0.069,0.006,0.006,0.001,0.003,0.157,0.299,0.035,0.341,1.0,-0.035,0.045,0.511
20260304_135106,1772603472.4060156,0.3,0.362,0.551,0.28,0.446,0.861,0.5,0.023,0.007,0.581,0.0,0.007,0.916,0.0,0.0,0.139,0.28,-0.955,0.915,0.0,0.0,0,0.577,0.554,0.65,0.603,-0.028,-0.593,0.593,0.59,medium,0.364,1.0,0.0,0.405,0.156,au4_frown,0.28,6,9,anxiety,0.39,neutral,1,0.043,0.078,0.3,0.115,0.109,0.408,0.087,0.149,0.612,0.026,0.061,0.479,0.121,0.088,0.769,0.006,0.004,0.023,0.003,0.028,1.0,0.023,0.143,1.0,-0.036,0.043,0.137,-0.051,0.267,1.0,0.023,0.143,1.0,0.022,0.134,0.092,0.0,0.0,0.0,0.0,0.0,0.0,-0.121,0.147,1.0,-0.013,0.042,0.015,0.026,0.114,1.0,-0.052,0.021,0.116,0.283,1.0,1.0,0.024,0.189,1.0,0.0,0.0,0.0,0.03,0.02,0.111,-0.025,0.016,0.117,0.029,0.014,0.06,0.005,0.006,0.015,0.006,0.158,0.279,0.047,0.387,1.0,-0.047,0.051,0.456
20260304_135106,1772603472.4394357,0.3,0.348,0.54,0.318,0.455,0.792,0.499,0.032,0.0,0.606,0.0,0.0,0.957,0.0,0.0,0.208,0.293,-0.955,0.92,0.0,0.0,0,0.575,0.553,0.648,0.6,-0.043,-0.59,0.592,0.625,high,0.414,1.0,0.0,0.417,0.177,au4_frown,0.318,2,13,anxiety,0.443,neutral,1,0.045,0.078,0.208,0.119,0.11,0.352,0.093,0.156,0.955,0.033,0.066,0.521,0.131,0.092,0.534,0.006,0.004,0.022,0.005,0.043,1.0,0.022,0.143,1.0,-0.032,0.044,0.226,-0.057,0.289,1.0,0.022,0.143,1.0,0.029,0.134,0.185,0.0,0.0,0.0,0.0,0.0,0.0,-0.131,0.155,0.889,-0.012,0.043,0.105,0.028,0.118,1.0,-0.055,0.021,0.103,0.35,1.0,1.0,0.023,0.189,1.0,0.0,0.0,0.0,0.031,0.02,0.1,-0.027,0.017,0.119,0.029,0.014,0.051,0.005,0.006,0.025,0.007,0.158,0.434,0.06,0.428,1.0,-0.06,0.056,0.456
20260304_135106,1772603472.4759815,0.3,0.343,0.522,0.331,0.456,0.687,0.499,0.034,0.009,0.601,0.0,0.009,0.96,0.0,0.0,0.313,0.298,-0.958,0.926,0.0,0.0,0,0.572,0.553,0.646,0.596,-0.045,-0.6,0.602,0.635,high,0.43,1.0,0.0,0.425,0.181,au4_frown,0.331,2,13,anxiety,0.453,neutral,1,0.046,0.079,0.17,0.122,0.11,0.268,0.099,0.164,1.0,0.04,0.071,0.517,0.132,0.092,0.19,0.006,0.004,0.021,0.007,0.055,1.0,0.023,0.143,1.0,-0.029,0.045,0.204,-0.064,0.311,1.0,0.023,0.143,1.0,0.034,0.134,0.189,0.0,0.0,0.0,0.0,0.0,0.0,-0.132,0.156,0.32,-0.011,0.043,0.143,0.029,0.121,1.0,-0.057,0.022,0.089,0.415,1.0,1.0,0.023,0.189,1.0,0.0,0.0,0.0,0.032,0.021,0.09,-0.029,0.018,0.12,0.03,0.014,0.045,0.004,0.006,0.036,0.008,0.157,0.445,0.071,0.461,1.0,-0.071,0.061,0.426
20260304_135106,1772603472.5063837,0.3,0.34,0.503,0.32,0.459,0.639,0.499,0.044,0.0,0.595,0.0,0.0,0.9,0.0,0.0,0.361,0.303,-0.961,0.93,0.0,0.0,0,0.57,0.552,0.646,0.596,-0.037,-0.59,0.591,0.635,high,0.416,1.0,0.0,0.435,0.184,,,,,anxiety,0.459,neutral,1,0.047,0.079,0.151,0.123,0.11,0.182,0.104,0.169,0.93,0.046,0.076,0.529,0.13,0.092,0.035,0.006,0.004,0.021,0.01,0.071,1.0,0.022,0.143,1.0,-0.024,0.046,0.182,-0.071,0.332,1.0,0.022,0.143,1.0,0.031,0.134,0.05,0.0,0.0,0.0,0.0,0.0,0.0,-0.13,0.155,0.059,-0.01,0.044,0.174,0.03,0.123,1.0,-0.059,0.022,0.08,0.478,1.0,1.0,0.022,0.189,1.0,0.0,0.0,0.0,0.033,0.021,0.08,-0.03,0.019,0.12,0.03,0.014,0.043,0.004,0.006,0.037,0.009,0.157,0.374,0.082,0.494,1.0,-0.082,0.065,0.449
20260304_135106,1772603472.5539718,0.3,0.327,0.489,0.317,0.465,0.653,0.499,0.05,0.0,0.595,0.0,0.0,0.836,0.0,0.0,0.347,0.312,-0.964,0.932,0.0,0.0,0,0.567,0.551,0.644,0.594,-0.05,-0.584,0.586,0.635,high,0.413,1.0,0.0,0.444,0.183,,,,,anxiety,0.458,neutral,1,0.047,0.079,0.062,0.122,0.11,0.116,0.108,0.173,0.885,0.053,0.081,0.554,0.128,0.091,0.077,0.006,0.005,0.019,0.014,0.087,1.0,0.021,0.143,1.0,-0.019,0.047,0.178,-0.078,0.352,1.0,0.021,0.143,1.0,0.025,0.134,0.099,0.0,0.0,0.0,0.0,0.0,0.0,-0.128,0.155,0.13,-0.008,0.045,0.236,0.031,0.124,1.0,-0.06,0.022,0.074,0.54,1.0,1.0,0.022,0.189,1.0,0.0,0.0,0.0,0.034,0.021,0.066,-0.033,0.02,0.123,0.03,0.014,0.036,0.003,0.007,0.042,0.011,0.156,0.496,0.094,0.527,1.0,-0.094,0.07,0.459
20260304_135106,1772603472.581558,0.3,0.325,0.481,0.291,0.474,0.647,0.499,0.059,0.003,0.558,0.0,0.003,0.788,0.0,0.0,0.353,0.312,-0.966,0.934,0.0,0.0,0,0.565,0.554,0.641,0.594,-0.047,-0.569,0.571,0.68,high,0.378,1.0,0.0,0.455,0.235,,,,,anxiety,0.588,neutral,1,0.048,0.079,0.048,0.121,0.11,0.08,0.11,0.174,0.626,0.061,0.087,0.594,0.126,0.091,0.053,0.006,0.005,0.02,0.018,0.106,1.0,0.021,0.143,0.681,-0.017,0.047,0.041,-0.085,0.371,1.0,0.021,0.143,0.681,0.015,0.134,0.208,0.0,0.0,0.0,0.0,0.0,0.0,-0.126,0.155,0.09,-0.006,0.047,0.234,0.032,0.126,1.0,-0.062,0.023,0.07,0.6,1.0,1.0,0.021,0.189,1.0,0.0,0.0,0.0,0.034,0.021,0.057,-0.034,0.021,0.112,0.03,0.014,0.027,0.002,0.007,0.041,0.012,0.155,0.471,0.107,0.562,1.0,-0.107,0.075,0.495
20260304_135106,1772603472.6076097,0.3,0.32,0.469,0.317,0.454,0.66,0.5,0.03,0.0,0.597,0.0,0.0,0.927,0.0,0.0,0.34,0.309,-0.969,0.942,0.0,0.0,0,0.56,0.555,0.637,0.592,-0.051,-0.606,0.609,0.637,high,0.412,1.0,0.0,0.459,0.183,,,,,anxiety,0.457,neutral,1,0.047,0.079,0.02,0.119,0.109,0.027,0.114,0.177,0.847,0.066,0.09,0.478,0.127,0.091,0.094,0.006,0.005,0.022,0.02,0.11,1.0,0.02,0.143,1.0,-0.013,0.048,0.187,-0.091,0.39,1.0,0.02,0.143,1.0,0.01,0.133,0.107,0.0,0.0,0.0,0.0,0.0,0.0,-0.127,0.155,0.16,-0.005,0.048,0.209,0.032,0.126,1.0,-0.062,0.023,0.051,0.659,1.0,1.0,0.021,0.189,1.0,0.0,0.0,0.0,0.034,0.021,0.038,-0.036,0.022,0.105,0.03,0.014,0.014,0.001,0.008,0.047,0.012,0.154,0.514,0.117,0.583,1.0,-0.117,0.078,0.39
20260304_135106,1772603472.6336346,0.3,0.325,0.474,0.283,0.462,0.628,0.5,0.041,0.0,0.564,0.0,0.0,0.81,0.0,0.0,0.372,0.304,-0.97,0.94,0.0,0.0,0,0.558,0.555,0.635,0.592,-0.04,-0.59,0.591,0.679,high,0.368,1.0,0.0,0.465,0.235,,,,,anxiety,0.588,neutral,1,0.047,0.079,0.048,0.118,0.109,0.045,0.115,0.177,0.523,0.072,0.094,0.51,0.124,0.091,0.009,0.006,0.005,0.022,0.022,0.116,1.0,0.02,0.143,1.0,-0.011,0.048,0.061,-0.098,0.409,1.0,0.02,0.143,1.0,0.009,0.134,0.159,0.0,0.0,0.0,0.0,0.0,0.0,-0.124,0.155,0.015,-0.004,0.048,0.171,0.033,0.127,1.0,-0.063,0.023,0.055,0.715,1.0,1.0,0.02,0.189,1.0,0.0,0.0,0.0,0.034,0.021,0.031,-0.037,0.022,0.103,0.029,0.014,0.007,-0.0,0.008,0.046,0.014,0.154,0.4,0.127,0.607,1.0,-0.127,0.081,0.433
20260304_135106,1772603472.6762307,0.3,0.321,0.47,0.311,0.444,0.638,0.5,0.02,0.0,0.603,0.0,0.0,0.65,0.0,0.0,0.362,0.311,-0.971,0.944,0.0,0.0,0,0.555,0.556,0.633,0.592,-0.053,-0.617,0.619,0.58,medium,0.405,0.845,0.0,0.468,0.166,,,,,anxiety,0.414,neutral,1,0.047,0.079,0.02,0.116,0.109,0.025,0.118,0.179,0.761,0.077,0.096,0.409,0.121,0.09,0.022,0.007,0.005,0.022,0.023,0.118,1.0,0.019,0.143,1.0,-0.006,0.049,0.205,-0.104,0.427,1.0,0.019,0.143,1.0,-0.01,0.137,0.52,0.0,0.0,0.0,0.0,0.0,0.0,-0.121,0.155,0.037,-0.002,0.05,0.214,0.033,0.127,1.0,-0.064,0.023,0.047,0.77,1.0,1.0,0.019,0.189,1.0,0.0,0.0,0.0,0.034,0.021,0.019,-0.039,0.023,0.098,0.028,0.014,0.001,-0.001,0.008,0.046,0.014,0.154,0.527,0.135,0.623,1.0,-0.135,0.083,0.354
20260304_135106,1772603472.7047646,0.3,0.32,0.463,0.288,0.458,0.628,0.5,0.03,0.0,0.615,0.0,0.0,0.448,0.0,0.0,0.372,0.315,-0.973,0.946,0.0,0.0,0,0.553,0.557,0.631,0.592,-0.052,-0.594,0.596,0.512,medium,0.375,0.582,0.0,0.473,0.17,,,,,startled_anxiety,0.576,neutral,1,0.047,0.079,0.014,0.114,0.109,0.005,0.119,0.179,0.539,0.083,0.099,0.478,0.116,0.09,0.014,0.007,0.005,0.021,0.025,0.121,1.0,0.019,0.143,1.0,-0.0,0.05,0.246,-0.111,0.445,1.0,0.019,0.143,1.0,-0.039,0.147,0.977,0.0,0.0,0.0,0.0,0.0,0.0,-0.116,0.154,0.023,-0.0,0.051,0.238,0.033,0.127,1.0,-0.064,0.023,0.041,0.824,1.0,1.0,0.019,0.189,1.0,0.0,0.0,0.0,0.033,0.021,0.012,-0.04,0.023,0.095,0.027,0.014,0.007,-0.002,0.009,0.048,0.015,0.154,0.515,0.145,0.643,1.0,-0.145,0.086,0.412
20260304_135106,1772603472.736134,0.3,0.314,0.449,0.284,0.453,0.636,0.5,0.032,0.0,0.599,0.0,0.0,0.846,0.0,0.0,0.364,0.311,-0.973,0.948,0.0,0.0,0,0.551,0.558,0.631,0.591,-0.047,-0.594,0.596,0.681,high,0.369,1.0,0.0,0.476,0.235,,,,,anxiety,0.588,neutral,1,0.047,0.079,0.023,0.111,0.108,0.069,0.119,0.178,0.484,0.088,0.101,0.44,0.113,0.089,0.011,0.007,0.005,0.021,0.026,0.124,1.0,0.018,0.143,1.0,0.002,0.051,0.184,-0.117,0.463,1.0,0.018,0.143,1.0,-0.036,0.147,0.056,0.0,0.0,0.0,0.0,0.0,0.0,-0.113,0.154,0.018,0.001,0.052,0.206,0.033,0.127,1.0,-0.064,0.023,0.036,0.876,1.0,1.0,0.018,0.189,1.0,0.0,0.0,0.0,0.032,0.021,0.004,-0.042,0.024,0.091,0.026,0.014,0.008,-0.003,0.009,0.048,0.016,0.153,0.465,0.154,0.662,1.0,-0.154,0.089,0.407
20260304_135106,1772603472.7630825,0.3,0.311,0.449,0.262,0.455,0.646,0.5,0.03,0.0,0.615,0.0,0.0,0.892,0.0,0.0,0.354,0.308,-0.974,0.949,0.0,0.0,0,0.549,0.557,0.63,0.592,-0.046,-0.592,0.594,0.675,high,0.341,1.0,0.0,0.48,0.235,,,,,anxiety,0.588,neutral,1,0.046,0.079,0.042,0.107,0.108,0.067,0.118,0.176,0.284,0.093,0.103,0.443,0.11,0.089,0.041,0.007,0.005,0.021,0.028,0.127,1.0,0.018,0.143,1.0,0.006,0.053,0.239,-0.124,0.481,1.0,0.018,0.143,1.0,-0.028,0.147,0.053,0.0,0.0,0.0,0.0,0.0,0.0,-0.11,0.154,0.071,0.003,0.053,0.186,0.033,0.127,1.0,-0.064,0.023,0.034,0.926,1.0,1.0,0.018,0.189,1.0,0.0,0.0,0.0,0.031,0.021,0.003,-0.043,0.024,0.091,0.025,0.014,0.012,-0.004,0.009,0.047,0.016,0.153,0.46,0.163,0.68,1.0,-0.163,0.092,0.409
20260304_135106,1772603472.8021703,0.3,0.313,0.449,0.261,0.453,0.646,0.5,0.031,0.0,0.615,0.0,0.0,0.903,0.0,0.0,0.354,0.307,-0.975,0.95,0.0,0.0,0,0.549,0.557,0.63,0.591,-0.045,-0.593,0.595,0.675,high,0.339,1.0,0.0,0.484,0.235,,,,,anxiety,0.588,neutral,1,0.045,0.079,0.029,0.103,0.108,0.069,0.116,0.175,0.262,0.098,0.105,0.43,0.108,0.088,0.038,0.007,0.005,0.021,0.029,0.13,1.0,0.017,0.143,1.0,0.012,0.054,0.239,-0.13,0.498,1.0,0.017,0.143,1.0,-0.022,0.147,0.078,0.0,0.0,0.0,0.0,0.0,0.0,-0.108,0.153,0.065,0.004,0.053,0.176,0.033,0.127,1.0,-0.064,0.023,0.031,0.975,1.0,1.0,0.017,0.189,1.0,0.0,0.0,0.0,0.031,0.021,0.003,-0.044,0.025,0.089,0.024,0.014,0.012,-0.005,0.01,0.047,0.017,0.152,0.446,0.172,0.698,1.0,-0.173,0.094,0.402
20260304_135106,1772603472.828708,0.3,0.306,0.446,0.269,0.456,0.617,0.5,0.033,0.0,0.61,0.0,0.0,0.907,0.0,0.0,0.383,0.315,-0.975,0.948,0.0,0.0,0,0.547,0.556,0.629,0.591,-0.056,-0.594,0.597,0.678,high,0.349,1.0,0.0,0.487,0.235,,,,,anxiety,0.588,neutral,1,0.043,0.079,0.071,0.099,0.108,0.085,0.115,0.173,0.323,0.103,0.107,0.437,0.103,0.088,0.056,0.007,0.005,0.02,0.031,0.133,1.0,0.016,0.143,1.0,0.019,0.054,0.217,-0.136,0.515,1.0,0.016,0.143,1.0,-0.015,0.147,0.087,0.0,0.0,0.0,0.0,0.0,0.0,-0.103,0.153,0.098,0.006,0.055,0.231,0.032,0.126,1.0,-0.064,0.023,0.033,1.0,1.0,1.0,0.017,0.189,1.0,0.0,0.0,0.0,0.03,0.021,0.012,-0.045,0.025,0.091,0.023,0.014,0.016,-0.006,0.01,0.048,0.017,0.152,0.562,0.182,0.714,1.0,-0.182,0.097,0.392
20260304_135106,1772603472.8568907,0.3,0.31,0.451,0.265,0.444,0.654,0.5,0.025,0.0,0.599,0.0,0.0,0.77,0.0,0.0,0.346,0.307,-0.977,0.95,0.0,0.0,0,0.547,0.558,0.627,0.59,-0.043,-0.607,0.608,0.676,high,0.345,1.0,0.0,0.49,0.234,,,,,anxiety,0.585,neutral,1,0.041,0.079,0.046,0.095,0.107,0.064,0.113,0.171,0.282,0.109,0.109,0.367,0.1,0.087,0.058,0.008,0.005,0.02,0.032,0.134,1.0,0.016,0.143,1.0,0.025,0.055,0.176,-0.143,0.532,1.0,0.016,0.143,1.0,-0.014,0.147,0.226,0.0,0.0,0.0,0.0,0.0,0.0,-0.1,0.152,0.101,0.007,0.055,0.169,0.032,0.126,1.0,-0.064,0.023,0.029,1.0,1.0,1.0,0.016,0.189,1.0,0.0,0.0,0.0,0.029,0.021,0.013,-0.046,0.025,0.085,0.022,0.013,0.021,-0.007,0.01,0.051,0.018,0.152,0.425,0.191,0.727,1.0,-0.191,0.099,0.358
20260304_135106,1772603472.8816288,0.3,0.311,0.44,0.25,0.442,0.658,0.5,0.026,0.0,0.616,0.0,0.0,0.74,0.0,0.0,0.342,0.305,-0.978,0.952,0.0,0.0,0,0.546,0.559,0.627,0.59,-0.038,-0.607,0.608,0.657,high,0.325,0.962,0.0,0.493,0.229,,,,,anxiety,0.572,neutral,1,0.039,0.078,0.041,0.09,0.107,0.11,0.11,0.168,0.145,0.113,0.11,0.351,0.098,0.087,0.069,0.008,0.005,0.02,0.033,0.136,1.0,0.015,0.143,1.0,0.032,0.056,0.24,-0.149,0.549,1.0,0.015,0.143,1.0,-0.013,0.147,0.289,0.0,0.0,0.0,0.0,0.0,0.0,-0.098,0.152,0.12,0.009,0.056,0.15,0.032,0.126,1.0,-0.063,0.023,0.024,1.0,1.0,1.0,0.016,0.189,1.0,0.0,0.0,0.0,0.028,0.021,0.017,-0.047,0.026,0.081,0.021,0.013,0.023,-0.008,0.011,0.05,0.019,0.153,0.385,0.2,0.74,1.0,-0.2,0.101,0.356
20260304_135106,1772603472.904501,0.3,0.306,0.44,0.255,0.438,0.633,0.5,0.017,0.0,0.628,0.0,0.0,0.788,0.0,0.0,0.367,0.305,-0.98,0.951,0.0,0.0,0,0.545,0.559,0.625,0.59,-0.04,-0.613,0.614,0.674,high,0.331,1.0,0.0,0.495,0.235,,,,,anxiety,0.588,neutral,1,0.037,0.078,0.073,0.085,0.106,0.114,0.108,0.167,0.177,0.116,0.111,0.328,0.097,0.087,0.009,0.008,0.006,0.019,0.033,0.136,1.0,0.015,0.143,1.0,0.039,0.058,0.28,-0.155,0.566,1.0,0.015,0.143,1.0,-0.018,0.148,0.175,0.0,0.0,0.0,0.0,0.0,0.0,-0.097,0.152,0.015,0.011,0.056,0.152,0.031,0.125,1.0,-0.063,0.023,0.025,1.0,1.0,1.0,0.015,0.189,1.0,0.0,0.0,0.0,0.026,0.021,0.021,-0.048,0.026,0.08,0.019,0.013,0.027,-0.01,0.011,0.05,0.019,0.153,0.399,0.207,0.751,1.0,-0.208,0.102,0.335
20260304_135106,1772603472.950194,0.3,0.311,0.44,0.233,0.444,0.633,0.5,0.005,0.0,0.605,0.0,0.0,0.879,0.0,0.0,0.367,0.296,-0.981,0.954,0.0,0.0,0,0.543,0.562,0.624,0.591,-0.032,-0.611,0.612,0.668,high,0.302,1.0,0.0,0.497,0.235,,,,,anxiety,0.588,neutral,1,0.036,0.078,0.045,0.08,0.106,0.112,0.105,0.165,0.019,0.12,0.112,0.352,0.095,0.087,0.01,0.008,0.006,0.018,0.033,0.136,0.463,0.014,0.143,1.0,0.045,0.058,0.192,-0.161,0.583,1.0,0.014,0.143,1.0,-0.034,0.145,0.032,0.0,0.0,0.0,0.0,0.0,0.0,-0.095,0.152,0.018,0.011,0.056,0.087,0.03,0.125,1.0,-0.062,0.023,0.019,1.0,1.0,1.0,0.015,0.189,1.0,0.0,0.0,0.0,0.025,0.02,0.027,-0.049,0.026,0.067,0.018,0.013,0.031,-0.011,0.011,0.047,0.02,0.154,0.324,0.214,0.761,1.0,-0.215,0.104,0.336
20260304_135106,1772603472.9959917,0.3,0.307,0.433,0.231,0.435,0.624,0.5,0.0,0.0,0.584,0.0,0.0,0.842,0.0,0.0,0.376,0.295,-0.981,0.955,0.0,0.0,0,0.543,0.564,0.625,0.592,-0.028,-0.623,0.624,0.667,high,0.3,1.0,0.0,0.499,0.235,,,,,anxiety,0.588,neutral,1,0.034,0.078,0.073,0.075,0.106,0.145,0.101,0.163,0.039,0.123,0.113,0.296,0.091,0.087,0.039,0.009,0.006,0.017,0.032,0.136,1.0,0.013,0.143,1.0,0.049,0.058,0.116,-0.166,0.6,1.0,0.013,0.143,1.0,-0.038,0.145,0.055,0.0,0.0,0.0,0.0,0.0,0.0,-0.091,0.152,0.069,0.012,0.057,0.075,0.03,0.125,1.0,-0.061,0.023,0.015,1.0,1.0,1.0,0.014,0.189,1.0,0.0,0.0,0.0,0.024,0.02,0.028,-0.049,0.026,0.06,0.017,0.013,0.029,-0.012,0.011,0.042,0.021,0.155,0.278,0.22,0.77,1.0,-0.221,0.105,0.301
20260304_135106,1772603473.0290391,0.3,0.303,0.426,0.229,0.433,0.653,0.499,0.0,0.0,0.618,0.0,0.0,0.714,0.0,0.0,0.347,0.293,-0.982,0.957,0.0,0.0,0,0.542,0.563,0.625,0.591,-0.029,-0.625,0.626,0.637,high,0.298,0.928,0.0,0.5,0.223,,,,,anxiety,0.558,neutral,1,0.032,0.078,0.096,0.069,0.106,0.172,0.096,0.162,0.057,0.125,0.113,0.28,0.088,0.086,0.05,0.009,0.006,0.016,0.031,0.136,1.0,0.013,0.143,1.0,0.057,0.059,0.24,-0.172,0.617,1.0,0.013,0.143,1.0,-0.058,0.145,0.354,0.0,0.0,0.0,0.0,0.0,0.0,-0.088,0.151,0.089,0.013,0.057,0.06,0.029,0.124,1.0,-0.06,0.023,0.011,1.0,1.0,1.0,0.013,0.189,1.0,0.0,0.0,0.0,0.022,0.02,0.032,-0.05,0.026,0.06,0.015,0.013,0.029,-0.013,0.012,0.043,0.022,0.156,0.291,0.225,0.776,1.0,-0.226,0.106,0.292
20260304_135106,1772603473.065113,0.3,0.299,0.435,0.229,0.414,0.672,0.499,0.0,0.0,0.614,0.0,0.0,0.913,0.0,0.0,0.328,0.287,-0.981,0.956,0.0,0.0,0,0.539,0.56,0.622,0.589,-0.043,-0.652,0.653,0.667,high,0.298,1.0,0.0,0.501,0.235,,,,,anxiety,0.588,neutral,1,0.029,0.078,0.12,0.063,0.106,0.134,0.092,0.16,0.06,0.125,0.113,0.178,0.087,0.086,0.106,0.009,0.006,0.015,0.03,0.136,1.0,0.012,0.143,1.0,0.064,0.06,0.225,-0.177,0.634,1.0,0.012,0.143,1.0,-0.067,0.143,0.105,0.0,0.0,0.0,0.0,0.0,0.0,-0.087,0.151,0.187,0.013,0.057,0.017,0.028,0.124,1.0,-0.059,0.022,0.013,1.0,1.0,1.0,0.013,0.189,1.0,0.0,0.0,0.0,0.021,0.02,0.041,-0.05,0.027,0.069,0.014,0.013,0.037,-0.014,0.012,0.051,0.022,0.156,0.434,0.228,0.78,1.0,-0.229,0.107,0.213
20260304_135106,1772603473.0993326,0.3,0.295,0.427,0.223,0.406,0.645,0.499,0.0,0.0,0.608,0.0,0.0,0.877,0.0,0.0,0.355,0.292,-0.984,0.957,0.0,0.0,0,0.537,0.559,0.62,0.584,-0.055,-0.669,0.671,0.665,high,0.29,1.0,0.0,0.501,0.235,,,,,anxiety,0.588,neutral,1,0.025,0.078,0.145,0.057,0.106,0.169,0.088,0.158,0.115,0.126,0.113,0.133,0.084,0.085,0.02,0.009,0.006,0.015,0.029,0.136,1.0,0.012,0.143,1.0,0.068,0.061,0.2,-0.183,0.651,1.0,0.012,0.143,1.0,-0.071,0.143,0.02,0.0,0.0,0.0,0.0,0.0,0.0,-0.084,0.151,0.035,0.014,0.057,0.052,0.027,0.123,1.0,-0.057,0.022,0.01,1.0,1.0,1.0,0.012,0.189,1.0,0.0,0.0,0.0,0.019,0.021,0.048,-0.051,0.027,0.072,0.012,0.014,0.043,-0.016,0.012,0.066,0.022,0.156,0.546,0.23,0.781,1.0,-0.231,0.107,0.16
20260304_135106,1772603473.128928,0.3,0.287,0.421,0.215,0.403,0.623,0.499,0.0,0.0,0.607,0.0,0.0,0.778,0.0,0.0,0.377,0.292,-0.984,0.959,0.0,0.0,0,0.536,0.558,0.619,0.582,-0.063,-0.68,0.683,0.66,high,0.279,1.0,0.0,0.501,0.233,,,,,anxiety,0.582,neutral,1,0.022,0.079,0.194,0.051,0.106,0.194,0.083,0.157,0.188,0.126,0.113,0.115,0.081,0.085,0.052,0.009,0.006,0.014,0.028,0.136,1.0,0.011,0.143,1.0,0.072,0.062,0.193,-0.188,0.668,1.0,0.011,0.143,1.0,-0.079,0.144,0.21,0.0,0.0,0.0,0.0,0.0,0.0,-0.081,0.151,0.091,0.014,0.057,0.051,0.026,0.123,1.0,-0.056,0.022,0.004,1.0,1.0,1.0,0.012,0.189,1.0,0.0,0.0,0.0,0.017,0.021,0.054,-0.052,0.027,0.077,0.011,0.014,0.047,-0.017,0.013,0.074,0.02,0.157,0.633,0.231,0.782,1.0,-0.231,0.108,0.125
20260304_135106,1772603473.1578765,0.3,0.292,0.424,0.213,0.403,0.604,0.498,0.0,0.0,0.598,0.0,0.0,0.873,0.0,0.0,0.396,0.282,-0.986,0.96,0.0,0.0,0,0.535,0.557,0.619,0.581,-0.055,-0.687,0.689,0.662,high,0.277,1.0,0.0,0.501,0.235,,,,,anxiety,0.588,neutral,1,0.019,0.079,0.163,0.045,0.106,0.182,0.079,0.157,0.207,0.125,0.113,0.112,0.077,0.085,0.111,0.009,0.006,0.011,0.027,0.136,1.0,0.011,0.143,1.0,0.075,0.062,0.158,-0.193,0.686,1.0,0.011,0.143,1.0,-0.087,0.143,0.009,0.0,0.0,0.0,0.0,0.0,0.0,-0.077,0.151,0.197,0.014,0.057,0.016,0.025,0.123,1.0,-0.054,0.022,0.003,1.0,1.0,1.0,0.011,0.189,1.0,0.0,0.0,0.0,0.016,0.021,0.055,-0.052,0.027,0.077,0.009,0.014,0.046,-0.019,0.014,0.075,0.019,0.157,0.546,0.231,0.782,1.0,-0.231,0.108,0.106
20260304_135106,1772603473.1894615,0.3,0.28,0.407,0.205,0.411,0.586,0.498,0.0,0.0,0.624,0.0,0.0,0.833,0.0,0.0,0.414,0.279,-0.988,0.962,0.0,0.0,0,0.536,0.558,0.62,0.581,-0.044,-0.674,0.675,0.659,high,0.266,1.0,0.0,0.501,0.235,,,,,anxiety,0.588,neutral,1,0.016,0.08,0.239,0.038,0.107,0.255,0.073,0.156,0.277,0.126,0.113,0.151,0.07,0.086,0.168,0.009,0.006,0.01,0.026,0.136,1.0,0.01,0.143,1.0,0.081,0.064,0.251,-0.197,0.703,1.0,0.01,0.143,1.0,-0.091,0.143,0.084,0.0,0.0,0.0,0.0,0.0,0.0,-0.07,0.152,0.298,0.014,0.057,0.039,0.024,0.123,1.0,-0.053,0.022,0.002,1.0,1.0,1.0,0.011,0.189,1.0,0.0,0.0,0.0,0.014,0.021,0.053,-0.053,0.027,0.072,0.007,0.014,0.044,-0.021,0.014,0.073,0.019,0.157,0.44,0.233,0.783,1.0,-0.233,0.108,0.143
20260304_135106,1772603473.2228172,0.3,0.278,0.405,0.201,0.41,0.591,0.498,0.0,0.0,0.619,0.0,0.0,0.817,0.0,0.0,0.409,0.277,-0.987,0.962,0.0,0.0,0,0.536,0.558,0.619,0.581,-0.045,-0.674,0.675,0.658,high,0.262,1.0,0.0,0.502,0.235,,,,,anxiety,0.588,neutral,1,0.012,0.081,0.249,0.032,0.107,0.261,0.067,0.155,0.307,0.127,0.113,0.144,0.062,0.086,0.152,0.009,0.006,0.01,0.025,0.136,1.0,0.009,0.143,1.0,0.086,0.065,0.23,-0.202,0.721,1.0,0.009,0.143,1.0,-0.086,0.143,0.117,0.0,0.0,0.0,0.0,0.0,0.0,-0.062,0.151,0.27,0.013,0.057,0.049,0.023,0.123,1.0,-0.051,0.022,0.004,1.0,1.0,1.0,0.01,0.189,1.0,0.0,0.0,0.0,0.012,0.021,0.052,-0.053,0.028,0.071,0.006,0.014,0.045,-0.022,0.015,0.073,0.02,0.157,0.454,0.233,0.784,1.0,-0.234,0.108,0.14
20260304_135106,1772603473.252858,0.3,0.28,0.402,0.18,0.407,0.563,0.497,0.0,0.0,0.649,0.0,0.0,0.93,0.0,0.0,0.437,0.269,-0.989,0.965,0.0,0.0,0,0.536,0.559,0.62,0.581,-0.033,-0.684,0.684,0.816,high,0.235,1.0,0.0,0.502,0.4,,,,,anxiety,1.0,neutral,1,0.009,0.082,0.233,0.025,0.108,0.275,0.059,0.156,0.482,0.127,0.113,0.123,0.053,0.086,0.238,0.009,0.006,0.006,0.024,0.136,1.0,0.009,0.143,1.0,0.093,0.067,0.335,-0.206,0.738,1.0,0.009,0.143,1.0,-0.078,0.143,0.147,0.0,0.0,0.0,0.0,0.0,0.0,-0.053,0.152,0.423,0.012,0.057,0.109,0.022,0.123,1.0,-0.049,0.022,0.009,1.0,1.0,1.0,0.01,0.189,1.0,0.0,0.0,0.0,0.011,0.021,0.052,-0.054,0.028,0.065,0.004,0.014,0.044,-0.024,0.015,0.073,0.02,0.158,0.33,0.234,0.784,1.0,-0.234,0.109,0.112
20260304_135106,1772603473.2728844,0.3,0.292,0.415,0.151,0.407,0.545,0.496,0.0,0.0,0.653,0.0,0.0,0.962,0.0,0.0,0.455,0.253,-0.992,0.965,0.0,0.0,0,0.536,0.561,0.62,0.581,-0.011,-0.692,0.692,0.807,high,0.196,1.0,0.0,0.503,0.4,,,,,anxiety,1.0,neutral,1,0.007,0.083,0.157,0.02,0.109,0.218,0.05,0.16,0.73,0.128,0.113,0.121,0.044,0.087,0.292,0.009,0.006,0.0,0.023,0.136,1.0,0.008,0.143,1.0,0.103,0.069,0.348,-0.209,0.756,1.0,0.008,0.143,1.0,-0.064,0.143,0.221,0.0,0.0,0.0,0.0,0.0,0.0,-0.044,0.154,0.517,0.01,0.058,0.222,0.02,0.123,1.0,-0.048,0.022,0.01,1.0,1.0,1.0,0.009,0.189,1.0,0.0,0.0,0.0,0.009,0.021,0.05,-0.054,0.028,0.059,0.003,0.014,0.042,-0.025,0.016,0.072,0.023,0.163,0.107,0.234,0.784,1.0,-0.235,0.109,0.091
20260304_135106,1772603473.3011322,0.3,0.296,0.426,0.135,0.393,0.564,0.495,0.0,0.0,0.626,0.0,0.0,0.903,0.0,0.0,0.436,0.244,-0.993,0.965,0.0,0.0,0,0.536,0.561,0.622,0.582,-0.006,-0.711,0.711,0.802,high,0.175,1.0,0.0,0.503,0.4,,,,,anxiety,1.0,neutral,1,0.006,0.083,0.129,0.015,0.109,0.167,0.039,0.166,0.862,0.127,0.113,0.043,0.036,0.088,0.231,0.009,0.006,0.004,0.022,0.136,1.0,0.008,0.143,1.0,0.106,0.07,0.245,-0.212,0.774,1.0,0.008,0.143,1.0,-0.052,0.142,0.085,0.0,0.0,0.0,0.0,0.0,0.0,-0.036,0.155,0.408,0.007,0.06,0.28,0.019,0.123,1.0,-0.046,0.022,0.01,1.0,1.0,1.0,0.009,0.189,1.0,0.0,0.0,0.0,0.007,0.021,0.051,-0.054,0.028,0.056,0.001,0.015,0.036,-0.026,0.016,0.068,0.025,0.168,0.055,0.232,0.783,1.0,-0.233,0.109,0.035
20260304_135106,1772603473.3611307,0.3,0.295,0.421,0.17,0.385,0.518,0.495,0.0,0.0,0.633,0.024,0.0,0.959,0.0,0.0,0.482,0.24,-0.993,0.967,0.0,0.0,0,0.542,0.565,0.627,0.583,0.018,-0.723,0.723,0.813,high,0.221,1.0,0.0,0.506,0.4,,,,,anxiety,1.0,neutral,1,0.003,0.083,0.136,0.01,0.109,0.187,0.032,0.168,0.559,0.125,0.112,0.004,0.027,0.09,0.375,0.009,0.006,0.004,0.021,0.136,1.0,0.007,0.143,1.0,0.109,0.071,0.266,-0.214,0.787,1.0,0.007,0.143,1.0,-0.036,0.142,0.218,0.0,0.0,0.0,0.0,0.0,0.0,-0.027,0.158,0.659,0.004,0.062,0.308,0.017,0.124,1.0,-0.044,0.022,0.014,1.0,1.0,1.0,0.008,0.189,1.0,0.0,0.0,0.0,0.006,0.021,0.027,-0.054,0.028,0.043,0.0,0.014,0.02,-0.027,0.016,0.064,0.03,0.181,0.179,0.229,0.782,1.0,-0.23,0.109,0.0
20260304_135106,1772603473.3961716,0.3,0.292,0.426,0.138,0.379,0.525,0.494,0.0,0.0,0.604,0.027,0.0,0.895,0.0,0.0,0.475,0.237,-0.994,0.968,0.0,0.0,0,0.544,0.565,0.629,0.584,0.023,-0.733,0.733,0.803,high,0.179,1.0,0.0,0.508,0.4,,,,,anxiety,1.0,neutral,1,0.001,0.083,0.15,0.006,0.11,0.166,0.022,0.173,0.831,0.123,0.112,0.033,0.016,0.092,0.35,0.008,0.006,0.009,0.021,0.136,1.0,0.007,0.143,1.0,0.112,0.071,0.159,-0.215,0.798,1.0,0.007,0.143,1.0,-0.037,0.142,0.066,0.0,0.0,0.0,0.0,0.0,0.0,-0.016,0.161,0.614,0.001,0.065,0.323,0.016,0.124,1.0,-0.042,0.022,0.018,1.0,1.0,1.0,0.007,0.189,1.0,0.0,0.0,0.0,0.005,0.021,0.024,-0.054,0.028,0.04,-0.0,0.014,0.012,-0.028,0.017,0.06,0.034,0.195,0.233,0.225,0.781,1.0,-0.226,0.108,0.029
20260304_135106,1772603473.4227538,0.3,0.294,0.416,0.119,0.375,0.547,0.493,0.0,0.001,0.573,0.031,0.001,0.848,0.0,0.0,0.453,0.236,-0.994,0.971,0.0,0.0,0,0.546,0.566,0.632,0.581,0.027,-0.732,0.733,0.797,high,0.154,1.0,0.0,0.511,0.4,,,,,anxiety,1.0,neutral,1,-0.001,0.084,0.137,0.001,0.11,0.208,0.011,0.181,0.992,0.12,0.112,0.053,0.008,0.093,0.278,0.008,0.006,0.01,0.02,0.136,1.0,0.006,0.143,1.0,0.112,0.071,0.043,-0.216,0.809,1.0,0.006,0.143,1.0,-0.033,0.142,0.042,0.0,0.0,0.0,0.0,0.0,0.0,-0.008,0.162,0.484,-0.003,0.067,0.328,0.014,0.124,1.0,-0.04,0.021,0.023,1.0,1.0,1.0,0.007,0.189,1.0,0.0,0.0,0.0,0.004,0.021,0.014,-0.053,0.028,0.037,-0.001,0.014,0.005,-0.029,0.017,0.069,0.039,0.209,0.273,0.22,0.779,1.0,-0.222,0.108,0.029
20260304_135106,1772603473.4620051,0.3,0.297,0.422,0.11,0.379,0.552,0.494,0.0,0.0,0.632,0.021,0.0,0.958,0.0,0.0,0.448,0.241,-0.994,0.972,0.0,0.0,0,0.549,0.565,0.635,0.583,0.031,-0.721,0.722,0.795,high,0.143,1.0,0.0,0.513,0.4,,,,,anxiety,1.0,neutral,1,-0.003,0.084,0.116,-0.003,0.111,0.182,-0.001,0.189,1.0,0.118,0.112,0.036,0.0,0.094,0.262,0.008,0.006,0.007,0.019,0.136,1.0,0.006,0.143,1.0,0.118,0.072,0.254,-0.217,0.823,1.0,0.006,0.143,1.0,-0.031,0.141,0.212,0.0,0.0,0.0,0.0,0.0,0.0,-0.0,0.163,0.456,-0.006,0.069,0.293,0.013,0.125,1.0,-0.038,0.021,0.026,1.0,1.0,1.0,0.006,0.189,1.0,0.0,0.0,0.0,0.004,0.021,0.005,-0.053,0.028,0.038,-0.001,0.014,0.004,-0.03,0.017,0.063,0.044,0.223,0.315,0.216,0.777,1.0,-0.217,0.108,0.0
20260304_135106,1772603473.4998457,0.3,0.294,0.408,0.087,0.394,0.528,0.495,0.0,0.0,0.639,0.004,0.0,0.0,0.0,0.0,0.472,0.245,-0.994,0.973,0.0,0.0,0,0.551,0.564,0.638,0.581,0.033,-0.705,0.706,0.138,low,0.113,0.0,0.0,0.515,0.0,,,,,neutral,1.0,neutral,1,-0.005,0.084,0.138,-0.008,0.111,0.24,-0.013,0.201,1.0,0.116,0.111,0.042,-0.008,0.096,0.335,0.008,0.006,0.005,0.018,0.136,1.0,0.005,0.143,1.0,0.124,0.073,0.276,-0.22,0.841,1.0,0.005,0.143,1.0,-0.103,0.177,1.0,0.0,0.0,0.0,0.0,0.0,0.0,0.008,0.166,0.58,-0.009,0.07,0.256,0.011,0.125,1.0,-0.036,0.021,0.027,1.0,1.0,1.0,0.006,0.189,1.0,0.0,0.0,0.0,0.003,0.021,0.003,-0.053,0.028,0.042,-0.001,0.014,0.014,-0.031,0.018,0.067,0.05,0.237,0.333,0.213,0.775,1.0,-0.215,0.108,0.041
20260304_135106,1772603473.5424092,0.3,0.294,0.399,0.12,0.403,0.493,0.496,0.0,0.0,0.65,0.0,0.0,0.928,0.0,0.0,0.507,0.256,-0.993,0.972,0.0,0.0,0,0.552,0.562,0.637,0.579,0.01,-0.698,0.698,0.799,high,0.156,1.0,0.0,0.516,0.4,,,,,anxiety,1.0,neutral,1,-0.007,0.085,0.138,-0.014,0.113,0.277,-0.022,0.209,0.964,0.115,0.111,0.089,-0.019,0.099,0.443,0.007,0.006,0.001,0.017,0.136,1.0,0.004,0.143,1.0,0.129,0.075,0.312,-0.222,0.86,1.0,0.004,0.143,1.0,-0.106,0.177,0.158,0.0,0.0,0.0,0.0,0.0,0.0,0.019,0.17,0.765,-0.011,0.071,0.179,0.01,0.126,1.0,-0.034,0.021,0.026,1.0,1.0,1.0,0.005,0.189,1.0,0.0,0.0,0.0,0.003,0.021,0.006,-0.053,0.028,0.048,-0.002,0.014,0.011,-0.032,0.018,0.072,0.053,0.243,0.102,0.21,0.773,1.0,-0.212,0.108,0.063
20260304_135106,1772603473.5858555,0.3,0.294,0.4,0.118,0.401,0.499,0.497,0.0,0.0,0.683,0.0,0.0,0.903,0.0,0.0,0.501,0.265,-0.993,0.973,0.0,0.0,0,0.553,0.561,0.638,0.578,-0.001,-0.688,0.688,0.798,high,0.154,1.0,0.0,0.516,0.4,,,,,anxiety,1.0,neutral,1,-0.009,0.085,0.134,-0.019,0.114,0.273,-0.03,0.216,0.974,0.113,0.11,0.076,-0.029,0.102,0.419,0.007,0.006,0.004,0.016,0.136,1.0,0.004,0.143,1.0,0.134,0.077,0.425,-0.224,0.88,1.0,0.004,0.143,1.0,-0.112,0.176,0.094,0.0,0.0,0.0,0.0,0.0,0.0,0.029,0.173,0.717,-0.012,0.071,0.114,0.008,0.126,1.0,-0.031,0.021,0.029,1.0,1.0,1.0,0.005,0.189,1.0,0.0,0.0,0.0,0.003,0.021,0.008,-0.053,0.027,0.049,-0.002,0.014,0.013,-0.034,0.018,0.076,0.055,0.247,0.008,0.207,0.77,1.0,-0.209,0.107,0.086
20260304_135106,1772603473.6148863,0.3,0.288,0.385,0.113,0.409,0.491,0.497,0.009,0.0,0.684,0.0,0.0,0.944,0.0,0.0,0.509,0.27,-0.993,0.974,0.0,0.0,0,0.554,0.56,0.639,0.576,0.006,-0.676,0.676,0.797,high,0.147,1.0,0.0,0.517,0.4,,,,,anxiety,1.0,neutral,1,-0.011,0.086,0.173,-0.025,0.115,0.331,-0.039,0.224,1.0,0.112,0.11,0.11,-0.04,0.105,0.44,0.007,0.006,0.005,0.016,0.136,0.743,0.003,0.143,1.0,0.141,0.08,0.42,-0.225,0.9,1.0,0.003,0.143,1.0,-0.117,0.175,0.183,0.0,0.0,0.0,0.0,0.0,0.0,0.04,0.177,0.75,-0.012,0.072,0.071,0.007,0.127,1.0,-0.029,0.021,0.031,1.0,1.0,1.0,0.004,0.189,1.0,0.0,0.0,0.0,0.003,0.021,0.014,-0.052,0.027,0.052,-0.002,0.014,0.016,-0.035,0.019,0.08,0.058,0.251,0.057,0.205,0.767,1.0,-0.207,0.107,0.116
20260304_135106,1772603473.648259,0.3,0.295,0.394,0.116,0.406,0.497,0.497,0.008,0.0,0.654,0.0,0.0,0.928,0.0,0.0,0.503,0.268,-0.993,0.971,0.0,0.0,0,0.554,0.56,0.638,0.576,0.003,-0.682,0.682,0.797,high,0.15,1.0,0.0,0.517,0.4,,,,,anxiety,1.0,neutral,1,-0.013,0.086,0.127,-0.031,0.116,0.291,-0.048,0.231,0.987,0.11,0.109,0.093,-0.052,0.107,0.419,0.007,0.006,0.004,0.015,0.135,0.581,0.003,0.143,1.0,0.145,0.081,0.307,-0.226,0.92,1.0,0.003,0.143,1.0,-0.112,0.175,0.146,0.0,0.0,0.0,0.0,0.0,0.0,0.052,0.18,0.709,-0.013,0.072,0.089,0.005,0.127,1.0,-0.027,0.021,0.025,1.0,1.0,1.0,0.004,0.189,1.0,0.0,0.0,0.0,0.002,0.021,0.012,-0.052,0.027,0.052,-0.002,0.014,0.014,-0.036,0.019,0.079,0.06,0.255,0.029,0.202,0.764,1.0,-0.204,0.107,0.096
20260304_135106,1772603473.6743288,0.3,0.295,0.388,0.111,0.415,0.495,0.498,0.023,0.0,0.753,0.0,0.0,0.931,0.0,0.0,0.505,0.274,-0.993,0.971,0.0,0.0,0,0.555,0.558,0.638,0.575,-0.005,-0.67,0.67,0.796,high,0.144,1.0,0.0,0.517,0.4,,,,,anxiety,1.0,neutral,1,-0.015,0.086,0.128,-0.038,0.117,0.314,-0.058,0.238,1.0,0.11,0.109,0.135,-0.063,0.109,0.423,0.007,0.006,0.007,0.016,0.136,1.0,0.002,0.143,1.0,0.157,0.088,0.649,-0.226,0.941,1.0,0.002,0.143,1.0,-0.105,0.175,0.152,0.0,0.0,0.0,0.0,0.0,0.0,0.063,0.183,0.713,-0.014,0.072,0.045,0.004,0.127,1.0,-0.025,0.021,0.025,1.0,1.0,1.0,0.003,0.189,1.0,0.0,0.0,0.0,0.002,0.021,0.014,-0.052,0.027,0.058,-0.002,0.014,0.014,-0.037,0.02,0.083,0.062,0.258,0.053,0.201,0.763,1.0,-0.203,0.107,0.127
20260304_135106,1772603473.706413,0.3,0.281,0.372,0.128,0.43,0.472,0.499,0.073,0.0,0.684,0.0,0.0,0.108,0.0,0.0,0.528,0.299,-0.994,0.977,0.0,0.0,0,0.554,0.555,0.637,0.569,-0.025,-0.649,0.649,0.587,medium,0.167,0.14,0.0,0.521,0.4,,,,,anxiety,1.0,neutral,1,-0.018,0.087,0.216,-0.046,0.119,0.383,-0.064,0.243,0.864,0.11,0.109,0.211,-0.075,0.113,0.491,0.007,0.006,0.012,0.02,0.153,1.0,0.001,0.143,1.0,0.163,0.09,0.397,-0.227,0.962,1.0,0.001,0.143,1.0,-0.162,0.199,1.0,0.0,0.0,0.0,0.0,0.0,0.0,0.075,0.187,0.823,-0.012,0.072,0.135,0.002,0.128,1.0,-0.022,0.021,0.036,1.0,1.0,1.0,0.002,0.189,1.0,0.0,0.0,0.0,0.002,0.021,0.013,-0.052,0.027,0.066,-0.002,0.014,0.009,-0.039,0.02,0.102,0.062,0.258,0.251,0.201,0.763,1.0,-0.203,0.107,0.182
20260304_135106,1772603473.7259278,0.3,0.275,0.364,0.115,0.447,0.476,0.498,0.118,0.0,0.787,0.0,0.0,0.0,0.0,0.0,0.524,0.285,-0.995,0.977,0.0,0.0,0,0.552,0.551,0.637,0.564,-0.019,-0.629,0.629,0.212,low,0.149,0.0,0.0,0.528,0.063,,,,,disgust,0.843,neutral,1,-0.021,0.088,0.252,-0.053,0.121,0.416,-0.073,0.25,0.978,0.112,0.109,0.292,-0.088,0.116,0.475,0.007,0.006,0.008,0.028,0.192,1.0,0.001,0.143,1.0,0.175,0.097,0.751,-0.227,0.984,1.0,0.001,0.143,1.0,-0.225,0.228,1.0,0.0,0.0,0.0,0.0,0.0,0.0,0.088,0.191,0.791,-0.012,0.072,0.036,0.001,0.128,1.0,-0.02,0.021,0.036,1.0,1.0,1.0,0.002,0.189,1.0,0.0,0.0,0.0,0.002,0.021,0.005,-0.052,0.028,0.079,-0.003,0.014,0.008,-0.041,0.021,0.114,0.063,0.258,0.189,0.202,0.764,1.0,-0.204,0.108,0.235
20260304_135106,1772603473.7573564,0.3,0.264,0.347,0.128,0.457,0.514,0.499,0.175,0.0,0.75,0.0,0.0,0.797,0.0,0.0,0.486,0.318,-0.995,0.98,0.0,0.0,0,0.549,0.545,0.631,0.557,-0.079,-0.601,0.606,0.722,high,0.166,1.0,0.0,0.682,0.296,,,,,anxiety,0.74,neutral,1,-0.025,0.09,0.316,-0.062,0.124,0.486,-0.081,0.255,0.855,0.115,0.11,0.335,-0.096,0.117,0.349,0.007,0.006,0.013,0.039,1.0,1.0,0.0,0.143,1.0,0.186,0.102,0.608,-0.226,1.0,1.0,0.0,0.143,1.0,-0.222,0.228,0.119,0.0,0.0,0.0,0.0,0.0,0.0,0.096,0.193,0.578,-0.009,0.073,0.272,-0.0,0.129,1.0,-0.017,0.021,0.042,1.0,1.0,1.0,0.001,0.189,1.0,0.0,0.0,0.0,0.001,0.021,0.006,-0.053,0.028,0.097,-0.003,0.014,0.01,-0.043,0.022,0.136,0.059,0.261,0.794,0.205,0.77,1.0,-0.207,0.109,0.296
20260304_135106,1772603473.7859519,0.3,0.264,0.334,0.066,0.467,0.54,0.499,0.26,0.0,0.877,0.0,0.0,0.874,0.0,0.0,0.46,0.302,-0.997,0.983,0.0,0.0,0,0.545,0.535,0.627,0.546,-0.061,-0.594,0.597,0.696,high,0.086,1.0,0.0,0.683,0.29,,,,,anxiety,0.725,neutral,1,-0.03,0.091,0.318,-0.073,0.128,0.539,-0.093,0.267,1.0,0.118,0.111,0.382,-0.103,0.118,0.265,0.007,0.006,0.011,0.057,1.0,1.0,-0.0,0.143,1.0,0.205,0.114,1.0,-0.226,1.0,1.0,-0.0,0.143,1.0,-0.218,0.228,0.064,0.0,0.0,0.0,0.0,0.0,0.0,0.103,0.194,0.437,-0.007,0.074,0.149,-0.002,0.13,1.0,-0.014,0.021,0.049,1.0,0.978,1.0,0.001,0.189,1.0,0.0,0.0,0.0,0.0,0.021,0.021,-0.054,0.028,0.132,-0.004,0.014,0.024,-0.046,0.024,0.173,0.057,0.262,0.609,0.208,0.776,1.0,-0.21,0.11,0.317
20260304_135106,1772603473.8187885,0.3,0.237,0.3,0.092,0.478,0.557,0.5,0.3,0.0,0.789,0.0,0.0,0.255,0.0,0.0,0.443,0.324,-0.996,0.985,0.0,0.0,0,0.544,0.532,0.625,0.541,-0.09,-0.561,0.568,0.317,medium,0.119,0.332,0.0,0.686,0.069,,,,,disgust,0.828,neutral,1,-0.036,0.095,0.483,-0.085,0.133,0.686,-0.102,0.276,1.0,0.121,0.112,0.43,-0.108,0.119,0.206,0.007,0.006,0.014,0.077,1.0,1.0,-0.001,0.143,1.0,0.217,0.119,0.715,-0.225,1.0,1.0,-0.001,0.143,1.0,-0.259,0.241,1.0,0.0,0.0,0.0,0.0,0.0,0.0,0.108,0.194,0.338,-0.004,0.075,0.306,-0.004,0.131,1.0,-0.011,0.021,0.052,1.0,0.957,1.0,0.0,0.189,1.0,0.0,0.0,0.0,-0.0,0.021,0.027,-0.056,0.029,0.139,-0.005,0.014,0.031,-0.05,0.026,0.187,0.052,0.267,0.901,0.213,0.786,1.0,-0.214,0.112,0.394
20260304_135106,1772603473.8398151,0.3,0.221,0.283,0.083,0.492,0.586,0.5,0.323,0.0,0.899,0.0,0.0,0.36,0.0,0.0,0.414,0.32,-0.997,0.987,0.0,0.0,0,0.543,0.529,0.623,0.537,-0.072,-0.528,0.533,0.427,medium,0.108,0.468,0.0,0.69,0.148,au7_eye_squeeze,0.586,2,13,disgust,0.631,neutral,1,-0.042,0.1,0.581,-0.098,0.14,0.756,-0.112,0.286,1.0,0.126,0.114,0.494,-0.112,0.119,0.112,0.007,0.006,0.014,0.098,1.0,1.0,-0.001,0.143,1.0,0.237,0.131,1.0,-0.224,1.0,1.0,-0.001,0.143,1.0,-0.29,0.25,1.0,0.0,0.0,0.0,0.0,0.0,0.0,0.112,0.194,0.184,-0.002,0.077,0.275,-0.005,0.131,1.0,-0.008,0.022,0.056,1.0,0.935,1.0,-0.0,0.189,1.0,0.0,0.0,0.0,-0.001,0.021,0.028,-0.057,0.03,0.146,-0.006,0.014,0.035,-0.053,0.028,0.197,0.049,0.269,0.725,0.221,0.803,1.0,-0.221,0.114,0.488
20260304_135106,1772603473.8820763,0.3,0.22,0.269,0.073,0.495,0.56,0.5,0.336,0.0,0.833,0.0,0.0,0.206,0.0,0.0,0.44,0.332,-0.997,0.987,0.0,0.0,0,0.542,0.529,0.623,0.536,-0.083,-0.521,0.527,0.236,low,0.095,0.268,0.0,0.694,0.008,au7_eye_squeeze,0.56,3,12,disgust,0.979,neutral,1,-0.049,0.105,0.583,-0.113,0.146,0.813,-0.123,0.296,1.0,0.13,0.117,0.499,-0.117,0.119,0.194,0.007,0.006,0.014,0.119,1.0,1.0,-0.002,0.143,1.0,0.251,0.137,0.832,-0.222,1.0,1.0,-0.002,0.143,1.0,-0.326,0.264,1.0,0.0,0.0,0.0,0.0,0.0,0.0,0.117,0.195,0.317,0.002,0.079,0.354,-0.007,0.132,1.0,-0.005,0.022,0.057,1.0,0.915,1.0,-0.001,0.189,1.0,0.0,0.0,0.0,-0.002,0.021,0.031,-0.059,0.031,0.145,-0.007,0.015,0.035,-0.057,0.03,0.2,0.045,0.273,0.83,0.228,0.822,1.0,-0.229,0.117,0.498
20260304_135106,1772603473.9145124,0.3,0.213,0.263,0.065,0.493,0.557,0.5,0.348,0.0,0.781,0.0,0.0,0.887,0.0,0.0,0.443,0.327,-0.997,0.989,0.0,0.0,0,0.542,0.528,0.622,0.534,-0.079,-0.527,0.533,0.689,high,0.085,1.0,0.0,0.698,0.281,au7_eye_squeeze,0.557,5,10,anxiety,0.702,neutral,1,-0.056,0.11,0.623,-0.127,0.154,0.833,-0.135,0.307,1.0,0.134,0.118,0.48,-0.122,0.12,0.202,0.007,0.006,0.014,0.141,1.0,1.0,-0.003,0.143,1.0,0.261,0.14,0.643,-0.221,1.0,1.0,-0.003,0.143,1.0,-0.315,0.264,0.152,0.0,0.0,0.0,0.0,0.0,0.0,0.122,0.195,0.329,0.005,0.08,0.315,-0.008,0.133,1.0,-0.001,0.022,0.061,1.0,0.894,1.0,-0.001,0.189,1.0,0.0,0.0,0.0,-0.003,0.021,0.031,-0.06,0.031,0.147,-0.009,0.015,0.037,-0.06,0.032,0.205,0.042,0.276,0.789,0.235,0.837,1.0,-0.235,0.12,0.476
20260304_135106,1772603473.9421432,0.3,0.207,0.253,0.082,0.49,0.56,0.5,0.349,0.0,0.793,0.0,0.0,0.722,0.0,0.0,0.44,0.329,-0.998,0.99,0.0,0.0,0,0.542,0.529,0.622,0.534,-0.084,-0.531,0.538,0.658,high,0.107,0.939,0.0,0.701,0.259,au7_eye_squeeze,0.56,6,9,anxiety,0.648,neutral,1,-0.063,0.116,0.66,-0.141,0.161,0.873,-0.144,0.316,1.0,0.137,0.119,0.455,-0.127,0.121,0.191,0.007,0.006,0.013,0.163,1.0,1.0,-0.003,0.143,1.0,0.273,0.144,0.67,-0.219,1.0,1.0,-0.003,0.143,1.0,-0.327,0.265,0.252,0.0,0.0,0.0,0.0,0.0,0.0,0.127,0.196,0.311,0.008,0.082,0.325,-0.01,0.134,1.0,0.002,0.022,0.063,1.0,0.874,1.0,-0.002,0.189,1.0,0.0,0.0,0.0,-0.004,0.021,0.031,-0.061,0.032,0.142,-0.01,0.015,0.037,-0.063,0.033,0.201,0.038,0.279,0.837,0.241,0.849,1.0,-0.241,0.122,0.456
20260304_135106,1772603473.9948852,0.3,0.212,0.257,0.077,0.494,0.558,0.5,0.341,0.0,0.769,0.0,0.0,0.81,0.0,0.0,0.442,0.327,-0.998,0.993,0.0,0.0,0,0.542,0.529,0.622,0.535,-0.096,-0.539,0.548,0.687,high,0.1,1.0,0.0,0.704,0.274,au7_eye_squeeze,0.558,6,9,anxiety,0.685,neutral,1,-0.069,0.121,0.624,-0.154,0.168,0.847,-0.153,0.326,1.0,0.139,0.12,0.464,-0.13,0.121,0.194,0.007,0.006,0.011,0.183,1.0,1.0,-0.004,0.143,1.0,0.281,0.146,0.575,-0.218,1.0,1.0,-0.004,0.143,1.0,-0.326,0.265,0.035,0.0,0.0,0.0,0.0,0.0,0.0,0.13,0.196,0.315,0.012,0.083,0.309,-0.012,0.135,1.0,0.006,0.022,0.068,1.0,0.855,1.0,-0.002,0.189,1.0,0.0,0.0,0.0,-0.005,0.021,0.031,-0.062,0.033,0.137,-0.011,0.015,0.037,-0.067,0.035,0.196,0.033,0.285,0.956,0.244,0.857,1.0,-0.244,0.123,0.42
20260304_135106,1772603474.0241992,0.3,0.223,0.273,0.088,0.477,0.557,0.499,0.325,0.0,0.749,0.0,0.0,0.0,0.0,0.0,0.443,0.323,-0.998,0.991,0.0,0.0,0,0.543,0.532,0.623,0.537,-0.092,-0.568,0.576,0.167,low,0.114,0.0,0.0,0.705,0.0,,,,,disgust,1.0,neutral,1,-0.075,0.125,0.543,-0.166,0.173,0.773,-0.161,0.334,1.0,0.14,0.12,0.369,-0.136,0.122,0.196,0.007,0.006,0.008,0.201,1.0,1.0,-0.004,0.143,1.0,0.289,0.147,0.499,-0.216,1.0,1.0,-0.004,0.143,1.0,-0.379,0.288,1.0,0.0,0.0,0.0,0.0,0.0,0.0,0.136,0.196,0.317,0.014,0.084,0.271,-0.013,0.136,1.0,0.009,0.022,0.065,1.0,0.836,1.0,-0.003,0.189,1.0,0.0,0.0,0.0,-0.006,0.021,0.029,-0.063,0.033,0.126,-0.012,0.015,0.035,-0.07,0.036,0.185,0.029,0.29,0.924,0.246,0.861,1.0,-0.245,0.124,0.333
20260304_135106,1772603474.0480394,0.3,0.222,0.27,0.099,0.474,0.571,0.499,0.325,0.0,0.738,0.0,0.0,0.586,0.0,0.0,0.429,0.326,-0.998,0.992,0.0,0.0,0,0.544,0.533,0.623,0.537,-0.086,-0.568,0.575,0.594,medium,0.129,0.762,0.0,0.707,0.234,,,,,anxiety,0.584,neutral,1,-0.081,0.128,0.547,-0.178,0.179,0.778,-0.167,0.341,1.0,0.141,0.12,0.344,-0.138,0.122,0.149,0.006,0.005,0.008,0.219,1.0,1.0,-0.005,0.143,1.0,0.292,0.148,0.453,-0.213,1.0,1.0,-0.005,0.143,1.0,-0.385,0.291,0.558,0.0,0.0,0.0,0.0,0.0,0.0,0.138,0.196,0.24,0.018,0.086,0.291,-0.014,0.137,1.0,0.012,0.023,0.066,1.0,0.816,1.0,-0.004,0.189,1.0,0.0,0.0,0.0,-0.007,0.021,0.026,-0.064,0.033,0.12,-0.013,0.015,0.033,-0.072,0.037,0.184,0.024,0.293,0.864,0.248,0.864,1.0,-0.247,0.125,0.331
20260304_135106,1772603474.0710638,0.3,0.219,0.268,0.09,0.48,0.561,0.499,0.307,0.0,0.689,0.0,0.0,0.805,0.0,0.0,0.439,0.33,-0.997,0.992,0.0,0.0,0,0.543,0.535,0.623,0.541,-0.097,-0.568,0.577,0.695,high,0.117,1.0,0.0,0.708,0.277,,,,,anxiety,0.693,neutral,1,-0.086,0.132,0.559,-0.189,0.184,0.781,-0.174,0.348,1.0,0.142,0.121,0.364,-0.142,0.122,0.18,0.006,0.005,0.008,0.235,1.0,1.0,-0.005,0.143,1.0,0.291,0.147,0.28,-0.211,1.0,1.0,-0.005,0.143,1.0,-0.377,0.291,0.008,0.0,0.0,0.0,0.0,0.0,0.0,0.142,0.196,0.29,0.021,0.087,0.316,-0.016,0.138,1.0,0.016,0.023,0.066,1.0,0.798,1.0,-0.004,0.189,1.0,0.0,0.0,0.0,-0.008,0.021,0.027,-0.064,0.033,0.11,-0.014,0.015,0.032,-0.075,0.038,0.168,0.019,0.298,0.971,0.249,0.866,1.0,-0.247,0.126,0.32
20260304_135106,1772603474.0988321,0.3,0.225,0.276,0.113,0.477,0.552,0.499,0.287,0.0,0.665,0.0,0.0,0.724,0.0,0.0,0.448,0.335,-0.997,0.991,0.0,0.0,0,0.543,0.54,0.623,0.546,-0.106,-0.571,0.58,0.683,high,0.147,0.941,0.0,0.71,0.273,,,,,anxiety,0.682,neutral,1,-0.091,0.135,0.518,-0.2,0.189,0.74,-0.18,0.353,0.908,0.143,0.121,0.341,-0.147,0.123,0.209,0.006,0.005,0.008,0.249,1.0,1.0,-0.006,0.143,1.0,0.289,0.146,0.192,-0.208,1.0,1.0,-0.006,0.143,1.0,-0.372,0.291,0.207,0.0,0.0,0.0,0.0,0.0,0.0,0.147,0.197,0.336,0.025,0.089,0.347,-0.017,0.139,1.0,0.019,0.023,0.063,1.0,0.779,1.0,-0.005,0.189,1.0,0.0,0.0,0.0,-0.009,0.021,0.027,-0.064,0.034,0.092,-0.015,0.015,0.034,-0.077,0.039,0.149,0.014,0.305,1.0,0.249,0.866,1.0,-0.247,0.126,0.302
20260304_135106,1772603474.1486392,0.3,0.244,0.313,0.125,0.45,0.541,0.497,0.22,0.0,0.663,0.0,0.0,0.73,0.0,0.0,0.459,0.321,-0.997,0.991,0.0,0.0,0,0.543,0.549,0.622,0.555,-0.093,-0.622,0.629,0.699,high,0.162,0.949,0.0,0.71,0.282,,,,,anxiety,0.705,neutral,1,-0.095,0.137,0.384,-0.208,0.192,0.563,-0.185,0.357,0.784,0.141,0.12,0.201,-0.153,0.124,0.243,0.006,0.005,0.002,0.258,1.0,1.0,-0.007,0.143,1.0,0.288,0.146,0.182,-0.206,1.0,1.0,-0.007,0.143,1.0,-0.373,0.292,0.187,0.0,0.0,0.0,0.0,0.0,0.0,0.153,0.197,0.389,0.028,0.089,0.246,-0.019,0.139,1.0,0.022,0.023,0.062,1.0,0.761,1.0,-0.005,0.189,1.0,0.0,0.0,0.0,-0.01,0.021,0.028,-0.064,0.033,0.057,-0.016,0.015,0.037,-0.078,0.039,0.116,0.009,0.31,0.93,0.245,0.861,1.0,-0.243,0.125,0.155
20260304_135106,1772603474.1798232,0.3,0.244,0.323,0.108,0.446,0.504,0.497,0.181,0.0,0.612,0.0,0.0,0.853,0.0,0.0,0.496,0.319,-0.997,0.991,0.0,0.0,0,0.542,0.553,0.622,0.56,-0.092,-0.629,0.635,0.723,high,0.141,1.0,0.0,0.709,0.299,,,,,anxiety,0.747,neutral,1,-0.098,0.139,0.384,-0.213,0.195,0.513,-0.189,0.363,0.941,0.139,0.118,0.174,-0.161,0.126,0.359,0.006,0.005,0.001,0.264,1.0,1.0,-0.007,0.143,1.0,0.282,0.145,0.01,-0.202,1.0,1.0,-0.007,0.143,1.0,-0.367,0.292,0.121,0.0,0.0,0.0,0.0,0.0,0.0,0.161,0.199,0.572,0.03,0.09,0.228,-0.02,0.14,1.0,0.025,0.023,0.062,1.0,0.743,1.0,-0.006,0.189,1.0,0.0,0.0,0.0,-0.01,0.021,0.029,-0.063,0.033,0.041,-0.016,0.016,0.035,-0.079,0.04,0.097,0.005,0.314,0.925,0.24,0.853,1.0,-0.237,0.124,0.13
20260304_135106,1772603474.2129803,0.3,0.246,0.32,0.127,0.431,0.526,0.495,0.139,0.0,0.651,0.0,0.0,0.0,0.0,0.0,0.474,0.309,-0.996,0.992,0.0,0.0,0,0.542,0.559,0.621,0.565,-0.082,-0.66,0.665,0.246,low,0.165,0.0,0.0,0.708,0.067,au4_frown,0.127,3,12,disgust,0.833,neutral,1,-0.1,0.14,0.365,-0.219,0.197,0.522,-0.193,0.367,0.751,0.135,0.117,0.097,-0.167,0.127,0.283,0.005,0.005,0.009,0.266,1.0,1.0,-0.008,0.143,1.0,0.28,0.144,0.133,-0.199,1.0,1.0,-0.008,0.143,1.0,-0.423,0.314,1.0,0.0,0.0,0.0,0.0,0.0,0.0,0.167,0.2,0.449,0.031,0.09,0.159,-0.021,0.141,1.0,0.029,0.024,0.063,1.0,0.725,1.0,-0.006,0.189,1.0,0.0,0.0,0.0,-0.011,0.022,0.031,-0.061,0.033,0.019,-0.017,0.016,0.037,-0.079,0.04,0.077,0.002,0.316,0.817,0.232,0.842,1.0,-0.229,0.123,0.038
20260304_135106,1772603474.2439399,0.3,0.253,0.339,0.128,0.418,0.503,0.494,0.102,0.0,0.636,0.0,0.0,0.909,0.0,0.0,0.497,0.3,-0.996,0.992,0.0,0.0,0,0.541,0.563,0.62,0.571,-0.071,-0.681,0.685,0.738,high,0.167,1.0,0.0,0.706,0.308,au4_frown,0.128,6,9,anxiety,0.77,neutral,1,-0.103,0.141,0.314,-0.223,0.199,0.425,-0.195,0.371,0.726,0.131,0.115,0.027,-0.175,0.128,0.357,0.005,0.005,0.012,0.265,1.0,1.0,-0.008,0.143,1.0,0.277,0.144,0.08,-0.195,1.0,1.0,-0.008,0.143,1.0,-0.408,0.314,0.288,0.0,0.0,0.0,0.0,0.0,0.0,0.175,0.202,0.564,0.032,0.091,0.092,-0.022,0.141,1.0,0.032,0.024,0.064,1.0,0.707,1.0,-0.007,0.189,1.0,0.0,0.0,0.0,-0.012,0.022,0.033,-0.059,0.032,0.004,-0.018,0.016,0.042,-0.079,0.04,0.057,-0.001,0.317,0.706,0.223,0.833,1.0,-0.219,0.122,0.026
20260304_135106,1772603474.2744582,0.3,0.265,0.363,0.138,0.382,0.557,0.494,0.055,0.0,0.627,0.0,0.0,0.199,0.0,0.0,0.443,0.295,-0.994,0.989,0.0,0.0,0,0.541,0.568,0.62,0.576,-0.074,-0.726,0.73,0.647,high,0.18,0.258,0.0,0.705,0.4,au4_frown,0.138,6,9,anxiety,1.0,neutral,1,-0.104,0.142,0.231,-0.225,0.2,0.31,-0.196,0.373,0.618,0.123,0.114,0.152,-0.179,0.129,0.178,0.004,0.005,0.014,0.261,1.0,0.1,-0.009,0.143,1.0,0.272,0.143,0.048,-0.191,1.0,1.0,-0.009,0.143,1.0,-0.445,0.326,1.0,0.0,0.0,0.0,0.0,0.0,0.0,0.179,0.202,0.279,0.033,0.091,0.057,-0.023,0.142,1.0,0.035,0.024,0.057,1.0,0.689,0.967,-0.007,0.189,1.0,0.0,0.0,0.0,-0.013,0.022,0.033,-0.057,0.032,0.016,-0.019,0.016,0.042,-0.078,0.04,0.039,-0.004,0.318,0.738,0.209,0.823,1.0,-0.206,0.121,0.164
20260304_135106,1772603474.3104322,0.3,0.265,0.366,0.148,0.387,0.516,0.491,0.014,0.0,0.599,0.0,0.0,0.612,0.0,0.0,0.484,0.294,-0.994,0.989,0.0,0.0,0,0.541,0.571,0.62,0.578,-0.074,-0.751,0.754,0.785,high,0.192,0.795,0.0,0.704,0.4,au4_frown,0.148,5,10,anxiety,1.0,neutral,1,-0.105,0.143,0.228,-0.228,0.201,0.29,-0.196,0.375,0.517,0.116,0.113,0.129,-0.185,0.13,0.308,0.004,0.005,0.024,0.253,1.0,1.0,-0.009,0.143,1.0,0.265,0.142,0.046,-0.187,1.0,1.0,-0.009,0.143,1.0,-0.448,0.328,0.445,0.0,0.0,0.0,0.0,0.0,0.0,0.185,0.203,0.482,0.034,0.091,0.05,-0.024,0.142,1.0,0.038,0.024,0.056,1.0,0.672,0.918,-0.008,0.189,1.0,0.0,0.0,0.0,-0.014,0.022,0.034,-0.054,0.032,0.028,-0.02,0.016,0.041,-0.077,0.039,0.03,-0.007,0.32,0.743,0.195,0.819,1.0,-0.191,0.12,0.238
20260304_135106,1772603474.3424575,0.3,0.257,0.365,0.136,0.389,0.558,0.491,0.0,0.0,0.598,0.0,0.0,0.916,0.0,0.0,0.442,0.286,-0.994,0.988,0.0,0.0,0,0.54,0.575,0.622,0.586,-0.06,-0.724,0.727,0.832,high,0.176,1.0,0.0,0.703,0.4,au4_frown,0.136,6,9,anxiety,1.0,neutral,1,-0.108,0.144,0.279,-0.231,0.202,0.291,-0.197,0.378,0.63,0.11,0.112,0.12,-0.186,0.13,0.167,0.003,0.006,0.024,0.244,1.0,1.0,-0.01,0.143,1.0,0.257,0.141,0.055,-0.182,1.0,1.0,-0.01,0.143,1.0,-0.43,0.328,0.339,0.0,0.0,0.0,0.0,0.0,0.0,0.186,0.202,0.26,0.034,0.091,0.008,-0.025,0.143,1.0,0.04,0.024,0.054,1.0,0.655,0.871,-0.009,0.189,1.0,0.0,0.0,0.0,-0.015,0.022,0.039,-0.051,0.031,0.043,-0.021,0.016,0.034,-0.076,0.039,0.0,-0.01,0.319,0.601,0.183,0.813,1.0,-0.18,0.119,0.157
20260304_135106,1772603474.3700342,0.3,0.28,0.392,0.157,0.379,0.558,0.49,0.0,0.0,0.628,0.0,0.0,0.771,0.0,0.0,0.442,0.291,-0.992,0.988,0.0,0.0,0,0.539,0.578,0.62,0.588,-0.072,-0.759,0.762,0.839,high,0.205,1.0,0.0,0.702,0.4,au4_frown,0.157,5,10,anxiety,1.0,neutral,1,-0.108,0.144,0.118,-0.231,0.202,0.162,-0.197,0.38,0.401,0.102,0.11,0.17,-0.188,0.131,0.164,0.002,0.006,0.028,0.236,1.0,1.0,-0.011,0.143,1.0,0.252,0.14,0.04,-0.178,1.0,1.0,-0.011,0.143,1.0,-0.419,0.328,0.032,0.0,0.0,0.0,0.0,0.0,0.0,0.188,0.202,0.254,0.035,0.091,0.029,-0.026,0.143,1.0,0.043,0.024,0.053,1.0,0.637,0.825,-0.009,0.189,1.0,0.0,0.0,0.0,-0.016,0.022,0.04,-0.048,0.031,0.055,-0.022,0.016,0.04,-0.074,0.039,0.006,-0.014,0.319,0.717,0.167,0.808,1.0,-0.164,0.119,0.264
20260304_135106,1772603474.4272752,0.3,0.261,0.375,0.142,0.376,0.538,0.489,0.0,0.0,0.67,0.0,0.0,0.674,0.0,0.0,0.462,0.27,-0.994,0.986,0.0,0.0,0,0.539,0.582,0.619,0.593,-0.05,-0.747,0.748,0.803,high,0.184,0.877,0.0,0.701,0.4,au4_frown,0.142,5,10,anxiety,1.0,neutral,1,-0.11,0.145,0.246,-0.233,0.203,0.24,-0.198,0.383,0.552,0.094,0.109,0.186,-0.191,0.131,0.227,0.002,0.006,0.03,0.227,1.0,1.0,-0.011,0.143,1.0,0.25,0.139,0.173,-0.173,1.0,1.0,-0.011,0.143,1.0,-0.42,0.329,0.275,0.0,0.0,0.0,0.0,0.0,0.0,0.191,0.202,0.351,0.034,0.091,0.117,-0.027,0.143,1.0,0.046,0.024,0.05,1.0,0.62,0.781,-0.01,0.189,1.0,0.0,0.0,0.0,-0.017,0.022,0.04,-0.044,0.031,0.07,-0.023,0.016,0.042,-0.072,0.039,0.023,-0.016,0.318,0.502,0.153,0.801,1.0,-0.149,0.118,0.226
20260304_135106,1772603474.454445,0.3,0.277,0.4,0.125,0.389,0.574,0.486,0.0,0.0,0.607,0.006,0.0,0.742,0.0,0.0,0.426,0.255,-0.994,0.981,0.0,0.0,0,0.537,0.585,0.621,0.603,-0.029,-0.742,0.743,0.819,high,0.162,0.965,0.0,0.699,0.4,,,,,anxiety,1.0,neutral,1,-0.111,0.145,0.132,-0.233,0.203,0.118,-0.199,0.386,0.72,0.087,0.108,0.124,-0.19,0.131,0.105,0.001,0.006,0.044,0.219,1.0,1.0,-0.012,0.143,1.0,0.241,0.138,0.035,-0.167,1.0,1.0,-0.012,0.143,1.0,-0.411,0.329,0.095,0.0,0.0,0.0,0.0,0.0,0.0,0.19,0.202,0.161,0.032,0.092,0.223,-0.028,0.144,1.0,0.048,0.024,0.038,1.0,0.603,0.738,-0.01,0.189,1.0,0.0,0.0,0.0,-0.018,0.022,0.046,-0.04,0.03,0.081,-0.023,0.017,0.034,-0.069,0.039,0.058,-0.017,0.317,0.291,0.138,0.794,1.0,-0.135,0.117,0.21
20260304_135106,1772603474.4790933,0.3,0.281,0.411,0.123,0.379,0.563,0.488,0.0,0.0,0.612,0.008,0.0,0.518,0.0,0.0,0.437,0.259,-0.993,0.982,0.0,0.0,0,0.538,0.585,0.62,0.602,-0.031,-0.753,0.753,0.745,high,0.159,0.673,0.0,0.698,0.4,,,,,anxiety,1.0,neutral,1,-0.111,0.145,0.105,-0.231,0.203,0.063,-0.201,0.39,0.732,0.079,0.107,0.174,-0.19,0.132,0.139,-0.0,0.006,0.034,0.21,1.0,1.0,-0.012,0.143,1.0,0.233,0.136,0.023,-0.161,1.0,1.0,-0.012,0.143,1.0,-0.419,0.333,0.667,0.0,0.0,0.0,0.0,0.0,0.0,0.19,0.201,0.212,0.03,0.092,0.193,-0.029,0.144,1.0,0.05,0.025,0.039,1.0,0.586,0.697,-0.011,0.189,1.0,0.0,0.0,0.0,-0.019,0.022,0.044,-0.037,0.03,0.08,-0.024,0.017,0.037,-0.067,0.039,0.056,-0.019,0.315,0.313,0.124,0.789,1.0,-0.12,0.116,0.244
20260304_135106,1772603474.5066643,0.3,0.278,0.411,0.109,0.366,0.599,0.489,0.0,0.0,0.66,0.028,0.0,0.842,0.0,0.0,0.401,0.256,-0.993,0.981,0.0,0.0,0,0.536,0.588,0.624,0.606,-0.02,-0.755,0.755,0.822,high,0.142,1.0,0.0,0.697,0.4,au7_eye_squeeze,0.599,2,13,anxiety,1.0,neutral,1,-0.111,0.145,0.123,-0.229,0.203,0.06,-0.204,0.395,0.86,0.07,0.106,0.241,-0.187,0.132,0.017,-0.001,0.007,0.032,0.202,1.0,1.0,-0.013,0.143,1.0,0.228,0.135,0.127,-0.153,1.0,0.281,-0.013,0.143,1.0,-0.402,0.332,0.18,0.0,0.0,0.0,0.0,0.0,0.0,0.187,0.201,0.026,0.028,0.093,0.208,-0.029,0.144,1.0,0.051,0.025,0.038,1.0,0.569,0.657,-0.011,0.189,1.0,0.0,0.0,0.0,-0.021,0.022,0.049,-0.033,0.03,0.092,-0.025,0.017,0.023,-0.063,0.039,0.07,-0.019,0.314,0.202,0.108,0.784,1.0,-0.105,0.115,0.252
20260304_135106,1772603474.5563118,0.3,0.281,0.421,0.134,0.33,0.548,0.485,0.0,0.0,0.616,0.068,0.0,0.919,0.0,0.0,0.452,0.246,-0.994,0.986,0.0,0.0,0,0.534,0.592,0.618,0.606,-0.039,-0.831,0.832,0.83,high,0.174,1.0,0.0,0.698,0.4,,,,,anxiety,1.0,neutral,1,-0.111,0.145,0.1,-0.226,0.203,0.008,-0.206,0.398,0.597,0.058,0.106,0.416,-0.188,0.132,0.184,-0.002,0.007,0.049,0.193,1.0,1.0,-0.014,0.143,1.0,0.219,0.133,0.019,-0.142,1.0,1.0,-0.014,0.143,1.0,-0.377,0.332,0.384,0.0,0.0,0.0,0.0,0.0,0.0,0.188,0.201,0.28,0.025,0.094,0.276,-0.03,0.145,1.0,0.054,0.025,0.047,1.0,0.552,0.618,-0.012,0.189,1.0,0.0,0.0,0.0,-0.022,0.023,0.055,-0.028,0.03,0.106,-0.025,0.017,0.043,-0.06,0.039,0.069,-0.021,0.313,0.394,0.087,0.792,1.0,-0.084,0.116,0.483
20260304_135106,1772603474.5891454,0.3,0.289,0.43,0.127,0.334,0.613,0.487,0.0,0.0,0.607,0.081,0.0,0.992,0.0,0.0,0.387,0.256,-0.993,0.981,0.0,0.0,0,0.533,0.594,0.621,0.613,-0.034,-0.8,0.801,0.828,high,0.166,1.0,0.0,0.699,0.4,au7_eye_squeeze,0.613,3,12,anxiety,1.0,neutral,1,-0.11,0.145,0.04,-0.224,0.203,0.037,-0.209,0.401,0.659,0.047,0.107,0.393,-0.185,0.132,0.034,-0.003,0.007,0.039,0.185,1.0,1.0,-0.014,0.143,1.0,0.211,0.132,0.051,-0.13,1.0,1.0,-0.014,0.143,1.0,-0.348,0.332,0.575,0.0,0.0,0.0,0.0,0.0,0.0,0.185,0.2,0.052,0.023,0.095,0.202,-0.031,0.145,1.0,0.056,0.025,0.037,1.0,0.535,0.58,-0.012,0.189,1.0,0.0,0.0,0.0,-0.024,0.023,0.059,-0.024,0.03,0.113,-0.026,0.017,0.034,-0.057,0.039,0.092,-0.023,0.312,0.344,0.069,0.795,1.0,-0.066,0.117,0.387
20260304_135106,1772603474.6132011,0.3,0.292,0.441,0.123,0.307,0.577,0.486,0.0,0.0,0.636,0.08,0.0,0.952,0.0,0.0,0.423,0.243,-0.995,0.984,0.0,0.0,0,0.533,0.593,0.618,0.608,-0.026,-0.84,0.84,0.827,high,0.16,1.0,0.0,0.701,0.4,au7_eye_squeeze,0.577,4,11,anxiety,1.0,neutral,1,-0.11,0.145,0.02,-0.22,0.203,0.087,-0.212,0.404,0.695,0.034,0.109,0.522,-0.184,0.132,0.082,-0.004,0.008,0.041,0.176,1.0,1.0,-0.015,0.143,1.0,0.205,0.131,0.04,-0.118,1.0,1.0,-0.015,0.143,1.0,-0.323,0.333,0.469,0.0,0.0,0.0,0.0,0.0,0.0,0.184,0.2,0.125,0.02,0.096,0.298,-0.032,0.145,1.0,0.058,0.025,0.043,1.0,0.517,0.543,-0.013,0.189,1.0,0.0,0.0,0.0,-0.025,0.023,0.061,-0.02,0.031,0.11,-0.027,0.017,0.044,-0.054,0.039,0.076,-0.023,0.311,0.265,0.049,0.806,1.0,-0.045,0.118,0.504
20260304_135106,1772603474.6517966,0.3,0.312,0.454,0.109,0.322,0.569,0.484,0.0,0.0,0.595,0.1,0.0,0.953,0.0,0.0,0.431,0.23,-0.994,0.981,0.0,0.0,0,0.531,0.595,0.618,0.613,-0.02,-0.84,0.84,0.823,high,0.142,1.0,0.0,0.703,0.4,au15_mouth_down,0.1,7,8,anxiety,1.0,neutral,1,-0.109,0.145,0.115,-0.216,0.203,0.148,-0.216,0.409,0.841,0.023,0.11,0.448,-0.183,0.132,0.109,-0.005,0.008,0.051,0.168,1.0,1.0,-0.015,0.143,1.0,0.195,0.13,0.098,-0.105,1.0,1.0,-0.015,0.143,1.0,-0.298,0.333,0.472,0.0,0.0,0.0,0.0,0.0,0.0,0.183,0.199,0.164,0.016,0.099,0.386,-0.033,0.146,1.0,0.06,0.025,0.036,1.0,0.5,0.507,-0.013,0.189,1.0,0.0,0.0,0.0,-0.027,0.023,0.066,-0.015,0.031,0.116,-0.028,0.017,0.042,-0.05,0.039,0.093,-0.024,0.311,0.201,0.027,0.816,1.0,-0.024,0.119,0.501
20260304_135106,1772603474.6793444,0.3,0.308,0.455,0.149,0.299,0.561,0.48,0.0,0.0,0.528,0.134,0.0,0.907,0.0,0.0,0.439,0.238,-0.995,0.98,0.0,0.0,0,0.53,0.599,0.615,0.614,-0.035,-0.904,0.905,0.837,high,0.194,1.0,0.0,0.707,0.4,au15_mouth_down,0.134,6,9,anxiety,1.0,neutral,1,-0.108,0.145,0.086,-0.213,0.203,0.155,-0.216,0.411,0.403,0.009,0.113,0.561,-0.183,0.132,0.133,-0.007,0.009,0.066,0.159,1.0,1.0,-0.016,0.143,1.0,0.18,0.129,0.312,-0.089,1.0,1.0,-0.016,0.143,1.0,-0.277,0.333,0.35,0.0,0.0,0.0,0.0,0.0,0.0,0.183,0.199,0.2,0.012,0.1,0.321,-0.034,0.146,1.0,0.062,0.025,0.034,1.0,0.483,0.472,-0.014,0.189,1.0,0.0,0.0,0.0,-0.029,0.023,0.068,-0.011,0.031,0.128,-0.029,0.018,0.052,-0.047,0.039,0.096,-0.025,0.31,0.346,0.001,0.842,1.0,0.002,0.123,0.691
20260304_135106,1772603474.711208,0.3,0.292,0.438,0.137,0.33,0.527,0.482,0.0,0.0,0.547,0.141,0.0,0.811,0.0,0.0,0.473,0.236,-0.993,0.981,0.0,0.0,0,0.529,0.6,0.615,0.616,-0.019,-0.854,0.854,0.833,high,0.179,1.0,0.0,0.71,0.4,au15_mouth_down,0.141,6,9,anxiety,1.0,neutral,1,-0.107,0.146,0.022,-0.21,0.203,0.072,-0.218,0.413,0.524,-0.002,0.114,0.41,-0.186,0.133,0.242,-0.008,0.009,0.056,0.15,1.0,1.0,-0.016,0.143,1.0,0.166,0.129,0.254,-0.073,1.0,1.0,-0.016,0.143,1.0,-0.261,0.332,0.103,0.0,0.0,0.0,0.0,0.0,0.0,0.186,0.199,0.363,0.008,0.102,0.335,-0.035,0.146,1.0,0.064,0.025,0.035,0.975,0.465,0.438,-0.015,0.189,1.0,0.0,0.0,0.0,-0.031,0.024,0.071,-0.006,0.031,0.135,-0.031,0.018,0.052,-0.043,0.039,0.104,-0.025,0.31,0.188,-0.021,0.854,1.0,0.024,0.125,0.536
20260304_135106,1772603474.742272,0.3,0.309,0.469,0.17,0.332,0.542,0.483,0.0,0.0,0.535,0.155,0.0,0.928,0.0,0.0,0.458,0.243,-0.992,0.975,0.0,0.0,0,0.53,0.602,0.611,0.634,-0.036,-0.814,0.815,0.844,high,0.221,1.0,0.0,0.711,0.4,au15_mouth_down,0.155,7,8,anxiety,1.0,neutral,1,-0.105,0.146,0.091,-0.204,0.203,0.222,-0.218,0.414,0.166,-0.013,0.115,0.398,-0.187,0.133,0.189,-0.009,0.01,0.054,0.142,1.0,1.0,-0.017,0.143,1.0,0.152,0.129,0.292,-0.055,1.0,1.0,-0.017,0.143,1.0,-0.238,0.332,0.411,0.0,0.0,0.0,0.0,0.0,0.0,0.187,0.199,0.282,0.005,0.103,0.281,-0.036,0.146,1.0,0.066,0.025,0.024,0.926,0.447,0.405,-0.015,0.189,1.0,0.0,0.0,0.0,-0.032,0.024,0.07,-0.001,0.032,0.14,-0.032,0.018,0.062,-0.038,0.04,0.164,-0.026,0.309,0.356,-0.039,0.86,1.0,0.042,0.125,0.416
20260304_135106,1772603474.779395,0.3,0.36,0.574,0.209,0.304,0.491,0.48,0.0,0.0,0.553,0.188,0.0,0.805,0.0,0.0,0.509,0.223,-0.993,0.973,0.0,0.0,0,0.53,0.606,0.605,0.645,-0.035,-0.85,0.851,0.752,high,0.271,1.0,0.0,0.713,0.295,au4_frown,0.209,2,13,anxiety,0.737,neutral,1,-0.1,0.147,0.438,-0.192,0.206,0.715,-0.214,0.414,0.255,-0.025,0.118,0.533,-0.193,0.135,0.358,-0.011,0.01,0.065,0.133,1.0,1.0,-0.018,0.143,1.0,0.141,0.128,0.234,-0.035,1.0,1.0,-0.018,0.143,1.0,-0.229,0.332,0.09,0.0,0.0,0.0,0.0,0.0,0.0,0.193,0.2,0.531,0.001,0.106,0.42,-0.037,0.146,1.0,0.067,0.025,0.019,0.876,0.429,0.373,-0.016,0.189,1.0,0.0,0.0,0.0,-0.034,0.024,0.068,0.004,0.032,0.154,-0.034,0.019,0.08,-0.032,0.041,0.199,-0.027,0.309,0.352,-0.059,0.874,1.0,0.062,0.127,0.521
20260304_135106,1772603474.806954,0.3,0.328,0.506,0.216,0.305,0.518,0.48,0.0,0.0,0.509,0.211,0.0,0.921,0.0,0.0,0.482,0.232,-0.993,0.977,0.0,0.0,0,0.529,0.611,0.61,0.649,-0.027,-0.841,0.841,0.749,high,0.281,1.0,0.0,0.715,0.289,au4_frown,0.216,3,12,anxiety,0.722,neutral,1,-0.097,0.147,0.219,-0.184,0.206,0.383,-0.211,0.414,0.339,-0.037,0.12,0.525,-0.197,0.136,0.263,-0.012,0.011,0.064,0.125,1.0,1.0,-0.018,0.143,1.0,0.124,0.129,0.374,-0.014,1.0,1.0,-0.018,0.143,1.0,-0.21,0.333,0.393,0.0,0.0,0.0,0.0,0.0,0.0,0.197,0.2,0.389,-0.004,0.108,0.353,-0.038,0.147,1.0,0.068,0.025,0.028,0.824,0.411,0.342,-0.016,0.189,1.0,0.0,0.0,0.0,-0.036,0.025,0.071,0.009,0.033,0.171,-0.035,0.019,0.063,-0.026,0.043,0.212,-0.027,0.309,0.268,-0.079,0.884,1.0,0.082,0.129,0.49
20260304_135106,1772603474.8475006,0.3,0.375,0.578,0.255,0.264,0.443,0.474,0.0,0.0,0.499,0.268,0.0,0.64,0.0,0.0,0.557,0.222,-0.992,0.975,0.0,0.0,0,0.53,0.614,0.619,0.642,-0.008,-1.002,1.002,0.682,high,0.331,0.832,0.0,0.727,0.25,au4_frown,0.255,4,11,anxiety,0.626,neutral,1,-0.091,0.149,0.533,-0.172,0.209,0.718,-0.205,0.414,0.752,-0.052,0.125,0.722,-0.206,0.139,0.511,-0.014,0.012,0.088,0.116,1.0,1.0,-0.019,0.143,1.0,0.109,0.13,0.406,0.012,1.0,1.0,-0.019,0.143,1.0,-0.205,0.334,0.337,0.0,0.0,0.0,0.0,0.0,0.0,0.206,0.203,0.751,-0.008,0.11,0.425,-0.039,0.147,1.0,0.07,0.025,0.024,0.77,0.392,0.312,-0.017,0.189,1.0,0.0,0.0,0.0,-0.037,0.025,0.068,0.015,0.034,0.181,-0.035,0.019,0.035,-0.021,0.043,0.186,-0.025,0.31,0.08,-0.11,0.944,1.0,0.112,0.137,0.962
20260304_135106,1772603474.882375,0.3,0.353,0.534,0.186,0.256,0.471,0.468,0.0,0.0,0.42,0.288,0.0,0.774,0.0,0.0,0.529,0.234,-0.993,0.979,0.0,0.0,0,0.53,0.617,0.618,0.632,-0.025,-1.063,1.064,0.853,high,0.242,1.0,0.0,0.737,0.4,au4_frown,0.186,6,9,anxiety,1.0,neutral,1,-0.087,0.15,0.379,-0.163,0.21,0.504,-0.203,0.415,0.003,-0.068,0.131,0.756,-0.21,0.141,0.41,-0.016,0.013,0.11,0.108,1.0,1.0,-0.019,0.143,1.0,0.086,0.133,0.659,0.039,1.0,1.0,-0.019,0.143,1.0,-0.191,0.333,0.021,0.0,0.0,0.0,0.0,0.0,0.0,0.21,0.203,0.597,-0.012,0.112,0.335,-0.04,0.147,1.0,0.071,0.025,0.032,0.715,0.373,0.282,-0.017,0.189,1.0,0.0,0.0,0.0,-0.039,0.025,0.068,0.02,0.035,0.189,-0.036,0.019,0.038,-0.016,0.044,0.152,-0.026,0.31,0.251,-0.146,1.0,1.0,0.148,0.148,1.0
20260304_135106,1772603474.9194329,0.3,0.349,0.514,0.16,0.27,0.476,0.47,0.0,0.0,0.415,0.287,0.0,0.736,0.0,0.0,0.524,0.237,-0.993,0.981,0.0,0.0,0,0.529,0.618,0.618,0.632,-0.021,-1.028,1.029,0.834,high,0.209,0.957,0.0,0.737,0.4,au4_frown,0.16,6,9,anxiety,1.0,neutral,1,-0.083,0.151,0.343,-0.155,0.211,0.406,-0.203,0.416,0.27,-0.083,0.135,0.683,-0.214,0.142,0.387,-0.018,0.014,0.103,0.099,1.0,1.0,-0.02,0.143,1.0,0.064,0.137,0.672,0.065,1.0,1.0,-0.02,0.143,1.0,-0.181,0.334,0.074,0.0,0.0,0.0,0.0,0.0,0.0,0.214,0.204,0.559,-0.015,0.113,0.309,-0.041,0.147,1.0,0.073,0.025,0.035,0.659,0.354,0.253,-0.018,0.189,1.0,0.0,0.0,0.0,-0.041,0.025,0.069,0.026,0.037,0.19,-0.036,0.019,0.037,-0.011,0.045,0.151,-0.026,0.31,0.21,-0.178,1.0,1.0,0.18,0.156,1.0
20260304_135106,1772603474.9511685,0.3,0.382,0.577,0.178,0.221,0.458,0.463,0.0,0.0,0.414,0.37,0.0,0.855,0.0,0.0,0.542,0.216,-0.995,0.979,0.0,0.0,0,0.53,0.623,0.622,0.642,0.01,-1.104,1.104,0.851,high,0.231,1.0,0.0,0.738,0.4,au15_mouth_down,0.37,6,9,anxiety,1.0,neutral,1,-0.077,0.154,0.561,-0.144,0.213,0.694,-0.202,0.417,0.08,-0.101,0.143,0.923,-0.22,0.144,0.445,-0.02,0.016,0.128,0.091,1.0,1.0,-0.02,0.143,1.0,0.043,0.142,0.672,0.097,1.0,1.0,-0.02,0.143,1.0,-0.162,0.333,0.244,0.0,0.0,0.0,0.0,0.0,0.0,0.22,0.205,0.637,-0.02,0.116,0.454,-0.042,0.147,1.0,0.075,0.025,0.031,0.6,0.333,0.225,-0.018,0.189,1.0,0.0,0.0,0.0,-0.042,0.026,0.063,0.032,0.038,0.207,-0.036,0.019,0.024,-0.006,0.045,0.183,-0.023,0.314,0.103,-0.215,1.0,1.0,0.217,0.167,1.0
20260304_135106,1772603474.9844234,0.3,0.379,0.574,0.177,0.199,0.455,0.461,0.0,0.0,0.38,0.419,0.0,0.968,0.0,0.0,0.545,0.211,-0.995,0.984,0.0,0.0,0,0.53,0.629,0.622,0.642,-0.0,-1.151,1.151,0.85,high,0.23,1.0,0.0,0.739,0.4,au15_mouth_down,0.419,6,9,anxiety,1.0,neutral,1,-0.072,0.156,0.534,-0.134,0.215,0.668,-0.203,0.417,0.09,-0.119,0.153,1.0,-0.226,0.146,0.449,-0.023,0.017,0.136,0.082,1.0,1.0,-0.021,0.143,1.0,0.02,0.147,0.777,0.132,1.0,1.0,-0.021,0.143,1.0,-0.134,0.334,0.543,0.0,0.0,0.0,0.0,0.0,0.0,0.226,0.206,0.637,-0.026,0.119,0.488,-0.043,0.148,1.0,0.077,0.025,0.042,0.54,0.312,0.198,-0.019,0.189,1.0,0.0,0.0,0.0,-0.043,0.026,0.063,0.038,0.04,0.228,-0.036,0.019,0.022,-0.001,0.046,0.18,-0.02,0.316,0.003,-0.253,1.0,1.0,0.255,0.18,1.0
20260304_135106,1772603475.0159876,0.3,0.395,0.617,0.162,0.151,0.475,0.454,0.0,0.0,0.352,0.478,0.0,0.779,0.0,0.0,0.525,0.192,-0.996,0.977,0.0,0.0,0,0.531,0.632,0.622,0.652,0.024,-1.241,1.241,0.846,high,0.211,1.0,0.0,0.74,0.4,au15_mouth_down,0.478,6,9,anxiety,1.0,neutral,1,-0.066,0.158,0.63,-0.121,0.219,0.856,-0.205,0.417,0.242,-0.14,0.168,1.0,-0.231,0.148,0.376,-0.026,0.019,0.161,0.073,1.0,1.0,-0.022,0.143,1.0,-0.005,0.154,0.863,0.171,1.0,1.0,-0.022,0.143,1.0,-0.119,0.334,0.046,0.0,0.0,0.0,0.0,0.0,0.0,0.231,0.207,0.53,-0.034,0.123,0.624,-0.044,0.148,1.0,0.078,0.025,0.027,0.478,0.29,0.171,-0.019,0.189,1.0,0.0,0.0,0.0,-0.044,0.026,0.06,0.044,0.041,0.237,-0.036,0.019,0.023,0.005,0.047,0.212,-0.015,0.323,0.242,-0.297,1.0,1.0,0.299,0.196,1.0
20260304_135106,1772603475.0462697,0.3,0.368,0.56,0.189,0.162,0.491,0.454,0.0,0.0,0.364,0.518,0.0,0.98,0.0,0.0,0.509,0.202,-0.997,0.989,0.0,0.0,0,0.531,0.638,0.62,0.652,0.005,-1.2,1.2,0.855,high,0.245,1.0,0.0,0.74,0.4,au15_mouth_down,0.518,6,9,anxiety,1.0,neutral,1,-0.06,0.16,0.442,-0.11,0.22,0.585,-0.203,0.418,0.048,-0.161,0.18,1.0,-0.237,0.149,0.319,-0.029,0.021,0.161,0.065,1.0,1.0,-0.022,0.143,1.0,-0.028,0.16,0.821,0.213,1.0,1.0,-0.022,0.143,1.0,-0.09,0.334,0.58,0.0,0.0,0.0,0.0,0.0,0.0,0.237,0.208,0.446,-0.041,0.127,0.546,-0.045,0.149,1.0,0.08,0.025,0.051,0.415,0.267,0.145,-0.02,0.189,1.0,0.0,0.0,0.0,-0.044,0.026,0.06,0.051,0.043,0.255,-0.035,0.019,0.028,0.011,0.049,0.211,-0.011,0.325,0.05,-0.338,1.0,1.0,0.34,0.208,1.0
20260304_135106,1772603475.0743814,0.3,0.379,0.589,0.193,0.195,0.48,0.46,0.0,0.0,0.374,0.57,0.0,0.71,0.0,0.0,0.52,0.207,-0.994,0.973,0.0,0.0,0,0.531,0.642,0.619,0.662,-0.001,-1.185,1.185,0.837,high,0.251,0.922,0.0,0.741,0.4,au15_mouth_down,0.57,5,10,anxiety,1.0,neutral,1,-0.053,0.161,0.512,-0.095,0.223,0.711,-0.2,0.418,0.098,-0.178,0.188,1.0,-0.241,0.15,0.351,-0.031,0.022,0.134,0.056,1.0,1.0,-0.023,0.143,1.0,-0.047,0.166,0.784,0.257,1.0,1.0,-0.023,0.143,1.0,-0.086,0.334,0.135,0.0,0.0,0.0,0.0,0.0,0.0,0.241,0.208,0.489,-0.048,0.129,0.505,-0.046,0.149,1.0,0.08,0.025,0.018,0.35,0.243,0.119,-0.021,0.189,1.0,0.0,0.0,0.0,-0.045,0.026,0.057,0.057,0.045,0.266,-0.035,0.019,0.03,0.018,0.05,0.243,-0.006,0.326,0.008,-0.375,1.0,1.0,0.377,0.219,1.0
20260304_135106,1772603475.1099243,0.3,0.399,0.613,0.182,0.194,0.471,0.461,0.0,0.0,0.396,0.582,0.0,0.683,0.0,0.0,0.529,0.187,-0.996,0.972,0.0,0.0,0,0.531,0.645,0.622,0.669,0.023,-1.158,1.159,0.824,high,0.236,0.888,0.0,0.741,0.4,au15_mouth_down,0.582,6,9,anxiety,1.0,neutral,1,-0.042,0.164,0.642,-0.076,0.225,0.817,-0.196,0.418,0.02,-0.194,0.197,1.0,-0.247,0.152,0.376,-0.033,0.023,0.13,0.048,1.0,1.0,-0.023,0.143,1.0,-0.066,0.171,0.707,0.302,1.0,1.0,-0.023,0.143,1.0,-0.084,0.335,0.2,0.0,0.0,0.0,0.0,0.0,0.0,0.247,0.209,0.52,-0.057,0.133,0.651,-0.046,0.149,1.0,0.079,0.025,0.014,0.283,0.216,0.094,-0.021,0.189,1.0,0.0,0.0,0.0,-0.044,0.026,0.057,0.064,0.047,0.275,-0.034,0.018,0.021,0.025,0.052,0.266,0.001,0.33,0.228,-0.41,1.0,1.0,0.411,0.227,1.0
20260304_135106,1772603475.139605,0.3,0.43,0.648,0.205,0.134,0.501,0.455,0.0,0.0,0.417,0.636,0.0,0.929,0.0,0.0,0.499,0.177,-0.995,0.974,0.0,0.0,0,0.531,0.647,0.621,0.664,0.019,-1.307,1.307,0.688,high,0.266,1.0,0.0,0.742,0.228,au15_mouth_down,0.636,6,9,anxiety,0.569,neutral,1,-0.027,0.167,0.846,-0.05,0.228,0.973,-0.19,0.418,0.24,-0.216,0.21,1.0,-0.249,0.153,0.267,-0.035,0.024,0.152,0.039,1.0,1.0,-0.024,0.143,1.0,-0.083,0.174,0.634,0.349,1.0,1.0,-0.024,0.143,1.0,-0.061,0.335,0.457,0.0,0.0,0.0,0.0,0.0,0.0,0.249,0.209,0.367,-0.067,0.138,0.719,-0.046,0.148,1.0,0.077,0.025,0.017,0.215,0.186,0.07,-0.022,0.189,1.0,0.0,0.0,0.0,-0.044,0.026,0.056,0.07,0.05,0.277,-0.032,0.018,0.023,0.033,0.053,0.247,0.008,0.332,0.195,-0.456,1.0,1.0,0.456,0.241,1.0
20260304_135106,1772603475.1733658,0.3,0.419,0.653,0.182,0.186,0.493,0.459,0.0,0.0,0.449,0.625,0.0,0.843,0.0,0.0,0.507,0.171,-0.996,0.968,0.0,0.0,0,0.531,0.648,0.621,0.675,0.034,-1.193,1.193,0.852,high,0.237,1.0,0.0,0.741,0.4,au15_mouth_down,0.625,6,9,anxiety,1.0,neutral,1,-0.011,0.168,0.772,-0.018,0.228,0.999,-0.181,0.415,0.004,-0.232,0.218,1.0,-0.255,0.154,0.293,-0.037,0.025,0.133,0.031,1.0,1.0,-0.022,0.14,1.0,-0.097,0.177,0.524,0.39,1.0,1.0,-0.022,0.14,1.0,-0.051,0.335,0.225,0.0,0.0,0.0,0.0,0.0,0.0,0.255,0.21,0.402,-0.078,0.143,0.764,-0.043,0.142,1.0,0.073,0.024,0.003,0.145,0.151,0.046,-0.022,0.189,1.0,0.0,0.0,0.0,-0.042,0.025,0.054,0.075,0.052,0.277,-0.031,0.017,0.02,0.041,0.055,0.283,0.016,0.339,0.339,-0.494,1.0,1.0,0.495,0.249,1.0
20260304_135106,1772603475.2019112,0.3,0.429,0.651,0.214,0.167,0.507,0.456,0.0,0.0,0.438,0.661,0.0,0.713,0.0,0.0,0.493,0.177,-0.997,0.966,0.0,0.0,0,0.531,0.65,0.619,0.687,0.021,-1.204,1.204,0.653,high,0.279,0.927,0.0,0.737,0.211,au15_mouth_down,0.661,6,9,anxiety,0.527,neutral,1,0.006,0.17,0.836,0.013,0.228,0.989,-0.173,0.414,0.371,-0.247,0.228,1.0,-0.26,0.155,0.242,-0.039,0.027,0.146,0.022,1.0,1.0,-0.019,0.133,1.0,-0.114,0.179,0.56,0.431,1.0,1.0,-0.019,0.133,1.0,-0.111,0.315,0.141,0.0,0.0,0.0,0.0,0.0,0.0,0.26,0.21,0.329,-0.088,0.148,0.715,-0.041,0.134,1.0,0.067,0.023,0.002,0.073,0.106,0.023,-0.023,0.189,1.0,0.0,0.0,0.0,-0.041,0.025,0.052,0.08,0.053,0.281,-0.029,0.017,0.026,0.05,0.057,0.32,0.021,0.344,0.21,-0.53,1.0,1.0,0.53,0.256,1.0
20260304_135106,1772603475.2334688,0.3,0.432,0.691,0.242,0.17,0.49,0.459,0.0,0.0,0.429,0.689,0.0,0.712,0.0,0.0,0.51,0.189,-0.992,0.969,0.0,0.0,0,0.531,0.655,0.619,0.687,-0.005,-1.217,1.217,0.651,high,0.314,0.925,0.0,0.729,0.206,au15_mouth_down,0.689,6,9,anxiety,0.515,neutral,1,0.023,0.171,0.854,0.048,0.23,1.0,-0.157,0.408,0.692,-0.261,0.237,1.0,-0.259,0.155,0.294,-0.041,0.027,0.132,0.014,1.0,1.0,-0.015,0.114,1.0,-0.134,0.181,0.586,0.47,1.0,1.0,-0.015,0.114,1.0,-0.099,0.315,0.138,0.0,0.0,0.0,0.0,0.0,0.0,0.259,0.209,0.398,-0.096,0.151,0.619,-0.038,0.124,1.0,0.063,0.022,0.003,0.0,0.0,0.0,-0.023,0.189,1.0,0.0,0.0,0.0,-0.039,0.024,0.049,0.085,0.055,0.292,-0.027,0.016,0.024,0.059,0.059,0.316,0.024,0.345,0.048,-0.564,1.0,1.0,0.564,0.264,1.0
20260304_135106,1772603475.2849917,0.3,0.426,0.648,0.229,0.202,0.476,0.46,0.0,0.0,0.437,0.704,0.0,0.881,0.0,0.0,0.524,0.185,-0.994,0.968,0.0,0.0,0,0.531,0.657,0.618,0.687,0.003,-1.156,1.156,0.668,high,0.297,1.0,0.0,0.717,0.218,au15_mouth_down,0.704,5,10,anxiety,0.544,neutral,1,0.039,0.174,0.809,0.076,0.231,0.97,-0.144,0.404,0.557,-0.271,0.244,0.955,-0.246,0.149,0.332,-0.042,0.028,0.124,0.005,1.0,1.0,-0.009,0.085,1.0,-0.154,0.183,0.559,0.509,1.0,1.0,-0.009,0.085,1.0,-0.081,0.315,0.311,0.0,0.0,0.0,0.0,0.0,0.0,0.246,0.198,0.443,-0.103,0.156,0.644,-0.035,0.119,1.0,0.058,0.021,0.0,0.0,0.0,0.0,-0.021,0.186,1.0,0.0,0.0,0.0,-0.037,0.023,0.047,0.091,0.057,0.297,-0.026,0.015,0.027,0.067,0.061,0.316,0.028,0.347,0.031,-0.588,1.0,1.0,0.588,0.268,1.0
20260304_135106,1772603475.3163943,0.3,0.389,0.607,0.191,0.263,0.495,0.463,0.0,0.0,0.44,0.664,0.0,0.948,0.0,0.0,0.505,0.176,-0.994,0.964,0.0,0.0,0,0.531,0.658,0.617,0.691,0.007,-1.063,1.063,0.828,high,0.248,1.0,0.0,0.7,0.4,au15_mouth_down,0.664,5,10,anxiety,1.0,neutral,1,0.05,0.174,0.562,0.099,0.232,0.774,-0.134,0.401,0.147,-0.276,0.247,0.632,-0.229,0.14,0.254,-0.044,0.029,0.111,-0.003,1.0,1.0,-0.005,0.05,1.0,-0.174,0.184,0.548,0.544,1.0,1.0,-0.005,0.05,1.0,-0.058,0.315,0.487,0.0,0.0,0.0,0.0,0.0,0.0,0.229,0.183,0.332,-0.11,0.161,0.71,-0.033,0.113,1.0,0.054,0.02,0.01,0.0,0.0,0.0,-0.017,0.174,1.0,0.0,0.0,0.0,-0.035,0.022,0.044,0.096,0.059,0.295,-0.025,0.015,0.028,0.075,0.063,0.325,0.032,0.349,0.071,-0.603,1.0,1.0,0.602,0.269,0.859
20260304_135106,1772603475.3464308,0.3,0.401,0.599,0.192,0.186,0.517,0.452,0.0,0.0,0.444,0.716,0.0,0.803,0.0,0.0,0.483,0.152,-0.999,0.967,0.0,0.0,0,0.53,0.659,0.617,0.683,0.041,-1.216,1.217,0.817,high,0.249,1.0,0.0,0.68,0.4,au7_eye_squeeze,0.517,3,12,anxiety,1.0,neutral,1,0.062,0.176,0.637,0.121,0.233,0.737,-0.124,0.397,0.169,-0.285,0.254,1.0,-0.21,0.129,0.161,-0.046,0.03,0.154,-0.011,1.0,1.0,-0.001,0.012,1.0,-0.193,0.186,0.532,0.582,1.0,1.0,-0.001,0.012,1.0,-0.044,0.315,0.104,0.0,0.0,0.0,0.0,0.0,0.0,0.21,0.165,0.207,-0.118,0.168,0.882,-0.031,0.107,1.0,0.049,0.019,0.005,0.0,0.0,0.0,-0.01,0.14,1.0,0.0,0.0,0.0,-0.033,0.02,0.048,0.101,0.061,0.295,-0.023,0.014,0.027,0.082,0.065,0.293,0.038,0.358,0.413,-0.624,1.0,1.0,0.624,0.273,1.0
20260304_135106,1772603475.3820355,0.3,0.37,0.541,0.146,0.206,0.51,0.455,0.0,0.0,0.484,0.715,0.0,0.928,0.0,0.0,0.49,0.17,-0.998,0.976,0.0,0.0,0,0.527,0.665,0.614,0.679,0.016,-1.188,1.188,0.811,high,0.19,1.0,0.0,0.746,0.4,au7_eye_squeeze,0.51,3,12,anxiety,1.0,neutral,1,0.071,0.176,0.43,0.137,0.233,0.47,-0.119,0.396,0.338,-0.293,0.259,0.912,-0.191,0.117,0.173,-0.047,0.031,0.14,-0.018,1.0,1.0,-0.001,0.009,1.0,-0.203,0.188,0.396,0.618,1.0,1.0,-0.001,0.009,1.0,-0.021,0.315,0.438,0.0,0.0,0.0,0.0,0.0,0.0,0.191,0.148,0.219,-0.125,0.173,0.739,-0.03,0.102,1.0,0.045,0.018,0.012,0.0,0.0,0.0,0.0,0.0,0.0,0.0,0.0,0.0,-0.032,0.019,0.055,0.106,0.063,0.313,-0.022,0.013,0.036,0.089,0.067,0.277,0.042,0.362,0.156,-0.644,1.0,1.0,0.643,0.277,1.0
20260304_135106,1772603475.42753,0.3,0.381,0.565,0.162,0.181,0.521,0.448,0.0,0.028,0.413,0.8,0.028,0.81,0.0,0.0,0.479,0.15,-0.998,0.969,0.0,0.0,0,0.526,0.67,0.615,0.686,0.031,-1.245,1.246,0.823,high,0.211,1.0,0.0,0.755,0.4,au7_eye_squeeze,0.521,4,11,anxiety,1.0,neutral,1,0.08,0.177,0.502,0.153,0.233,0.579,-0.109,0.391,0.135,-0.302,0.266,1.0,-0.177,0.109,0.125,-0.05,0.032,0.168,-0.024,1.0,1.0,0.001,0.031,1.0,-0.217,0.191,0.627,0.659,1.0,1.0,0.001,0.031,1.0,-0.003,0.314,0.128,0.0,0.0,0.0,0.0,0.0,0.0,0.177,0.136,0.156,-0.131,0.18,0.885,-0.028,0.095,1.0,0.041,0.017,0.004,0.0,0.0,0.0,0.0,0.0,0.0,0.0,0.0,0.0,-0.031,0.019,0.058,0.111,0.065,0.324,-0.021,0.013,0.032,0.095,0.068,0.295,0.046,0.368,0.315,-0.667,1.0,1.0,0.666,0.281,1.0
20260304_135106,1772603475.4646719,0.3,0.368,0.552,0.173,0.193,0.531,0.448,0.0,0.0,0.502,0.819,0.0,0.638,0.0,0.0,0.469,0.155,-0.999,0.978,0.0,0.0,0,0.525,0.675,0.617,0.692,0.032,-1.2,1.201,0.784,high,0.225,0.83,0.0,0.755,0.4,au7_eye_squeeze,0.531,5,10,anxiety,1.0,neutral,1,0.087,0.178,0.414,0.168,0.234,0.518,-0.097,0.383,0.016,-0.309,0.272,0.967,-0.169,0.107,0.081,-0.052,0.033,0.163,-0.03,1.0,1.0,0.002,0.03,1.0,-0.224,0.192,0.326,0.701,1.0,1.0,0.002,0.03,1.0,0.003,0.315,0.32,0.0,0.0,0.0,0.0,0.0,0.0,0.169,0.132,0.1,-0.137,0.186,0.84,-0.026,0.09,1.0,0.039,0.016,0.014,0.0,0.0,0.0,0.0,0.0,0.0,0.0,0.0,0.0,-0.03,0.018,0.059,0.116,0.067,0.336,-0.02,0.012,0.022,0.102,0.07,0.312,0.049,0.374,0.323,-0.687,1.0,1.0,0.685,0.284,1.0
20260304_135106,1772603475.5080354,0.3,0.384,0.561,0.145,0.209,0.523,0.448,0.0,0.107,0.561,0.808,0.107,0.0,0.0,0.0,0.477,0.144,-1.0,0.971,0.0,0.0,0,0.523,0.679,0.618,0.706,0.039,-1.132,1.132,0.318,medium,0.189,0.0,0.0,0.792,0.126,au7_eye_squeeze,0.523,5,10,happy,0.686,neutral,1,0.096,0.179,0.513,0.181,0.235,0.552,-0.088,0.376,0.295,-0.314,0.277,0.869,-0.164,0.106,0.106,-0.054,0.034,0.164,-0.035,1.0,1.0,0.01,0.116,1.0,-0.227,0.192,0.125,0.74,1.0,1.0,0.01,0.116,1.0,-0.042,0.336,1.0,0.0,0.0,0.0,0.0,0.0,0.0,0.164,0.13,0.131,-0.143,0.193,0.911,-0.025,0.085,1.0,0.035,0.015,0.003,0.0,0.0,0.0,0.0,0.0,0.0,0.0,0.0,0.0,-0.029,0.017,0.063,0.122,0.069,0.345,-0.019,0.012,0.02,0.11,0.072,0.354,0.054,0.381,0.387,-0.699,1.0,1.0,0.698,0.284,0.916
20260304_135106,1772603475.5361102,0.3,0.341,0.523,0.148,0.23,0.53,0.443,0.0,0.034,0.491,0.842,0.034,0.8,0.0,0.0,0.47,0.139,-1.0,0.975,0.0,0.0,0,0.521,0.681,0.604,0.702,0.005,-1.124,1.124,0.844,high,0.192,1.0,0.0,0.794,0.4,au7_eye_squeeze,0.53,5,10,anxiety,1.0,neutral,1,0.1,0.179,0.227,0.191,0.235,0.376,-0.079,0.369,0.241,-0.317,0.28,0.747,-0.158,0.104,0.076,-0.056,0.035,0.18,-0.039,1.0,1.0,0.012,0.121,1.0,-0.235,0.194,0.359,0.78,1.0,1.0,0.012,0.121,1.0,-0.032,0.336,0.142,0.0,0.0,0.0,0.0,0.0,0.0,0.158,0.128,0.093,-0.149,0.199,0.946,-0.023,0.081,1.0,0.033,0.015,0.005,0.0,0.0,0.0,0.0,0.0,0.0,0.0,0.0,0.0,-0.028,0.017,0.069,0.127,0.071,0.346,-0.019,0.012,0.062,0.117,0.074,0.338,0.055,0.382,0.047,-0.71,1.0,1.0,0.708,0.285,0.871
20260304_135106,1772603475.5652468,0.3,0.385,0.55,0.129,0.199,0.509,0.437,0.0,0.062,0.459,0.919,0.062,0.731,0.0,0.0,0.491,0.133,-0.999,0.975,0.0,0.0,0,0.521,0.687,0.614,0.706,0.035,-1.21,1.21,0.831,high,0.168,0.95,0.0,0.801,0.4,au15_mouth_down,0.919,5,10,anxiety,1.0,neutral,1,0.107,0.181,0.513,0.202,0.236,0.498,-0.072,0.365,0.447,-0.321,0.285,0.908,-0.154,0.103,0.148,-0.059,0.037,0.202,-0.043,1.0,1.0,0.016,0.137,1.0,-0.248,0.195,0.462,0.825,1.0,1.0,0.016,0.137,1.0,-0.03,0.336,0.045,0.0,0.0,0.0,0.0,0.0,0.0,0.154,0.126,0.18,-0.155,0.207,0.979,-0.022,0.077,1.0,0.03,0.014,0.003,0.0,0.0,0.0,0.0,0.0,0.0,0.0,0.0,0.0,-0.028,0.017,0.07,0.132,0.073,0.36,-0.018,0.012,0.028,0.124,0.076,0.345,0.059,0.388,0.35,-0.725,1.0,1.0,0.723,0.286,1.0
20260304_135106,1772603475.6001058,0.3,0.388,0.615,0.221,0.224,0.567,0.447,0.0,0.048,0.499,1.0,0.048,0.64,0.0,0.0,0.433,0.136,-0.997,0.958,0.0,0.0,0,0.525,0.699,0.621,0.726,0.062,-1.173,1.174,0.598,medium,0.287,0.831,0.0,0.806,0.165,au7_eye_squeeze,0.567,4,11,anxiety,0.412,neutral,1,0.114,0.182,0.527,0.217,0.239,0.788,-0.057,0.357,0.68,-0.324,0.288,0.763,-0.145,0.101,0.069,-0.061,0.037,0.157,-0.049,1.0,1.0,0.02,0.145,1.0,-0.255,0.197,0.326,0.874,1.0,1.0,0.02,0.145,1.0,-0.024,0.337,0.283,0.0,0.0,0.0,0.0,0.0,0.0,0.145,0.123,0.084,-0.16,0.213,0.949,-0.021,0.073,1.0,0.027,0.014,0.032,0.0,0.0,0.0,0.0,0.0,0.0,0.0,0.0,0.0,-0.027,0.016,0.053,0.139,0.076,0.395,-0.017,0.011,0.007,0.132,0.079,0.407,0.064,0.399,0.625,-0.739,1.0,1.0,0.737,0.287,0.951
20260304_135106,1772603475.6337218,0.3,0.451,0.693,0.22,0.225,0.593,0.447,0.0,0.0,0.356,1.0,0.0,0.515,0.0,0.0,0.407,0.147,-0.998,0.955,0.0,0.0,0,0.523,0.714,0.618,0.752,0.047,-1.161,1.162,0.531,medium,0.286,0.669,0.0,0.807,0.139,au7_eye_squeeze,0.593,4,11,sadness,0.363,neutral,1,0.126,0.188,0.933,0.237,0.244,1.0,-0.044,0.352,0.686,-0.327,0.291,0.746,-0.135,0.101,0.168,-0.062,0.038,0.158,-0.054,1.0,1.0,0.019,0.145,1.0,-0.275,0.202,0.803,0.921,1.0,1.0,0.019,0.145,1.0,-0.036,0.34,0.614,0.0,0.0,0.0,0.0,0.0,0.0,0.135,0.122,0.203,-0.165,0.218,0.859,-0.02,0.07,1.0,0.023,0.013,0.037,0.0,0.0,0.0,0.0,0.0,0.0,0.0,0.0,0.0,-0.027,0.016,0.057,0.146,0.079,0.441,-0.017,0.011,0.014,0.142,0.083,0.489,0.068,0.406,0.473,-0.75,1.0,1.0,0.748,0.287,0.897
20260304_135106,1772603475.6629508,0.3,0.512,0.746,0.227,0.24,0.604,0.459,0.0,0.0,0.293,1.0,0.0,0.301,0.0,0.0,0.396,0.183,-0.988,0.946,0.0,0.0,0,0.538,0.738,0.623,0.77,0.03,-1.144,1.145,0.402,medium,0.294,0.391,0.0,0.807,0.077,au7_eye_squeeze,0.604,4,11,sadness,0.448,neutral,1,0.141,0.199,1.0,0.261,0.253,1.0,-0.029,0.343,0.781,-0.329,0.294,0.651,-0.124,0.1,0.208,-0.063,0.039,0.104,-0.061,1.0,1.0,0.019,0.145,1.0,-0.296,0.21,1.0,0.967,1.0,1.0,0.019,0.145,1.0,-0.075,0.347,1.0,0.0,0.0,0.0,0.0,0.0,0.0,0.124,0.121,0.251,-0.166,0.22,0.569,-0.018,0.066,1.0,0.019,0.013,0.057,0.0,0.0,0.0,0.0,0.0,0.0,0.0,0.0,0.0,-0.026,0.016,0.001,0.155,0.083,0.514,-0.016,0.011,0.001,0.153,0.087,0.538,0.071,0.409,0.296,-0.761,1.0,1.0,0.759,0.287,0.831
,,,,,,,,,,,,,,,,,,,,,,,,,,,,,,,,,,,,,,,,,,,,,,,,,,,,,,,,,,,,,,,,,,,,,,,,,,,,,,,,,,,,,,,,,,,,,,,,,,,,,,,,,,,,,,,,,,,,,,,,,,,,,,,,,
,,,,,,,,,,,,,,,,,,,,,,,,,,,,,,,,,,,,,,,,,,,,,,,,,,,,,,,,,,,,,,,,,,,,,,,,,,,,,,,,,,,,,,,,,,,,,,,,,,,,,,,,,,,,,,,,,,,,,,,,,,,,,,,,,
,,,,,,,,,,,,,,,,,,,,,,,,,,,,,,,,,,,,,,,,,,,,,,,,,,,,,,,,,,,,,,,,,,,,,,,,,,,,,,,,,,,,,,,,,,,,,,,,,,,,,,,,,,,,,,,,,,,,,,,,,,,,,,,,,
,,,,,,,,,,,,,,,,,,,,,,,,,,,,,,,,,,,,,,,,,,,,,,,,,,,,,,,,,,,,,,,,,,,,,,,,,,,,,,,,,,,,,,,,,,,,,,,,,,,,,,,,,,,,,,,,,,,,,,,,,,,,,,,,,
,,,,,,,,,,,,,,,,,,,,,,,,,,,,,,,,,,,,,,,,,,,,,,,,,,,,,,,,,,,,,,,,,,,,,,,,,,,,,,,,,,,,,,,,,,,,,,,,,,,,,,,,,,,,,,,,,,,,,,,,,,,,,,,,,
,,,,,,,,,,,,,,,,,,,,,,,,,,,,,,,,,,,,,,,,,,,,,,,,,,,,,,,,,,,,,,,,,,,,,,,,,,,,,,,,,,,,,,,,,,,,,,,,,,,,,,,,,,,,,,,,,,,,,,,,,,,,,,,,,
,,,,,,,,,,,,,,,,,,,,,,,,,,,,,,,,,,,,,,,,,,,,,,,,,,,,,,,,,,,,,,,,,,,,,,,,,,,,,,,,,,,,,,,,,,,,,,,,,,,,,,,,,,,,,,,,,,,,,,,,,,,,,,,,,
,,,,,,,,,,,,,,,,,,,,,,,,,,,,,,,,,,,,,,,,,,,,,,,,,,,,,,,,,,,,,,,,,,,,,,,,,,,,,,,,,,,,,,,,,,,,,,,,,,,,,,,,,,,,,,,,,,,,,,,,,,,,,,,,,
,,,,,,,,,,,,,,,,,,,,,,,,,,,,,,,,,,,,,,,,,,,,,,,,,,,,,,,,,,,,,,,,,,,,,,,,,,,,,,,,,,,,,,,,,,,,,,,,,,,,,,,,,,,,,,,,,,,,,,,,,,,,,,,,,
,,,,,,,,,,,,,,,,,,,,,,,,,,,,,,,,,,,,,,,,,,,,,,,,,,,,,,,,,,,,,,,,,,,,,,,,,,,,,,,,,,,,,,,,,,,,,,,,,,,,,,,,,,,,,,,,,,,,,,,,,,,,,,,,,
,,,,,,,,,,,,,,,,,,,,,,,,,,,,,,,,,,,,,,,,,,,,,,,,,,,,,,,,,,,,,,,,,,,,,,,,,,,,,,,,,,,,,,,,,,,,,,,,,,,,,,,,,,,,,,,,,,,,,,,,,,,,,,,,,
,,,,,,,,,,,,,,,,,,,,,,,,,,,,,,,,,,,,,,,,,,,,,,,,,,,,,,,,,,,,,,,,,,,,,,,,,,,,,,,,,,,,,,,,,,,,,,,,,,,,,,,,,,,,,,,,,,,,,,,,,,,,,,,,,
,,,,,,,,,,,,,,,,,,,,,,,,,,,,,,,,,,,,,,,,,,,,,,,,,,,,,,,,,,,,,,,,,,,,,,,,,,,,,,,,,,,,,,,,,,,,,,,,,,,,,,,,,,,,,,,,,,,,,,,,,,,,,,,,,
,,,,,,,,,,,,,,,,,,,,,,,,,,,,,,,,,,,,,,,,,,,,,,,,,,,,,,,,,,,,,,,,,,,,,,,,,,,,,,,,,,,,,,,,,,,,,,,,,,,,,,,,,,,,,,,,,,,,,,,,,,,,,,,,,
,,,,,,,,,,,,,,,,,,,,,,,,,,,,,,,,,,,,,,,,,,,,,,,,,,,,,,,,,,,,,,,,,,,,,,,,,,,,,,,,,,,,,,,,,,,,,,,,,,,,,,,,,,,,,,,,,,,,,,,,,,,,,,,,,
,,,,,,,,,,,,,,,,,,,,,,,,,,,,,,,,,,,,,,,,,,,,,,,,,,,,,,,,,,,,,,,,,,,,,,,,,,,,,,,,,,,,,,,,,,,,,,,,,,,,,,,,,,,,,,,,,,,,,,,,,,,,,,,,,
,,,,,,,,,,,,,,,,,,,,,,,,,,,,,,,,,,,,,,,,,,,,,,,,,,,,,,,,,,,,,,,,,,,,,,,,,,,,,,,,,,,,,,,,,,,,,,,,,,,,,,,,,,,,,,,,,,,,,,,,,,,,,,,,,
,,,,,,,,,,,,,,,,,,,,,,,,,,,,,,,,,,,,,,,,,,,,,,,,,,,,,,,,,,,,,,,,,,,,,,,,,,,,,,,,,,,,,,,,,,,,,,,,,,,,,,,,,,,,,,,,,,,,,,,,,,,,,,,,,
,,,,,,,,,,,,,,,,,,,,,,,,,,,,,,,,,,,,,,,,,,,,,,,,,,,,,,,,,,,,,,,,,,,,,,,,,,,,,,,,,,,,,,,,,,,,,,,,,,,,,,,,,,,,,,,,,,,,,,,,,,,,,,,,,
,,,,,,,,,,,,,,,,,,,,,,,,,,,,,,,,,,,,,,,,,,,,,,,,,,,,,,,,,,,,,,,,,,,,,,,,,,,,,,,,,,,,,,,,,,,,,,,,,,,,,,,,,,,,,,,,,,,,,,,,,,,,,,,,,
,,,,,,,,,,,,,,,,,,,,,,,,,,,,,,,,,,,,,,,,,,,,,,,,,,,,,,,,,,,,,,,,,,,,,,,,,,,,,,,,,,,,,,,,,,,,,,,,,,,,,,,,,,,,,,,,,,,,,,,,,,,,,,,,,
,,,,,,,,,,,,,,,,,,,,,,,,,,,,,,,,,,,,,,,,,,,,,,,,,,,,,,,,,,,,,,,,,,,,,,,,,,,,,,,,,,,,,,,,,,,,,,,,,,,,,,,,,,,,,,,,,,,,,,,,,,,,,,,,,
,,,,,,,,,,,,,,,,,,,,,,,,,,,,,,,,,,,,,,,,,,,,,,,,,,,,,,,,,,,,,,,,,,,,,,,,,,,,,,,,,,,,,,,,,,,,,,,,,,,,,,,,,,,,,,,,,,,,,,,,,,,,,,,,,
,,,,,,,,,,,,,,,,,,,,,,,,,,,,,,,,,,,,,,,,,,,,,,,,,,,,,,,,,,,,,,,,,,,,,,,,,,,,,,,,,,,,,,,,,,,,,,,,,,,,,,,,,,,,,,,,,,,,,,,,,,,,,,,,,
,,,,,,,,,,,,,,,,,,,,,,,,,,,,,,,,,,,,,,,,,,,,,,,,,,,,,,,,,,,,,,,,,,,,,,,,,,,,,,,,,,,,,,,,,,,,,,,,,,,,,,,,,,,,,,,,,,,,,,,,,,,,,,,,,
,,,,,,,,,,,,,,,,,,,,,,,,,,,,,,,,,,,,,,,,,,,,,,,,,,,,,,,,,,,,,,,,,,,,,,,,,,,,,,,,,,,,,,,,,,,,,,,,,,,,,,,,,,,,,,,,,,,,,,,,,,,,,,,,,
,,,,,,,,,,,,,,,,,,,,,,,,,,,,,,,,,,,,,,,,,,,,,,,,,,,,,,,,,,,,,,,,,,,,,,,,,,,,,,,,,,,,,,,,,,,,,,,,,,,,,,,,,,,,,,,,,,,,,,,,,,,,,,,,,
,,,,,,,,,,,,,,,,,,,,,,,,,,,,,,,,,,,,,,,,,,,,,,,,,,,,,,,,,,,,,,,,,,,,,,,,,,,,,,,,,,,,,,,,,,,,,,,,,,,,,,,,,,,,,,,,,,,,,,,,,,,,,,,,,
,,,,,,,,,,,,,,,,,,,,,,,,,,,,,,,,,,,,,,,,,,,,,,,,,,,,,,,,,,,,,,,,,,,,,,,,,,,,,,,,,,,,,,,,,,,,,,,,,,,,,,,,,,,,,,,,,,,,,,,,,,,,,,,,,
,,,,,,,,,,,,,,,,,,,,,,,,,,,,,,,,,,,,,,,,,,,,,,,,,,,,,,,,,,,,,,,,,,,,,,,,,,,,,,,,,,,,,,,,,,,,,,,,,,,,,,,,,,,,,,,,,,,,,,,,,,,,,,,,,
,,,,,,,,,,,,,,,,,,,,,,,,,,,,,,,,,,,,,,,,,,,,,,,,,,,,,,,,,,,,,,,,,,,,,,,,,,,,,,,,,,,,,,,,,,,,,,,,,,,,,,,,,,,,,,,,,,,,,,,,,,,,,,,,,
,,,,,,,,,,,,,,,,,,,,,,,,,,,,,,,,,,,,,,,,,,,,,,,,,,,,,,,,,,,,,,,,,,,,,,,,,,,,,,,,,,,,,,,,,,,,,,,,,,,,,,,,,,,,,,,,,,,,,,,,,,,,,,,,,
,,,,,,,,,,,,,,,,,,,,,,,,,,,,,,,,,,,,,,,,,,,,,,,,,,,,,,,,,,,,,,,,,,,,,,,,,,,,,,,,,,,,,,,,,,,,,,,,,,,,,,,,,,,,,,,,,,,,,,,,,,,,,,,,,
,,,,,,,,,,,,,,,,,,,,,,,,,,,,,,,,,,,,,,,,,,,,,,,,,,,,,,,,,,,,,,,,,,,,,,,,,,,,,,,,,,,,,,,,,,,,,,,,,,,,,,,,,,,,,,,,,,,,,,,,,,,,,,,,,
,,,,,,,,,,,,,,,,,,,,,,,,,,,,,,,,,,,,,,,,,,,,,,,,,,,,,,,,,,,,,,,,,,,,,,,,,,,,,,,,,,,,,,,,,,,,,,,,,,,,,,,,,,,,,,,,,,,,,,,,,,,,,,,,,
,,,,,,,,,,,,,,,,,,,,,,,,,,,,,,,,,,,,,,,,,,,,,,,,,,,,,,,,,,,,,,,,,,,,,,,,,,,,,,,,,,,,,,,,,,,,,,,,,,,,,,,,,,,,,,,,,,,,,,,,,,,,,,,,,
,,,,,,,,,,,,,,,,,,,,,,,,,,,,,,,,,,,,,,,,,,,,,,,,,,,,,,,,,,,,,,,,,,,,,,,,,,,,,,,,,,,,,,,,,,,,,,,,,,,,,,,,,,,,,,,,,,,,,,,,,,,,,,,,,
,,,,,,,,,,,,,,,,,,,,,,,,,,,,,,,,,,,,,,,,,,,,,,,,,,,,,,,,,,,,,,,,,,,,,,,,,,,,,,,,,,,,,,,,,,,,,,,,,,,,,,,,,,,,,,,,,,,,,,,,,,,,,,,,,
,,,,,,,,,,,,,,,,,,,,,,,,,,,,,,,,,,,,,,,,,,,,,,,,,,,,,,,,,,,,,,,,,,,,,,,,,,,,,,,,,,,,,,,,,,,,,,,,,,,,,,,,,,,,,,,,,,,,,,,,,,,,,,,,,
,,,,,,,,,,,,,,,,,,,,,,,,,,,,,,,,,,,,,,,,,,,,,,,,,,,,,,,,,,,,,,,,,,,,,,,,,,,,,,,,,,,,,,,,,,,,,,,,,,,,,,,,,,,,,,,,,,,,,,,,,,,,,,,,,
,,,,,,,,,,,,,,,,,,,,,,,,,,,,,,,,,,,,,,,,,,,,,,,,,,,,,,,,,,,,,,,,,,,,,,,,,,,,,,,,,,,,,,,,,,,,,,,,,,,,,,,,,,,,,,,,,,,,,,,,,,,,,,,,,
,,,,,,,,,,,,,,,,,,,,,,,,,,,,,,,,,,,,,,,,,,,,,,,,,,,,,,,,,,,,,,,,,,,,,,,,,,,,,,,,,,,,,,,,,,,,,,,,,,,,,,,,,,,,,,,,,,,,,,,,,,,,,,,,,
,,,,,,,,,,,,,,,,,,,,,,,,,,,,,,,,,,,,,,,,,,,,,,,,,,,,,,,,,,,,,,,,,,,,,,,,,,,,,,,,,,,,,,,,,,,,,,,,,,,,,,,,,,,,,,,,,,,,,,,,,,,,,,,,,
,,,,,,,,,,,,,,,,,,,,,,,,,,,,,,,,,,,,,,,,,,,,,,,,,,,,,,,,,,,,,,,,,,,,,,,,,,,,,,,,,,,,,,,,,,,,,,,,,,,,,,,,,,,,,,,,,,,,,,,,,,,,,,,,,
,,,,,,,,,,,,,,,,,,,,,,,,,,,,,,,,,,,,,,,,,,,,,,,,,,,,,,,,,,,,,,,,,,,,,,,,,,,,,,,,,,,,,,,,,,,,,,,,,,,,,,,,,,,,,,,,,,,,,,,,,,,,,,,,,
,,,,,,,,,,,,,,,,,,,,,,,,,,,,,,,,,,,,,,,,,,,,,,,,,,,,,,,,,,,,,,,,,,,,,,,,,,,,,,,,,,,,,,,,,,,,,,,,,,,,,,,,,,,,,,,,,,,,,,,,,,,,,,,,,
,,,,,,,,,,,,,,,,,,,,,,,,,,,,,,,,,,,,,,,,,,,,,,,,,,,,,,,,,,,,,,,,,,,,,,,,,,,,,,,,,,,,,,,,,,,,,,,,,,,,,,,,,,,,,,,,,,,,,,,,,,,,,,,,,
,,,,,,,,,,,,,,,,,,,,,,,,,,,,,,,,,,,,,,,,,,,,,,,,,,,,,,,,,,,,,,,,,,,,,,,,,,,,,,,,,,,,,,,,,,,,,,,,,,,,,,,,,,,,,,,,,,,,,,,,,,,,,,,,,
,,,,,,,,,,,,,,,,,,,,,,,,,,,,,,,,,,,,,,,,,,,,,,,,,,,,,,,,,,,,,,,,,,,,,,,,,,,,,,,,,,,,,,,,,,,,,,,,,,,,,,,,,,,,,,,,,,,,,,,,,,,,,,,,,
,,,,,,,,,,,,,,,,,,,,,,,,,,,,,,,,,,,,,,,,,,,,,,,,,,,,,,,,,,,,,,,,,,,,,,,,,,,,,,,,,,,,,,,,,,,,,,,,,,,,,,,,,,,,,,,,,,,,,,,,,,,,,,,,,
,,,,,,,,,,,,,,,,,,,,,,,,,,,,,,,,,,,,,,,,,,,,,,,,,,,,,,,,,,,,,,,,,,,,,,,,,,,,,,,,,,,,,,,,,,,,,,,,,,,,,,,,,,,,,,,,,,,,,,,,,,,,,,,,,
,,,,,,,,,,,,,,,,,,,,,,,,,,,,,,,,,,,,,,,,,,,,,,,,,,,,,,,,,,,,,,,,,,,,,,,,,,,,,,,,,,,,,,,,,,,,,,,,,,,,,,,,,,,,,,,,,,,,,,,,,,,,,,,,,
,,,,,,,,,,,,,,,,,,,,,,,,,,,,,,,,,,,,,,,,,,,,,,,,,,,,,,,,,,,,,,,,,,,,,,,,,,,,,,,,,,,,,,,,,,,,,,,,,,,,,,,,,,,,,,,,,,,,,,,,,,,,,,,,,
,,,,,,,,,,,,,,,,,,,,,,,,,,,,,,,,,,,,,,,,,,,,,,,,,,,,,,,,,,,,,,,,,,,,,,,,,,,,,,,,,,,,,,,,,,,,,,,,,,,,,,,,,,,,,,,,,,,,,,,,,,,,,,,,,
,,,,,,,,,,,,,,,,,,,,,,,,,,,,,,,,,,,,,,,,,,,,,,,,,,,,,,,,,,,,,,,,,,,,,,,,,,,,,,,,,,,,,,,,,,,,,,,,,,,,,,,,,,,,,,,,,,,,,,,,,,,,,,,,,
,,,,,,,,,,,,,,,,,,,,,,,,,,,,,,,,,,,,,,,,,,,,,,,,,,,,,,,,,,,,,,,,,,,,,,,,,,,,,,,,,,,,,,,,,,,,,,,,,,,,,,,,,,,,,,,,,,,,,,,,,,,,,,,,,
,,,,,,,,,,,,,,,,,,,,,,,,,,,,,,,,,,,,,,,,,,,,,,,,,,,,,,,,,,,,,,,,,,,,,,,,,,,,,,,,,,,,,,,,,,,,,,,,,,,,,,,,,,,,,,,,,,,,,,,,,,,,,,,,,
,,,,,,,,,,,,,,,,,,,,,,,,,,,,,,,,,,,,,,,,,,,,,,,,,,,,,,,,,,,,,,,,,,,,,,,,,,,,,,,,,,,,,,,,,,,,,,,,,,,,,,,,,,,,,,,,,,,,,,,,,,,,,,,,,
,,,,,,,,,,,,,,,,,,,,,,,,,,,,,,,,,,,,,,,,,,,,,,,,,,,,,,,,,,,,,,,,,,,,,,,,,,,,,,,,,,,,,,,,,,,,,,,,,,,,,,,,,,,,,,,,,,,,,,,,,,,,,,,,,
,,,,,,,,,,,,,,,,,,,,,,,,,,,,,,,,,,,,,,,,,,,,,,,,,,,,,,,,,,,,,,,,,,,,,,,,,,,,,,,,,,,,,,,,,,,,,,,,,,,,,,,,,,,,,,,,,,,,,,,,,,,,,,,,,
,,,,,,,,,,,,,,,,,,,,,,,,,,,,,,,,,,,,,,,,,,,,,,,,,,,,,,,,,,,,,,,,,,,,,,,,,,,,,,,,,,,,,,,,,,,,,,,,,,,,,,,,,,,,,,,,,,,,,,,,,,,,,,,,,
,,,,,,,,,,,,,,,,,,,,,,,,,,,,,,,,,,,,,,,,,,,,,,,,,,,,,,,,,,,,,,,,,,,,,,,,,,,,,,,,,,,,,,,,,,,,,,,,,,,,,,,,,,,,,,,,,,,,,,,,,,,,,,,,,
,,,,,,,,,,,,,,,,,,,,,,,,,,,,,,,,,,,,,,,,,,,,,,,,,,,,,,,,,,,,,,,,,,,,,,,,,,,,,,,,,,,,,,,,,,,,,,,,,,,,,,,,,,,,,,,,,,,,,,,,,,,,,,,,,
,,,,,,,,,,,,,,,,,,,,,,,,,,,,,,,,,,,,,,,,,,,,,,,,,,,,,,,,,,,,,,,,,,,,,,,,,,,,,,,,,,,,,,,,,,,,,,,,,,,,,,,,,,,,,,,,,,,,,,,,,,,,,,,,,
,,,,,,,,,,,,,,,,,,,,,,,,,,,,,,,,,,,,,,,,,,,,,,,,,,,,,,,,,,,,,,,,,,,,,,,,,,,,,,,,,,,,,,,,,,,,,,,,,,,,,,,,,,,,,,,,,,,,,,,,,,,,,,,,,
,,,,,,,,,,,,,,,,,,,,,,,,,,,,,,,,,,,,,,,,,,,,,,,,,,,,,,,,,,,,,,,,,,,,,,,,,,,,,,,,,,,,,,,,,,,,,,,,,,,,,,,,,,,,,,,,,,,,,,,,,,,,,,,,,
,,,,,,,,,,,,,,,,,,,,,,,,,,,,,,,,,,,,,,,,,,,,,,,,,,,,,,,,,,,,,,,,,,,,,,,,,,,,,,,,,,,,,,,,,,,,,,,,,,,,,,,,,,,,,,,,,,,,,,,,,,,,,,,,,
,,,,,,,,,,,,,,,,,,,,,,,,,,,,,,,,,,,,,,,,,,,,,,,,,,,,,,,,,,,,,,,,,,,,,,,,,,,,,,,,,,,,,,,,,,,,,,,,,,,,,,,,,,,,,,,,,,,,,,,,,,,,,,,,,
,,,,,,,,,,,,,,,,,,,,,,,,,,,,,,,,,,,,,,,,,,,,,,,,,,,,,,,,,,,,,,,,,,,,,,,,,,,,,,,,,,,,,,,,,,,,,,,,,,,,,,,,,,,,,,,,,,,,,,,,,,,,,,,,,
,,,,,,,,,,,,,,,,,,,,,,,,,,,,,,,,,,,,,,,,,,,,,,,,,,,,,,,,,,,,,,,,,,,,,,,,,,,,,,,,,,,,,,,,,,,,,,,,,,,,,,,,,,,,,,,,,,,,,,,,,,,,,,,,,
,,,,,,,,,,,,,,,,,,,,,,,,,,,,,,,,,,,,,,,,,,,,,,,,,,,,,,,,,,,,,,,,,,,,,,,,,,,,,,,,,,,,,,,,,,,,,,,,,,,,,,,,,,,,,,,,,,,,,,,,,,,,,,,,,
,,,,,,,,,,,,,,,,,,,,,,,,,,,,,,,,,,,,,,,,,,,,,,,,,,,,,,,,,,,,,,,,,,,,,,,,,,,,,,,,,,,,,,,,,,,,,,,,,,,,,,,,,,,,,,,,,,,,,,,,,,,,,,,,,
,,,,,,,,,,,,,,,,,,,,,,,,,,,,,,,,,,,,,,,,,,,,,,,,,,,,,,,,,,,,,,,,,,,,,,,,,,,,,,,,,,,,,,,,,,,,,,,,,,,,,,,,,,,,,,,,,,,,,,,,,,,,,,,,,
,,,,,,,,,,,,,,,,,,,,,,,,,,,,,,,,,,,,,,,,,,,,,,,,,,,,,,,,,,,,,,,,,,,,,,,,,,,,,,,,,,,,,,,,,,,,,,,,,,,,,,,,,,,,,,,,,,,,,,,,,,,,,,,,,
,,,,,,,,,,,,,,,,,,,,,,,,,,,,,,,,,,,,,,,,,,,,,,,,,,,,,,,,,,,,,,,,,,,,,,,,,,,,,,,,,,,,,,,,,,,,,,,,,,,,,,,,,,,,,,,,,,,,,,,,,,,,,,,,,
,,,,,,,,,,,,,,,,,,,,,,,,,,,,,,,,,,,,,,,,,,,,,,,,,,,,,,,,,,,,,,,,,,,,,,,,,,,,,,,,,,,,,,,,,,,,,,,,,,,,,,,,,,,,,,,,,,,,,,,,,,,,,,,,,
,,,,,,,,,,,,,,,,,,,,,,,,,,,,,,,,,,,,,,,,,,,,,,,,,,,,,,,,,,,,,,,,,,,,,,,,,,,,,,,,,,,,,,,,,,,,,,,,,,,,,,,,,,,,,,,,,,,,,,,,,,,,,,,,,
,,,,,,,,,,,,,,,,,,,,,,,,,,,,,,,,,,,,,,,,,,,,,,,,,,,,,,,,,,,,,,,,,,,,,,,,,,,,,,,,,,,,,,,,,,,,,,,,,,,,,,,,,,,,,,,,,,,,,,,,,,,,,,,,,
,,,,,,,,,,,,,,,,,,,,,,,,,,,,,,,,,,,,,,,,,,,,,,,,,,,,,,,,,,,,,,,,,,,,,,,,,,,,,,,,,,,,,,,,,,,,,,,,,,,,,,,,,,,,,,,,,,,,,,,,,,,,,,,,,
,,,,,,,,,,,,,,,,,,,,,,,,,,,,,,,,,,,,,,,,,,,,,,,,,,,,,,,,,,,,,,,,,,,,,,,,,,,,,,,,,,,,,,,,,,,,,,,,,,,,,,,,,,,,,,,,,,,,,,,,,,,,,,,,,
,,,,,,,,,,,,,,,,,,,,,,,,,,,,,,,,,,,,,,,,,,,,,,,,,,,,,,,,,,,,,,,,,,,,,,,,,,,,,,,,,,,,,,,,,,,,,,,,,,,,,,,,,,,,,,,,,,,,,,,,,,,,,,,,,
,,,,,,,,,,,,,,,,,,,,,,,,,,,,,,,,,,,,,,,,,,,,,,,,,,,,,,,,,,,,,,,,,,,,,,,,,,,,,,,,,,,,,,,,,,,,,,,,,,,,,,,,,,,,,,,,,,,,,,,,,,,,,,,,,
,,,,,,,,,,,,,,,,,,,,,,,,,,,,,,,,,,,,,,,,,,,,,,,,,,,,,,,,,,,,,,,,,,,,,,,,,,,,,,,,,,,,,,,,,,,,,,,,,,,,,,,,,,,,,,,,,,,,,,,,,,,,,,,,,
,,,,,,,,,,,,,,,,,,,,,,,,,,,,,,,,,,,,,,,,,,,,,,,,,,,,,,,,,,,,,,,,,,,,,,,,,,,,,,,,,,,,,,,,,,,,,,,,,,,,,,,,,,,,,,,,,,,,,,,,,,,,,,,,,
,,,,,,,,,,,,,,,,,,,,,,,,,,,,,,,,,,,,,,,,,,,,,,,,,,,,,,,,,,,,,,,,,,,,,,,,,,,,,,,,,,,,,,,,,,,,,,,,,,,,,,,,,,,,,,,,,,,,,,,,,,,,,,,,,
,,,,,,,,,,,,,,,,,,,,,,,,,,,,,,,,,,,,,,,,,,,,,,,,,,,,,,,,,,,,,,,,,,,,,,,,,,,,,,,,,,,,,,,,,,,,,,,,,,,,,,,,,,,,,,,,,,,,,,,,,,,,,,,,,
,,,,,,,,,,,,,,,,,,,,,,,,,,,,,,,,,,,,,,,,,,,,,,,,,,,,,,,,,,,,,,,,,,,,,,,,,,,,,,,,,,,,,,,,,,,,,,,,,,,,,,,,,,,,,,,,,,,,,,,,,,,,,,,,,
,,,,,,,,,,,,,,,,,,,,,,,,,,,,,,,,,,,,,,,,,,,,,,,,,,,,,,,,,,,,,,,,,,,,,,,,,,,,,,,,,,,,,,,,,,,,,,,,,,,,,,,,,,,,,,,,,,,,,,,,,,,,,,,,,
,,,,,,,,,,,,,,,,,,,,,,,,,,,,,,,,,,,,,,,,,,,,,,,,,,,,,,,,,,,,,,,,,,,,,,,,,,,,,,,,,,,,,,,,,,,,,,,,,,,,,,,,,,,,,,,,,,,,,,,,,,,,,,,,,
,,,,,,,,,,,,,,,,,,,,,,,,,,,,,,,,,,,,,,,,,,,,,,,,,,,,,,,,,,,,,,,,,,,,,,,,,,,,,,,,,,,,,,,,,,,,,,,,,,,,,,,,,,,,,,,,,,,,,,,,,,,,,,,,,
,,,,,,,,,,,,,,,,,,,,,,,,,,,,,,,,,,,,,,,,,,,,,,,,,,,,,,,,,,,,,,,,,,,,,,,,,,,,,,,,,,,,,,,,,,,,,,,,,,,,,,,,,,,,,,,,,,,,,,,,,,,,,,,,,
,,,,,,,,,,,,,,,,,,,,,,,,,,,,,,,,,,,,,,,,,,,,,,,,,,,,,,,,,,,,,,,,,,,,,,,,,,,,,,,,,,,,,,,,,,,,,,,,,,,,,,,,,,,,,,,,,,,,,,,,,,,,,,,,,
,,,,,,,,,,,,,,,,,,,,,,,,,,,,,,,,,,,,,,,,,,,,,,,,,,,,,,,,,,,,,,,,,,,,,,,,,,,,,,,,,,,,,,,,,,,,,,,,,,,,,,,,,,,,,,,,,,,,,,,,,,,,,,,,,
,,,,,,,,,,,,,,,,,,,,,,,,,,,,,,,,,,,,,,,,,,,,,,,,,,,,,,,,,,,,,,,,,,,,,,,,,,,,,,,,,,,,,,,,,,,,,,,,,,,,,,,,,,,,,,,,,,,,,,,,,,,,,,,,,
,,,,,,,,,,,,,,,,,,,,,,,,,,,,,,,,,,,,,,,,,,,,,,,,,,,,,,,,,,,,,,,,,,,,,,,,,,,,,,,,,,,,,,,,,,,,,,,,,,,,,,,,,,,,,,,,,,,,,,,,,,,,,,,,,
,,,,,,,,,,,,,,,,,,,,,,,,,,,,,,,,,,,,,,,,,,,,,,,,,,,,,,,,,,,,,,,,,,,,,,,,,,,,,,,,,,,,,,,,,,,,,,,,,,,,,,,,,,,,,,,,,,,,,,,,,,,,,,,,,
,,,,,,,,,,,,,,,,,,,,,,,,,,,,,,,,,,,,,,,,,,,,,,,,,,,,,,,,,,,,,,,,,,,,,,,,,,,,,,,,,,,,,,,,,,,,,,,,,,,,,,,,,,,,,,,,,,,,,,,,,,,,,,,,,
,,,,,,,,,,,,,,,,,,,,,,,,,,,,,,,,,,,,,,,,,,,,,,,,,,,,,,,,,,,,,,,,,,,,,,,,,,,,,,,,,,,,,,,,,,,,,,,,,,,,,,,,,,,,,,,,,,,,,,,,,,,,,,,,,
,,,,,,,,,,,,,,,,,,,,,,,,,,,,,,,,,,,,,,,,,,,,,,,,,,,,,,,,,,,,,,,,,,,,,,,,,,,,,,,,,,,,,,,,,,,,,,,,,,,,,,,,,,,,,,,,,,,,,,,,,,,,,,,,,
,,,,,,,,,,,,,,,,,,,,,,,,,,,,,,,,,,,,,,,,,,,,,,,,,,,,,,,,,,,,,,,,,,,,,,,,,,,,,,,,,,,,,,,,,,,,,,,,,,,,,,,,,,,,,,,,,,,,,,,,,,,,,,,,,
,,,,,,,,,,,,,,,,,,,,,,,,,,,,,,,,,,,,,,,,,,,,,,,,,,,,,,,,,,,,,,,,,,,,,,,,,,,,,,,,,,,,,,,,,,,,,,,,,,,,,,,,,,,,,,,,,,,,,,,,,,,,,,,,,
,,,,,,,,,,,,,,,,,,,,,,,,,,,,,,,,,,,,,,,,,,,,,,,,,,,,,,,,,,,,,,,,,,,,,,,,,,,,,,,,,,,,,,,,,,,,,,,,,,,,,,,,,,,,,,,,,,,,,,,,,,,,,,,,,
,,,,,,,,,,,,,,,,,,,,,,,,,,,,,,,,,,,,,,,,,,,,,,,,,,,,,,,,,,,,,,,,,,,,,,,,,,,,,,,,,,,,,,,,,,,,,,,,,,,,,,,,,,,,,,,,,,,,,,,,,,,,,,,,,
,,,,,,,,,,,,,,,,,,,,,,,,,,,,,,,,,,,,,,,,,,,,,,,,,,,,,,,,,,,,,,,,,,,,,,,,,,,,,,,,,,,,,,,,,,,,,,,,,,,,,,,,,,,,,,,,,,,,,,,,,,,,,,,,,
,,,,,,,,,,,,,,,,,,,,,,,,,,,,,,,,,,,,,,,,,,,,,,,,,,,,,,,,,,,,,,,,,,,,,,,,,,,,,,,,,,,,,,,,,,,,,,,,,,,,,,,,,,,,,,,,,,,,,,,,,,,,,,,,,
,,,,,,,,,,,,,,,,,,,,,,,,,,,,,,,,,,,,,,,,,,,,,,,,,,,,,,,,,,,,,,,,,,,,,,,,,,,,,,,,,,,,,,,,,,,,,,,,,,,,,,,,,,,,,,,,,,,,,,,,,,,,,,,,,
,,,,,,,,,,,,,,,,,,,,,,,,,,,,,,,,,,,,,,,,,,,,,,,,,,,,,,,,,,,,,,,,,,,,,,,,,,,,,,,,,,,,,,,,,,,,,,,,,,,,,,,,,,,,,,,,,,,,,,,,,,,,,,,,,
,,,,,,,,,,,,,,,,,,,,,,,,,,,,,,,,,,,,,,,,,,,,,,,,,,,,,,,,,,,,,,,,,,,,,,,,,,,,,,,,,,,,,,,,,,,,,,,,,,,,,,,,,,,,,,,,,,,,,,,,,,,,,,,,,
,,,,,,,,,,,,,,,,,,,,,,,,,,,,,,,,,,,,,,,,,,,,,,,,,,,,,,,,,,,,,,,,,,,,,,,,,,,,,,,,,,,,,,,,,,,,,,,,,,,,,,,,,,,,,,,,,,,,,,,,,,,,,,,,,
,,,,,,,,,,,,,,,,,,,,,,,,,,,,,,,,,,,,,,,,,,,,,,,,,,,,,,,,,,,,,,,,,,,,,,,,,,,,,,,,,,,,,,,,,,,,,,,,,,,,,,,,,,,,,,,,,,,,,,,,,,,,,,,,,
,,,,,,,,,,,,,,,,,,,,,,,,,,,,,,,,,,,,,,,,,,,,,,,,,,,,,,,,,,,,,,,,,,,,,,,,,,,,,,,,,,,,,,,,,,,,,,,,,,,,,,,,,,,,,,,,,,,,,,,,,,,,,,,,,
,,,,,,,,,,,,,,,,,,,,,,,,,,,,,,,,,,,,,,,,,,,,,,,,,,,,,,,,,,,,,,,,,,,,,,,,,,,,,,,,,,,,,,,,,,,,,,,,,,,,,,,,,,,,,,,,,,,,,,,,,,,,,,,,,
,,,,,,,,,,,,,,,,,,,,,,,,,,,,,,,,,,,,,,,,,,,,,,,,,,,,,,,,,,,,,,,,,,,,,,,,,,,,,,,,,,,,,,,,,,,,,,,,,,,,,,,,,,,,,,,,,,,,,,,,,,,,,,,,,
,,,,,,,,,,,,,,,,,,,,,,,,,,,,,,,,,,,,,,,,,,,,,,,,,,,,,,,,,,,,,,,,,,,,,,,,,,,,,,,,,,,,,,,,,,,,,,,,,,,,,,,,,,,,,,,,,,,,,,,,,,,,,,,,,
,,,,,,,,,,,,,,,,,,,,,,,,,,,,,,,,,,,,,,,,,,,,,,,,,,,,,,,,,,,,,,,,,,,,,,,,,,,,,,,,,,,,,,,,,,,,,,,,,,,,,,,,,,,,,,,,,,,,,,,,,,,,,,,,,
,,,,,,,,,,,,,,,,,,,,,,,,,,,,,,,,,,,,,,,,,,,,,,,,,,,,,,,,,,,,,,,,,,,,,,,,,,,,,,,,,,,,,,,,,,,,,,,,,,,,,,,,,,,,,,,,,,,,,,,,,,,,,,,,,
,,,,,,,,,,,,,,,,,,,,,,,,,,,,,,,,,,,,,,,,,,,,,,,,,,,,,,,,,,,,,,,,,,,,,,,,,,,,,,,,,,,,,,,,,,,,,,,,,,,,,,,,,,,,,,,,,,,,,,,,,,,,,,,,,
,,,,,,,,,,,,,,,,,,,,,,,,,,,,,,,,,,,,,,,,,,,,,,,,,,,,,,,,,,,,,,,,,,,,,,,,,,,,,,,,,,,,,,,,,,,,,,,,,,,,,,,,,,,,,,,,,,,,,,,,,,,,,,,,,
,,,,,,,,,,,,,,,,,,,,,,,,,,,,,,,,,,,,,,,,,,,,,,,,,,,,,,,,,,,,,,,,,,,,,,,,,,,,,,,,,,,,,,,,,,,,,,,,,,,,,,,,,,,,,,,,,,,,,,,,,,,,,,,,,
,,,,,,,,,,,,,,,,,,,,,,,,,,,,,,,,,,,,,,,,,,,,,,,,,,,,,,,,,,,,,,,,,,,,,,,,,,,,,,,,,,,,,,,,,,,,,,,,,,,,,,,,,,,,,,,,,,,,,,,,,,,,,,,,,
,,,,,,,,,,,,,,,,,,,,,,,,,,,,,,,,,,,,,,,,,,,,,,,,,,,,,,,,,,,,,,,,,,,,,,,,,,,,,,,,,,,,,,,,,,,,,,,,,,,,,,,,,,,,,,,,,,,,,,,,,,,,,,,,,
,,,,,,,,,,,,,,,,,,,,,,,,,,,,,,,,,,,,,,,,,,,,,,,,,,,,,,,,,,,,,,,,,,,,,,,,,,,,,,,,,,,,,,,,,,,,,,,,,,,,,,,,,,,,,,,,,,,,,,,,,,,,,,,,,
,,,,,,,,,,,,,,,,,,,,,,,,,,,,,,,,,,,,,,,,,,,,,,,,,,,,,,,,,,,,,,,,,,,,,,,,,,,,,,,,,,,,,,,,,,,,,,,,,,,,,,,,,,,,,,,,,,,,,,,,,,,,,,,,,
,,,,,,,,,,,,,,,,,,,,,,,,,,,,,,,,,,,,,,,,,,,,,,,,,,,,,,,,,,,,,,,,,,,,,,,,,,,,,,,,,,,,,,,,,,,,,,,,,,,,,,,,,,,,,,,,,,,,,,,,,,,,,,,,,
,,,,,,,,,,,,,,,,,,,,,,,,,,,,,,,,,,,,,,,,,,,,,,,,,,,,,,,,,,,,,,,,,,,,,,,,,,,,,,,,,,,,,,,,,,,,,,,,,,,,,,,,,,,,,,,,,,,,,,,,,,,,,,,,,
,,,,,,,,,,,,,,,,,,,,,,,,,,,,,,,,,,,,,,,,,,,,,,,,,,,,,,,,,,,,,,,,,,,,,,,,,,,,,,,,,,,,,,,,,,,,,,,,,,,,,,,,,,,,,,,,,,,,,,,,,,,,,,,,,
,,,,,,,,,,,,,,,,,,,,,,,,,,,,,,,,,,,,,,,,,,,,,,,,,,,,,,,,,,,,,,,,,,,,,,,,,,,,,,,,,,,,,,,,,,,,,,,,,,,,,,,,,,,,,,,,,,,,,,,,,,,,,,,,,
,,,,,,,,,,,,,,,,,,,,,,,,,,,,,,,,,,,,,,,,,,,,,,,,,,,,,,,,,,,,,,,,,,,,,,,,,,,,,,,,,,,,,,,,,,,,,,,,,,,,,,,,,,,,,,,,,,,,,,,,,,,,,,,,,
,,,,,,,,,,,,,,,,,,,,,,,,,,,,,,,,,,,,,,,,,,,,,,,,,,,,,,,,,,,,,,,,,,,,,,,,,,,,,,,,,,,,,,,,,,,,,,,,,,,,,,,,,,,,,,,,,,,,,,,,,,,,,,,,,
,,,,,,,,,,,,,,,,,,,,,,,,,,,,,,,,,,,,,,,,,,,,,,,,,,,,,,,,,,,,,,,,,,,,,,,,,,,,,,,,,,,,,,,,,,,,,,,,,,,,,,,,,,,,,,,,,,,,,,,,,,,,,,,,,
,,,,,,,,,,,,,,,,,,,,,,,,,,,,,,,,,,,,,,,,,,,,,,,,,,,,,,,,,,,,,,,,,,,,,,,,,,,,,,,,,,,,,,,,,,,,,,,,,,,,,,,,,,,,,,,,,,,,,,,,,,,,,,,,,
,,,,,,,,,,,,,,,,,,,,,,,,,,,,,,,,,,,,,,,,,,,,,,,,,,,,,,,,,,,,,,,,,,,,,,,,,,,,,,,,,,,,,,,,,,,,,,,,,,,,,,,,,,,,,,,,,,,,,,,,,,,,,,,,,
,,,,,,,,,,,,,,,,,,,,,,,,,,,,,,,,,,,,,,,,,,,,,,,,,,,,,,,,,,,,,,,,,,,,,,,,,,,,,,,,,,,,,,,,,,,,,,,,,,,,,,,,,,,,,,,,,,,,,,,,,,,,,,,,,
,,,,,,,,,,,,,,,,,,,,,,,,,,,,,,,,,,,,,,,,,,,,,,,,,,,,,,,,,,,,,,,,,,,,,,,,,,,,,,,,,,,,,,,,,,,,,,,,,,,,,,,,,,,,,,,,,,,,,,,,,,,,,,,,,
,,,,,,,,,,,,,,,,,,,,,,,,,,,,,,,,,,,,,,,,,,,,,,,,,,,,,,,,,,,,,,,,,,,,,,,,,,,,,,,,,,,,,,,,,,,,,,,,,,,,,,,,,,,,,,,,,,,,,,,,,,,,,,,,,
,,,,,,,,,,,,,,,,,,,,,,,,,,,,,,,,,,,,,,,,,,,,,,,,,,,,,,,,,,,,,,,,,,,,,,,,,,,,,,,,,,,,,,,,,,,,,,,,,,,,,,,,,,,,,,,,,,,,,,,,,,,,,,,,,
,,,,,,,,,,,,,,,,,,,,,,,,,,,,,,,,,,,,,,,,,,,,,,,,,,,,,,,,,,,,,,,,,,,,,,,,,,,,,,,,,,,,,,,,,,,,,,,,,,,,,,,,,,,,,,,,,,,,,,,,,,,,,,,,,
,,,,,,,,,,,,,,,,,,,,,,,,,,,,,,,,,,,,,,,,,,,,,,,,,,,,,,,,,,,,,,,,,,,,,,,,,,,,,,,,,,,,,,,,,,,,,,,,,,,,,,,,,,,,,,,,,,,,,,,,,,,,,,,,,
,,,,,,,,,,,,,,,,,,,,,,,,,,,,,,,,,,,,,,,,,,,,,,,,,,,,,,,,,,,,,,,,,,,,,,,,,,,,,,,,,,,,,,,,,,,,,,,,,,,,,,,,,,,,,,,,,,,,,,,,,,,,,,,,,
,,,,,,,,,,,,,,,,,,,,,,,,,,,,,,,,,,,,,,,,,,,,,,,,,,,,,,,,,,,,,,,,,,,,,,,,,,,,,,,,,,,,,,,,,,,,,,,,,,,,,,,,,,,,,,,,,,,,,,,,,,,,,,,,,
,,,,,,,,,,,,,,,,,,,,,,,,,,,,,,,,,,,,,,,,,,,,,,,,,,,,,,,,,,,,,,,,,,,,,,,,,,,,,,,,,,,,,,,,,,,,,,,,,,,,,,,,,,,,,,,,,,,,,,,,,,,,,,,,,
,,,,,,,,,,,,,,,,,,,,,,,,,,,,,,,,,,,,,,,,,,,,,,,,,,,,,,,,,,,,,,,,,,,,,,,,,,,,,,,,,,,,,,,,,,,,,,,,,,,,,,,,,,,,,,,,,,,,,,,,,,,,,,,,,
,,,,,,,,,,,,,,,,,,,,,,,,,,,,,,,,,,,,,,,,,,,,,,,,,,,,,,,,,,,,,,,,,,,,,,,,,,,,,,,,,,,,,,,,,,,,,,,,,,,,,,,,,,,,,,,,,,,,,,,,,,,,,,,,,
,,,,,,,,,,,,,,,,,,,,,,,,,,,,,,,,,,,,,,,,,,,,,,,,,,,,,,,,,,,,,,,,,,,,,,,,,,,,,,,,,,,,,,,,,,,,,,,,,,,,,,,,,,,,,,,,,,,,,,,,,,,,,,,,,
,,,,,,,,,,,,,,,,,,,,,,,,,,,,,,,,,,,,,,,,,,,,,,,,,,,,,,,,,,,,,,,,,,,,,,,,,,,,,,,,,,,,,,,,,,,,,,,,,,,,,,,,,,,,,,,,,,,,,,,,,,,,,,,,,
,,,,,,,,,,,,,,,,,,,,,,,,,,,,,,,,,,,,,,,,,,,,,,,,,,,,,,,,,,,,,,,,,,,,,,,,,,,,,,,,,,,,,,,,,,,,,,,,,,,,,,,,,,,,,,,,,,,,,,,,,,,,,,,,,
,,,,,,,,,,,,,,,,,,,,,,,,,,,,,,,,,,,,,,,,,,,,,,,,,,,,,,,,,,,,,,,,,,,,,,,,,,,,,,,,,,,,,,,,,,,,,,,,,,,,,,,,,,,,,,,,,,,,,,,,,,,,,,,,,
,,,,,,,,,,,,,,,,,,,,,,,,,,,,,,,,,,,,,,,,,,,,,,,,,,,,,,,,,,,,,,,,,,,,,,,,,,,,,,,,,,,,,,,,,,,,,,,,,,,,,,,,,,,,,,,,,,,,,,,,,,,,,,,,,
,,,,,,,,,,,,,,,,,,,,,,,,,,,,,,,,,,,,,,,,,,,,,,,,,,,,,,,,,,,,,,,,,,,,,,,,,,,,,,,,,,,,,,,,,,,,,,,,,,,,,,,,,,,,,,,,,,,,,,,,,,,,,,,,,
,,,,,,,,,,,,,,,,,,,,,,,,,,,,,,,,,,,,,,,,,,,,,,,,,,,,,,,,,,,,,,,,,,,,,,,,,,,,,,,,,,,,,,,,,,,,,,,,,,,,,,,,,,,,,,,,,,,,,,,,,,,,,,,,,
,,,,,,,,,,,,,,,,,,,,,,,,,,,,,,,,,,,,,,,,,,,,,,,,,,,,,,,,,,,,,,,,,,,,,,,,,,,,,,,,,,,,,,,,,,,,,,,,,,,,,,,,,,,,,,,,,,,,,,,,,,,,,,,,,
,,,,,,,,,,,,,,,,,,,,,,,,,,,,,,,,,,,,,,,,,,,,,,,,,,,,,,,,,,,,,,,,,,,,,,,,,,,,,,,,,,,,,,,,,,,,,,,,,,,,,,,,,,,,,,,,,,,,,,,,,,,,,,,,,
,,,,,,,,,,,,,,,,,,,,,,,,,,,,,,,,,,,,,,,,,,,,,,,,,,,,,,,,,,,,,,,,,,,,,,,,,,,,,,,,,,,,,,,,,,,,,,,,,,,,,,,,,,,,,,,,,,,,,,,,,,,,,,,,,
,,,,,,,,,,,,,,,,,,,,,,,,,,,,,,,,,,,,,,,,,,,,,,,,,,,,,,,,,,,,,,,,,,,,,,,,,,,,,,,,,,,,,,,,,,,,,,,,,,,,,,,,,,,,,,,,,,,,,,,,,,,,,,,,,
,,,,,,,,,,,,,,,,,,,,,,,,,,,,,,,,,,,,,,,,,,,,,,,,,,,,,,,,,,,,,,,,,,,,,,,,,,,,,,,,,,,,,,,,,,,,,,,,,,,,,,,,,,,,,,,,,,,,,,,,,,,,,,,,,
,,,,,,,,,,,,,,,,,,,,,,,,,,,,,,,,,,,,,,,,,,,,,,,,,,,,,,,,,,,,,,,,,,,,,,,,,,,,,,,,,,,,,,,,,,,,,,,,,,,,,,,,,,,,,,,,,,,,,,,,,,,,,,,,,
,,,,,,,,,,,,,,,,,,,,,,,,,,,,,,,,,,,,,,,,,,,,,,,,,,,,,,,,,,,,,,,,,,,,,,,,,,,,,,,,,,,,,,,,,,,,,,,,,,,,,,,,,,,,,,,,,,,,,,,,,,,,,,,,,
,,,,,,,,,,,,,,,,,,,,,,,,,,,,,,,,,,,,,,,,,,,,,,,,,,,,,,,,,,,,,,,,,,,,,,,,,,,,,,,,,,,,,,,,,,,,,,,,,,,,,,,,,,,,,,,,,,,,,,,,,,,,,,,,,
,,,,,,,,,,,,,,,,,,,,,,,,,,,,,,,,,,,,,,,,,,,,,,,,,,,,,,,,,,,,,,,,,,,,,,,,,,,,,,,,,,,,,,,,,,,,,,,,,,,,,,,,,,,,,,,,,,,,,,,,,,,,,,,,,
,,,,,,,,,,,,,,,,,,,,,,,,,,,,,,,,,,,,,,,,,,,,,,,,,,,,,,,,,,,,,,,,,,,,,,,,,,,,,,,,,,,,,,,,,,,,,,,,,,,,,,,,,,,,,,,,,,,,,,,,,,,,,,,,,
,,,,,,,,,,,,,,,,,,,,,,,,,,,,,,,,,,,,,,,,,,,,,,,,,,,,,,,,,,,,,,,,,,,,,,,,,,,,,,,,,,,,,,,,,,,,,,,,,,,,,,,,,,,,,,,,,,,,,,,,,,,,,,,,,
,,,,,,,,,,,,,,,,,,,,,,,,,,,,,,,,,,,,,,,,,,,,,,,,,,,,,,,,,,,,,,,,,,,,,,,,,,,,,,,,,,,,,,,,,,,,,,,,,,,,,,,,,,,,,,,,,,,,,,,,,,,,,,,,,
,,,,,,,,,,,,,,,,,,,,,,,,,,,,,,,,,,,,,,,,,,,,,,,,,,,,,,,,,,,,,,,,,,,,,,,,,,,,,,,,,,,,,,,,,,,,,,,,,,,,,,,,,,,,,,,,,,,,,,,,,,,,,,,,,
,,,,,,,,,,,,,,,,,,,,,,,,,,,,,,,,,,,,,,,,,,,,,,,,,,,,,,,,,,,,,,,,,,,,,,,,,,,,,,,,,,,,,,,,,,,,,,,,,,,,,,,,,,,,,,,,,,,,,,,,,,,,,,,,,
,,,,,,,,,,,,,,,,,,,,,,,,,,,,,,,,,,,,,,,,,,,,,,,,,,,,,,,,,,,,,,,,,,,,,,,,,,,,,,,,,,,,,,,,,,,,,,,,,,,,,,,,,,,,,,,,,,,,,,,,,,,,,,,,,
,,,,,,,,,,,,,,,,,,,,,,,,,,,,,,,,,,,,,,,,,,,,,,,,,,,,,,,,,,,,,,,,,,,,,,,,,,,,,,,,,,,,,,,,,,,,,,,,,,,,,,,,,,,,,,,,,,,,,,,,,,,,,,,,,
,,,,,,,,,,,,,,,,,,,,,,,,,,,,,,,,,,,,,,,,,,,,,,,,,,,,,,,,,,,,,,,,,,,,,,,,,,,,,,,,,,,,,,,,,,,,,,,,,,,,,,,,,,,,,,,,,,,,,,,,,,,,,,,,,
,,,,,,,,,,,,,,,,,,,,,,,,,,,,,,,,,,,,,,,,,,,,,,,,,,,,,,,,,,,,,,,,,,,,,,,,,,,,,,,,,,,,,,,,,,,,,,,,,,,,,,,,,,,,,,,,,,,,,,,,,,,,,,,,,
,,,,,,,,,,,,,,,,,,,,,,,,,,,,,,,,,,,,,,,,,,,,,,,,,,,,,,,,,,,,,,,,,,,,,,,,,,,,,,,,,,,,,,,,,,,,,,,,,,,,,,,,,,,,,,,,,,,,,,,,,,,,,,,,,
,,,,,,,,,,,,,,,,,,,,,,,,,,,,,,,,,,,,,,,,,,,,,,,,,,,,,,,,,,,,,,,,,,,,,,,,,,,,,,,,,,,,,,,,,,,,,,,,,,,,,,,,,,,,,,,,,,,,,,,,,,,,,,,,,
,,,,,,,,,,,,,,,,,,,,,,,,,,,,,,,,,,,,,,,,,,,,,,,,,,,,,,,,,,,,,,,,,,,,,,,,,,,,,,,,,,,,,,,,,,,,,,,,,,,,,,,,,,,,,,,,,,,,,,,,,,,,,,,,,
,,,,,,,,,,,,,,,,,,,,,,,,,,,,,,,,,,,,,,,,,,,,,,,,,,,,,,,,,,,,,,,,,,,,,,,,,,,,,,,,,,,,,,,,,,,,,,,,,,,,,,,,,,,,,,,,,,,,,,,,,,,,,,,,,
,,,,,,,,,,,,,,,,,,,,,,,,,,,,,,,,,,,,,,,,,,,,,,,,,,,,,,,,,,,,,,,,,,,,,,,,,,,,,,,,,,,,,,,,,,,,,,,,,,,,,,,,,,,,,,,,,,,,,,,,,,,,,,,,,
,,,,,,,,,,,,,,,,,,,,,,,,,,,,,,,,,,,,,,,,,,,,,,,,,,,,,,,,,,,,,,,,,,,,,,,,,,,,,,,,,,,,,,,,,,,,,,,,,,,,,,,,,,,,,,,,,,,,,,,,,,,,,,,,,
,,,,,,,,,,,,,,,,,,,,,,,,,,,,,,,,,,,,,,,,,,,,,,,,,,,,,,,,,,,,,,,,,,,,,,,,,,,,,,,,,,,,,,,,,,,,,,,,,,,,,,,,,,,,,,,,,,,,,,,,,,,,,,,,,
,,,,,,,,,,,,,,,,,,,,,,,,,,,,,,,,,,,,,,,,,,,,,,,,,,,,,,,,,,,,,,,,,,,,,,,,,,,,,,,,,,,,,,,,,,,,,,,,,,,,,,,,,,,,,,,,,,,,,,,,,,,,,,,,,
,,,,,,,,,,,,,,,,,,,,,,,,,,,,,,,,,,,,,,,,,,,,,,,,,,,,,,,,,,,,,,,,,,,,,,,,,,,,,,,,,,,,,,,,,,,,,,,,,,,,,,,,,,,,,,,,,,,,,,,,,,,,,,,,,
,,,,,,,,,,,,,,,,,,,,,,,,,,,,,,,,,,,,,,,,,,,,,,,,,,,,,,,,,,,,,,,,,,,,,,,,,,,,,,,,,,,,,,,,,,,,,,,,,,,,,,,,,,,,,,,,,,,,,,,,,,,,,,,,,
,,,,,,,,,,,,,,,,,,,,,,,,,,,,,,,,,,,,,,,,,,,,,,,,,,,,,,,,,,,,,,,,,,,,,,,,,,,,,,,,,,,,,,,,,,,,,,,,,,,,,,,,,,,,,,,,,,,,,,,,,,,,,,,,,
,,,,,,,,,,,,,,,,,,,,,,,,,,,,,,,,,,,,,,,,,,,,,,,,,,,,,,,,,,,,,,,,,,,,,,,,,,,,,,,,,,,,,,,,,,,,,,,,,,,,,,,,,,,,,,,,,,,,,,,,,,,,,,,,,
,,,,,,,,,,,,,,,,,,,,,,,,,,,,,,,,,,,,,,,,,,,,,,,,,,,,,,,,,,,,,,,,,,,,,,,,,,,,,,,,,,,,,,,,,,,,,,,,,,,,,,,,,,,,,,,,,,,,,,,,,,,,,,,,,
,,,,,,,,,,,,,,,,,,,,,,,,,,,,,,,,,,,,,,,,,,,,,,,,,,,,,,,,,,,,,,,,,,,,,,,,,,,,,,,,,,,,,,,,,,,,,,,,,,,,,,,,,,,,,,,,,,,,,,,,,,,,,,,,,
,,,,,,,,,,,,,,,,,,,,,,,,,,,,,,,,,,,,,,,,,,,,,,,,,,,,,,,,,,,,,,,,,,,,,,,,,,,,,,,,,,,,,,,,,,,,,,,,,,,,,,,,,,,,,,,,,,,,,,,,,,,,,,,,,
,,,,,,,,,,,,,,,,,,,,,,,,,,,,,,,,,,,,,,,,,,,,,,,,,,,,,,,,,,,,,,,,,,,,,,,,,,,,,,,,,,,,,,,,,,,,,,,,,,,,,,,,,,,,,,,,,,,,,,,,,,,,,,,,,
,,,,,,,,,,,,,,,,,,,,,,,,,,,,,,,,,,,,,,,,,,,,,,,,,,,,,,,,,,,,,,,,,,,,,,,,,,,,,,,,,,,,,,,,,,,,,,,,,,,,,,,,,,,,,,,,,,,,,,,,,,,,,,,,,
,,,,,,,,,,,,,,,,,,,,,,,,,,,,,,,,,,,,,,,,,,,,,,,,,,,,,,,,,,,,,,,,,,,,,,,,,,,,,,,,,,,,,,,,,,,,,,,,,,,,,,,,,,,,,,,,,,,,,,,,,,,,,,,,,
,,,,,,,,,,,,,,,,,,,,,,,,,,,,,,,,,,,,,,,,,,,,,,,,,,,,,,,,,,,,,,,,,,,,,,,,,,,,,,,,,,,,,,,,,,,,,,,,,,,,,,,,,,,,,,,,,,,,,,,,,,,,,,,,,
,,,,,,,,,,,,,,,,,,,,,,,,,,,,,,,,,,,,,,,,,,,,,,,,,,,,,,,,,,,,,,,,,,,,,,,,,,,,,,,,,,,,,,,,,,,,,,,,,,,,,,,,,,,,,,,,,,,,,,,,,,,,,,,,,
,,,,,,,,,,,,,,,,,,,,,,,,,,,,,,,,,,,,,,,,,,,,,,,,,,,,,,,,,,,,,,,,,,,,,,,,,,,,,,,,,,,,,,,,,,,,,,,,,,,,,,,,,,,,,,,,,,,,,,,,,,,,,,,,,
,,,,,,,,,,,,,,,,,,,,,,,,,,,,,,,,,,,,,,,,,,,,,,,,,,,,,,,,,,,,,,,,,,,,,,,,,,,,,,,,,,,,,,,,,,,,,,,,,,,,,,,,,,,,,,,,,,,,,,,,,,,,,,,,,
,,,,,,,,,,,,,,,,,,,,,,,,,,,,,,,,,,,,,,,,,,,,,,,,,,,,,,,,,,,,,,,,,,,,,,,,,,,,,,,,,,,,,,,,,,,,,,,,,,,,,,,,,,,,,,,,,,,,,,,,,,,,,,,,,
,,,,,,,,,,,,,,,,,,,,,,,,,,,,,,,,,,,,,,,,,,,,,,,,,,,,,,,,,,,,,,,,,,,,,,,,,,,,,,,,,,,,,,,,,,,,,,,,,,,,,,,,,,,,,,,,,,,,,,,,,,,,,,,,,
,,,,,,,,,,,,,,,,,,,,,,,,,,,,,,,,,,,,,,,,,,,,,,,,,,,,,,,,,,,,,,,,,,,,,,,,,,,,,,,,,,,,,,,,,,,,,,,,,,,,,,,,,,,,,,,,,,,,,,,,,,,,,,,,,
,,,,,,,,,,,,,,,,,,,,,,,,,,,,,,,,,,,,,,,,,,,,,,,,,,,,,,,,,,,,,,,,,,,,,,,,,,,,,,,,,,,,,,,,,,,,,,,,,,,,,,,,,,,,,,,,,,,,,,,,,,,,,,,,,
,,,,,,,,,,,,,,,,,,,,,,,,,,,,,,,,,,,,,,,,,,,,,,,,,,,,,,,,,,,,,,,,,,,,,,,,,,,,,,,,,,,,,,,,,,,,,,,,,,,,,,,,,,,,,,,,,,,,,,,,,,,,,,,,,
,,,,,,,,,,,,,,,,,,,,,,,,,,,,,,,,,,,,,,,,,,,,,,,,,,,,,,,,,,,,,,,,,,,,,,,,,,,,,,,,,,,,,,,,,,,,,,,,,,,,,,,,,,,,,,,,,,,,,,,,,,,,,,,,,
,,,,,,,,,,,,,,,,,,,,,,,,,,,,,,,,,,,,,,,,,,,,,,,,,,,,,,,,,,,,,,,,,,,,,,,,,,,,,,,,,,,,,,,,,,,,,,,,,,,,,,,,,,,,,,,,,,,,,,,,,,,,,,,,,
,,,,,,,,,,,,,,,,,,,,,,,,,,,,,,,,,,,,,,,,,,,,,,,,,,,,,,,,,,,,,,,,,,,,,,,,,,,,,,,,,,,,,,,,,,,,,,,,,,,,,,,,,,,,,,,,,,,,,,,,,,,,,,,,,
,,,,,,,,,,,,,,,,,,,,,,,,,,,,,,,,,,,,,,,,,,,,,,,,,,,,,,,,,,,,,,,,,,,,,,,,,,,,,,,,,,,,,,,,,,,,,,,,,,,,,,,,,,,,,,,,,,,,,,,,,,,,,,,,,
,,,,,,,,,,,,,,,,,,,,,,,,,,,,,,,,,,,,,,,,,,,,,,,,,,,,,,,,,,,,,,,,,,,,,,,,,,,,,,,,,,,,,,,,,,,,,,,,,,,,,,,,,,,,,,,,,,,,,,,,,,,,,,,,,
,,,,,,,,,,,,,,,,,,,,,,,,,,,,,,,,,,,,,,,,,,,,,,,,,,,,,,,,,,,,,,,,,,,,,,,,,,,,,,,,,,,,,,,,,,,,,,,,,,,,,,,,,,,,,,,,,,,,,,,,,,,,,,,,,
,,,,,,,,,,,,,,,,,,,,,,,,,,,,,,,,,,,,,,,,,,,,,,,,,,,,,,,,,,,,,,,,,,,,,,,,,,,,,,,,,,,,,,,,,,,,,,,,,,,,,,,,,,,,,,,,,,,,,,,,,,,,,,,,,
,,,,,,,,,,,,,,,,,,,,,,,,,,,,,,,,,,,,,,,,,,,,,,,,,,,,,,,,,,,,,,,,,,,,,,,,,,,,,,,,,,,,,,,,,,,,,,,,,,,,,,,,,,,,,,,,,,,,,,,,,,,,,,,,,
,,,,,,,,,,,,,,,,,,,,,,,,,,,,,,,,,,,,,,,,,,,,,,,,,,,,,,,,,,,,,,,,,,,,,,,,,,,,,,,,,,,,,,,,,,,,,,,,,,,,,,,,,,,,,,,,,,,,,,,,,,,,,,,,,
,,,,,,,,,,,,,,,,,,,,,,,,,,,,,,,,,,,,,,,,,,,,,,,,,,,,,,,,,,,,,,,,,,,,,,,,,,,,,,,,,,,,,,,,,,,,,,,,,,,,,,,,,,,,,,,,,,,,,,,,,,,,,,,,,
,,,,,,,,,,,,,,,,,,,,,,,,,,,,,,,,,,,,,,,,,,,,,,,,,,,,,,,,,,,,,,,,,,,,,,,,,,,,,,,,,,,,,,,,,,,,,,,,,,,,,,,,,,,,,,,,,,,,,,,,,,,,,,,,,
,,,,,,,,,,,,,,,,,,,,,,,,,,,,,,,,,,,,,,,,,,,,,,,,,,,,,,,,,,,,,,,,,,,,,,,,,,,,,,,,,,,,,,,,,,,,,,,,,,,,,,,,,,,,,,,,,,,,,,,,,,,,,,,,,
,,,,,,,,,,,,,,,,,,,,,,,,,,,,,,,,,,,,,,,,,,,,,,,,,,,,,,,,,,,,,,,,,,,,,,,,,,,,,,,,,,,,,,,,,,,,,,,,,,,,,,,,,,,,,,,,,,,,,,,,,,,,,,,,,
,,,,,,,,,,,,,,,,,,,,,,,,,,,,,,,,,,,,,,,,,,,,,,,,,,,,,,,,,,,,,,,,,,,,,,,,,,,,,,,,,,,,,,,,,,,,,,,,,,,,,,,,,,,,,,,,,,,,,,,,,,,,,,,,,
,,,,,,,,,,,,,,,,,,,,,,,,,,,,,,,,,,,,,,,,,,,,,,,,,,,,,,,,,,,,,,,,,,,,,,,,,,,,,,,,,,,,,,,,,,,,,,,,,,,,,,,,,,,,,,,,,,,,,,,,,,,,,,,,,
,,,,,,,,,,,,,,,,,,,,,,,,,,,,,,,,,,,,,,,,,,,,,,,,,,,,,,,,,,,,,,,,,,,,,,,,,,,,,,,,,,,,,,,,,,,,,,,,,,,,,,,,,,,,,,,,,,,,,,,,,,,,,,,,,
,,,,,,,,,,,,,,,,,,,,,,,,,,,,,,,,,,,,,,,,,,,,,,,,,,,,,,,,,,,,,,,,,,,,,,,,,,,,,,,,,,,,,,,,,,,,,,,,,,,,,,,,,,,,,,,,,,,,,,,,,,,,,,,,,
,,,,,,,,,,,,,,,,,,,,,,,,,,,,,,,,,,,,,,,,,,,,,,,,,,,,,,,,,,,,,,,,,,,,,,,,,,,,,,,,,,,,,,,,,,,,,,,,,,,,,,,,,,,,,,,,,,,,,,,,,,,,,,,,,
,,,,,,,,,,,,,,,,,,,,,,,,,,,,,,,,,,,,,,,,,,,,,,,,,,,,,,,,,,,,,,,,,,,,,,,,,,,,,,,,,,,,,,,,,,,,,,,,,,,,,,,,,,,,,,,,,,,,,,,,,,,,,,,,,
,,,,,,,,,,,,,,,,,,,,,,,,,,,,,,,,,,,,,,,,,,,,,,,,,,,,,,,,,,,,,,,,,,,,,,,,,,,,,,,,,,,,,,,,,,,,,,,,,,,,,,,,,,,,,,,,,,,,,,,,,,,,,,,,,
,,,,,,,,,,,,,,,,,,,,,,,,,,,,,,,,,,,,,,,,,,,,,,,,,,,,,,,,,,,,,,,,,,,,,,,,,,,,,,,,,,,,,,,,,,,,,,,,,,,,,,,,,,,,,,,,,,,,,,,,,,,,,,,,,
,,,,,,,,,,,,,,,,,,,,,,,,,,,,,,,,,,,,,,,,,,,,,,,,,,,,,,,,,,,,,,,,,,,,,,,,,,,,,,,,,,,,,,,,,,,,,,,,,,,,,,,,,,,,,,,,,,,,,,,,,,,,,,,,,
,,,,,,,,,,,,,,,,,,,,,,,,,,,,,,,,,,,,,,,,,,,,,,,,,,,,,,,,,,,,,,,,,,,,,,,,,,,,,,,,,,,,,,,,,,,,,,,,,,,,,,,,,,,,,,,,,,,,,,,,,,,,,,,,,
,,,,,,,,,,,,,,,,,,,,,,,,,,,,,,,,,,,,,,,,,,,,,,,,,,,,,,,,,,,,,,,,,,,,,,,,,,,,,,,,,,,,,,,,,,,,,,,,,,,,,,,,,,,,,,,,,,,,,,,,,,,,,,,,,
,,,,,,,,,,,,,,,,,,,,,,,,,,,,,,,,,,,,,,,,,,,,,,,,,,,,,,,,,,,,,,,,,,,,,,,,,,,,,,,,,,,,,,,,,,,,,,,,,,,,,,,,,,,,,,,,,,,,,,,,,,,,,,,,,
,,,,,,,,,,,,,,,,,,,,,,,,,,,,,,,,,,,,,,,,,,,,,,,,,,,,,,,,,,,,,,,,,,,,,,,,,,,,,,,,,,,,,,,,,,,,,,,,,,,,,,,,,,,,,,,,,,,,,,,,,,,,,,,,,
,,,,,,,,,,,,,,,,,,,,,,,,,,,,,,,,,,,,,,,,,,,,,,,,,,,,,,,,,,,,,,,,,,,,,,,,,,,,,,,,,,,,,,,,,,,,,,,,,,,,,,,,,,,,,,,,,,,,,,,,,,,,,,,,,
,,,,,,,,,,,,,,,,,,,,,,,,,,,,,,,,,,,,,,,,,,,,,,,,,,,,,,,,,,,,,,,,,,,,,,,,,,,,,,,,,,,,,,,,,,,,,,,,,,,,,,,,,,,,,,,,,,,,,,,,,,,,,,,,,
,,,,,,,,,,,,,,,,,,,,,,,,,,,,,,,,,,,,,,,,,,,,,,,,,,,,,,,,,,,,,,,,,,,,,,,,,,,,,,,,,,,,,,,,,,,,,,,,,,,,,,,,,,,,,,,,,,,,,,,,,,,,,,,,,
,,,,,,,,,,,,,,,,,,,,,,,,,,,,,,,,,,,,,,,,,,,,,,,,,,,,,,,,,,,,,,,,,,,,,,,,,,,,,,,,,,,,,,,,,,,,,,,,,,,,,,,,,,,,,,,,,,,,,,,,,,,,,,,,,
,,,,,,,,,,,,,,,,,,,,,,,,,,,,,,,,,,,,,,,,,,,,,,,,,,,,,,,,,,,,,,,,,,,,,,,,,,,,,,,,,,,,,,,,,,,,,,,,,,,,,,,,,,,,,,,,,,,,,,,,,,,,,,,,,
,,,,,,,,,,,,,,,,,,,,,,,,,,,,,,,,,,,,,,,,,,,,,,,,,,,,,,,,,,,,,,,,,,,,,,,,,,,,,,,,,,,,,,,,,,,,,,,,,,,,,,,,,,,,,,,,,,,,,,,,,,,,,,,,,
,,,,,,,,,,,,,,,,,,,,,,,,,,,,,,,,,,,,,,,,,,,,,,,,,,,,,,,,,,,,,,,,,,,,,,,,,,,,,,,,,,,,,,,,,,,,,,,,,,,,,,,,,,,,,,,,,,,,,,,,,,,,,,,,,
,,,,,,,,,,,,,,,,,,,,,,,,,,,,,,,,,,,,,,,,,,,,,,,,,,,,,,,,,,,,,,,,,,,,,,,,,,,,,,,,,,,,,,,,,,,,,,,,,,,,,,,,,,,,,,,,,,,,,,,,,,,,,,,,,
,,,,,,,,,,,,,,,,,,,,,,,,,,,,,,,,,,,,,,,,,,,,,,,,,,,,,,,,,,,,,,,,,,,,,,,,,,,,,,,,,,,,,,,,,,,,,,,,,,,,,,,,,,,,,,,,,,,,,,,,,,,,,,,,,
,,,,,,,,,,,,,,,,,,,,,,,,,,,,,,,,,,,,,,,,,,,,,,,,,,,,,,,,,,,,,,,,,,,,,,,,,,,,,,,,,,,,,,,,,,,,,,,,,,,,,,,,,,,,,,,,,,,,,,,,,,,,,,,,,
,,,,,,,,,,,,,,,,,,,,,,,,,,,,,,,,,,,,,,,,,,,,,,,,,,,,,,,,,,,,,,,,,,,,,,,,,,,,,,,,,,,,,,,,,,,,,,,,,,,,,,,,,,,,,,,,,,,,,,,,,,,,,,,,,
,,,,,,,,,,,,,,,,,,,,,,,,,,,,,,,,,,,,,,,,,,,,,,,,,,,,,,,,,,,,,,,,,,,,,,,,,,,,,,,,,,,,,,,,,,,,,,,,,,,,,,,,,,,,,,,,,,,,,,,,,,,,,,,,,
,,,,,,,,,,,,,,,,,,,,,,,,,,,,,,,,,,,,,,,,,,,,,,,,,,,,,,,,,,,,,,,,,,,,,,,,,,,,,,,,,,,,,,,,,,,,,,,,,,,,,,,,,,,,,,,,,,,,,,,,,,,,,,,,,
,,,,,,,,,,,,,,,,,,,,,,,,,,,,,,,,,,,,,,,,,,,,,,,,,,,,,,,,,,,,,,,,,,,,,,,,,,,,,,,,,,,,,,,,,,,,,,,,,,,,,,,,,,,,,,,,,,,,,,,,,,,,,,,,,
,,,,,,,,,,,,,,,,,,,,,,,,,,,,,,,,,,,,,,,,,,,,,,,,,,,,,,,,,,,,,,,,,,,,,,,,,,,,,,,,,,,,,,,,,,,,,,,,,,,,,,,,,,,,,,,,,,,,,,,,,,,,,,,,,
,,,,,,,,,,,,,,,,,,,,,,,,,,,,,,,,,,,,,,,,,,,,,,,,,,,,,,,,,,,,,,,,,,,,,,,,,,,,,,,,,,,,,,,,,,,,,,,,,,,,,,,,,,,,,,,,,,,,,,,,,,,,,,,,,
,,,,,,,,,,,,,,,,,,,,,,,,,,,,,,,,,,,,,,,,,,,,,,,,,,,,,,,,,,,,,,,,,,,,,,,,,,,,,,,,,,,,,,,,,,,,,,,,,,,,,,,,,,,,,,,,,,,,,,,,,,,,,,,,,
,,,,,,,,,,,,,,,,,,,,,,,,,,,,,,,,,,,,,,,,,,,,,,,,,,,,,,,,,,,,,,,,,,,,,,,,,,,,,,,,,,,,,,,,,,,,,,,,,,,,,,,,,,,,,,,,,,,,,,,,,,,,,,,,,
,,,,,,,,,,,,,,,,,,,,,,,,,,,,,,,,,,,,,,,,,,,,,,,,,,,,,,,,,,,,,,,,,,,,,,,,,,,,,,,,,,,,,,,,,,,,,,,,,,,,,,,,,,,,,,,,,,,,,,,,,,,,,,,,,
,,,,,,,,,,,,,,,,,,,,,,,,,,,,,,,,,,,,,,,,,,,,,,,,,,,,,,,,,,,,,,,,,,,,,,,,,,,,,,,,,,,,,,,,,,,,,,,,,,,,,,,,,,,,,,,,,,,,,,,,,,,,,,,,,
,,,,,,,,,,,,,,,,,,,,,,,,,,,,,,,,,,,,,,,,,,,,,,,,,,,,,,,,,,,,,,,,,,,,,,,,,,,,,,,,,,,,,,,,,,,,,,,,,,,,,,,,,,,,,,,,,,,,,,,,,,,,,,,,,
,,,,,,,,,,,,,,,,,,,,,,,,,,,,,,,,,,,,,,,,,,,,,,,,,,,,,,,,,,,,,,,,,,,,,,,,,,,,,,,,,,,,,,,,,,,,,,,,,,,,,,,,,,,,,,,,,,,,,,,,,,,,,,,,,
,,,,,,,,,,,,,,,,,,,,,,,,,,,,,,,,,,,,,,,,,,,,,,,,,,,,,,,,,,,,,,,,,,,,,,,,,,,,,,,,,,,,,,,,,,,,,,,,,,,,,,,,,,,,,,,,,,,,,,,,,,,,,,,,,
,,,,,,,,,,,,,,,,,,,,,,,,,,,,,,,,,,,,,,,,,,,,,,,,,,,,,,,,,,,,,,,,,,,,,,,,,,,,,,,,,,,,,,,,,,,,,,,,,,,,,,,,,,,,,,,,,,,,,,,,,,,,,,,,,
,,,,,,,,,,,,,,,,,,,,,,,,,,,,,,,,,,,,,,,,,,,,,,,,,,,,,,,,,,,,,,,,,,,,,,,,,,,,,,,,,,,,,,,,,,,,,,,,,,,,,,,,,,,,,,,,,,,,,,,,,,,,,,,,,
,,,,,,,,,,,,,,,,,,,,,,,,,,,,,,,,,,,,,,,,,,,,,,,,,,,,,,,,,,,,,,,,,,,,,,,,,,,,,,,,,,,,,,,,,,,,,,,,,,,,,,,,,,,,,,,,,,,,,,,,,,,,,,,,,
,,,,,,,,,,,,,,,,,,,,,,,,,,,,,,,,,,,,,,,,,,,,,,,,,,,,,,,,,,,,,,,,,,,,,,,,,,,,,,,,,,,,,,,,,,,,,,,,,,,,,,,,,,,,,,,,,,,,,,,,,,,,,,,,,
,,,,,,,,,,,,,,,,,,,,,,,,,,,,,,,,,,,,,,,,,,,,,,,,,,,,,,,,,,,,,,,,,,,,,,,,,,,,,,,,,,,,,,,,,,,,,,,,,,,,,,,,,,,,,,,,,,,,,,,,,,,,,,,,,
,,,,,,,,,,,,,,,,,,,,,,,,,,,,,,,,,,,,,,,,,,,,,,,,,,,,,,,,,,,,,,,,,,,,,,,,,,,,,,,,,,,,,,,,,,,,,,,,,,,,,,,,,,,,,,,,,,,,,,,,,,,,,,,,,
,,,,,,,,,,,,,,,,,,,,,,,,,,,,,,,,,,,,,,,,,,,,,,,,,,,,,,,,,,,,,,,,,,,,,,,,,,,,,,,,,,,,,,,,,,,,,,,,,,,,,,,,,,,,,,,,,,,,,,,,,,,,,,,,,
,,,,,,,,,,,,,,,,,,,,,,,,,,,,,,,,,,,,,,,,,,,,,,,,,,,,,,,,,,,,,,,,,,,,,,,,,,,,,,,,,,,,,,,,,,,,,,,,,,,,,,,,,,,,,,,,,,,,,,,,,,,,,,,,,
,,,,,,,,,,,,,,,,,,,,,,,,,,,,,,,,,,,,,,,,,,,,,,,,,,,,,,,,,,,,,,,,,,,,,,,,,,,,,,,,,,,,,,,,,,,,,,,,,,,,,,,,,,,,,,,,,,,,,,,,,,,,,,,,,
,,,,,,,,,,,,,,,,,,,,,,,,,,,,,,,,,,,,,,,,,,,,,,,,,,,,,,,,,,,,,,,,,,,,,,,,,,,,,,,,,,,,,,,,,,,,,,,,,,,,,,,,,,,,,,,,,,,,,,,,,,,,,,,,,
,,,,,,,,,,,,,,,,,,,,,,,,,,,,,,,,,,,,,,,,,,,,,,,,,,,,,,,,,,,,,,,,,,,,,,,,,,,,,,,,,,,,,,,,,,,,,,,,,,,,,,,,,,,,,,,,,,,,,,,,,,,,,,,,,
,,,,,,,,,,,,,,,,,,,,,,,,,,,,,,,,,,,,,,,,,,,,,,,,,,,,,,,,,,,,,,,,,,,,,,,,,,,,,,,,,,,,,,,,,,,,,,,,,,,,,,,,,,,,,,,,,,,,,,,,,,,,,,,,,
,,,,,,,,,,,,,,,,,,,,,,,,,,,,,,,,,,,,,,,,,,,,,,,,,,,,,,,,,,,,,,,,,,,,,,,,,,,,,,,,,,,,,,,,,,,,,,,,,,,,,,,,,,,,,,,,,,,,,,,,,,,,,,,,,
,,,,,,,,,,,,,,,,,,,,,,,,,,,,,,,,,,,,,,,,,,,,,,,,,,,,,,,,,,,,,,,,,,,,,,,,,,,,,,,,,,,,,,,,,,,,,,,,,,,,,,,,,,,,,,,,,,,,,,,,,,,,,,,,,
,,,,,,,,,,,,,,,,,,,,,,,,,,,,,,,,,,,,,,,,,,,,,,,,,,,,,,,,,,,,,,,,,,,,,,,,,,,,,,,,,,,,,,,,,,,,,,,,,,,,,,,,,,,,,,,,,,,,,,,,,,,,,,,,,
,,,,,,,,,,,,,,,,,,,,,,,,,,,,,,,,,,,,,,,,,,,,,,,,,,,,,,,,,,,,,,,,,,,,,,,,,,,,,,,,,,,,,,,,,,,,,,,,,,,,,,,,,,,,,,,,,,,,,,,,,,,,,,,,,
,,,,,,,,,,,,,,,,,,,,,,,,,,,,,,,,,,,,,,,,,,,,,,,,,,,,,,,,,,,,,,,,,,,,,,,,,,,,,,,,,,,,,,,,,,,,,,,,,,,,,,,,,,,,,,,,,,,,,,,,,,,,,,,,,
,,,,,,,,,,,,,,,,,,,,,,,,,,,,,,,,,,,,,,,,,,,,,,,,,,,,,,,,,,,,,,,,,,,,,,,,,,,,,,,,,,,,,,,,,,,,,,,,,,,,,,,,,,,,,,,,,,,,,,,,,,,,,,,,,
,,,,,,,,,,,,,,,,,,,,,,,,,,,,,,,,,,,,,,,,,,,,,,,,,,,,,,,,,,,,,,,,,,,,,,,,,,,,,,,,,,,,,,,,,,,,,,,,,,,,,,,,,,,,,,,,,,,,,,,,,,,,,,,,,
,,,,,,,,,,,,,,,,,,,,,,,,,,,,,,,,,,,,,,,,,,,,,,,,,,,,,,,,,,,,,,,,,,,,,,,,,,,,,,,,,,,,,,,,,,,,,,,,,,,,,,,,,,,,,,,,,,,,,,,,,,,,,,,,,
,,,,,,,,,,,,,,,,,,,,,,,,,,,,,,,,,,,,,,,,,,,,,,,,,,,,,,,,,,,,,,,,,,,,,,,,,,,,,,,,,,,,,,,,,,,,,,,,,,,,,,,,,,,,,,,,,,,,,,,,,,,,,,,,,
,,,,,,,,,,,,,,,,,,,,,,,,,,,,,,,,,,,,,,,,,,,,,,,,,,,,,,,,,,,,,,,,,,,,,,,,,,,,,,,,,,,,,,,,,,,,,,,,,,,,,,,,,,,,,,,,,,,,,,,,,,,,,,,,,
,,,,,,,,,,,,,,,,,,,,,,,,,,,,,,,,,,,,,,,,,,,,,,,,,,,,,,,,,,,,,,,,,,,,,,,,,,,,,,,,,,,,,,,,,,,,,,,,,,,,,,,,,,,,,,,,,,,,,,,,,,,,,,,,,
,,,,,,,,,,,,,,,,,,,,,,,,,,,,,,,,,,,,,,,,,,,,,,,,,,,,,,,,,,,,,,,,,,,,,,,,,,,,,,,,,,,,,,,,,,,,,,,,,,,,,,,,,,,,,,,,,,,,,,,,,,,,,,,,,
,,,,,,,,,,,,,,,,,,,,,,,,,,,,,,,,,,,,,,,,,,,,,,,,,,,,,,,,,,,,,,,,,,,,,,,,,,,,,,,,,,,,,,,,,,,,,,,,,,,,,,,,,,,,,,,,,,,,,,,,,,,,,,,,,
,,,,,,,,,,,,,,,,,,,,,,,,,,,,,,,,,,,,,,,,,,,,,,,,,,,,,,,,,,,,,,,,,,,,,,,,,,,,,,,,,,,,,,,,,,,,,,,,,,,,,,,,,,,,,,,,,,,,,,,,,,,,,,,,,
,,,,,,,,,,,,,,,,,,,,,,,,,,,,,,,,,,,,,,,,,,,,,,,,,,,,,,,,,,,,,,,,,,,,,,,,,,,,,,,,,,,,,,,,,,,,,,,,,,,,,,,,,,,,,,,,,,,,,,,,,,,,,,,,,
,,,,,,,,,,,,,,,,,,,,,,,,,,,,,,,,,,,,,,,,,,,,,,,,,,,,,,,,,,,,,,,,,,,,,,,,,,,,,,,,,,,,,,,,,,,,,,,,,,,,,,,,,,,,,,,,,,,,,,,,,,,,,,,,,
,,,,,,,,,,,,,,,,,,,,,,,,,,,,,,,,,,,,,,,,,,,,,,,,,,,,,,,,,,,,,,,,,,,,,,,,,,,,,,,,,,,,,,,,,,,,,,,,,,,,,,,,,,,,,,,,,,,,,,,,,,,,,,,,,
,,,,,,,,,,,,,,,,,,,,,,,,,,,,,,,,,,,,,,,,,,,,,,,,,,,,,,,,,,,,,,,,,,,,,,,,,,,,,,,,,,,,,,,,,,,,,,,,,,,,,,,,,,,,,,,,,,,,,,,,,,,,,,,,,
,,,,,,,,,,,,,,,,,,,,,,,,,,,,,,,,,,,,,,,,,,,,,,,,,,,,,,,,,,,,,,,,,,,,,,,,,,,,,,,,,,,,,,,,,,,,,,,,,,,,,,,,,,,,,,,,,,,,,,,,,,,,,,,,,
,,,,,,,,,,,,,,,,,,,,,,,,,,,,,,,,,,,,,,,,,,,,,,,,,,,,,,,,,,,,,,,,,,,,,,,,,,,,,,,,,,,,,,,,,,,,,,,,,,,,,,,,,,,,,,,,,,,,,,,,,,,,,,,,,
,,,,,,,,,,,,,,,,,,,,,,,,,,,,,,,,,,,,,,,,,,,,,,,,,,,,,,,,,,,,,,,,,,,,,,,,,,,,,,,,,,,,,,,,,,,,,,,,,,,,,,,,,,,,,,,,,,,,,,,,,,,,,,,,,
,,,,,,,,,,,,,,,,,,,,,,,,,,,,,,,,,,,,,,,,,,,,,,,,,,,,,,,,,,,,,,,,,,,,,,,,,,,,,,,,,,,,,,,,,,,,,,,,,,,,,,,,,,,,,,,,,,,,,,,,,,,,,,,,,
,,,,,,,,,,,,,,,,,,,,,,,,,,,,,,,,,,,,,,,,,,,,,,,,,,,,,,,,,,,,,,,,,,,,,,,,,,,,,,,,,,,,,,,,,,,,,,,,,,,,,,,,,,,,,,,,,,,,,,,,,,,,,,,,,
,,,,,,,,,,,,,,,,,,,,,,,,,,,,,,,,,,,,,,,,,,,,,,,,,,,,,,,,,,,,,,,,,,,,,,,,,,,,,,,,,,,,,,,,,,,,,,,,,,,,,,,,,,,,,,,,,,,,,,,,,,,,,,,,,
,,,,,,,,,,,,,,,,,,,,,,,,,,,,,,,,,,,,,,,,,,,,,,,,,,,,,,,,,,,,,,,,,,,,,,,,,,,,,,,,,,,,,,,,,,,,,,,,,,,,,,,,,,,,,,,,,,,,,,,,,,,,,,,,,
,,,,,,,,,,,,,,,,,,,,,,,,,,,,,,,,,,,,,,,,,,,,,,,,,,,,,,,,,,,,,,,,,,,,,,,,,,,,,,,,,,,,,,,,,,,,,,,,,,,,,,,,,,,,,,,,,,,,,,,,,,,,,,,,,
,,,,,,,,,,,,,,,,,,,,,,,,,,,,,,,,,,,,,,,,,,,,,,,,,,,,,,,,,,,,,,,,,,,,,,,,,,,,,,,,,,,,,,,,,,,,,,,,,,,,,,,,,,,,,,,,,,,,,,,,,,,,,,,,,
,,,,,,,,,,,,,,,,,,,,,,,,,,,,,,,,,,,,,,,,,,,,,,,,,,,,,,,,,,,,,,,,,,,,,,,,,,,,,,,,,,,,,,,,,,,,,,,,,,,,,,,,,,,,,,,,,,,,,,,,,,,,,,,,,
,,,,,,,,,,,,,,,,,,,,,,,,,,,,,,,,,,,,,,,,,,,,,,,,,,,,,,,,,,,,,,,,,,,,,,,,,,,,,,,,,,,,,,,,,,,,,,,,,,,,,,,,,,,,,,,,,,,,,,,,,,,,,,,,,
,,,,,,,,,,,,,,,,,,,,,,,,,,,,,,,,,,,,,,,,,,,,,,,,,,,,,,,,,,,,,,,,,,,,,,,,,,,,,,,,,,,,,,,,,,,,,,,,,,,,,,,,,,,,,,,,,,,,,,,,,,,,,,,,,
,,,,,,,,,,,,,,,,,,,,,,,,,,,,,,,,,,,,,,,,,,,,,,,,,,,,,,,,,,,,,,,,,,,,,,,,,,,,,,,,,,,,,,,,,,,,,,,,,,,,,,,,,,,,,,,,,,,,,,,,,,,,,,,,,
,,,,,,,,,,,,,,,,,,,,,,,,,,,,,,,,,,,,,,,,,,,,,,,,,,,,,,,,,,,,,,,,,,,,,,,,,,,,,,,,,,,,,,,,,,,,,,,,,,,,,,,,,,,,,,,,,,,,,,,,,,,,,,,,,
,,,,,,,,,,,,,,,,,,,,,,,,,,,,,,,,,,,,,,,,,,,,,,,,,,,,,,,,,,,,,,,,,,,,,,,,,,,,,,,,,,,,,,,,,,,,,,,,,,,,,,,,,,,,,,,,,,,,,,,,,,,,,,,,,
,,,,,,,,,,,,,,,,,,,,,,,,,,,,,,,,,,,,,,,,,,,,,,,,,,,,,,,,,,,,,,,,,,,,,,,,,,,,,,,,,,,,,,,,,,,,,,,,,,,,,,,,,,,,,,,,,,,,,,,,,,,,,,,,,
,,,,,,,,,,,,,,,,,,,,,,,,,,,,,,,,,,,,,,,,,,,,,,,,,,,,,,,,,,,,,,,,,,,,,,,,,,,,,,,,,,,,,,,,,,,,,,,,,,,,,,,,,,,,,,,,,,,,,,,,,,,,,,,,,
,,,,,,,,,,,,,,,,,,,,,,,,,,,,,,,,,,,,,,,,,,,,,,,,,,,,,,,,,,,,,,,,,,,,,,,,,,,,,,,,,,,,,,,,,,,,,,,,,,,,,,,,,,,,,,,,,,,,,,,,,,,,,,,,,
,,,,,,,,,,,,,,,,,,,,,,,,,,,,,,,,,,,,,,,,,,,,,,,,,,,,,,,,,,,,,,,,,,,,,,,,,,,,,,,,,,,,,,,,,,,,,,,,,,,,,,,,,,,,,,,,,,,,,,,,,,,,,,,,,
,,,,,,,,,,,,,,,,,,,,,,,,,,,,,,,,,,,,,,,,,,,,,,,,,,,,,,,,,,,,,,,,,,,,,,,,,,,,,,,,,,,,,,,,,,,,,,,,,,,,,,,,,,,,,,,,,,,,,,,,,,,,,,,,,
,,,,,,,,,,,,,,,,,,,,,,,,,,,,,,,,,,,,,,,,,,,,,,,,,,,,,,,,,,,,,,,,,,,,,,,,,,,,,,,,,,,,,,,,,,,,,,,,,,,,,,,,,,,,,,,,,,,,,,,,,,,,,,,,,
,,,,,,,,,,,,,,,,,,,,,,,,,,,,,,,,,,,,,,,,,,,,,,,,,,,,,,,,,,,,,,,,,,,,,,,,,,,,,,,,,,,,,,,,,,,,,,,,,,,,,,,,,,,,,,,,,,,,,,,,,,,,,,,,,
,,,,,,,,,,,,,,,,,,,,,,,,,,,,,,,,,,,,,,,,,,,,,,,,,,,,,,,,,,,,,,,,,,,,,,,,,,,,,,,,,,,,,,,,,,,,,,,,,,,,,,,,,,,,,,,,,,,,,,,,,,,,,,,,,
,,,,,,,,,,,,,,,,,,,,,,,,,,,,,,,,,,,,,,,,,,,,,,,,,,,,,,,,,,,,,,,,,,,,,,,,,,,,,,,,,,,,,,,,,,,,,,,,,,,,,,,,,,,,,,,,,,,,,,,,,,,,,,,,,
,,,,,,,,,,,,,,,,,,,,,,,,,,,,,,,,,,,,,,,,,,,,,,,,,,,,,,,,,,,,,,,,,,,,,,,,,,,,,,,,,,,,,,,,,,,,,,,,,,,,,,,,,,,,,,,,,,,,,,,,,,,,,,,,,
,,,,,,,,,,,,,,,,,,,,,,,,,,,,,,,,,,,,,,,,,,,,,,,,,,,,,,,,,,,,,,,,,,,,,,,,,,,,,,,,,,,,,,,,,,,,,,,,,,,,,,,,,,,,,,,,,,,,,,,,,,,,,,,,,
,,,,,,,,,,,,,,,,,,,,,,,,,,,,,,,,,,,,,,,,,,,,,,,,,,,,,,,,,,,,,,,,,,,,,,,,,,,,,,,,,,,,,,,,,,,,,,,,,,,,,,,,,,,,,,,,,,,,,,,,,,,,,,,,,
,,,,,,,,,,,,,,,,,,,,,,,,,,,,,,,,,,,,,,,,,,,,,,,,,,,,,,,,,,,,,,,,,,,,,,,,,,,,,,,,,,,,,,,,,,,,,,,,,,,,,,,,,,,,,,,,,,,,,,,,,,,,,,,,,
,,,,,,,,,,,,,,,,,,,,,,,,,,,,,,,,,,,,,,,,,,,,,,,,,,,,,,,,,,,,,,,,,,,,,,,,,,,,,,,,,,,,,,,,,,,,,,,,,,,,,,,,,,,,,,,,,,,,,,,,,,,,,,,,,
,,,,,,,,,,,,,,,,,,,,,,,,,,,,,,,,,,,,,,,,,,,,,,,,,,,,,,,,,,,,,,,,,,,,,,,,,,,,,,,,,,,,,,,,,,,,,,,,,,,,,,,,,,,,,,,,,,,,,,,,,,,,,,,,,
,,,,,,,,,,,,,,,,,,,,,,,,,,,,,,,,,,,,,,,,,,,,,,,,,,,,,,,,,,,,,,,,,,,,,,,,,,,,,,,,,,,,,,,,,,,,,,,,,,,,,,,,,,,,,,,,,,,,,,,,,,,,,,,,,
,,,,,,,,,,,,,,,,,,,,,,,,,,,,,,,,,,,,,,,,,,,,,,,,,,,,,,,,,,,,,,,,,,,,,,,,,,,,,,,,,,,,,,,,,,,,,,,,,,,,,,,,,,,,,,,,,,,,,,,,,,,,,,,,,
,,,,,,,,,,,,,,,,,,,,,,,,,,,,,,,,,,,,,,,,,,,,,,,,,,,,,,,,,,,,,,,,,,,,,,,,,,,,,,,,,,,,,,,,,,,,,,,,,,,,,,,,,,,,,,,,,,,,,,,,,,,,,,,,,
,,,,,,,,,,,,,,,,,,,,,,,,,,,,,,,,,,,,,,,,,,,,,,,,,,,,,,,,,,,,,,,,,,,,,,,,,,,,,,,,,,,,,,,,,,,,,,,,,,,,,,,,,,,,,,,,,,,,,,,,,,,,,,,,,
,,,,,,,,,,,,,,,,,,,,,,,,,,,,,,,,,,,,,,,,,,,,,,,,,,,,,,,,,,,,,,,,,,,,,,,,,,,,,,,,,,,,,,,,,,,,,,,,,,,,,,,,,,,,,,,,,,,,,,,,,,,,,,,,,
,,,,,,,,,,,,,,,,,,,,,,,,,,,,,,,,,,,,,,,,,,,,,,,,,,,,,,,,,,,,,,,,,,,,,,,,,,,,,,,,,,,,,,,,,,,,,,,,,,,,,,,,,,,,,,,,,,,,,,,,,,,,,,,,,
,,,,,,,,,,,,,,,,,,,,,,,,,,,,,,,,,,,,,,,,,,,,,,,,,,,,,,,,,,,,,,,,,,,,,,,,,,,,,,,,,,,,,,,,,,,,,,,,,,,,,,,,,,,,,,,,,,,,,,,,,,,,,,,,,
,,,,,,,,,,,,,,,,,,,,,,,,,,,,,,,,,,,,,,,,,,,,,,,,,,,,,,,,,,,,,,,,,,,,,,,,,,,,,,,,,,,,,,,,,,,,,,,,,,,,,,,,,,,,,,,,,,,,,,,,,,,,,,,,,
,,,,,,,,,,,,,,,,,,,,,,,,,,,,,,,,,,,,,,,,,,,,,,,,,,,,,,,,,,,,,,,,,,,,,,,,,,,,,,,,,,,,,,,,,,,,,,,,,,,,,,,,,,,,,,,,,,,,,,,,,,,,,,,,,
,,,,,,,,,,,,,,,,,,,,,,,,,,,,,,,,,,,,,,,,,,,,,,,,,,,,,,,,,,,,,,,,,,,,,,,,,,,,,,,,,,,,,,,,,,,,,,,,,,,,,,,,,,,,,,,,,,,,,,,,,,,,,,,,,
,,,,,,,,,,,,,,,,,,,,,,,,,,,,,,,,,,,,,,,,,,,,,,,,,,,,,,,,,,,,,,,,,,,,,,,,,,,,,,,,,,,,,,,,,,,,,,,,,,,,,,,,,,,,,,,,,,,,,,,,,,,,,,,,,
,,,,,,,,,,,,,,,,,,,,,,,,,,,,,,,,,,,,,,,,,,,,,,,,,,,,,,,,,,,,,,,,,,,,,,,,,,,,,,,,,,,,,,,,,,,,,,,,,,,,,,,,,,,,,,,,,,,,,,,,,,,,,,,,,
,,,,,,,,,,,,,,,,,,,,,,,,,,,,,,,,,,,,,,,,,,,,,,,,,,,,,,,,,,,,,,,,,,,,,,,,,,,,,,,,,,,,,,,,,,,,,,,,,,,,,,,,,,,,,,,,,,,,,,,,,,,,,,,,,
,,,,,,,,,,,,,,,,,,,,,,,,,,,,,,,,,,,,,,,,,,,,,,,,,,,,,,,,,,,,,,,,,,,,,,,,,,,,,,,,,,,,,,,,,,,,,,,,,,,,,,,,,,,,,,,,,,,,,,,,,,,,,,,,,
,,,,,,,,,,,,,,,,,,,,,,,,,,,,,,,,,,,,,,,,,,,,,,,,,,,,,,,,,,,,,,,,,,,,,,,,,,,,,,,,,,,,,,,,,,,,,,,,,,,,,,,,,,,,,,,,,,,,,,,,,,,,,,,,,
,,,,,,,,,,,,,,,,,,,,,,,,,,,,,,,,,,,,,,,,,,,,,,,,,,,,,,,,,,,,,,,,,,,,,,,,,,,,,,,,,,,,,,,,,,,,,,,,,,,,,,,,,,,,,,,,,,,,,,,,,,,,,,,,,
,,,,,,,,,,,,,,,,,,,,,,,,,,,,,,,,,,,,,,,,,,,,,,,,,,,,,,,,,,,,,,,,,,,,,,,,,,,,,,,,,,,,,,,,,,,,,,,,,,,,,,,,,,,,,,,,,,,,,,,,,,,,,,,,,
,,,,,,,,,,,,,,,,,,,,,,,,,,,,,,,,,,,,,,,,,,,,,,,,,,,,,,,,,,,,,,,,,,,,,,,,,,,,,,,,,,,,,,,,,,,,,,,,,,,,,,,,,,,,,,,,,,,,,,,,,,,,,,,,,
,,,,,,,,,,,,,,,,,,,,,,,,,,,,,,,,,,,,,,,,,,,,,,,,,,,,,,,,,,,,,,,,,,,,,,,,,,,,,,,,,,,,,,,,,,,,,,,,,,,,,,,,,,,,,,,,,,,,,,,,,,,,,,,,,
,,,,,,,,,,,,,,,,,,,,,,,,,,,,,,,,,,,,,,,,,,,,,,,,,,,,,,,,,,,,,,,,,,,,,,,,,,,,,,,,,,,,,,,,,,,,,,,,,,,,,,,,,,,,,,,,,,,,,,,,,,,,,,,,,
,,,,,,,,,,,,,,,,,,,,,,,,,,,,,,,,,,,,,,,,,,,,,,,,,,,,,,,,,,,,,,,,,,,,,,,,,,,,,,,,,,,,,,,,,,,,,,,,,,,,,,,,,,,,,,,,,,,,,,,,,,,,,,,,,
,,,,,,,,,,,,,,,,,,,,,,,,,,,,,,,,,,,,,,,,,,,,,,,,,,,,,,,,,,,,,,,,,,,,,,,,,,,,,,,,,,,,,,,,,,,,,,,,,,,,,,,,,,,,,,,,,,,,,,,,,,,,,,,,,
,,,,,,,,,,,,,,,,,,,,,,,,,,,,,,,,,,,,,,,,,,,,,,,,,,,,,,,,,,,,,,,,,,,,,,,,,,,,,,,,,,,,,,,,,,,,,,,,,,,,,,,,,,,,,,,,,,,,,,,,,,,,,,,,,
,,,,,,,,,,,,,,,,,,,,,,,,,,,,,,,,,,,,,,,,,,,,,,,,,,,,,,,,,,,,,,,,,,,,,,,,,,,,,,,,,,,,,,,,,,,,,,,,,,,,,,,,,,,,,,,,,,,,,,,,,,,,,,,,,
,,,,,,,,,,,,,,,,,,,,,,,,,,,,,,,,,,,,,,,,,,,,,,,,,,,,,,,,,,,,,,,,,,,,,,,,,,,,,,,,,,,,,,,,,,,,,,,,,,,,,,,,,,,,,,,,,,,,,,,,,,,,,,,,,
,,,,,,,,,,,,,,,,,,,,,,,,,,,,,,,,,,,,,,,,,,,,,,,,,,,,,,,,,,,,,,,,,,,,,,,,,,,,,,,,,,,,,,,,,,,,,,,,,,,,,,,,,,,,,,,,,,,,,,,,,,,,,,,,,
,,,,,,,,,,,,,,,,,,,,,,,,,,,,,,,,,,,,,,,,,,,,,,,,,,,,,,,,,,,,,,,,,,,,,,,,,,,,,,,,,,,,,,,,,,,,,,,,,,,,,,,,,,,,,,,,,,,,,,,,,,,,,,,,,
,,,,,,,,,,,,,,,,,,,,,,,,,,,,,,,,,,,,,,,,,,,,,,,,,,,,,,,,,,,,,,,,,,,,,,,,,,,,,,,,,,,,,,,,,,,,,,,,,,,,,,,,,,,,,,,,,,,,,,,,,,,,,,,,,
,,,,,,,,,,,,,,,,,,,,,,,,,,,,,,,,,,,,,,,,,,,,,,,,,,,,,,,,,,,,,,,,,,,,,,,,,,,,,,,,,,,,,,,,,,,,,,,,,,,,,,,,,,,,,,,,,,,,,,,,,,,,,,,,,
,,,,,,,,,,,,,,,,,,,,,,,,,,,,,,,,,,,,,,,,,,,,,,,,,,,,,,,,,,,,,,,,,,,,,,,,,,,,,,,,,,,,,,,,,,,,,,,,,,,,,,,,,,,,,,,,,,,,,,,,,,,,,,,,,
,,,,,,,,,,,,,,,,,,,,,,,,,,,,,,,,,,,,,,,,,,,,,,,,,,,,,,,,,,,,,,,,,,,,,,,,,,,,,,,,,,,,,,,,,,,,,,,,,,,,,,,,,,,,,,,,,,,,,,,,,,,,,,,,,
,,,,,,,,,,,,,,,,,,,,,,,,,,,,,,,,,,,,,,,,,,,,,,,,,,,,,,,,,,,,,,,,,,,,,,,,,,,,,,,,,,,,,,,,,,,,,,,,,,,,,,,,,,,,,,,,,,,,,,,,,,,,,,,,,
,,,,,,,,,,,,,,,,,,,,,,,,,,,,,,,,,,,,,,,,,,,,,,,,,,,,,,,,,,,,,,,,,,,,,,,,,,,,,,,,,,,,,,,,,,,,,,,,,,,,,,,,,,,,,,,,,,,,,,,,,,,,,,,,,
,,,,,,,,,,,,,,,,,,,,,,,,,,,,,,,,,,,,,,,,,,,,,,,,,,,,,,,,,,,,,,,,,,,,,,,,,,,,,,,,,,,,,,,,,,,,,,,,,,,,,,,,,,,,,,,,,,,,,,,,,,,,,,,,,
,,,,,,,,,,,,,,,,,,,,,,,,,,,,,,,,,,,,,,,,,,,,,,,,,,,,,,,,,,,,,,,,,,,,,,,,,,,,,,,,,,,,,,,,,,,,,,,,,,,,,,,,,,,,,,,,,,,,,,,,,,,,,,,,,
,,,,,,,,,,,,,,,,,,,,,,,,,,,,,,,,,,,,,,,,,,,,,,,,,,,,,,,,,,,,,,,,,,,,,,,,,,,,,,,,,,,,,,,,,,,,,,,,,,,,,,,,,,,,,,,,,,,,,,,,,,,,,,,,,
,,,,,,,,,,,,,,,,,,,,,,,,,,,,,,,,,,,,,,,,,,,,,,,,,,,,,,,,,,,,,,,,,,,,,,,,,,,,,,,,,,,,,,,,,,,,,,,,,,,,,,,,,,,,,,,,,,,,,,,,,,,,,,,,,
,,,,,,,,,,,,,,,,,,,,,,,,,,,,,,,,,,,,,,,,,,,,,,,,,,,,,,,,,,,,,,,,,,,,,,,,,,,,,,,,,,,,,,,,,,,,,,,,,,,,,,,,,,,,,,,,,,,,,,,,,,,,,,,,,
,,,,,,,,,,,,,,,,,,,,,,,,,,,,,,,,,,,,,,,,,,,,,,,,,,,,,,,,,,,,,,,,,,,,,,,,,,,,,,,,,,,,,,,,,,,,,,,,,,,,,,,,,,,,,,,,,,,,,,,,,,,,,,,,,
,,,,,,,,,,,,,,,,,,,,,,,,,,,,,,,,,,,,,,,,,,,,,,,,,,,,,,,,,,,,,,,,,,,,,,,,,,,,,,,,,,,,,,,,,,,,,,,,,,,,,,,,,,,,,,,,,,,,,,,,,,,,,,,,,
,,,,,,,,,,,,,,,,,,,,,,,,,,,,,,,,,,,,,,,,,,,,,,,,,,,,,,,,,,,,,,,,,,,,,,,,,,,,,,,,,,,,,,,,,,,,,,,,,,,,,,,,,,,,,,,,,,,,,,,,,,,,,,,,,
,,,,,,,,,,,,,,,,,,,,,,,,,,,,,,,,,,,,,,,,,,,,,,,,,,,,,,,,,,,,,,,,,,,,,,,,,,,,,,,,,,,,,,,,,,,,,,,,,,,,,,,,,,,,,,,,,,,,,,,,,,,,,,,,,
,,,,,,,,,,,,,,,,,,,,,,,,,,,,,,,,,,,,,,,,,,,,,,,,,,,,,,,,,,,,,,,,,,,,,,,,,,,,,,,,,,,,,,,,,,,,,,,,,,,,,,,,,,,,,,,,,,,,,,,,,,,,,,,,,
,,,,,,,,,,,,,,,,,,,,,,,,,,,,,,,,,,,,,,,,,,,,,,,,,,,,,,,,,,,,,,,,,,,,,,,,,,,,,,,,,,,,,,,,,,,,,,,,,,,,,,,,,,,,,,,,,,,,,,,,,,,,,,,,,
,,,,,,,,,,,,,,,,,,,,,,,,,,,,,,,,,,,,,,,,,,,,,,,,,,,,,,,,,,,,,,,,,,,,,,,,,,,,,,,,,,,,,,,,,,,,,,,,,,,,,,,,,,,,,,,,,,,,,,,,,,,,,,,,,
,,,,,,,,,,,,,,,,,,,,,,,,,,,,,,,,,,,,,,,,,,,,,,,,,,,,,,,,,,,,,,,,,,,,,,,,,,,,,,,,,,,,,,,,,,,,,,,,,,,,,,,,,,,,,,,,,,,,,,,,,,,,,,,,,
,,,,,,,,,,,,,,,,,,,,,,,,,,,,,,,,,,,,,,,,,,,,,,,,,,,,,,,,,,,,,,,,,,,,,,,,,,,,,,,,,,,,,,,,,,,,,,,,,,,,,,,,,,,,,,,,,,,,,,,,,,,,,,,,,
,,,,,,,,,,,,,,,,,,,,,,,,,,,,,,,,,,,,,,,,,,,,,,,,,,,,,,,,,,,,,,,,,,,,,,,,,,,,,,,,,,,,,,,,,,,,,,,,,,,,,,,,,,,,,,,,,,,,,,,,,,,,,,,,,
,,,,,,,,,,,,,,,,,,,,,,,,,,,,,,,,,,,,,,,,,,,,,,,,,,,,,,,,,,,,,,,,,,,,,,,,,,,,,,,,,,,,,,,,,,,,,,,,,,,,,,,,,,,,,,,,,,,,,,,,,,,,,,,,,
,,,,,,,,,,,,,,,,,,,,,,,,,,,,,,,,,,,,,,,,,,,,,,,,,,,,,,,,,,,,,,,,,,,,,,,,,,,,,,,,,,,,,,,,,,,,,,,,,,,,,,,,,,,,,,,,,,,,,,,,,,,,,,,,,
,,,,,,,,,,,,,,,,,,,,,,,,,,,,,,,,,,,,,,,,,,,,,,,,,,,,,,,,,,,,,,,,,,,,,,,,,,,,,,,,,,,,,,,,,,,,,,,,,,,,,,,,,,,,,,,,,,,,,,,,,,,,,,,,,
,,,,,,,,,,,,,,,,,,,,,,,,,,,,,,,,,,,,,,,,,,,,,,,,,,,,,,,,,,,,,,,,,,,,,,,,,,,,,,,,,,,,,,,,,,,,,,,,,,,,,,,,,,,,,,,,,,,,,,,,,,,,,,,,,
,,,,,,,,,,,,,,,,,,,,,,,,,,,,,,,,,,,,,,,,,,,,,,,,,,,,,,,,,,,,,,,,,,,,,,,,,,,,,,,,,,,,,,,,,,,,,,,,,,,,,,,,,,,,,,,,,,,,,,,,,,,,,,,,,
,,,,,,,,,,,,,,,,,,,,,,,,,,,,,,,,,,,,,,,,,,,,,,,,,,,,,,,,,,,,,,,,,,,,,,,,,,,,,,,,,,,,,,,,,,,,,,,,,,,,,,,,,,,,,,,,,,,,,,,,,,,,,,,,,
,,,,,,,,,,,,,,,,,,,,,,,,,,,,,,,,,,,,,,,,,,,,,,,,,,,,,,,,,,,,,,,,,,,,,,,,,,,,,,,,,,,,,,,,,,,,,,,,,,,,,,,,,,,,,,,,,,,,,,,,,,,,,,,,,
,,,,,,,,,,,,,,,,,,,,,,,,,,,,,,,,,,,,,,,,,,,,,,,,,,,,,,,,,,,,,,,,,,,,,,,,,,,,,,,,,,,,,,,,,,,,,,,,,,,,,,,,,,,,,,,,,,,,,,,,,,,,,,,,,
,,,,,,,,,,,,,,,,,,,,,,,,,,,,,,,,,,,,,,,,,,,,,,,,,,,,,,,,,,,,,,,,,,,,,,,,,,,,,,,,,,,,,,,,,,,,,,,,,,,,,,,,,,,,,,,,,,,,,,,,,,,,,,,,,
,,,,,,,,,,,,,,,,,,,,,,,,,,,,,,,,,,,,,,,,,,,,,,,,,,,,,,,,,,,,,,,,,,,,,,,,,,,,,,,,,,,,,,,,,,,,,,,,,,,,,,,,,,,,,,,,,,,,,,,,,,,,,,,,,
,,,,,,,,,,,,,,,,,,,,,,,,,,,,,,,,,,,,,,,,,,,,,,,,,,,,,,,,,,,,,,,,,,,,,,,,,,,,,,,,,,,,,,,,,,,,,,,,,,,,,,,,,,,,,,,,,,,,,,,,,,,,,,,,,
,,,,,,,,,,,,,,,,,,,,,,,,,,,,,,,,,,,,,,,,,,,,,,,,,,,,,,,,,,,,,,,,,,,,,,,,,,,,,,,,,,,,,,,,,,,,,,,,,,,,,,,,,,,,,,,,,,,,,,,,,,,,,,,,,
,,,,,,,,,,,,,,,,,,,,,,,,,,,,,,,,,,,,,,,,,,,,,,,,,,,,,,,,,,,,,,,,,,,,,,,,,,,,,,,,,,,,,,,,,,,,,,,,,,,,,,,,,,,,,,,,,,,,,,,,,,,,,,,,,
,,,,,,,,,,,,,,,,,,,,,,,,,,,,,,,,,,,,,,,,,,,,,,,,,,,,,,,,,,,,,,,,,,,,,,,,,,,,,,,,,,,,,,,,,,,,,,,,,,,,,,,,,,,,,,,,,,,,,,,,,,,,,,,,,
,,,,,,,,,,,,,,,,,,,,,,,,,,,,,,,,,,,,,,,,,,,,,,,,,,,,,,,,,,,,,,,,,,,,,,,,,,,,,,,,,,,,,,,,,,,,,,,,,,,,,,,,,,,,,,,,,,,,,,,,,,,,,,,,,
,,,,,,,,,,,,,,,,,,,,,,,,,,,,,,,,,,,,,,,,,,,,,,,,,,,,,,,,,,,,,,,,,,,,,,,,,,,,,,,,,,,,,,,,,,,,,,,,,,,,,,,,,,,,,,,,,,,,,,,,,,,,,,,,,
,,,,,,,,,,,,,,,,,,,,,,,,,,,,,,,,,,,,,,,,,,,,,,,,,,,,,,,,,,,,,,,,,,,,,,,,,,,,,,,,,,,,,,,,,,,,,,,,,,,,,,,,,,,,,,,,,,,,,,,,,,,,,,,,,
,,,,,,,,,,,,,,,,,,,,,,,,,,,,,,,,,,,,,,,,,,,,,,,,,,,,,,,,,,,,,,,,,,,,,,,,,,,,,,,,,,,,,,,,,,,,,,,,,,,,,,,,,,,,,,,,,,,,,,,,,,,,,,,,,
,,,,,,,,,,,,,,,,,,,,,,,,,,,,,,,,,,,,,,,,,,,,,,,,,,,,,,,,,,,,,,,,,,,,,,,,,,,,,,,,,,,,,,,,,,,,,,,,,,,,,,,,,,,,,,,,,,,,,,,,,,,,,,,,,
,,,,,,,,,,,,,,,,,,,,,,,,,,,,,,,,,,,,,,,,,,,,,,,,,,,,,,,,,,,,,,,,,,,,,,,,,,,,,,,,,,,,,,,,,,,,,,,,,,,,,,,,,,,,,,,,,,,,,,,,,,,,,,,,,
,,,,,,,,,,,,,,,,,,,,,,,,,,,,,,,,,,,,,,,,,,,,,,,,,,,,,,,,,,,,,,,,,,,,,,,,,,,,,,,,,,,,,,,,,,,,,,,,,,,,,,,,,,,,,,,,,,,,,,,,,,,,,,,,,
,,,,,,,,,,,,,,,,,,,,,,,,,,,,,,,,,,,,,,,,,,,,,,,,,,,,,,,,,,,,,,,,,,,,,,,,,,,,,,,,,,,,,,,,,,,,,,,,,,,,,,,,,,,,,,,,,,,,,,,,,,,,,,,,,
,,,,,,,,,,,,,,,,,,,,,,,,,,,,,,,,,,,,,,,,,,,,,,,,,,,,,,,,,,,,,,,,,,,,,,,,,,,,,,,,,,,,,,,,,,,,,,,,,,,,,,,,,,,,,,,,,,,,,,,,,,,,,,,,,
,,,,,,,,,,,,,,,,,,,,,,,,,,,,,,,,,,,,,,,,,,,,,,,,,,,,,,,,,,,,,,,,,,,,,,,,,,,,,,,,,,,,,,,,,,,,,,,,,,,,,,,,,,,,,,,,,,,,,,,,,,,,,,,,,
,,,,,,,,,,,,,,,,,,,,,,,,,,,,,,,,,,,,,,,,,,,,,,,,,,,,,,,,,,,,,,,,,,,,,,,,,,,,,,,,,,,,,,,,,,,,,,,,,,,,,,,,,,,,,,,,,,,,,,,,,,,,,,,,,
,,,,,,,,,,,,,,,,,,,,,,,,,,,,,,,,,,,,,,,,,,,,,,,,,,,,,,,,,,,,,,,,,,,,,,,,,,,,,,,,,,,,,,,,,,,,,,,,,,,,,,,,,,,,,,,,,,,,,,,,,,,,,,,,,
,,,,,,,,,,,,,,,,,,,,,,,,,,,,,,,,,,,,,,,,,,,,,,,,,,,,,,,,,,,,,,,,,,,,,,,,,,,,,,,,,,,,,,,,,,,,,,,,,,,,,,,,,,,,,,,,,,,,,,,,,,,,,,,,,
,,,,,,,,,,,,,,,,,,,,,,,,,,,,,,,,,,,,,,,,,,,,,,,,,,,,,,,,,,,,,,,,,,,,,,,,,,,,,,,,,,,,,,,,,,,,,,,,,,,,,,,,,,,,,,,,,,,,,,,,,,,,,,,,,
,,,,,,,,,,,,,,,,,,,,,,,,,,,,,,,,,,,,,,,,,,,,,,,,,,,,,,,,,,,,,,,,,,,,,,,,,,,,,,,,,,,,,,,,,,,,,,,,,,,,,,,,,,,,,,,,,,,,,,,,,,,,,,,,,
,,,,,,,,,,,,,,,,,,,,,,,,,,,,,,,,,,,,,,,,,,,,,,,,,,,,,,,,,,,,,,,,,,,,,,,,,,,,,,,,,,,,,,,,,,,,,,,,,,,,,,,,,,,,,,,,,,,,,,,,,,,,,,,,,
,,,,,,,,,,,,,,,,,,,,,,,,,,,,,,,,,,,,,,,,,,,,,,,,,,,,,,,,,,,,,,,,,,,,,,,,,,,,,,,,,,,,,,,,,,,,,,,,,,,,,,,,,,,,,,,,,,,,,,,,,,,,,,,,,
,,,,,,,,,,,,,,,,,,,,,,,,,,,,,,,,,,,,,,,,,,,,,,,,,,,,,,,,,,,,,,,,,,,,,,,,,,,,,,,,,,,,,,,,,,,,,,,,,,,,,,,,,,,,,,,,,,,,,,,,,,,,,,,,,
,,,,,,,,,,,,,,,,,,,,,,,,,,,,,,,,,,,,,,,,,,,,,,,,,,,,,,,,,,,,,,,,,,,,,,,,,,,,,,,,,,,,,,,,,,,,,,,,,,,,,,,,,,,,,,,,,,,,,,,,,,,,,,,,,
,,,,,,,,,,,,,,,,,,,,,,,,,,,,,,,,,,,,,,,,,,,,,,,,,,,,,,,,,,,,,,,,,,,,,,,,,,,,,,,,,,,,,,,,,,,,,,,,,,,,,,,,,,,,,,,,,,,,,,,,,,,,,,,,,
,,,,,,,,,,,,,,,,,,,,,,,,,,,,,,,,,,,,,,,,,,,,,,,,,,,,,,,,,,,,,,,,,,,,,,,,,,,,,,,,,,,,,,,,,,,,,,,,,,,,,,,,,,,,,,,,,,,,,,,,,,,,,,,,,
,,,,,,,,,,,,,,,,,,,,,,,,,,,,,,,,,,,,,,,,,,,,,,,,,,,,,,,,,,,,,,,,,,,,,,,,,,,,,,,,,,,,,,,,,,,,,,,,,,,,,,,,,,,,,,,,,,,,,,,,,,,,,,,,,
,,,,,,,,,,,,,,,,,,,,,,,,,,,,,,,,,,,,,,,,,,,,,,,,,,,,,,,,,,,,,,,,,,,,,,,,,,,,,,,,,,,,,,,,,,,,,,,,,,,,,,,,,,,,,,,,,,,,,,,,,,,,,,,,,
,,,,,,,,,,,,,,,,,,,,,,,,,,,,,,,,,,,,,,,,,,,,,,,,,,,,,,,,,,,,,,,,,,,,,,,,,,,,,,,,,,,,,,,,,,,,,,,,,,,,,,,,,,,,,,,,,,,,,,,,,,,,,,,,,
,,,,,,,,,,,,,,,,,,,,,,,,,,,,,,,,,,,,,,,,,,,,,,,,,,,,,,,,,,,,,,,,,,,,,,,,,,,,,,,,,,,,,,,,,,,,,,,,,,,,,,,,,,,,,,,,,,,,,,,,,,,,,,,,,
,,,,,,,,,,,,,,,,,,,,,,,,,,,,,,,,,,,,,,,,,,,,,,,,,,,,,,,,,,,,,,,,,,,,,,,,,,,,,,,,,,,,,,,,,,,,,,,,,,,,,,,,,,,,,,,,,,,,,,,,,,,,,,,,,
,,,,,,,,,,,,,,,,,,,,,,,,,,,,,,,,,,,,,,,,,,,,,,,,,,,,,,,,,,,,,,,,,,,,,,,,,,,,,,,,,,,,,,,,,,,,,,,,,,,,,,,,,,,,,,,,,,,,,,,,,,,,,,,,,
,,,,,,,,,,,,,,,,,,,,,,,,,,,,,,,,,,,,,,,,,,,,,,,,,,,,,,,,,,,,,,,,,,,,,,,,,,,,,,,,,,,,,,,,,,,,,,,,,,,,,,,,,,,,,,,,,,,,,,,,,,,,,,,,,
,,,,,,,,,,,,,,,,,,,,,,,,,,,,,,,,,,,,,,,,,,,,,,,,,,,,,,,,,,,,,,,,,,,,,,,,,,,,,,,,,,,,,,,,,,,,,,,,,,,,,,,,,,,,,,,,,,,,,,,,,,,,,,,,,
,,,,,,,,,,,,,,,,,,,,,,,,,,,,,,,,,,,,,,,,,,,,,,,,,,,,,,,,,,,,,,,,,,,,,,,,,,,,,,,,,,,,,,,,,,,,,,,,,,,,,,,,,,,,,,,,,,,,,,,,,,,,,,,,,
,,,,,,,,,,,,,,,,,,,,,,,,,,,,,,,,,,,,,,,,,,,,,,,,,,,,,,,,,,,,,,,,,,,,,,,,,,,,,,,,,,,,,,,,,,,,,,,,,,,,,,,,,,,,,,,,,,,,,,,,,,,,,,,,,
,,,,,,,,,,,,,,,,,,,,,,,,,,,,,,,,,,,,,,,,,,,,,,,,,,,,,,,,,,,,,,,,,,,,,,,,,,,,,,,,,,,,,,,,,,,,,,,,,,,,,,,,,,,,,,,,,,,,,,,,,,,,,,,,,
,,,,,,,,,,,,,,,,,,,,,,,,,,,,,,,,,,,,,,,,,,,,,,,,,,,,,,,,,,,,,,,,,,,,,,,,,,,,,,,,,,,,,,,,,,,,,,,,,,,,,,,,,,,,,,,,,,,,,,,,,,,,,,,,,
,,,,,,,,,,,,,,,,,,,,,,,,,,,,,,,,,,,,,,,,,,,,,,,,,,,,,,,,,,,,,,,,,,,,,,,,,,,,,,,,,,,,,,,,,,,,,,,,,,,,,,,,,,,,,,,,,,,,,,,,,,,,,,,,,
,,,,,,,,,,,,,,,,,,,,,,,,,,,,,,,,,,,,,,,,,,,,,,,,,,,,,,,,,,,,,,,,,,,,,,,,,,,,,,,,,,,,,,,,,,,,,,,,,,,,,,,,,,,,,,,,,,,,,,,,,,,,,,,,,
,,,,,,,,,,,,,,,,,,,,,,,,,,,,,,,,,,,,,,,,,,,,,,,,,,,,,,,,,,,,,,,,,,,,,,,,,,,,,,,,,,,,,,,,,,,,,,,,,,,,,,,,,,,,,,,,,,,,,,,,,,,,,,,,,
,,,,,,,,,,,,,,,,,,,,,,,,,,,,,,,,,,,,,,,,,,,,,,,,,,,,,,,,,,,,,,,,,,,,,,,,,,,,,,,,,,,,,,,,,,,,,,,,,,,,,,,,,,,,,,,,,,,,,,,,,,,,,,,,,
,,,,,,,,,,,,,,,,,,,,,,,,,,,,,,,,,,,,,,,,,,,,,,,,,,,,,,,,,,,,,,,,,,,,,,,,,,,,,,,,,,,,,,,,,,,,,,,,,,,,,,,,,,,,,,,,,,,,,,,,,,,,,,,,,
,,,,,,,,,,,,,,,,,,,,,,,,,,,,,,,,,,,,,,,,,,,,,,,,,,,,,,,,,,,,,,,,,,,,,,,,,,,,,,,,,,,,,,,,,,,,,,,,,,,,,,,,,,,,,,,,,,,,,,,,,,,,,,,,,
,,,,,,,,,,,,,,,,,,,,,,,,,,,,,,,,,,,,,,,,,,,,,,,,,,,,,,,,,,,,,,,,,,,,,,,,,,,,,,,,,,,,,,,,,,,,,,,,,,,,,,,,,,,,,,,,,,,,,,,,,,,,,,,,,
,,,,,,,,,,,,,,,,,,,,,,,,,,,,,,,,,,,,,,,,,,,,,,,,,,,,,,,,,,,,,,,,,,,,,,,,,,,,,,,,,,,,,,,,,,,,,,,,,,,,,,,,,,,,,,,,,,,,,,,,,,,,,,,,,
,,,,,,,,,,,,,,,,,,,,,,,,,,,,,,,,,,,,,,,,,,,,,,,,,,,,,,,,,,,,,,,,,,,,,,,,,,,,,,,,,,,,,,,,,,,,,,,,,,,,,,,,,,,,,,,,,,,,,,,,,,,,,,,,,
,,,,,,,,,,,,,,,,,,,,,,,,,,,,,,,,,,,,,,,,,,,,,,,,,,,,,,,,,,,,,,,,,,,,,,,,,,,,,,,,,,,,,,,,,,,,,,,,,,,,,,,,,,,,,,,,,,,,,,,,,,,,,,,,,
,,,,,,,,,,,,,,,,,,,,,,,,,,,,,,,,,,,,,,,,,,,,,,,,,,,,,,,,,,,,,,,,,,,,,,,,,,,,,,,,,,,,,,,,,,,,,,,,,,,,,,,,,,,,,,,,,,,,,,,,,,,,,,,,,
,,,,,,,,,,,,,,,,,,,,,,,,,,,,,,,,,,,,,,,,,,,,,,,,,,,,,,,,,,,,,,,,,,,,,,,,,,,,,,,,,,,,,,,,,,,,,,,,,,,,,,,,,,,,,,,,,,,,,,,,,,,,,,,,,
,,,,,,,,,,,,,,,,,,,,,,,,,,,,,,,,,,,,,,,,,,,,,,,,,,,,,,,,,,,,,,,,,,,,,,,,,,,,,,,,,,,,,,,,,,,,,,,,,,,,,,,,,,,,,,,,,,,,,,,,,,,,,,,,,
,,,,,,,,,,,,,,,,,,,,,,,,,,,,,,,,,,,,,,,,,,,,,,,,,,,,,,,,,,,,,,,,,,,,,,,,,,,,,,,,,,,,,,,,,,,,,,,,,,,,,,,,,,,,,,,,,,,,,,,,,,,,,,,,,
,,,,,,,,,,,,,,,,,,,,,,,,,,,,,,,,,,,,,,,,,,,,,,,,,,,,,,,,,,,,,,,,,,,,,,,,,,,,,,,,,,,,,,,,,,,,,,,,,,,,,,,,,,,,,,,,,,,,,,,,,,,,,,,,,
,,,,,,,,,,,,,,,,,,,,,,,,,,,,,,,,,,,,,,,,,,,,,,,,,,,,,,,,,,,,,,,,,,,,,,,,,,,,,,,,,,,,,,,,,,,,,,,,,,,,,,,,,,,,,,,,,,,,,,,,,,,,,,,,,
,,,,,,,,,,,,,,,,,,,,,,,,,,,,,,,,,,,,,,,,,,,,,,,,,,,,,,,,,,,,,,,,,,,,,,,,,,,,,,,,,,,,,,,,,,,,,,,,,,,,,,,,,,,,,,,,,,,,,,,,,,,,,,,,,
,,,,,,,,,,,,,,,,,,,,,,,,,,,,,,,,,,,,,,,,,,,,,,,,,,,,,,,,,,,,,,,,,,,,,,,,,,,,,,,,,,,,,,,,,,,,,,,,,,,,,,,,,,,,,,,,,,,,,,,,,,,,,,,,,
,,,,,,,,,,,,,,,,,,,,,,,,,,,,,,,,,,,,,,,,,,,,,,,,,,,,,,,,,,,,,,,,,,,,,,,,,,,,,,,,,,,,,,,,,,,,,,,,,,,,,,,,,,,,,,,,,,,,,,,,,,,,,,,,,
,,,,,,,,,,,,,,,,,,,,,,,,,,,,,,,,,,,,,,,,,,,,,,,,,,,,,,,,,,,,,,,,,,,,,,,,,,,,,,,,,,,,,,,,,,,,,,,,,,,,,,,,,,,,,,,,,,,,,,,,,,,,,,,,,
,,,,,,,,,,,,,,,,,,,,,,,,,,,,,,,,,,,,,,,,,,,,,,,,,,,,,,,,,,,,,,,,,,,,,,,,,,,,,,,,,,,,,,,,,,,,,,,,,,,,,,,,,,,,,,,,,,,,,,,,,,,,,,,,,
,,,,,,,,,,,,,,,,,,,,,,,,,,,,,,,,,,,,,,,,,,,,,,,,,,,,,,,,,,,,,,,,,,,,,,,,,,,,,,,,,,,,,,,,,,,,,,,,,,,,,,,,,,,,,,,,,,,,,,,,,,,,,,,,,
,,,,,,,,,,,,,,,,,,,,,,,,,,,,,,,,,,,,,,,,,,,,,,,,,,,,,,,,,,,,,,,,,,,,,,,,,,,,,,,,,,,,,,,,,,,,,,,,,,,,,,,,,,,,,,,,,,,,,,,,,,,,,,,,,
,,,,,,,,,,,,,,,,,,,,,,,,,,,,,,,,,,,,,,,,,,,,,,,,,,,,,,,,,,,,,,,,,,,,,,,,,,,,,,,,,,,,,,,,,,,,,,,,,,,,,,,,,,,,,,,,,,,,,,,,,,,,,,,,,
,,,,,,,,,,,,,,,,,,,,,,,,,,,,,,,,,,,,,,,,,,,,,,,,,,,,,,,,,,,,,,,,,,,,,,,,,,,,,,,,,,,,,,,,,,,,,,,,,,,,,,,,,,,,,,,,,,,,,,,,,,,,,,,,,
,,,,,,,,,,,,,,,,,,,,,,,,,,,,,,,,,,,,,,,,,,,,,,,,,,,,,,,,,,,,,,,,,,,,,,,,,,,,,,,,,,,,,,,,,,,,,,,,,,,,,,,,,,,,,,,,,,,,,,,,,,,,,,,,,
,,,,,,,,,,,,,,,,,,,,,,,,,,,,,,,,,,,,,,,,,,,,,,,,,,,,,,,,,,,,,,,,,,,,,,,,,,,,,,,,,,,,,,,,,,,,,,,,,,,,,,,,,,,,,,,,,,,,,,,,,,,,,,,,,
,,,,,,,,,,,,,,,,,,,,,,,,,,,,,,,,,,,,,,,,,,,,,,,,,,,,,,,,,,,,,,,,,,,,,,,,,,,,,,,,,,,,,,,,,,,,,,,,,,,,,,,,,,,,,,,,,,,,,,,,,,,,,,,,,
,,,,,,,,,,,,,,,,,,,,,,,,,,,,,,,,,,,,,,,,,,,,,,,,,,,,,,,,,,,,,,,,,,,,,,,,,,,,,,,,,,,,,,,,,,,,,,,,,,,,,,,,,,,,,,,,,,,,,,,,,,,,,,,,,
,,,,,,,,,,,,,,,,,,,,,,,,,,,,,,,,,,,,,,,,,,,,,,,,,,,,,,,,,,,,,,,,,,,,,,,,,,,,,,,,,,,,,,,,,,,,,,,,,,,,,,,,,,,,,,,,,,,,,,,,,,,,,,,,,
,,,,,,,,,,,,,,,,,,,,,,,,,,,,,,,,,,,,,,,,,,,,,,,,,,,,,,,,,,,,,,,,,,,,,,,,,,,,,,,,,,,,,,,,,,,,,,,,,,,,,,,,,,,,,,,,,,,,,,,,,,,,,,,,,
,,,,,,,,,,,,,,,,,,,,,,,,,,,,,,,,,,,,,,,,,,,,,,,,,,,,,,,,,,,,,,,,,,,,,,,,,,,,,,,,,,,,,,,,,,,,,,,,,,,,,,,,,,,,,,,,,,,,,,,,,,,,,,,,,
,,,,,,,,,,,,,,,,,,,,,,,,,,,,,,,,,,,,,,,,,,,,,,,,,,,,,,,,,,,,,,,,,,,,,,,,,,,,,,,,,,,,,,,,,,,,,,,,,,,,,,,,,,,,,,,,,,,,,,,,,,,,,,,,,
,,,,,,,,,,,,,,,,,,,,,,,,,,,,,,,,,,,,,,,,,,,,,,,,,,,,,,,,,,,,,,,,,,,,,,,,,,,,,,,,,,,,,,,,,,,,,,,,,,,,,,,,,,,,,,,,,,,,,,,,,,,,,,,,,
,,,,,,,,,,,,,,,,,,,,,,,,,,,,,,,,,,,,,,,,,,,,,,,,,,,,,,,,,,,,,,,,,,,,,,,,,,,,,,,,,,,,,,,,,,,,,,,,,,,,,,,,,,,,,,,,,,,,,,,,,,,,,,,,,
,,,,,,,,,,,,,,,,,,,,,,,,,,,,,,,,,,,,,,,,,,,,,,,,,,,,,,,,,,,,,,,,,,,,,,,,,,,,,,,,,,,,,,,,,,,,,,,,,,,,,,,,,,,,,,,,,,,,,,,,,,,,,,,,,
,,,,,,,,,,,,,,,,,,,,,,,,,,,,,,,,,,,,,,,,,,,,,,,,,,,,,,,,,,,,,,,,,,,,,,,,,,,,,,,,,,,,,,,,,,,,,,,,,,,,,,,,,,,,,,,,,,,,,,,,,,,,,,,,,
,,,,,,,,,,,,,,,,,,,,,,,,,,,,,,,,,,,,,,,,,,,,,,,,,,,,,,,,,,,,,,,,,,,,,,,,,,,,,,,,,,,,,,,,,,,,,,,,,,,,,,,,,,,,,,,,,,,,,,,,,,,,,,,,,
,,,,,,,,,,,,,,,,,,,,,,,,,,,,,,,,,,,,,,,,,,,,,,,,,,,,,,,,,,,,,,,,,,,,,,,,,,,,,,,,,,,,,,,,,,,,,,,,,,,,,,,,,,,,,,,,,,,,,,,,,,,,,,,,,
,,,,,,,,,,,,,,,,,,,,,,,,,,,,,,,,,,,,,,,,,,,,,,,,,,,,,,,,,,,,,,,,,,,,,,,,,,,,,,,,,,,,,,,,,,,,,,,,,,,,,,,,,,,,,,,,,,,,,,,,,,,,,,,,,
,,,,,,,,,,,,,,,,,,,,,,,,,,,,,,,,,,,,,,,,,,,,,,,,,,,,,,,,,,,,,,,,,,,,,,,,,,,,,,,,,,,,,,,,,,,,,,,,,,,,,,,,,,,,,,,,,,,,,,,,,,,,,,,,,
,,,,,,,,,,,,,,,,,,,,,,,,,,,,,,,,,,,,,,,,,,,,,,,,,,,,,,,,,,,,,,,,,,,,,,,,,,,,,,,,,,,,,,,,,,,,,,,,,,,,,,,,,,,,,,,,,,,,,,,,,,,,,,,,,
,,,,,,,,,,,,,,,,,,,,,,,,,,,,,,,,,,,,,,,,,,,,,,,,,,,,,,,,,,,,,,,,,,,,,,,,,,,,,,,,,,,,,,,,,,,,,,,,,,,,,,,,,,,,,,,,,,,,,,,,,,,,,,,,,
,,,,,,,,,,,,,,,,,,,,,,,,,,,,,,,,,,,,,,,,,,,,,,,,,,,,,,,,,,,,,,,,,,,,,,,,,,,,,,,,,,,,,,,,,,,,,,,,,,,,,,,,,,,,,,,,,,,,,,,,,,,,,,,,,
,,,,,,,,,,,,,,,,,,,,,,,,,,,,,,,,,,,,,,,,,,,,,,,,,,,,,,,,,,,,,,,,,,,,,,,,,,,,,,,,,,,,,,,,,,,,,,,,,,,,,,,,,,,,,,,,,,,,,,,,,,,,,,,,,
,,,,,,,,,,,,,,,,,,,,,,,,,,,,,,,,,,,,,,,,,,,,,,,,,,,,,,,,,,,,,,,,,,,,,,,,,,,,,,,,,,,,,,,,,,,,,,,,,,,,,,,,,,,,,,,,,,,,,,,,,,,,,,,,,
,,,,,,,,,,,,,,,,,,,,,,,,,,,,,,,,,,,,,,,,,,,,,,,,,,,,,,,,,,,,,,,,,,,,,,,,,,,,,,,,,,,,,,,,,,,,,,,,,,,,,,,,,,,,,,,,,,,,,,,,,,,,,,,,,
,,,,,,,,,,,,,,,,,,,,,,,,,,,,,,,,,,,,,,,,,,,,,,,,,,,,,,,,,,,,,,,,,,,,,,,,,,,,,,,,,,,,,,,,,,,,,,,,,,,,,,,,,,,,,,,,,,,,,,,,,,,,,,,,,
,,,,,,,,,,,,,,,,,,,,,,,,,,,,,,,,,,,,,,,,,,,,,,,,,,,,,,,,,,,,,,,,,,,,,,,,,,,,,,,,,,,,,,,,,,,,,,,,,,,,,,,,,,,,,,,,,,,,,,,,,,,,,,,,,
,,,,,,,,,,,,,,,,,,,,,,,,,,,,,,,,,,,,,,,,,,,,,,,,,,,,,,,,,,,,,,,,,,,,,,,,,,,,,,,,,,,,,,,,,,,,,,,,,,,,,,,,,,,,,,,,,,,,,,,,,,,,,,,,,
,,,,,,,,,,,,,,,,,,,,,,,,,,,,,,,,,,,,,,,,,,,,,,,,,,,,,,,,,,,,,,,,,,,,,,,,,,,,,,,,,,,,,,,,,,,,,,,,,,,,,,,,,,,,,,,,,,,,,,,,,,,,,,,,,
,,,,,,,,,,,,,,,,,,,,,,,,,,,,,,,,,,,,,,,,,,,,,,,,,,,,,,,,,,,,,,,,,,,,,,,,,,,,,,,,,,,,,,,,,,,,,,,,,,,,,,,,,,,,,,,,,,,,,,,,,,,,,,,,,
,,,,,,,,,,,,,,,,,,,,,,,,,,,,,,,,,,,,,,,,,,,,,,,,,,,,,,,,,,,,,,,,,,,,,,,,,,,,,,,,,,,,,,,,,,,,,,,,,,,,,,,,,,,,,,,,,,,,,,,,,,,,,,,,,
,,,,,,,,,,,,,,,,,,,,,,,,,,,,,,,,,,,,,,,,,,,,,,,,,,,,,,,,,,,,,,,,,,,,,,,,,,,,,,,,,,,,,,,,,,,,,,,,,,,,,,,,,,,,,,,,,,,,,,,,,,,,,,,,,
,,,,,,,,,,,,,,,,,,,,,,,,,,,,,,,,,,,,,,,,,,,,,,,,,,,,,,,,,,,,,,,,,,,,,,,,,,,,,,,,,,,,,,,,,,,,,,,,,,,,,,,,,,,,,,,,,,,,,,,,,,,,,,,,,
,,,,,,,,,,,,,,,,,,,,,,,,,,,,,,,,,,,,,,,,,,,,,,,,,,,,,,,,,,,,,,,,,,,,,,,,,,,,,,,,,,,,,,,,,,,,,,,,,,,,,,,,,,,,,,,,,,,,,,,,,,,,,,,,,
,,,,,,,,,,,,,,,,,,,,,,,,,,,,,,,,,,,,,,,,,,,,,,,,,,,,,,,,,,,,,,,,,,,,,,,,,,,,,,,,,,,,,,,,,,,,,,,,,,,,,,,,,,,,,,,,,,,,,,,,,,,,,,,,,
,,,,,,,,,,,,,,,,,,,,,,,,,,,,,,,,,,,,,,,,,,,,,,,,,,,,,,,,,,,,,,,,,,,,,,,,,,,,,,,,,,,,,,,,,,,,,,,,,,,,,,,,,,,,,,,,,,,,,,,,,,,,,,,,,
,,,,,,,,,,,,,,,,,,,,,,,,,,,,,,,,,,,,,,,,,,,,,,,,,,,,,,,,,,,,,,,,,,,,,,,,,,,,,,,,,,,,,,,,,,,,,,,,,,,,,,,,,,,,,,,,,,,,,,,,,,,,,,,,,
,,,,,,,,,,,,,,,,,,,,,,,,,,,,,,,,,,,,,,,,,,,,,,,,,,,,,,,,,,,,,,,,,,,,,,,,,,,,,,,,,,,,,,,,,,,,,,,,,,,,,,,,,,,,,,,,,,,,,,,,,,,,,,,,,
,,,,,,,,,,,,,,,,,,,,,,,,,,,,,,,,,,,,,,,,,,,,,,,,,,,,,,,,,,,,,,,,,,,,,,,,,,,,,,,,,,,,,,,,,,,,,,,,,,,,,,,,,,,,,,,,,,,,,,,,,,,,,,,,,
,,,,,,,,,,,,,,,,,,,,,,,,,,,,,,,,,,,,,,,,,,,,,,,,,,,,,,,,,,,,,,,,,,,,,,,,,,,,,,,,,,,,,,,,,,,,,,,,,,,,,,,,,,,,,,,,,,,,,,,,,,,,,,,,,
,,,,,,,,,,,,,,,,,,,,,,,,,,,,,,,,,,,,,,,,,,,,,,,,,,,,,,,,,,,,,,,,,,,,,,,,,,,,,,,,,,,,,,,,,,,,,,,,,,,,,,,,,,,,,,,,,,,,,,,,,,,,,,,,,
,,,,,,,,,,,,,,,,,,,,,,,,,,,,,,,,,,,,,,,,,,,,,,,,,,,,,,,,,,,,,,,,,,,,,,,,,,,,,,,,,,,,,,,,,,,,,,,,,,,,,,,,,,,,,,,,,,,,,,,,,,,,,,,,,
,,,,,,,,,,,,,,,,,,,,,,,,,,,,,,,,,,,,,,,,,,,,,,,,,,,,,,,,,,,,,,,,,,,,,,,,,,,,,,,,,,,,,,,,,,,,,,,,,,,,,,,,,,,,,,,,,,,,,,,,,,,,,,,,,
,,,,,,,,,,,,,,,,,,,,,,,,,,,,,,,,,,,,,,,,,,,,,,,,,,,,,,,,,,,,,,,,,,,,,,,,,,,,,,,,,,,,,,,,,,,,,,,,,,,,,,,,,,,,,,,,,,,,,,,,,,,,,,,,,
,,,,,,,,,,,,,,,,,,,,,,,,,,,,,,,,,,,,,,,,,,,,,,,,,,,,,,,,,,,,,,,,,,,,,,,,,,,,,,,,,,,,,,,,,,,,,,,,,,,,,,,,,,,,,,,,,,,,,,,,,,,,,,,,,
,,,,,,,,,,,,,,,,,,,,,,,,,,,,,,,,,,,,,,,,,,,,,,,,,,,,,,,,,,,,,,,,,,,,,,,,,,,,,,,,,,,,,,,,,,,,,,,,,,,,,,,,,,,,,,,,,,,,,,,,,,,,,,,,,
,,,,,,,,,,,,,,,,,,,,,,,,,,,,,,,,,,,,,,,,,,,,,,,,,,,,,,,,,,,,,,,,,,,,,,,,,,,,,,,,,,,,,,,,,,,,,,,,,,,,,,,,,,,,,,,,,,,,,,,,,,,,,,,,,
,,,,,,,,,,,,,,,,,,,,,,,,,,,,,,,,,,,,,,,,,,,,,,,,,,,,,,,,,,,,,,,,,,,,,,,,,,,,,,,,,,,,,,,,,,,,,,,,,,,,,,,,,,,,,,,,,,,,,,,,,,,,,,,,,
,,,,,,,,,,,,,,,,,,,,,,,,,,,,,,,,,,,,,,,,,,,,,,,,,,,,,,,,,,,,,,,,,,,,,,,,,,,,,,,,,,,,,,,,,,,,,,,,,,,,,,,,,,,,,,,,,,,,,,,,,,,,,,,,,
,,,,,,,,,,,,,,,,,,,,,,,,,,,,,,,,,,,,,,,,,,,,,,,,,,,,,,,,,,,,,,,,,,,,,,,,,,,,,,,,,,,,,,,,,,,,,,,,,,,,,,,,,,,,,,,,,,,,,,,,,,,,,,,,,
,,,,,,,,,,,,,,,,,,,,,,,,,,,,,,,,,,,,,,,,,,,,,,,,,,,,,,,,,,,,,,,,,,,,,,,,,,,,,,,,,,,,,,,,,,,,,,,,,,,,,,,,,,,,,,,,,,,,,,,,,,,,,,,,,
,,,,,,,,,,,,,,,,,,,,,,,,,,,,,,,,,,,,,,,,,,,,,,,,,,,,,,,,,,,,,,,,,,,,,,,,,,,,,,,,,,,,,,,,,,,,,,,,,,,,,,,,,,,,,,,,,,,,,,,,,,,,,,,,,
,,,,,,,,,,,,,,,,,,,,,,,,,,,,,,,,,,,,,,,,,,,,,,,,,,,,,,,,,,,,,,,,,,,,,,,,,,,,,,,,,,,,,,,,,,,,,,,,,,,,,,,,,,,,,,,,,,,,,,,,,,,,,,,,,
,,,,,,,,,,,,,,,,,,,,,,,,,,,,,,,,,,,,,,,,,,,,,,,,,,,,,,,,,,,,,,,,,,,,,,,,,,,,,,,,,,,,,,,,,,,,,,,,,,,,,,,,,,,,,,,,,,,,,,,,,,,,,,,,,
,,,,,,,,,,,,,,,,,,,,,,,,,,,,,,,,,,,,,,,,,,,,,,,,,,,,,,,,,,,,,,,,,,,,,,,,,,,,,,,,,,,,,,,,,,,,,,,,,,,,,,,,,,,,,,,,,,,,,,,,,,,,,,,,,
,,,,,,,,,,,,,,,,,,,,,,,,,,,,,,,,,,,,,,,,,,,,,,,,,,,,,,,,,,,,,,,,,,,,,,,,,,,,,,,,,,,,,,,,,,,,,,,,,,,,,,,,,,,,,,,,,,,,,,,,,,,,,,,,,
,,,,,,,,,,,,,,,,,,,,,,,,,,,,,,,,,,,,,,,,,,,,,,,,,,,,,,,,,,,,,,,,,,,,,,,,,,,,,,,,,,,,,,,,,,,,,,,,,,,,,,,,,,,,,,,,,,,,,,,,,,,,,,,,,
,,,,,,,,,,,,,,,,,,,,,,,,,,,,,,,,,,,,,,,,,,,,,,,,,,,,,,,,,,,,,,,,,,,,,,,,,,,,,,,,,,,,,,,,,,,,,,,,,,,,,,,,,,,,,,,,,,,,,,,,,,,,,,,,,
,,,,,,,,,,,,,,,,,,,,,,,,,,,,,,,,,,,,,,,,,,,,,,,,,,,,,,,,,,,,,,,,,,,,,,,,,,,,,,,,,,,,,,,,,,,,,,,,,,,,,,,,,,,,,,,,,,,,,,,,,,,,,,,,,
,,,,,,,,,,,,,,,,,,,,,,,,,,,,,,,,,,,,,,,,,,,,,,,,,,,,,,,,,,,,,,,,,,,,,,,,,,,,,,,,,,,,,,,,,,,,,,,,,,,,,,,,,,,,,,,,,,,,,,,,,,,,,,,,,
,,,,,,,,,,,,,,,,,,,,,,,,,,,,,,,,,,,,,,,,,,,,,,,,,,,,,,,,,,,,,,,,,,,,,,,,,,,,,,,,,,,,,,,,,,,,,,,,,,,,,,,,,,,,,,,,,,,,,,,,,,,,,,,,,
,,,,,,,,,,,,,,,,,,,,,,,,,,,,,,,,,,,,,,,,,,,,,,,,,,,,,,,,,,,,,,,,,,,,,,,,,,,,,,,,,,,,,,,,,,,,,,,,,,,,,,,,,,,,,,,,,,,,,,,,,,,,,,,,,
,,,,,,,,,,,,,,,,,,,,,,,,,,,,,,,,,,,,,,,,,,,,,,,,,,,,,,,,,,,,,,,,,,,,,,,,,,,,,,,,,,,,,,,,,,,,,,,,,,,,,,,,,,,,,,,,,,,,,,,,,,,,,,,,,
,,,,,,,,,,,,,,,,,,,,,,,,,,,,,,,,,,,,,,,,,,,,,,,,,,,,,,,,,,,,,,,,,,,,,,,,,,,,,,,,,,,,,,,,,,,,,,,,,,,,,,,,,,,,,,,,,,,,,,,,,,,,,,,,,
,,,,,,,,,,,,,,,,,,,,,,,,,,,,,,,,,,,,,,,,,,,,,,,,,,,,,,,,,,,,,,,,,,,,,,,,,,,,,,,,,,,,,,,,,,,,,,,,,,,,,,,,,,,,,,,,,,,,,,,,,,,,,,,,,
,,,,,,,,,,,,,,,,,,,,,,,,,,,,,,,,,,,,,,,,,,,,,,,,,,,,,,,,,,,,,,,,,,,,,,,,,,,,,,,,,,,,,,,,,,,,,,,,,,,,,,,,,,,,,,,,,,,,,,,,,,,,,,,,,
,,,,,,,,,,,,,,,,,,,,,,,,,,,,,,,,,,,,,,,,,,,,,,,,,,,,,,,,,,,,,,,,,,,,,,,,,,,,,,,,,,,,,,,,,,,,,,,,,,,,,,,,,,,,,,,,,,,,,,,,,,,,,,,,,
,,,,,,,,,,,,,,,,,,,,,,,,,,,,,,,,,,,,,,,,,,,,,,,,,,,,,,,,,,,,,,,,,,,,,,,,,,,,,,,,,,,,,,,,,,,,,,,,,,,,,,,,,,,,,,,,,,,,,,,,,,,,,,,,,
,,,,,,,,,,,,,,,,,,,,,,,,,,,,,,,,,,,,,,,,,,,,,,,,,,,,,,,,,,,,,,,,,,,,,,,,,,,,,,,,,,,,,,,,,,,,,,,,,,,,,,,,,,,,,,,,,,,,,,,,,,,,,,,,,
,,,,,,,,,,,,,,,,,,,,,,,,,,,,,,,,,,,,,,,,,,,,,,,,,,,,,,,,,,,,,,,,,,,,,,,,,,,,,,,,,,,,,,,,,,,,,,,,,,,,,,,,,,,,,,,,,,,,,,,,,,,,,,,,,
,,,,,,,,,,,,,,,,,,,,,,,,,,,,,,,,,,,,,,,,,,,,,,,,,,,,,,,,,,,,,,,,,,,,,,,,,,,,,,,,,,,,,,,,,,,,,,,,,,,,,,,,,,,,,,,,,,,,,,,,,,,,,,,,,
,,,,,,,,,,,,,,,,,,,,,,,,,,,,,,,,,,,,,,,,,,,,,,,,,,,,,,,,,,,,,,,,,,,,,,,,,,,,,,,,,,,,,,,,,,,,,,,,,,,,,,,,,,,,,,,,,,,,,,,,,,,,,,,,,
,,,,,,,,,,,,,,,,,,,,,,,,,,,,,,,,,,,,,,,,,,,,,,,,,,,,,,,,,,,,,,,,,,,,,,,,,,,,,,,,,,,,,,,,,,,,,,,,,,,,,,,,,,,,,,,,,,,,,,,,,,,,,,,,,
,,,,,,,,,,,,,,,,,,,,,,,,,,,,,,,,,,,,,,,,,,,,,,,,,,,,,,,,,,,,,,,,,,,,,,,,,,,,,,,,,,,,,,,,,,,,,,,,,,,,,,,,,,,,,,,,,,,,,,,,,,,,,,,,,
,,,,,,,,,,,,,,,,,,,,,,,,,,,,,,,,,,,,,,,,,,,,,,,,,,,,,,,,,,,,,,,,,,,,,,,,,,,,,,,,,,,,,,,,,,,,,,,,,,,,,,,,,,,,,,,,,,,,,,,,,,,,,,,,,
,,,,,,,,,,,,,,,,,,,,,,,,,,,,,,,,,,,,,,,,,,,,,,,,,,,,,,,,,,,,,,,,,,,,,,,,,,,,,,,,,,,,,,,,,,,,,,,,,,,,,,,,,,,,,,,,,,,,,,,,,,,,,,,,,
,,,,,,,,,,,,,,,,,,,,,,,,,,,,,,,,,,,,,,,,,,,,,,,,,,,,,,,,,,,,,,,,,,,,,,,,,,,,,,,,,,,,,,,,,,,,,,,,,,,,,,,,,,,,,,,,,,,,,,,,,,,,,,,,,
,,,,,,,,,,,,,,,,,,,,,,,,,,,,,,,,,,,,,,,,,,,,,,,,,,,,,,,,,,,,,,,,,,,,,,,,,,,,,,,,,,,,,,,,,,,,,,,,,,,,,,,,,,,,,,,,,,,,,,,,,,,,,,,,,
,,,,,,,,,,,,,,,,,,,,,,,,,,,,,,,,,,,,,,,,,,,,,,,,,,,,,,,,,,,,,,,,,,,,,,,,,,,,,,,,,,,,,,,,,,,,,,,,,,,,,,,,,,,,,,,,,,,,,,,,,,,,,,,,,
,,,,,,,,,,,,,,,,,,,,,,,,,,,,,,,,,,,,,,,,,,,,,,,,,,,,,,,,,,,,,,,,,,,,,,,,,,,,,,,,,,,,,,,,,,,,,,,,,,,,,,,,,,,,,,,,,,,,,,,,,,,,,,,,,
,,,,,,,,,,,,,,,,,,,,,,,,,,,,,,,,,,,,,,,,,,,,,,,,,,,,,,,,,,,,,,,,,,,,,,,,,,,,,,,,,,,,,,,,,,,,,,,,,,,,,,,,,,,,,,,,,,,,,,,,,,,,,,,,,
,,,,,,,,,,,,,,,,,,,,,,,,,,,,,,,,,,,,,,,,,,,,,,,,,,,,,,,,,,,,,,,,,,,,,,,,,,,,,,,,,,,,,,,,,,,,,,,,,,,,,,,,,,,,,,,,,,,,,,,,,,,,,,,,,
,,,,,,,,,,,,,,,,,,,,,,,,,,,,,,,,,,,,,,,,,,,,,,,,,,,,,,,,,,,,,,,,,,,,,,,,,,,,,,,,,,,,,,,,,,,,,,,,,,,,,,,,,,,,,,,,,,,,,,,,,,,,,,,,,
,,,,,,,,,,,,,,,,,,,,,,,,,,,,,,,,,,,,,,,,,,,,,,,,,,,,,,,,,,,,,,,,,,,,,,,,,,,,,,,,,,,,,,,,,,,,,,,,,,,,,,,,,,,,,,,,,,,,,,,,,,,,,,,,,
,,,,,,,,,,,,,,,,,,,,,,,,,,,,,,,,,,,,,,,,,,,,,,,,,,,,,,,,,,,,,,,,,,,,,,,,,,,,,,,,,,,,,,,,,,,,,,,,,,,,,,,,,,,,,,,,,,,,,,,,,,,,,,,,,
,,,,,,,,,,,,,,,,,,,,,,,,,,,,,,,,,,,,,,,,,,,,,,,,,,,,,,,,,,,,,,,,,,,,,,,,,,,,,,,,,,,,,,,,,,,,,,,,,,,,,,,,,,,,,,,,,,,,,,,,,,,,,,,,,
,,,,,,,,,,,,,,,,,,,,,,,,,,,,,,,,,,,,,,,,,,,,,,,,,,,,,,,,,,,,,,,,,,,,,,,,,,,,,,,,,,,,,,,,,,,,,,,,,,,,,,,,,,,,,,,,,,,,,,,,,,,,,,,,,
,,,,,,,,,,,,,,,,,,,,,,,,,,,,,,,,,,,,,,,,,,,,,,,,,,,,,,,,,,,,,,,,,,,,,,,,,,,,,,,,,,,,,,,,,,,,,,,,,,,,,,,,,,,,,,,,,,,,,,,,,,,,,,,,,
,,,,,,,,,,,,,,,,,,,,,,,,,,,,,,,,,,,,,,,,,,,,,,,,,,,,,,,,,,,,,,,,,,,,,,,,,,,,,,,,,,,,,,,,,,,,,,,,,,,,,,,,,,,,,,,,,,,,,,,,,,,,,,,,,
,,,,,,,,,,,,,,,,,,,,,,,,,,,,,,,,,,,,,,,,,,,,,,,,,,,,,,,,,,,,,,,,,,,,,,,,,,,,,,,,,,,,,,,,,,,,,,,,,,,,,,,,,,,,,,,,,,,,,,,,,,,,,,,,,
,,,,,,,,,,,,,,,,,,,,,,,,,,,,,,,,,,,,,,,,,,,,,,,,,,,,,,,,,,,,,,,,,,,,,,,,,,,,,,,,,,,,,,,,,,,,,,,,,,,,,,,,,,,,,,,,,,,,,,,,,,,,,,,,,
,,,,,,,,,,,,,,,,,,,,,,,,,,,,,,,,,,,,,,,,,,,,,,,,,,,,,,,,,,,,,,,,,,,,,,,,,,,,,,,,,,,,,,,,,,,,,,,,,,,,,,,,,,,,,,,,,,,,,,,,,,,,,,,,,
,,,,,,,,,,,,,,,,,,,,,,,,,,,,,,,,,,,,,,,,,,,,,,,,,,,,,,,,,,,,,,,,,,,,,,,,,,,,,,,,,,,,,,,,,,,,,,,,,,,,,,,,,,,,,,,,,,,,,,,,,,,,,,,,,
,,,,,,,,,,,,,,,,,,,,,,,,,,,,,,,,,,,,,,,,,,,,,,,,,,,,,,,,,,,,,,,,,,,,,,,,,,,,,,,,,,,,,,,,,,,,,,,,,,,,,,,,,,,,,,,,,,,,,,,,,,,,,,,,,
,,,,,,,,,,,,,,,,,,,,,,,,,,,,,,,,,,,,,,,,,,,,,,,,,,,,,,,,,,,,,,,,,,,,,,,,,,,,,,,,,,,,,,,,,,,,,,,,,,,,,,,,,,,,,,,,,,,,,,,,,,,,,,,,,
,,,,,,,,,,,,,,,,,,,,,,,,,,,,,,,,,,,,,,,,,,,,,,,,,,,,,,,,,,,,,,,,,,,,,,,,,,,,,,,,,,,,,,,,,,,,,,,,,,,,,,,,,,,,,,,,,,,,,,,,,,,,,,,,,
,,,,,,,,,,,,,,,,,,,,,,,,,,,,,,,,,,,,,,,,,,,,,,,,,,,,,,,,,,,,,,,,,,,,,,,,,,,,,,,,,,,,,,,,,,,,,,,,,,,,,,,,,,,,,,,,,,,,,,,,,,,,,,,,,
,,,,,,,,,,,,,,,,,,,,,,,,,,,,,,,,,,,,,,,,,,,,,,,,,,,,,,,,,,,,,,,,,,,,,,,,,,,,,,,,,,,,,,,,,,,,,,,,,,,,,,,,,,,,,,,,,,,,,,,,,,,,,,,,,
,,,,,,,,,,,,,,,,,,,,,,,,,,,,,,,,,,,,,,,,,,,,,,,,,,,,,,,,,,,,,,,,,,,,,,,,,,,,,,,,,,,,,,,,,,,,,,,,,,,,,,,,,,,,,,,,,,,,,,,,,,,,,,,,,
,,,,,,,,,,,,,,,,,,,,,,,,,,,,,,,,,,,,,,,,,,,,,,,,,,,,,,,,,,,,,,,,,,,,,,,,,,,,,,,,,,,,,,,,,,,,,,,,,,,,,,,,,,,,,,,,,,,,,,,,,,,,,,,,,
,,,,,,,,,,,,,,,,,,,,,,,,,,,,,,,,,,,,,,,,,,,,,,,,,,,,,,,,,,,,,,,,,,,,,,,,,,,,,,,,,,,,,,,,,,,,,,,,,,,,,,,,,,,,,,,,,,,,,,,,,,,,,,,,,
,,,,,,,,,,,,,,,,,,,,,,,,,,,,,,,,,,,,,,,,,,,,,,,,,,,,,,,,,,,,,,,,,,,,,,,,,,,,,,,,,,,,,,,,,,,,,,,,,,,,,,,,,,,,,,,,,,,,,,,,,,,,,,,,,
,,,,,,,,,,,,,,,,,,,,,,,,,,,,,,,,,,,,,,,,,,,,,,,,,,,,,,,,,,,,,,,,,,,,,,,,,,,,,,,,,,,,,,,,,,,,,,,,,,,,,,,,,,,,,,,,,,,,,,,,,,,,,,,,,
,,,,,,,,,,,,,,,,,,,,,,,,,,,,,,,,,,,,,,,,,,,,,,,,,,,,,,,,,,,,,,,,,,,,,,,,,,,,,,,,,,,,,,,,,,,,,,,,,,,,,,,,,,,,,,,,,,,,,,,,,,,,,,,,,
,,,,,,,,,,,,,,,,,,,,,,,,,,,,,,,,,,,,,,,,,,,,,,,,,,,,,,,,,,,,,,,,,,,,,,,,,,,,,,,,,,,,,,,,,,,,,,,,,,,,,,,,,,,,,,,,,,,,,,,,,,,,,,,,,
,,,,,,,,,,,,,,,,,,,,,,,,,,,,,,,,,,,,,,,,,,,,,,,,,,,,,,,,,,,,,,,,,,,,,,,,,,,,,,,,,,,,,,,,,,,,,,,,,,,,,,,,,,,,,,,,,,,,,,,,,,,,,,,,,
,,,,,,,,,,,,,,,,,,,,,,,,,,,,,,,,,,,,,,,,,,,,,,,,,,,,,,,,,,,,,,,,,,,,,,,,,,,,,,,,,,,,,,,,,,,,,,,,,,,,,,,,,,,,,,,,,,,,,,,,,,,,,,,,,
,,,,,,,,,,,,,,,,,,,,,,,,,,,,,,,,,,,,,,,,,,,,,,,,,,,,,,,,,,,,,,,,,,,,,,,,,,,,,,,,,,,,,,,,,,,,,,,,,,,,,,,,,,,,,,,,,,,,,,,,,,,,,,,,,
,,,,,,,,,,,,,,,,,,,,,,,,,,,,,,,,,,,,,,,,,,,,,,,,,,,,,,,,,,,,,,,,,,,,,,,,,,,,,,,,,,,,,,,,,,,,,,,,,,,,,,,,,,,,,,,,,,,,,,,,,,,,,,,,,
,,,,,,,,,,,,,,,,,,,,,,,,,,,,,,,,,,,,,,,,,,,,,,,,,,,,,,,,,,,,,,,,,,,,,,,,,,,,,,,,,,,,,,,,,,,,,,,,,,,,,,,,,,,,,,,,,,,,,,,,,,,,,,,,,
,,,,,,,,,,,,,,,,,,,,,,,,,,,,,,,,,,,,,,,,,,,,,,,,,,,,,,,,,,,,,,,,,,,,,,,,,,,,,,,,,,,,,,,,,,,,,,,,,,,,,,,,,,,,,,,,,,,,,,,,,,,,,,,,,
,,,,,,,,,,,,,,,,,,,,,,,,,,,,,,,,,,,,,,,,,,,,,,,,,,,,,,,,,,,,,,,,,,,,,,,,,,,,,,,,,,,,,,,,,,,,,,,,,,,,,,,,,,,,,,,,,,,,,,,,,,,,,,,,,
,,,,,,,,,,,,,,,,,,,,,,,,,,,,,,,,,,,,,,,,,,,,,,,,,,,,,,,,,,,,,,,,,,,,,,,,,,,,,,,,,,,,,,,,,,,,,,,,,,,,,,,,,,,,,,,,,,,,,,,,,,,,,,,,,
,,,,,,,,,,,,,,,,,,,,,,,,,,,,,,,,,,,,,,,,,,,,,,,,,,,,,,,,,,,,,,,,,,,,,,,,,,,,,,,,,,,,,,,,,,,,,,,,,,,,,,,,,,,,,,,,,,,,,,,,,,,,,,,,,
,,,,,,,,,,,,,,,,,,,,,,,,,,,,,,,,,,,,,,,,,,,,,,,,,,,,,,,,,,,,,,,,,,,,,,,,,,,,,,,,,,,,,,,,,,,,,,,,,,,,,,,,,,,,,,,,,,,,,,,,,,,,,,,,,
,,,,,,,,,,,,,,,,,,,,,,,,,,,,,,,,,,,,,,,,,,,,,,,,,,,,,,,,,,,,,,,,,,,,,,,,,,,,,,,,,,,,,,,,,,,,,,,,,,,,,,,,,,,,,,,,,,,,,,,,,,,,,,,,,
,,,,,,,,,,,,,,,,,,,,,,,,,,,,,,,,,,,,,,,,,,,,,,,,,,,,,,,,,,,,,,,,,,,,,,,,,,,,,,,,,,,,,,,,,,,,,,,,,,,,,,,,,,,,,,,,,,,,,,,,,,,,,,,,,
,,,,,,,,,,,,,,,,,,,,,,,,,,,,,,,,,,,,,,,,,,,,,,,,,,,,,,,,,,,,,,,,,,,,,,,,,,,,,,,,,,,,,,,,,,,,,,,,,,,,,,,,,,,,,,,,,,,,,,,,,,,,,,,,,
,,,,,,,,,,,,,,,,,,,,,,,,,,,,,,,,,,,,,,,,,,,,,,,,,,,,,,,,,,,,,,,,,,,,,,,,,,,,,,,,,,,,,,,,,,,,,,,,,,,,,,,,,,,,,,,,,,,,,,,,,,,,,,,,,
,,,,,,,,,,,,,,,,,,,,,,,,,,,,,,,,,,,,,,,,,,,,,,,,,,,,,,,,,,,,,,,,,,,,,,,,,,,,,,,,,,,,,,,,,,,,,,,,,,,,,,,,,,,,,,,,,,,,,,,,,,,,,,,,,
,,,,,,,,,,,,,,,,,,,,,,,,,,,,,,,,,,,,,,,,,,,,,,,,,,,,,,,,,,,,,,,,,,,,,,,,,,,,,,,,,,,,,,,,,,,,,,,,,,,,,,,,,,,,,,,,,,,,,,,,,,,,,,,,,
,,,,,,,,,,,,,,,,,,,,,,,,,,,,,,,,,,,,,,,,,,,,,,,,,,,,,,,,,,,,,,,,,,,,,,,,,,,,,,,,,,,,,,,,,,,,,,,,,,,,,,,,,,,,,,,,,,,,,,,,,,,,,,,,,
,,,,,,,,,,,,,,,,,,,,,,,,,,,,,,,,,,,,,,,,,,,,,,,,,,,,,,,,,,,,,,,,,,,,,,,,,,,,,,,,,,,,,,,,,,,,,,,,,,,,,,,,,,,,,,,,,,,,,,,,,,,,,,,,,
,,,,,,,,,,,,,,,,,,,,,,,,,,,,,,,,,,,,,,,,,,,,,,,,,,,,,,,,,,,,,,,,,,,,,,,,,,,,,,,,,,,,,,,,,,,,,,,,,,,,,,,,,,,,,,,,,,,,,,,,,,,,,,,,,
,,,,,,,,,,,,,,,,,,,,,,,,,,,,,,,,,,,,,,,,,,,,,,,,,,,,,,,,,,,,,,,,,,,,,,,,,,,,,,,,,,,,,,,,,,,,,,,,,,,,,,,,,,,,,,,,,,,,,,,,,,,,,,,,,
,,,,,,,,,,,,,,,,,,,,,,,,,,,,,,,,,,,,,,,,,,,,,,,,,,,,,,,,,,,,,,,,,,,,,,,,,,,,,,,,,,,,,,,,,,,,,,,,,,,,,,,,,,,,,,,,,,,,,,,,,,,,,,,,,
,,,,,,,,,,,,,,,,,,,,,,,,,,,,,,,,,,,,,,,,,,,,,,,,,,,,,,,,,,,,,,,,,,,,,,,,,,,,,,,,,,,,,,,,,,,,,,,,,,,,,,,,,,,,,,,,,,,,,,,,,,,,,,,,,
,,,,,,,,,,,,,,,,,,,,,,,,,,,,,,,,,,,,,,,,,,,,,,,,,,,,,,,,,,,,,,,,,,,,,,,,,,,,,,,,,,,,,,,,,,,,,,,,,,,,,,,,,,,,,,,,,,,,,,,,,,,,,,,,,
,,,,,,,,,,,,,,,,,,,,,,,,,,,,,,,,,,,,,,,,,,,,,,,,,,,,,,,,,,,,,,,,,,,,,,,,,,,,,,,,,,,,,,,,,,,,,,,,,,,,,,,,,,,,,,,,,,,,,,,,,,,,,,,,,
,,,,,,,,,,,,,,,,,,,,,,,,,,,,,,,,,,,,,,,,,,,,,,,,,,,,,,,,,,,,,,,,,,,,,,,,,,,,,,,,,,,,,,,,,,,,,,,,,,,,,,,,,,,,,,,,,,,,,,,,,,,,,,,,,
,,,,,,,,,,,,,,,,,,,,,,,,,,,,,,,,,,,,,,,,,,,,,,,,,,,,,,,,,,,,,,,,,,,,,,,,,,,,,,,,,,,,,,,,,,,,,,,,,,,,,,,,,,,,,,,,,,,,,,,,,,,,,,,,,
,,,,,,,,,,,,,,,,,,,,,,,,,,,,,,,,,,,,,,,,,,,,,,,,,,,,,,,,,,,,,,,,,,,,,,,,,,,,,,,,,,,,,,,,,,,,,,,,,,,,,,,,,,,,,,,,,,,,,,,,,,,,,,,,,
,,,,,,,,,,,,,,,,,,,,,,,,,,,,,,,,,,,,,,,,,,,,,,,,,,,,,,,,,,,,,,,,,,,,,,,,,,,,,,,,,,,,,,,,,,,,,,,,,,,,,,,,,,,,,,,,,,,,,,,,,,,,,,,,,
,,,,,,,,,,,,,,,,,,,,,,,,,,,,,,,,,,,,,,,,,,,,,,,,,,,,,,,,,,,,,,,,,,,,,,,,,,,,,,,,,,,,,,,,,,,,,,,,,,,,,,,,,,,,,,,,,,,,,,,,,,,,,,,,,
,,,,,,,,,,,,,,,,,,,,,,,,,,,,,,,,,,,,,,,,,,,,,,,,,,,,,,,,,,,,,,,,,,,,,,,,,,,,,,,,,,,,,,,,,,,,,,,,,,,,,,,,,,,,,,,,,,,,,,,,,,,,,,,,,
,,,,,,,,,,,,,,,,,,,,,,,,,,,,,,,,,,,,,,,,,,,,,,,,,,,,,,,,,,,,,,,,,,,,,,,,,,,,,,,,,,,,,,,,,,,,,,,,,,,,,,,,,,,,,,,,,,,,,,,,,,,,,,,,,
,,,,,,,,,,,,,,,,,,,,,,,,,,,,,,,,,,,,,,,,,,,,,,,,,,,,,,,,,,,,,,,,,,,,,,,,,,,,,,,,,,,,,,,,,,,,,,,,,,,,,,,,,,,,,,,,,,,,,,,,,,,,,,,,,
,,,,,,,,,,,,,,,,,,,,,,,,,,,,,,,,,,,,,,,,,,,,,,,,,,,,,,,,,,,,,,,,,,,,,,,,,,,,,,,,,,,,,,,,,,,,,,,,,,,,,,,,,,,,,,,,,,,,,,,,,,,,,,,,,
,,,,,,,,,,,,,,,,,,,,,,,,,,,,,,,,,,,,,,,,,,,,,,,,,,,,,,,,,,,,,,,,,,,,,,,,,,,,,,,,,,,,,,,,,,,,,,,,,,,,,,,,,,,,,,,,,,,,,,,,,,,,,,,,,
,,,,,,,,,,,,,,,,,,,,,,,,,,,,,,,,,,,,,,,,,,,,,,,,,,,,,,,,,,,,,,,,,,,,,,,,,,,,,,,,,,,,,,,,,,,,,,,,,,,,,,,,,,,,,,,,,,,,,,,,,,,,,,,,,
,,,,,,,,,,,,,,,,,,,,,,,,,,,,,,,,,,,,,,,,,,,,,,,,,,,,,,,,,,,,,,,,,,,,,,,,,,,,,,,,,,,,,,,,,,,,,,,,,,,,,,,,,,,,,,,,,,,,,,,,,,,,,,,,,
,,,,,,,,,,,,,,,,,,,,,,,,,,,,,,,,,,,,,,,,,,,,,,,,,,,,,,,,,,,,,,,,,,,,,,,,,,,,,,,,,,,,,,,,,,,,,,,,,,,,,,,,,,,,,,,,,,,,,,,,,,,,,,,,,
,,,,,,,,,,,,,,,,,,,,,,,,,,,,,,,,,,,,,,,,,,,,,,,,,,,,,,,,,,,,,,,,,,,,,,,,,,,,,,,,,,,,,,,,,,,,,,,,,,,,,,,,,,,,,,,,,,,,,,,,,,,,,,,,,
,,,,,,,,,,,,,,,,,,,,,,,,,,,,,,,,,,,,,,,,,,,,,,,,,,,,,,,,,,,,,,,,,,,,,,,,,,,,,,,,,,,,,,,,,,,,,,,,,,,,,,,,,,,,,,,,,,,,,,,,,,,,,,,,,
,,,,,,,,,,,,,,,,,,,,,,,,,,,,,,,,,,,,,,,,,,,,,,,,,,,,,,,,,,,,,,,,,,,,,,,,,,,,,,,,,,,,,,,,,,,,,,,,,,,,,,,,,,,,,,,,,,,,,,,,,,,,,,,,,
,,,,,,,,,,,,,,,,,,,,,,,,,,,,,,,,,,,,,,,,,,,,,,,,,,,,,,,,,,,,,,,,,,,,,,,,,,,,,,,,,,,,,,,,,,,,,,,,,,,,,,,,,,,,,,,,,,,,,,,,,,,,,,,,,
,,,,,,,,,,,,,,,,,,,,,,,,,,,,,,,,,,,,,,,,,,,,,,,,,,,,,,,,,,,,,,,,,,,,,,,,,,,,,,,,,,,,,,,,,,,,,,,,,,,,,,,,,,,,,,,,,,,,,,,,,,,,,,,,,
,,,,,,,,,,,,,,,,,,,,,,,,,,,,,,,,,,,,,,,,,,,,,,,,,,,,,,,,,,,,,,,,,,,,,,,,,,,,,,,,,,,,,,,,,,,,,,,,,,,,,,,,,,,,,,,,,,,,,,,,,,,,,,,,,
,,,,,,,,,,,,,,,,,,,,,,,,,,,,,,,,,,,,,,,,,,,,,,,,,,,,,,,,,,,,,,,,,,,,,,,,,,,,,,,,,,,,,,,,,,,,,,,,,,,,,,,,,,,,,,,,,,,,,,,,,,,,,,,,,
,,,,,,,,,,,,,,,,,,,,,,,,,,,,,,,,,,,,,,,,,,,,,,,,,,,,,,,,,,,,,,,,,,,,,,,,,,,,,,,,,,,,,,,,,,,,,,,,,,,,,,,,,,,,,,,,,,,,,,,,,,,,,,,,,
,,,,,,,,,,,,,,,,,,,,,,,,,,,,,,,,,,,,,,,,,,,,,,,,,,,,,,,,,,,,,,,,,,,,,,,,,,,,,,,,,,,,,,,,,,,,,,,,,,,,,,,,,,,,,,,,,,,,,,,,,,,,,,,,,
,,,,,,,,,,,,,,,,,,,,,,,,,,,,,,,,,,,,,,,,,,,,,,,,,,,,,,,,,,,,,,,,,,,,,,,,,,,,,,,,,,,,,,,,,,,,,,,,,,,,,,,,,,,,,,,,,,,,,,,,,,,,,,,,,
,,,,,,,,,,,,,,,,,,,,,,,,,,,,,,,,,,,,,,,,,,,,,,,,,,,,,,,,,,,,,,,,,,,,,,,,,,,,,,,,,,,,,,,,,,,,,,,,,,,,,,,,,,,,,,,,,,,,,,,,,,,,,,,,,
,,,,,,,,,,,,,,,,,,,,,,,,,,,,,,,,,,,,,,,,,,,,,,,,,,,,,,,,,,,,,,,,,,,,,,,,,,,,,,,,,,,,,,,,,,,,,,,,,,,,,,,,,,,,,,,,,,,,,,,,,,,,,,,,,
,,,,,,,,,,,,,,,,,,,,,,,,,,,,,,,,,,,,,,,,,,,,,,,,,,,,,,,,,,,,,,,,,,,,,,,,,,,,,,,,,,,,,,,,,,,,,,,,,,,,,,,,,,,,,,,,,,,,,,,,,,,,,,,,,
,,,,,,,,,,,,,,,,,,,,,,,,,,,,,,,,,,,,,,,,,,,,,,,,,,,,,,,,,,,,,,,,,,,,,,,,,,,,,,,,,,,,,,,,,,,,,,,,,,,,,,,,,,,,,,,,,,,,,,,,,,,,,,,,,
,,,,,,,,,,,,,,,,,,,,,,,,,,,,,,,,,,,,,,,,,,,,,,,,,,,,,,,,,,,,,,,,,,,,,,,,,,,,,,,,,,,,,,,,,,,,,,,,,,,,,,,,,,,,,,,,,,,,,,,,,,,,,,,,,
,,,,,,,,,,,,,,,,,,,,,,,,,,,,,,,,,,,,,,,,,,,,,,,,,,,,,,,,,,,,,,,,,,,,,,,,,,,,,,,,,,,,,,,,,,,,,,,,,,,,,,,,,,,,,,,,,,,,,,,,,,,,,,,,,
,,,,,,,,,,,,,,,,,,,,,,,,,,,,,,,,,,,,,,,,,,,,,,,,,,,,,,,,,,,,,,,,,,,,,,,,,,,,,,,,,,,,,,,,,,,,,,,,,,,,,,,,,,,,,,,,,,,,,,,,,,,,,,,,,
,,,,,,,,,,,,,,,,,,,,,,,,,,,,,,,,,,,,,,,,,,,,,,,,,,,,,,,,,,,,,,,,,,,,,,,,,,,,,,,,,,,,,,,,,,,,,,,,,,,,,,,,,,,,,,,,,,,,,,,,,,,,,,,,,
,,,,,,,,,,,,,,,,,,,,,,,,,,,,,,,,,,,,,,,,,,,,,,,,,,,,,,,,,,,,,,,,,,,,,,,,,,,,,,,,,,,,,,,,,,,,,,,,,,,,,,,,,,,,,,,,,,,,,,,,,,,,,,,,,
,,,,,,,,,,,,,,,,,,,,,,,,,,,,,,,,,,,,,,,,,,,,,,,,,,,,,,,,,,,,,,,,,,,,,,,,,,,,,,,,,,,,,,,,,,,,,,,,,,,,,,,,,,,,,,,,,,,,,,,,,,,,,,,,,
,,,,,,,,,,,,,,,,,,,,,,,,,,,,,,,,,,,,,,,,,,,,,,,,,,,,,,,,,,,,,,,,,,,,,,,,,,,,,,,,,,,,,,,,,,,,,,,,,,,,,,,,,,,,,,,,,,,,,,,,,,,,,,,,,
,,,,,,,,,,,,,,,,,,,,,,,,,,,,,,,,,,,,,,,,,,,,,,,,,,,,,,,,,,,,,,,,,,,,,,,,,,,,,,,,,,,,,,,,,,,,,,,,,,,,,,,,,,,,,,,,,,,,,,,,,,,,,,,,,
,,,,,,,,,,,,,,,,,,,,,,,,,,,,,,,,,,,,,,,,,,,,,,,,,,,,,,,,,,,,,,,,,,,,,,,,,,,,,,,,,,,,,,,,,,,,,,,,,,,,,,,,,,,,,,,,,,,,,,,,,,,,,,,,,
,,,,,,,,,,,,,,,,,,,,,,,,,,,,,,,,,,,,,,,,,,,,,,,,,,,,,,,,,,,,,,,,,,,,,,,,,,,,,,,,,,,,,,,,,,,,,,,,,,,,,,,,,,,,,,,,,,,,,,,,,,,,,,,,,
,,,,,,,,,,,,,,,,,,,,,,,,,,,,,,,,,,,,,,,,,,,,,,,,,,,,,,,,,,,,,,,,,,,,,,,,,,,,,,,,,,,,,,,,,,,,,,,,,,,,,,,,,,,,,,,,,,,,,,,,,,,,,,,,,
,,,,,,,,,,,,,,,,,,,,,,,,,,,,,,,,,,,,,,,,,,,,,,,,,,,,,,,,,,,,,,,,,,,,,,,,,,,,,,,,,,,,,,,,,,,,,,,,,,,,,,,,,,,,,,,,,,,,,,,,,,,,,,,,,
,,,,,,,,,,,,,,,,,,,,,,,,,,,,,,,,,,,,,,,,,,,,,,,,,,,,,,,,,,,,,,,,,,,,,,,,,,,,,,,,,,,,,,,,,,,,,,,,,,,,,,,,,,,,,,,,,,,,,,,,,,,,,,,,,
,,,,,,,,,,,,,,,,,,,,,,,,,,,,,,,,,,,,,,,,,,,,,,,,,,,,,,,,,,,,,,,,,,,,,,,,,,,,,,,,,,,,,,,,,,,,,,,,,,,,,,,,,,,,,,,,,,,,,,,,,,,,,,,,,
,,,,,,,,,,,,,,,,,,,,,,,,,,,,,,,,,,,,,,,,,,,,,,,,,,,,,,,,,,,,,,,,,,,,,,,,,,,,,,,,,,,,,,,,,,,,,,,,,,,,,,,,,,,,,,,,,,,,,,,,,,,,,,,,,
,,,,,,,,,,,,,,,,,,,,,,,,,,,,,,,,,,,,,,,,,,,,,,,,,,,,,,,,,,,,,,,,,,,,,,,,,,,,,,,,,,,,,,,,,,,,,,,,,,,,,,,,,,,,,,,,,,,,,,,,,,,,,,,,,
,,,,,,,,,,,,,,,,,,,,,,,,,,,,,,,,,,,,,,,,,,,,,,,,,,,,,,,,,,,,,,,,,,,,,,,,,,,,,,,,,,,,,,,,,,,,,,,,,,,,,,,,,,,,,,,,,,,,,,,,,,,,,,,,,
,,,,,,,,,,,,,,,,,,,,,,,,,,,,,,,,,,,,,,,,,,,,,,,,,,,,,,,,,,,,,,,,,,,,,,,,,,,,,,,,,,,,,,,,,,,,,,,,,,,,,,,,,,,,,,,,,,,,,,,,,,,,,,,,,
,,,,,,,,,,,,,,,,,,,,,,,,,,,,,,,,,,,,,,,,,,,,,,,,,,,,,,,,,,,,,,,,,,,,,,,,,,,,,,,,,,,,,,,,,,,,,,,,,,,,,,,,,,,,,,,,,,,,,,,,,,,,,,,,,
,,,,,,,,,,,,,,,,,,,,,,,,,,,,,,,,,,,,,,,,,,,,,,,,,,,,,,,,,,,,,,,,,,,,,,,,,,,,,,,,,,,,,,,,,,,,,,,,,,,,,,,,,,,,,,,,,,,,,,,,,,,,,,,,,
,,,,,,,,,,,,,,,,,,,,,,,,,,,,,,,,,,,,,,,,,,,,,,,,,,,,,,,,,,,,,,,,,,,,,,,,,,,,,,,,,,,,,,,,,,,,,,,,,,,,,,,,,,,,,,,,,,,,,,,,,,,,,,,,,
,,,,,,,,,,,,,,,,,,,,,,,,,,,,,,,,,,,,,,,,,,,,,,,,,,,,,,,,,,,,,,,,,,,,,,,,,,,,,,,,,,,,,,,,,,,,,,,,,,,,,,,,,,,,,,,,,,,,,,,,,,,,,,,,,
,,,,,,,,,,,,,,,,,,,,,,,,,,,,,,,,,,,,,,,,,,,,,,,,,,,,,,,,,,,,,,,,,,,,,,,,,,,,,,,,,,,,,,,,,,,,,,,,,,,,,,,,,,,,,,,,,,,,,,,,,,,,,,,,,
,,,,,,,,,,,,,,,,,,,,,,,,,,,,,,,,,,,,,,,,,,,,,,,,,,,,,,,,,,,,,,,,,,,,,,,,,,,,,,,,,,,,,,,,,,,,,,,,,,,,,,,,,,,,,,,,,,,,,,,,,,,,,,,,,
,,,,,,,,,,,,,,,,,,,,,,,,,,,,,,,,,,,,,,,,,,,,,,,,,,,,,,,,,,,,,,,,,,,,,,,,,,,,,,,,,,,,,,,,,,,,,,,,,,,,,,,,,,,,,,,,,,,,,,,,,,,,,,,,,
,,,,,,,,,,,,,,,,,,,,,,,,,,,,,,,,,,,,,,,,,,,,,,,,,,,,,,,,,,,,,,,,,,,,,,,,,,,,,,,,,,,,,,,,,,,,,,,,,,,,,,,,,,,,,,,,,,,,,,,,,,,,,,,,,
,,,,,,,,,,,,,,,,,,,,,,,,,,,,,,,,,,,,,,,,,,,,,,,,,,,,,,,,,,,,,,,,,,,,,,,,,,,,,,,,,,,,,,,,,,,,,,,,,,,,,,,,,,,,,,,,,,,,,,,,,,,,,,,,,
,,,,,,,,,,,,,,,,,,,,,,,,,,,,,,,,,,,,,,,,,,,,,,,,,,,,,,,,,,,,,,,,,,,,,,,,,,,,,,,,,,,,,,,,,,,,,,,,,,,,,,,,,,,,,,,,,,,,,,,,,,,,,,,,,
,,,,,,,,,,,,,,,,,,,,,,,,,,,,,,,,,,,,,,,,,,,,,,,,,,,,,,,,,,,,,,,,,,,,,,,,,,,,,,,,,,,,,,,,,,,,,,,,,,,,,,,,,,,,,,,,,,,,,,,,,,,,,,,,,
,,,,,,,,,,,,,,,,,,,,,,,,,,,,,,,,,,,,,,,,,,,,,,,,,,,,,,,,,,,,,,,,,,,,,,,,,,,,,,,,,,,,,,,,,,,,,,,,,,,,,,,,,,,,,,,,,,,,,,,,,,,,,,,,,
,,,,,,,,,,,,,,,,,,,,,,,,,,,,,,,,,,,,,,,,,,,,,,,,,,,,,,,,,,,,,,,,,,,,,,,,,,,,,,,,,,,,,,,,,,,,,,,,,,,,,,,,,,,,,,,,,,,,,,,,,,,,,,,,,
,,,,,,,,,,,,,,,,,,,,,,,,,,,,,,,,,,,,,,,,,,,,,,,,,,,,,,,,,,,,,,,,,,,,,,,,,,,,,,,,,,,,,,,,,,,,,,,,,,,,,,,,,,,,,,,,,,,,,,,,,,,,,,,,,
,,,,,,,,,,,,,,,,,,,,,,,,,,,,,,,,,,,,,,,,,,,,,,,,,,,,,,,,,,,,,,,,,,,,,,,,,,,,,,,,,,,,,,,,,,,,,,,,,,,,,,,,,,,,,,,,,,,,,,,,,,,,,,,,,
,,,,,,,,,,,,,,,,,,,,,,,,,,,,,,,,,,,,,,,,,,,,,,,,,,,,,,,,,,,,,,,,,,,,,,,,,,,,,,,,,,,,,,,,,,,,,,,,,,,,,,,,,,,,,,,,,,,,,,,,,,,,,,,,,
,,,,,,,,,,,,,,,,,,,,,,,,,,,,,,,,,,,,,,,,,,,,,,,,,,,,,,,,,,,,,,,,,,,,,,,,,,,,,,,,,,,,,,,,,,,,,,,,,,,,,,,,,,,,,,,,,,,,,,,,,,,,,,,,,
,,,,,,,,,,,,,,,,,,,,,,,,,,,,,,,,,,,,,,,,,,,,,,,,,,,,,,,,,,,,,,,,,,,,,,,,,,,,,,,,,,,,,,,,,,,,,,,,,,,,,,,,,,,,,,,,,,,,,,,,,,,,,,,,,
,,,,,,,,,,,,,,,,,,,,,,,,,,,,,,,,,,,,,,,,,,,,,,,,,,,,,,,,,,,,,,,,,,,,,,,,,,,,,,,,,,,,,,,,,,,,,,,,,,,,,,,,,,,,,,,,,,,,,,,,,,,,,,,,,
,,,,,,,,,,,,,,,,,,,,,,,,,,,,,,,,,,,,,,,,,,,,,,,,,,,,,,,,,,,,,,,,,,,,,,,,,,,,,,,,,,,,,,,,,,,,,,,,,,,,,,,,,,,,,,,,,,,,,,,,,,,,,,,,,
,,,,,,,,,,,,,,,,,,,,,,,,,,,,,,,,,,,,,,,,,,,,,,,,,,,,,,,,,,,,,,,,,,,,,,,,,,,,,,,,,,,,,,,,,,,,,,,,,,,,,,,,,,,,,,,,,,,,,,,,,,,,,,,,,
,,,,,,,,,,,,,,,,,,,,,,,,,,,,,,,,,,,,,,,,,,,,,,,,,,,,,,,,,,,,,,,,,,,,,,,,,,,,,,,,,,,,,,,,,,,,,,,,,,,,,,,,,,,,,,,,,,,,,,,,,,,,,,,,,
,,,,,,,,,,,,,,,,,,,,,,,,,,,,,,,,,,,,,,,,,,,,,,,,,,,,,,,,,,,,,,,,,,,,,,,,,,,,,,,,,,,,,,,,,,,,,,,,,,,,,,,,,,,,,,,,,,,,,,,,,,,,,,,,,
,,,,,,,,,,,,,,,,,,,,,,,,,,,,,,,,,,,,,,,,,,,,,,,,,,,,,,,,,,,,,,,,,,,,,,,,,,,,,,,,,,,,,,,,,,,,,,,,,,,,,,,,,,,,,,,,,,,,,,,,,,,,,,,,,
,,,,,,,,,,,,,,,,,,,,,,,,,,,,,,,,,,,,,,,,,,,,,,,,,,,,,,,,,,,,,,,,,,,,,,,,,,,,,,,,,,,,,,,,,,,,,,,,,,,,,,,,,,,,,,,,,,,,,,,,,,,,,,,,,
,,,,,,,,,,,,,,,,,,,,,,,,,,,,,,,,,,,,,,,,,,,,,,,,,,,,,,,,,,,,,,,,,,,,,,,,,,,,,,,,,,,,,,,,,,,,,,,,,,,,,,,,,,,,,,,,,,,,,,,,,,,,,,,,,
,,,,,,,,,,,,,,,,,,,,,,,,,,,,,,,,,,,,,,,,,,,,,,,,,,,,,,,,,,,,,,,,,,,,,,,,,,,,,,,,,,,,,,,,,,,,,,,,,,,,,,,,,,,,,,,,,,,,,,,,,,,,,,,,,
,,,,,,,,,,,,,,,,,,,,,,,,,,,,,,,,,,,,,,,,,,,,,,,,,,,,,,,,,,,,,,,,,,,,,,,,,,,,,,,,,,,,,,,,,,,,,,,,,,,,,,,,,,,,,,,,,,,,,,,,,,,,,,,,,
,,,,,,,,,,,,,,,,,,,,,,,,,,,,,,,,,,,,,,,,,,,,,,,,,,,,,,,,,,,,,,,,,,,,,,,,,,,,,,,,,,,,,,,,,,,,,,,,,,,,,,,,,,,,,,,,,,,,,,,,,,,,,,,,,
,,,,,,,,,,,,,,,,,,,,,,,,,,,,,,,,,,,,,,,,,,,,,,,,,,,,,,,,,,,,,,,,,,,,,,,,,,,,,,,,,,,,,,,,,,,,,,,,,,,,,,,,,,,,,,,,,,,,,,,,,,,,,,,,,
,,,,,,,,,,,,,,,,,,,,,,,,,,,,,,,,,,,,,,,,,,,,,,,,,,,,,,,,,,,,,,,,,,,,,,,,,,,,,,,,,,,,,,,,,,,,,,,,,,,,,,,,,,,,,,,,,,,,,,,,,,,,,,,,,
,,,,,,,,,,,,,,,,,,,,,,,,,,,,,,,,,,,,,,,,,,,,,,,,,,,,,,,,,,,,,,,,,,,,,,,,,,,,,,,,,,,,,,,,,,,,,,,,,,,,,,,,,,,,,,,,,,,,,,,,,,,,,,,,,
,,,,,,,,,,,,,,,,,,,,,,,,,,,,,,,,,,,,,,,,,,,,,,,,,,,,,,,,,,,,,,,,,,,,,,,,,,,,,,,,,,,,,,,,,,,,,,,,,,,,,,,,,,,,,,,,,,,,,,,,,,,,,,,,,
,,,,,,,,,,,,,,,,,,,,,,,,,,,,,,,,,,,,,,,,,,,,,,,,,,,,,,,,,,,,,,,,,,,,,,,,,,,,,,,,,,,,,,,,,,,,,,,,,,,,,,,,,,,,,,,,,,,,,,,,,,,,,,,,,
,,,,,,,,,,,,,,,,,,,,,,,,,,,,,,,,,,,,,,,,,,,,,,,,,,,,,,,,,,,,,,,,,,,,,,,,,,,,,,,,,,,,,,,,,,,,,,,,,,,,,,,,,,,,,,,,,,,,,,,,,,,,,,,,,
,,,,,,,,,,,,,,,,,,,,,,,,,,,,,,,,,,,,,,,,,,,,,,,,,,,,,,,,,,,,,,,,,,,,,,,,,,,,,,,,,,,,,,,,,,,,,,,,,,,,,,,,,,,,,,,,,,,,,,,,,,,,,,,,,
,,,,,,,,,,,,,,,,,,,,,,,,,,,,,,,,,,,,,,,,,,,,,,,,,,,,,,,,,,,,,,,,,,,,,,,,,,,,,,,,,,,,,,,,,,,,,,,,,,,,,,,,,,,,,,,,,,,,,,,,,,,,,,,,,
,,,,,,,,,,,,,,,,,,,,,,,,,,,,,,,,,,,,,,,,,,,,,,,,,,,,,,,,,,,,,,,,,,,,,,,,,,,,,,,,,,,,,,,,,,,,,,,,,,,,,,,,,,,,,,,,,,,,,,,,,,,,,,,,,
,,,,,,,,,,,,,,,,,,,,,,,,,,,,,,,,,,,,,,,,,,,,,,,,,,,,,,,,,,,,,,,,,,,,,,,,,,,,,,,,,,,,,,,,,,,,,,,,,,,,,,,,,,,,,,,,,,,,,,,,,,,,,,,,,
,,,,,,,,,,,,,,,,,,,,,,,,,,,,,,,,,,,,,,,,,,,,,,,,,,,,,,,,,,,,,,,,,,,,,,,,,,,,,,,,,,,,,,,,,,,,,,,,,,,,,,,,,,,,,,,,,,,,,,,,,,,,,,,,,
,,,,,,,,,,,,,,,,,,,,,,,,,,,,,,,,,,,,,,,,,,,,,,,,,,,,,,,,,,,,,,,,,,,,,,,,,,,,,,,,,,,,,,,,,,,,,,,,,,,,,,,,,,,,,,,,,,,,,,,,,,,,,,,,,
,,,,,,,,,,,,,,,,,,,,,,,,,,,,,,,,,,,,,,,,,,,,,,,,,,,,,,,,,,,,,,,,,,,,,,,,,,,,,,,,,,,,,,,,,,,,,,,,,,,,,,,,,,,,,,,,,,,,,,,,,,,,,,,,,
,,,,,,,,,,,,,,,,,,,,,,,,,,,,,,,,,,,,,,,,,,,,,,,,,,,,,,,,,,,,,,,,,,,,,,,,,,,,,,,,,,,,,,,,,,,,,,,,,,,,,,,,,,,,,,,,,,,,,,,,,,,,,,,,,
,,,,,,,,,,,,,,,,,,,,,,,,,,,,,,,,,,,,,,,,,,,,,,,,,,,,,,,,,,,,,,,,,,,,,,,,,,,,,,,,,,,,,,,,,,,,,,,,,,,,,,,,,,,,,,,,,,,,,,,,,,,,,,,,,
,,,,,,,,,,,,,,,,,,,,,,,,,,,,,,,,,,,,,,,,,,,,,,,,,,,,,,,,,,,,,,,,,,,,,,,,,,,,,,,,,,,,,,,,,,,,,,,,,,,,,,,,,,,,,,,,,,,,,,,,,,,,,,,,,
,,,,,,,,,,,,,,,,,,,,,,,,,,,,,,,,,,,,,,,,,,,,,,,,,,,,,,,,,,,,,,,,,,,,,,,,,,,,,,,,,,,,,,,,,,,,,,,,,,,,,,,,,,,,,,,,,,,,,,,,,,,,,,,,,
,,,,,,,,,,,,,,,,,,,,,,,,,,,,,,,,,,,,,,,,,,,,,,,,,,,,,,,,,,,,,,,,,,,,,,,,,,,,,,,,,,,,,,,,,,,,,,,,,,,,,,,,,,,,,,,,,,,,,,,,,,,,,,,,,
,,,,,,,,,,,,,,,,,,,,,,,,,,,,,,,,,,,,,,,,,,,,,,,,,,,,,,,,,,,,,,,,,,,,,,,,,,,,,,,,,,,,,,,,,,,,,,,,,,,,,,,,,,,,,,,,,,,,,,,,,,,,,,,,,
,,,,,,,,,,,,,,,,,,,,,,,,,,,,,,,,,,,,,,,,,,,,,,,,,,,,,,,,,,,,,,,,,,,,,,,,,,,,,,,,,,,,,,,,,,,,,,,,,,,,,,,,,,,,,,,,,,,,,,,,,,,,,,,,,
,,,,,,,,,,,,,,,,,,,,,,,,,,,,,,,,,,,,,,,,,,,,,,,,,,,,,,,,,,,,,,,,,,,,,,,,,,,,,,,,,,,,,,,,,,,,,,,,,,,,,,,,,,,,,,,,,,,,,,,,,,,,,,,,,
,,,,,,,,,,,,,,,,,,,,,,,,,,,,,,,,,,,,,,,,,,,,,,,,,,,,,,,,,,,,,,,,,,,,,,,,,,,,,,,,,,,,,,,,,,,,,,,,,,,,,,,,,,,,,,,,,,,,,,,,,,,,,,,,,
,,,,,,,,,,,,,,,,,,,,,,,,,,,,,,,,,,,,,,,,,,,,,,,,,,,,,,,,,,,,,,,,,,,,,,,,,,,,,,,,,,,,,,,,,,,,,,,,,,,,,,,,,,,,,,,,,,,,,,,,,,,,,,,,,
,,,,,,,,,,,,,,,,,,,,,,,,,,,,,,,,,,,,,,,,,,,,,,,,,,,,,,,,,,,,,,,,,,,,,,,,,,,,,,,,,,,,,,,,,,,,,,,,,,,,,,,,,,,,,,,,,,,,,,,,,,,,,,,,,
,,,,,,,,,,,,,,,,,,,,,,,,,,,,,,,,,,,,,,,,,,,,,,,,,,,,,,,,,,,,,,,,,,,,,,,,,,,,,,,,,,,,,,,,,,,,,,,,,,,,,,,,,,,,,,,,,,,,,,,,,,,,,,,,,
,,,,,,,,,,,,,,,,,,,,,,,,,,,,,,,,,,,,,,,,,,,,,,,,,,,,,,,,,,,,,,,,,,,,,,,,,,,,,,,,,,,,,,,,,,,,,,,,,,,,,,,,,,,,,,,,,,,,,,,,,,,,,,,,,
,,,,,,,,,,,,,,,,,,,,,,,,,,,,,,,,,,,,,,,,,,,,,,,,,,,,,,,,,,,,,,,,,,,,,,,,,,,,,,,,,,,,,,,,,,,,,,,,,,,,,,,,,,,,,,,,,,,,,,,,,,,,,,,,,
,,,,,,,,,,,,,,,,,,,,,,,,,,,,,,,,,,,,,,,,,,,,,,,,,,,,,,,,,,,,,,,,,,,,,,,,,,,,,,,,,,,,,,,,,,,,,,,,,,,,,,,,,,,,,,,,,,,,,,,,,,,,,,,,,
,,,,,,,,,,,,,,,,,,,,,,,,,,,,,,,,,,,,,,,,,,,,,,,,,,,,,,,,,,,,,,,,,,,,,,,,,,,,,,,,,,,,,,,,,,,,,,,,,,,,,,,,,,,,,,,,,,,,,,,,,,,,,,,,,
,,,,,,,,,,,,,,,,,,,,,,,,,,,,,,,,,,,,,,,,,,,,,,,,,,,,,,,,,,,,,,,,,,,,,,,,,,,,,,,,,,,,,,,,,,,,,,,,,,,,,,,,,,,,,,,,,,,,,,,,,,,,,,,,,
,,,,,,,,,,,,,,,,,,,,,,,,,,,,,,,,,,,,,,,,,,,,,,,,,,,,,,,,,,,,,,,,,,,,,,,,,,,,,,,,,,,,,,,,,,,,,,,,,,,,,,,,,,,,,,,,,,,,,,,,,,,,,,,,,
,,,,,,,,,,,,,,,,,,,,,,,,,,,,,,,,,,,,,,,,,,,,,,,,,,,,,,,,,,,,,,,,,,,,,,,,,,,,,,,,,,,,,,,,,,,,,,,,,,,,,,,,,,,,,,,,,,,,,,,,,,,,,,,,,
,,,,,,,,,,,,,,,,,,,,,,,,,,,,,,,,,,,,,,,,,,,,,,,,,,,,,,,,,,,,,,,,,,,,,,,,,,,,,,,,,,,,,,,,,,,,,,,,,,,,,,,,,,,,,,,,,,,,,,,,,,,,,,,,,
,,,,,,,,,,,,,,,,,,,,,,,,,,,,,,,,,,,,,,,,,,,,,,,,,,,,,,,,,,,,,,,,,,,,,,,,,,,,,,,,,,,,,,,,,,,,,,,,,,,,,,,,,,,,,,,,,,,,,,,,,,,,,,,,,
,,,,,,,,,,,,,,,,,,,,,,,,,,,,,,,,,,,,,,,,,,,,,,,,,,,,,,,,,,,,,,,,,,,,,,,,,,,,,,,,,,,,,,,,,,,,,,,,,,,,,,,,,,,,,,,,,,,,,,,,,,,,,,,,,
,,,,,,,,,,,,,,,,,,,,,,,,,,,,,,,,,,,,,,,,,,,,,,,,,,,,,,,,,,,,,,,,,,,,,,,,,,,,,,,,,,,,,,,,,,,,,,,,,,,,,,,,,,,,,,,,,,,,,,,,,,,,,,,,,
,,,,,,,,,,,,,,,,,,,,,,,,,,,,,,,,,,,,,,,,,,,,,,,,,,,,,,,,,,,,,,,,,,,,,,,,,,,,,,,,,,,,,,,,,,,,,,,,,,,,,,,,,,,,,,,,,,,,,,,,,,,,,,,,,
,,,,,,,,,,,,,,,,,,,,,,,,,,,,,,,,,,,,,,,,,,,,,,,,,,,,,,,,,,,,,,,,,,,,,,,,,,,,,,,,,,,,,,,,,,,,,,,,,,,,,,,,,,,,,,,,,,,,,,,,,,,,,,,,,
,,,,,,,,,,,,,,,,,,,,,,,,,,,,,,,,,,,,,,,,,,,,,,,,,,,,,,,,,,,,,,,,,,,,,,,,,,,,,,,,,,,,,,,,,,,,,,,,,,,,,,,,,,,,,,,,,,,,,,,,,,,,,,,,,
,,,,,,,,,,,,,,,,,,,,,,,,,,,,,,,,,,,,,,,,,,,,,,,,,,,,,,,,,,,,,,,,,,,,,,,,,,,,,,,,,,,,,,,,,,,,,,,,,,,,,,,,,,,,,,,,,,,,,,,,,,,,,,,,,
,,,,,,,,,,,,,,,,,,,,,,,,,,,,,,,,,,,,,,,,,,,,,,,,,,,,,,,,,,,,,,,,,,,,,,,,,,,,,,,,,,,,,,,,,,,,,,,,,,,,,,,,,,,,,,,,,,,,,,,,,,,,,,,,,
,,,,,,,,,,,,,,,,,,,,,,,,,,,,,,,,,,,,,,,,,,,,,,,,,,,,,,,,,,,,,,,,,,,,,,,,,,,,,,,,,,,,,,,,,,,,,,,,,,,,,,,,,,,,,,,,,,,,,,,,,,,,,,,,,
,,,,,,,,,,,,,,,,,,,,,,,,,,,,,,,,,,,,,,,,,,,,,,,,,,,,,,,,,,,,,,,,,,,,,,,,,,,,,,,,,,,,,,,,,,,,,,,,,,,,,,,,,,,,,,,,,,,,,,,,,,,,,,,,,
,,,,,,,,,,,,,,,,,,,,,,,,,,,,,,,,,,,,,,,,,,,,,,,,,,,,,,,,,,,,,,,,,,,,,,,,,,,,,,,,,,,,,,,,,,,,,,,,,,,,,,,,,,,,,,,,,,,,,,,,,,,,,,,,,
,,,,,,,,,,,,,,,,,,,,,,,,,,,,,,,,,,,,,,,,,,,,,,,,,,,,,,,,,,,,,,,,,,,,,,,,,,,,,,,,,,,,,,,,,,,,,,,,,,,,,,,,,,,,,,,,,,,,,,,,,,,,,,,,,
,,,,,,,,,,,,,,,,,,,,,,,,,,,,,,,,,,,,,,,,,,,,,,,,,,,,,,,,,,,,,,,,,,,,,,,,,,,,,,,,,,,,,,,,,,,,,,,,,,,,,,,,,,,,,,,,,,,,,,,,,,,,,,,,,
,,,,,,,,,,,,,,,,,,,,,,,,,,,,,,,,,,,,,,,,,,,,,,,,,,,,,,,,,,,,,,,,,,,,,,,,,,,,,,,,,,,,,,,,,,,,,,,,,,,,,,,,,,,,,,,,,,,,,,,,,,,,,,,,,
,,,,,,,,,,,,,,,,,,,,,,,,,,,,,,,,,,,,,,,,,,,,,,,,,,,,,,,,,,,,,,,,,,,,,,,,,,,,,,,,,,,,,,,,,,,,,,,,,,,,,,,,,,,,,,,,,,,,,,,,,,,,,,,,,
,,,,,,,,,,,,,,,,,,,,,,,,,,,,,,,,,,,,,,,,,,,,,,,,,,,,,,,,,,,,,,,,,,,,,,,,,,,,,,,,,,,,,,,,,,,,,,,,,,,,,,,,,,,,,,,,,,,,,,,,,,,,,,,,,
,,,,,,,,,,,,,,,,,,,,,,,,,,,,,,,,,,,,,,,,,,,,,,,,,,,,,,,,,,,,,,,,,,,,,,,,,,,,,,,,,,,,,,,,,,,,,,,,,,,,,,,,,,,,,,,,,,,,,,,,,,,,,,,,,
,,,,,,,,,,,,,,,,,,,,,,,,,,,,,,,,,,,,,,,,,,,,,,,,,,,,,,,,,,,,,,,,,,,,,,,,,,,,,,,,,,,,,,,,,,,,,,,,,,,,,,,,,,,,,,,,,,,,,,,,,,,,,,,,,
,,,,,,,,,,,,,,,,,,,,,,,,,,,,,,,,,,,,,,,,,,,,,,,,,,,,,,,,,,,,,,,,,,,,,,,,,,,,,,,,,,,,,,,,,,,,,,,,,,,,,,,,,,,,,,,,,,,,,,,,,,,,,,,,,
,,,,,,,,,,,,,,,,,,,,,,,,,,,,,,,,,,,,,,,,,,,,,,,,,,,,,,,,,,,,,,,,,,,,,,,,,,,,,,,,,,,,,,,,,,,,,,,,,,,,,,,,,,,,,,,,,,,,,,,,,,,,,,,,,
,,,,,,,,,,,,,,,,,,,,,,,,,,,,,,,,,,,,,,,,,,,,,,,,,,,,,,,,,,,,,,,,,,,,,,,,,,,,,,,,,,,,,,,,,,,,,,,,,,,,,,,,,,,,,,,,,,,,,,,,,,,,,,,,,
,,,,,,,,,,,,,,,,,,,,,,,,,,,,,,,,,,,,,,,,,,,,,,,,,,,,,,,,,,,,,,,,,,,,,,,,,,,,,,,,,,,,,,,,,,,,,,,,,,,,,,,,,,,,,,,,,,,,,,,,,,,,,,,,,
,,,,,,,,,,,,,,,,,,,,,,,,,,,,,,,,,,,,,,,,,,,,,,,,,,,,,,,,,,,,,,,,,,,,,,,,,,,,,,,,,,,,,,,,,,,,,,,,,,,,,,,,,,,,,,,,,,,,,,,,,,,,,,,,,
,,,,,,,,,,,,,,,,,,,,,,,,,,,,,,,,,,,,,,,,,,,,,,,,,,,,,,,,,,,,,,,,,,,,,,,,,,,,,,,,,,,,,,,,,,,,,,,,,,,,,,,,,,,,,,,,,,,,,,,,,,,,,,,,,
,,,,,,,,,,,,,,,,,,,,,,,,,,,,,,,,,,,,,,,,,,,,,,,,,,,,,,,,,,,,,,,,,,,,,,,,,,,,,,,,,,,,,,,,,,,,,,,,,,,,,,,,,,,,,,,,,,,,,,,,,,,,,,,,,
,,,,,,,,,,,,,,,,,,,,,,,,,,,,,,,,,,,,,,,,,,,,,,,,,,,,,,,,,,,,,,,,,,,,,,,,,,,,,,,,,,,,,,,,,,,,,,,,,,,,,,,,,,,,,,,,,,,,,,,,,,,,,,,,,
,,,,,,,,,,,,,,,,,,,,,,,,,,,,,,,,,,,,,,,,,,,,,,,,,,,,,,,,,,,,,,,,,,,,,,,,,,,,,,,,,,,,,,,,,,,,,,,,,,,,,,,,,,,,,,,,,,,,,,,,,,,,,,,,,
,,,,,,,,,,,,,,,,,,,,,,,,,,,,,,,,,,,,,,,,,,,,,,,,,,,,,,,,,,,,,,,,,,,,,,,,,,,,,,,,,,,,,,,,,,,,,,,,,,,,,,,,,,,,,,,,,,,,,,,,,,,,,,,,,
,,,,,,,,,,,,,,,,,,,,,,,,,,,,,,,,,,,,,,,,,,,,,,,,,,,,,,,,,,,,,,,,,,,,,,,,,,,,,,,,,,,,,,,,,,,,,,,,,,,,,,,,,,,,,,,,,,,,,,,,,,,,,,,,,
,,,,,,,,,,,,,,,,,,,,,,,,,,,,,,,,,,,,,,,,,,,,,,,,,,,,,,,,,,,,,,,,,,,,,,,,,,,,,,,,,,,,,,,,,,,,,,,,,,,,,,,,,,,,,,,,,,,,,,,,,,,,,,,,,
,,,,,,,,,,,,,,,,,,,,,,,,,,,,,,,,,,,,,,,,,,,,,,,,,,,,,,,,,,,,,,,,,,,,,,,,,,,,,,,,,,,,,,,,,,,,,,,,,,,,,,,,,,,,,,,,,,,,,,,,,,,,,,,,,
,,,,,,,,,,,,,,,,,,,,,,,,,,,,,,,,,,,,,,,,,,,,,,,,,,,,,,,,,,,,,,,,,,,,,,,,,,,,,,,,,,,,,,,,,,,,,,,,,,,,,,,,,,,,,,,,,,,,,,,,,,,,,,,,,
,,,,,,,,,,,,,,,,,,,,,,,,,,,,,,,,,,,,,,,,,,,,,,,,,,,,,,,,,,,,,,,,,,,,,,,,,,,,,,,,,,,,,,,,,,,,,,,,,,,,,,,,,,,,,,,,,,,,,,,,,,,,,,,,,
,,,,,,,,,,,,,,,,,,,,,,,,,,,,,,,,,,,,,,,,,,,,,,,,,,,,,,,,,,,,,,,,,,,,,,,,,,,,,,,,,,,,,,,,,,,,,,,,,,,,,,,,,,,,,,,,,,,,,,,,,,,,,,,,,
,,,,,,,,,,,,,,,,,,,,,,,,,,,,,,,,,,,,,,,,,,,,,,,,,,,,,,,,,,,,,,,,,,,,,,,,,,,,,,,,,,,,,,,,,,,,,,,,,,,,,,,,,,,,,,,,,,,,,,,,,,,,,,,,,
,,,,,,,,,,,,,,,,,,,,,,,,,,,,,,,,,,,,,,,,,,,,,,,,,,,,,,,,,,,,,,,,,,,,,,,,,,,,,,,,,,,,,,,,,,,,,,,,,,,,,,,,,,,,,,,,,,,,,,,,,,,,,,,,,
,,,,,,,,,,,,,,,,,,,,,,,,,,,,,,,,,,,,,,,,,,,,,,,,,,,,,,,,,,,,,,,,,,,,,,,,,,,,,,,,,,,,,,,,,,,,,,,,,,,,,,,,,,,,,,,,,,,,,,,,,,,,,,,,,
,,,,,,,,,,,,,,,,,,,,,,,,,,,,,,,,,,,,,,,,,,,,,,,,,,,,,,,,,,,,,,,,,,,,,,,,,,,,,,,,,,,,,,,,,,,,,,,,,,,,,,,,,,,,,,,,,,,,,,,,,,,,,,,,,
,,,,,,,,,,,,,,,,,,,,,,,,,,,,,,,,,,,,,,,,,,,,,,,,,,,,,,,,,,,,,,,,,,,,,,,,,,,,,,,,,,,,,,,,,,,,,,,,,,,,,,,,,,,,,,,,,,,,,,,,,,,,,,,,,
,,,,,,,,,,,,,,,,,,,,,,,,,,,,,,,,,,,,,,,,,,,,,,,,,,,,,,,,,,,,,,,,,,,,,,,,,,,,,,,,,,,,,,,,,,,,,,,,,,,,,,,,,,,,,,,,,,,,,,,,,,,,,,,,,
,,,,,,,,,,,,,,,,,,,,,,,,,,,,,,,,,,,,,,,,,,,,,,,,,,,,,,,,,,,,,,,,,,,,,,,,,,,,,,,,,,,,,,,,,,,,,,,,,,,,,,,,,,,,,,,,,,,,,,,,,,,,,,,,,
,,,,,,,,,,,,,,,,,,,,,,,,,,,,,,,,,,,,,,,,,,,,,,,,,,,,,,,,,,,,,,,,,,,,,,,,,,,,,,,,,,,,,,,,,,,,,,,,,,,,,,,,,,,,,,,,,,,,,,,,,,,,,,,,,
,,,,,,,,,,,,,,,,,,,,,,,,,,,,,,,,,,,,,,,,,,,,,,,,,,,,,,,,,,,,,,,,,,,,,,,,,,,,,,,,,,,,,,,,,,,,,,,,,,,,,,,,,,,,,,,,,,,,,,,,,,,,,,,,,
,,,,,,,,,,,,,,,,,,,,,,,,,,,,,,,,,,,,,,,,,,,,,,,,,,,,,,,,,,,,,,,,,,,,,,,,,,,,,,,,,,,,,,,,,,,,,,,,,,,,,,,,,,,,,,,,,,,,,,,,,,,,,,,,,
,,,,,,,,,,,,,,,,,,,,,,,,,,,,,,,,,,,,,,,,,,,,,,,,,,,,,,,,,,,,,,,,,,,,,,,,,,,,,,,,,,,,,,,,,,,,,,,,,,,,,,,,,,,,,,,,,,,,,,,,,,,,,,,,,
,,,,,,,,,,,,,,,,,,,,,,,,,,,,,,,,,,,,,,,,,,,,,,,,,,,,,,,,,,,,,,,,,,,,,,,,,,,,,,,,,,,,,,,,,,,,,,,,,,,,,,,,,,,,,,,,,,,,,,,,,,,,,,,,,
,,,,,,,,,,,,,,,,,,,,,,,,,,,,,,,,,,,,,,,,,,,,,,,,,,,,,,,,,,,,,,,,,,,,,,,,,,,,,,,,,,,,,,,,,,,,,,,,,,,,,,,,,,,,,,,,,,,,,,,,,,,,,,,,,
,,,,,,,,,,,,,,,,,,,,,,,,,,,,,,,,,,,,,,,,,,,,,,,,,,,,,,,,,,,,,,,,,,,,,,,,,,,,,,,,,,,,,,,,,,,,,,,,,,,,,,,,,,,,,,,,,,,,,,,,,,,,,,,,,
,,,,,,,,,,,,,,,,,,,,,,,,,,,,,,,,,,,,,,,,,,,,,,,,,,,,,,,,,,,,,,,,,,,,,,,,,,,,,,,,,,,,,,,,,,,,,,,,,,,,,,,,,,,,,,,,,,,,,,,,,,,,,,,,,
,,,,,,,,,,,,,,,,,,,,,,,,,,,,,,,,,,,,,,,,,,,,,,,,,,,,,,,,,,,,,,,,,,,,,,,,,,,,,,,,,,,,,,,,,,,,,,,,,,,,,,,,,,,,,,,,,,,,,,,,,,,,,,,,,
,,,,,,,,,,,,,,,,,,,,,,,,,,,,,,,,,,,,,,,,,,,,,,,,,,,,,,,,,,,,,,,,,,,,,,,,,,,,,,,,,,,,,,,,,,,,,,,,,,,,,,,,,,,,,,,,,,,,,,,,,,,,,,,,,
,,,,,,,,,,,,,,,,,,,,,,,,,,,,,,,,,,,,,,,,,,,,,,,,,,,,,,,,,,,,,,,,,,,,,,,,,,,,,,,,,,,,,,,,,,,,,,,,,,,,,,,,,,,,,,,,,,,,,,,,,,,,,,,,,
,,,,,,,,,,,,,,,,,,,,,,,,,,,,,,,,,,,,,,,,,,,,,,,,,,,,,,,,,,,,,,,,,,,,,,,,,,,,,,,,,,,,,,,,,,,,,,,,,,,,,,,,,,,,,,,,,,,,,,,,,,,,,,,,,
,,,,,,,,,,,,,,,,,,,,,,,,,,,,,,,,,,,,,,,,,,,,,,,,,,,,,,,,,,,,,,,,,,,,,,,,,,,,,,,,,,,,,,,,,,,,,,,,,,,,,,,,,,,,,,,,,,,,,,,,,,,,,,,,,
,,,,,,,,,,,,,,,,,,,,,,,,,,,,,,,,,,,,,,,,,,,,,,,,,,,,,,,,,,,,,,,,,,,,,,,,,,,,,,,,,,,,,,,,,,,,,,,,,,,,,,,,,,,,,,,,,,,,,,,,,,,,,,,,,
,,,,,,,,,,,,,,,,,,,,,,,,,,,,,,,,,,,,,,,,,,,,,,,,,,,,,,,,,,,,,,,,,,,,,,,,,,,,,,,,,,,,,,,,,,,,,,,,,,,,,,,,,,,,,,,,,,,,,,,,,,,,,,,,,
,,,,,,,,,,,,,,,,,,,,,,,,,,,,,,,,,,,,,,,,,,,,,,,,,,,,,,,,,,,,,,,,,,,,,,,,,,,,,,,,,,,,,,,,,,,,,,,,,,,,,,,,,,,,,,,,,,,,,,,,,,,,,,,,,
,,,,,,,,,,,,,,,,,,,,,,,,,,,,,,,,,,,,,,,,,,,,,,,,,,,,,,,,,,,,,,,,,,,,,,,,,,,,,,,,,,,,,,,,,,,,,,,,,,,,,,,,,,,,,,,,,,,,,,,,,,,,,,,,,
,,,,,,,,,,,,,,,,,,,,,,,,,,,,,,,,,,,,,,,,,,,,,,,,,,,,,,,,,,,,,,,,,,,,,,,,,,,,,,,,,,,,,,,,,,,,,,,,,,,,,,,,,,,,,,,,,,,,,,,,,,,,,,,,,
,,,,,,,,,,,,,,,,,,,,,,,,,,,,,,,,,,,,,,,,,,,,,,,,,,,,,,,,,,,,,,,,,,,,,,,,,,,,,,,,,,,,,,,,,,,,,,,,,,,,,,,,,,,,,,,,,,,,,,,,,,,,,,,,,
,,,,,,,,,,,,,,,,,,,,,,,,,,,,,,,,,,,,,,,,,,,,,,,,,,,,,,,,,,,,,,,,,,,,,,,,,,,,,,,,,,,,,,,,,,,,,,,,,,,,,,,,,,,,,,,,,,,,,,,,,,,,,,,,,
,,,,,,,,,,,,,,,,,,,,,,,,,,,,,,,,,,,,,,,,,,,,,,,,,,,,,,,,,,,,,,,,,,,,,,,,,,,,,,,,,,,,,,,,,,,,,,,,,,,,,,,,,,,,,,,,,,,,,,,,,,,,,,,,,
,,,,,,,,,,,,,,,,,,,,,,,,,,,,,,,,,,,,,,,,,,,,,,,,,,,,,,,,,,,,,,,,,,,,,,,,,,,,,,,,,,,,,,,,,,,,,,,,,,,,,,,,,,,,,,,,,,,,,,,,,,,,,,,,,
,,,,,,,,,,,,,,,,,,,,,,,,,,,,,,,,,,,,,,,,,,,,,,,,,,,,,,,,,,,,,,,,,,,,,,,,,,,,,,,,,,,,,,,,,,,,,,,,,,,,,,,,,,,,,,,,,,,,,,,,,,,,,,,,,
,,,,,,,,,,,,,,,,,,,,,,,,,,,,,,,,,,,,,,,,,,,,,,,,,,,,,,,,,,,,,,,,,,,,,,,,,,,,,,,,,,,,,,,,,,,,,,,,,,,,,,,,,,,,,,,,,,,,,,,,,,,,,,,,,
,,,,,,,,,,,,,,,,,,,,,,,,,,,,,,,,,,,,,,,,,,,,,,,,,,,,,,,,,,,,,,,,,,,,,,,,,,,,,,,,,,,,,,,,,,,,,,,,,,,,,,,,,,,,,,,,,,,,,,,,,,,,,,,,,
,,,,,,,,,,,,,,,,,,,,,,,,,,,,,,,,,,,,,,,,,,,,,,,,,,,,,,,,,,,,,,,,,,,,,,,,,,,,,,,,,,,,,,,,,,,,,,,,,,,,,,,,,,,,,,,,,,,,,,,,,,,,,,,,,
,,,,,,,,,,,,,,,,,,,,,,,,,,,,,,,,,,,,,,,,,,,,,,,,,,,,,,,,,,,,,,,,,,,,,,,,,,,,,,,,,,,,,,,,,,,,,,,,,,,,,,,,,,,,,,,,,,,,,,,,,,,,,,,,,
,,,,,,,,,,,,,,,,,,,,,,,,,,,,,,,,,,,,,,,,,,,,,,,,,,,,,,,,,,,,,,,,,,,,,,,,,,,,,,,,,,,,,,,,,,,,,,,,,,,,,,,,,,,,,,,,,,,,,,,,,,,,,,,,,
,,,,,,,,,,,,,,,,,,,,,,,,,,,,,,,,,,,,,,,,,,,,,,,,,,,,,,,,,,,,,,,,,,,,,,,,,,,,,,,,,,,,,,,,,,,,,,,,,,,,,,,,,,,,,,,,,,,,,,,,,,,,,,,,,
,,,,,,,,,,,,,,,,,,,,,,,,,,,,,,,,,,,,,,,,,,,,,,,,,,,,,,,,,,,,,,,,,,,,,,,,,,,,,,,,,,,,,,,,,,,,,,,,,,,,,,,,,,,,,,,,,,,,,,,,,,,,,,,,,
,,,,,,,,,,,,,,,,,,,,,,,,,,,,,,,,,,,,,,,,,,,,,,,,,,,,,,,,,,,,,,,,,,,,,,,,,,,,,,,,,,,,,,,,,,,,,,,,,,,,,,,,,,,,,,,,,,,,,,,,,,,,,,,,,
,,,,,,,,,,,,,,,,,,,,,,,,,,,,,,,,,,,,,,,,,,,,,,,,,,,,,,,,,,,,,,,,,,,,,,,,,,,,,,,,,,,,,,,,,,,,,,,,,,,,,,,,,,,,,,,,,,,,,,,,,,,,,,,,,
,,,,,,,,,,,,,,,,,,,,,,,,,,,,,,,,,,,,,,,,,,,,,,,,,,,,,,,,,,,,,,,,,,,,,,,,,,,,,,,,,,,,,,,,,,,,,,,,,,,,,,,,,,,,,,,,,,,,,,,,,,,,,,,,,
,,,,,,,,,,,,,,,,,,,,,,,,,,,,,,,,,,,,,,,,,,,,,,,,,,,,,,,,,,,,,,,,,,,,,,,,,,,,,,,,,,,,,,,,,,,,,,,,,,,,,,,,,,,,,,,,,,,,,,,,,,,,,,,,,
,,,,,,,,,,,,,,,,,,,,,,,,,,,,,,,,,,,,,,,,,,,,,,,,,,,,,,,,,,,,,,,,,,,,,,,,,,,,,,,,,,,,,,,,,,,,,,,,,,,,,,,,,,,,,,,,,,,,,,,,,,,,,,,,,
,,,,,,,,,,,,,,,,,,,,,,,,,,,,,,,,,,,,,,,,,,,,,,,,,,,,,,,,,,,,,,,,,,,,,,,,,,,,,,,,,,,,,,,,,,,,,,,,,,,,,,,,,,,,,,,,,,,,,,,,,,,,,,,,,
,,,,,,,,,,,,,,,,,,,,,,,,,,,,,,,,,,,,,,,,,,,,,,,,,,,,,,,,,,,,,,,,,,,,,,,,,,,,,,,,,,,,,,,,,,,,,,,,,,,,,,,,,,,,,,,,,,,,,,,,,,,,,,,,,
,,,,,,,,,,,,,,,,,,,,,,,,,,,,,,,,,,,,,,,,,,,,,,,,,,,,,,,,,,,,,,,,,,,,,,,,,,,,,,,,,,,,,,,,,,,,,,,,,,,,,,,,,,,,,,,,,,,,,,,,,,,,,,,,,
,,,,,,,,,,,,,,,,,,,,,,,,,,,,,,,,,,,,,,,,,,,,,,,,,,,,,,,,,,,,,,,,,,,,,,,,,,,,,,,,,,,,,,,,,,,,,,,,,,,,,,,,,,,,,,,,,,,,,,,,,,,,,,,,,
,,,,,,,,,,,,,,,,,,,,,,,,,,,,,,,,,,,,,,,,,,,,,,,,,,,,,,,,,,,,,,,,,,,,,,,,,,,,,,,,,,,,,,,,,,,,,,,,,,,,,,,,,,,,,,,,,,,,,,,,,,,,,,,,,
,,,,,,,,,,,,,,,,,,,,,,,,,,,,,,,,,,,,,,,,,,,,,,,,,,,,,,,,,,,,,,,,,,,,,,,,,,,,,,,,,,,,,,,,,,,,,,,,,,,,,,,,,,,,,,,,,,,,,,,,,,,,,,,,,
,,,,,,,,,,,,,,,,,,,,,,,,,,,,,,,,,,,,,,,,,,,,,,,,,,,,,,,,,,,,,,,,,,,,,,,,,,,,,,,,,,,,,,,,,,,,,,,,,,,,,,,,,,,,,,,,,,,,,,,,,,,,,,,,,
,,,,,,,,,,,,,,,,,,,,,,,,,,,,,,,,,,,,,,,,,,,,,,,,,,,,,,,,,,,,,,,,,,,,,,,,,,,,,,,,,,,,,,,,,,,,,,,,,,,,,,,,,,,,,,,,,,,,,,,,,,,,,,,,,
,,,,,,,,,,,,,,,,,,,,,,,,,,,,,,,,,,,,,,,,,,,,,,,,,,,,,,,,,,,,,,,,,,,,,,,,,,,,,,,,,,,,,,,,,,,,,,,,,,,,,,,,,,,,,,,,,,,,,,,,,,,,,,,,,
,,,,,,,,,,,,,,,,,,,,,,,,,,,,,,,,,,,,,,,,,,,,,,,,,,,,,,,,,,,,,,,,,,,,,,,,,,,,,,,,,,,,,,,,,,,,,,,,,,,,,,,,,,,,,,,,,,,,,,,,,,,,,,,,,
,,,,,,,,,,,,,,,,,,,,,,,,,,,,,,,,,,,,,,,,,,,,,,,,,,,,,,,,,,,,,,,,,,,,,,,,,,,,,,,,,,,,,,,,,,,,,,,,,,,,,,,,,,,,,,,,,,,,,,,,,,,,,,,,,
,,,,,,,,,,,,,,,,,,,,,,,,,,,,,,,,,,,,,,,,,,,,,,,,,,,,,,,,,,,,,,,,,,,,,,,,,,,,,,,,,,,,,,,,,,,,,,,,,,,,,,,,,,,,,,,,,,,,,,,,,,,,,,,,,
,,,,,,,,,,,,,,,,,,,,,,,,,,,,,,,,,,,,,,,,,,,,,,,,,,,,,,,,,,,,,,,,,,,,,,,,,,,,,,,,,,,,,,,,,,,,,,,,,,,,,,,,,,,,,,,,,,,,,,,,,,,,,,,,,
,,,,,,,,,,,,,,,,,,,,,,,,,,,,,,,,,,,,,,,,,,,,,,,,,,,,,,,,,,,,,,,,,,,,,,,,,,,,,,,,,,,,,,,,,,,,,,,,,,,,,,,,,,,,,,,,,,,,,,,,,,,,,,,,,
,,,,,,,,,,,,,,,,,,,,,,,,,,,,,,,,,,,,,,,,,,,,,,,,,,,,,,,,,,,,,,,,,,,,,,,,,,,,,,,,,,,,,,,,,,,,,,,,,,,,,,,,,,,,,,,,,,,,,,,,,,,,,,,,,
,,,,,,,,,,,,,,,,,,,,,,,,,,,,,,,,,,,,,,,,,,,,,,,,,,,,,,,,,,,,,,,,,,,,,,,,,,,,,,,,,,,,,,,,,,,,,,,,,,,,,,,,,,,,,,,,,,,,,,,,,,,,,,,,,
,,,,,,,,,,,,,,,,,,,,,,,,,,,,,,,,,,,,,,,,,,,,,,,,,,,,,,,,,,,,,,,,,,,,,,,,,,,,,,,,,,,,,,,,,,,,,,,,,,,,,,,,,,,,,,,,,,,,,,,,,,,,,,,,,
,,,,,,,,,,,,,,,,,,,,,,,,,,,,,,,,,,,,,,,,,,,,,,,,,,,,,,,,,,,,,,,,,,,,,,,,,,,,,,,,,,,,,,,,,,,,,,,,,,,,,,,,,,,,,,,,,,,,,,,,,,,,,,,,,
,,,,,,,,,,,,,,,,,,,,,,,,,,,,,,,,,,,,,,,,,,,,,,,,,,,,,,,,,,,,,,,,,,,,,,,,,,,,,,,,,,,,,,,,,,,,,,,,,,,,,,,,,,,,,,,,,,,,,,,,,,,,,,,,,
,,,,,,,,,,,,,,,,,,,,,,,,,,,,,,,,,,,,,,,,,,,,,,,,,,,,,,,,,,,,,,,,,,,,,,,,,,,,,,,,,,,,,,,,,,,,,,,,,,,,,,,,,,,,,,,,,,,,,,,,,,,,,,,,,
,,,,,,,,,,,,,,,,,,,,,,,,,,,,,,,,,,,,,,,,,,,,,,,,,,,,,,,,,,,,,,,,,,,,,,,,,,,,,,,,,,,,,,,,,,,,,,,,,,,,,,,,,,,,,,,,,,,,,,,,,,,,,,,,,
,,,,,,,,,,,,,,,,,,,,,,,,,,,,,,,,,,,,,,,,,,,,,,,,,,,,,,,,,,,,,,,,,,,,,,,,,,,,,,,,,,,,,,,,,,,,,,,,,,,,,,,,,,,,,,,,,,,,,,,,,,,,,,,,,
,,,,,,,,,,,,,,,,,,,,,,,,,,,,,,,,,,,,,,,,,,,,,,,,,,,,,,,,,,,,,,,,,,,,,,,,,,,,,,,,,,,,,,,,,,,,,,,,,,,,,,,,,,,,,,,,,,,,,,,,,,,,,,,,,
,,,,,,,,,,,,,,,,,,,,,,,,,,,,,,,,,,,,,,,,,,,,,,,,,,,,,,,,,,,,,,,,,,,,,,,,,,,,,,,,,,,,,,,,,,,,,,,,,,,,,,,,,,,,,,,,,,,,,,,,,,,,,,,,,
,,,,,,,,,,,,,,,,,,,,,,,,,,,,,,,,,,,,,,,,,,,,,,,,,,,,,,,,,,,,,,,,,,,,,,,,,,,,,,,,,,,,,,,,,,,,,,,,,,,,,,,,,,,,,,,,,,,,,,,,,,,,,,,,,
,,,,,,,,,,,,,,,,,,,,,,,,,,,,,,,,,,,,,,,,,,,,,,,,,,,,,,,,,,,,,,,,,,,,,,,,,,,,,,,,,,,,,,,,,,,,,,,,,,,,,,,,,,,,,,,,,,,,,,,,,,,,,,,,,
,,,,,,,,,,,,,,,,,,,,,,,,,,,,,,,,,,,,,,,,,,,,,,,,,,,,,,,,,,,,,,,,,,,,,,,,,,,,,,,,,,,,,,,,,,,,,,,,,,,,,,,,,,,,,,,,,,,,,,,,,,,,,,,,,
,,,,,,,,,,,,,,,,,,,,,,,,,,,,,,,,,,,,,,,,,,,,,,,,,,,,,,,,,,,,,,,,,,,,,,,,,,,,,,,,,,,,,,,,,,,,,,,,,,,,,,,,,,,,,,,,,,,,,,,,,,,,,,,,,
,,,,,,,,,,,,,,,,,,,,,,,,,,,,,,,,,,,,,,,,,,,,,,,,,,,,,,,,,,,,,,,,,,,,,,,,,,,,,,,,,,,,,,,,,,,,,,,,,,,,,,,,,,,,,,,,,,,,,,,,,,,,,,,,,
,,,,,,,,,,,,,,,,,,,,,,,,,,,,,,,,,,,,,,,,,,,,,,,,,,,,,,,,,,,,,,,,,,,,,,,,,,,,,,,,,,,,,,,,,,,,,,,,,,,,,,,,,,,,,,,,,,,,,,,,,,,,,,,,,
,,,,,,,,,,,,,,,,,,,,,,,,,,,,,,,,,,,,,,,,,,,,,,,,,,,,,,,,,,,,,,,,,,,,,,,,,,,,,,,,,,,,,,,,,,,,,,,,,,,,,,,,,,,,,,,,,,,,,,,,,,,,,,,,,
,,,,,,,,,,,,,,,,,,,,,,,,,,,,,,,,,,,,,,,,,,,,,,,,,,,,,,,,,,,,,,,,,,,,,,,,,,,,,,,,,,,,,,,,,,,,,,,,,,,,,,,,,,,,,,,,,,,,,,,,,,,,,,,,,
,,,,,,,,,,,,,,,,,,,,,,,,,,,,,,,,,,,,,,,,,,,,,,,,,,,,,,,,,,,,,,,,,,,,,,,,,,,,,,,,,,,,,,,,,,,,,,,,,,,,,,,,,,,,,,,,,,,,,,,,,,,,,,,,,
,,,,,,,,,,,,,,,,,,,,,,,,,,,,,,,,,,,,,,,,,,,,,,,,,,,,,,,,,,,,,,,,,,,,,,,,,,,,,,,,,,,,,,,,,,,,,,,,,,,,,,,,,,,,,,,,,,,,,,,,,,,,,,,,,
,,,,,,,,,,,,,,,,,,,,,,,,,,,,,,,,,,,,,,,,,,,,,,,,,,,,,,,,,,,,,,,,,,,,,,,,,,,,,,,,,,,,,,,,,,,,,,,,,,,,,,,,,,,,,,,,,,,,,,,,,,,,,,,,,
,,,,,,,,,,,,,,,,,,,,,,,,,,,,,,,,,,,,,,,,,,,,,,,,,,,,,,,,,,,,,,,,,,,,,,,,,,,,,,,,,,,,,,,,,,,,,,,,,,,,,,,,,,,,,,,,,,,,,,,,,,,,,,,,,
,,,,,,,,,,,,,,,,,,,,,,,,,,,,,,,,,,,,,,,,,,,,,,,,,,,,,,,,,,,,,,,,,,,,,,,,,,,,,,,,,,,,,,,,,,,,,,,,,,,,,,,,,,,,,,,,,,,,,,,,,,,,,,,,,
,,,,,,,,,,,,,,,,,,,,,,,,,,,,,,,,,,,,,,,,,,,,,,,,,,,,,,,,,,,,,,,,,,,,,,,,,,,,,,,,,,,,,,,,,,,,,,,,,,,,,,,,,,,,,,,,,,,,,,,,,,,,,,,,,
,,,,,,,,,,,,,,,,,,,,,,,,,,,,,,,,,,,,,,,,,,,,,,,,,,,,,,,,,,,,,,,,,,,,,,,,,,,,,,,,,,,,,,,,,,,,,,,,,,,,,,,,,,,,,,,,,,,,,,,,,,,,,,,,,
,,,,,,,,,,,,,,,,,,,,,,,,,,,,,,,,,,,,,,,,,,,,,,,,,,,,,,,,,,,,,,,,,,,,,,,,,,,,,,,,,,,,,,,,,,,,,,,,,,,,,,,,,,,,,,,,,,,,,,,,,,,,,,,,,
,,,,,,,,,,,,,,,,,,,,,,,,,,,,,,,,,,,,,,,,,,,,,,,,,,,,,,,,,,,,,,,,,,,,,,,,,,,,,,,,,,,,,,,,,,,,,,,,,,,,,,,,,,,,,,,,,,,,,,,,,,,,,,,,,
,,,,,,,,,,,,,,,,,,,,,,,,,,,,,,,,,,,,,,,,,,,,,,,,,,,,,,,,,,,,,,,,,,,,,,,,,,,,,,,,,,,,,,,,,,,,,,,,,,,,,,,,,,,,,,,,,,,,,,,,,,,,,,,,,
,,,,,,,,,,,,,,,,,,,,,,,,,,,,,,,,,,,,,,,,,,,,,,,,,,,,,,,,,,,,,,,,,,,,,,,,,,,,,,,,,,,,,,,,,,,,,,,,,,,,,,,,,,,,,,,,,,,,,,,,,,,,,,,,,
,,,,,,,,,,,,,,,,,,,,,,,,,,,,,,,,,,,,,,,,,,,,,,,,,,,,,,,,,,,,,,,,,,,,,,,,,,,,,,,,,,,,,,,,,,,,,,,,,,,,,,,,,,,,,,,,,,,,,,,,,,,,,,,,,
,,,,,,,,,,,,,,,,,,,,,,,,,,,,,,,,,,,,,,,,,,,,,,,,,,,,,,,,,,,,,,,,,,,,,,,,,,,,,,,,,,,,,,,,,,,,,,,,,,,,,,,,,,,,,,,,,,,,,,,,,,,,,,,,,
,,,,,,,,,,,,,,,,,,,,,,,,,,,,,,,,,,,,,,,,,,,,,,,,,,,,,,,,,,,,,,,,,,,,,,,,,,,,,,,,,,,,,,,,,,,,,,,,,,,,,,,,,,,,,,,,,,,,,,,,,,,,,,,,,
,,,,,,,,,,,,,,,,,,,,,,,,,,,,,,,,,,,,,,,,,,,,,,,,,,,,,,,,,,,,,,,,,,,,,,,,,,,,,,,,,,,,,,,,,,,,,,,,,,,,,,,,,,,,,,,,,,,,,,,,,,,,,,,,,
,,,,,,,,,,,,,,,,,,,,,,,,,,,,,,,,,,,,,,,,,,,,,,,,,,,,,,,,,,,,,,,,,,,,,,,,,,,,,,,,,,,,,,,,,,,,,,,,,,,,,,,,,,,,,,,,,,,,,,,,,,,,,,,,,
,,,,,,,,,,,,,,,,,,,,,,,,,,,,,,,,,,,,,,,,,,,,,,,,,,,,,,,,,,,,,,,,,,,,,,,,,,,,,,,,,,,,,,,,,,,,,,,,,,,,,,,,,,,,,,,,,,,,,,,,,,,,,,,,,
,,,,,,,,,,,,,,,,,,,,,,,,,,,,,,,,,,,,,,,,,,,,,,,,,,,,,,,,,,,,,,,,,,,,,,,,,,,,,,,,,,,,,,,,,,,,,,,,,,,,,,,,,,,,,,,,,,,,,,,,,,,,,,,,,
,,,,,,,,,,,,,,,,,,,,,,,,,,,,,,,,,,,,,,,,,,,,,,,,,,,,,,,,,,,,,,,,,,,,,,,,,,,,,,,,,,,,,,,,,,,,,,,,,,,,,,,,,,,,,,,,,,,,,,,,,,,,,,,,,
,,,,,,,,,,,,,,,,,,,,,,,,,,,,,,,,,,,,,,,,,,,,,,,,,,,,,,,,,,,,,,,,,,,,,,,,,,,,,,,,,,,,,,,,,,,,,,,,,,,,,,,,,,,,,,,,,,,,,,,,,,,,,,,,,
,,,,,,,,,,,,,,,,,,,,,,,,,,,,,,,,,,,,,,,,,,,,,,,,,,,,,,,,,,,,,,,,,,,,,,,,,,,,,,,,,,,,,,,,,,,,,,,,,,,,,,,,,,,,,,,,,,,,,,,,,,,,,,,,,
,,,,,,,,,,,,,,,,,,,,,,,,,,,,,,,,,,,,,,,,,,,,,,,,,,,,,,,,,,,,,,,,,,,,,,,,,,,,,,,,,,,,,,,,,,,,,,,,,,,,,,,,,,,,,,,,,,,,,,,,,,,,,,,,,
,,,,,,,,,,,,,,,,,,,,,,,,,,,,,,,,,,,,,,,,,,,,,,,,,,,,,,,,,,,,,,,,,,,,,,,,,,,,,,,,,,,,,,,,,,,,,,,,,,,,,,,,,,,,,,,,,,,,,,,,,,,,,,,,,
,,,,,,,,,,,,,,,,,,,,,,,,,,,,,,,,,,,,,,,,,,,,,,,,,,,,,,,,,,,,,,,,,,,,,,,,,,,,,,,,,,,,,,,,,,,,,,,,,,,,,,,,,,,,,,,,,,,,,,,,,,,,,,,,,
,,,,,,,,,,,,,,,,,,,,,,,,,,,,,,,,,,,,,,,,,,,,,,,,,,,,,,,,,,,,,,,,,,,,,,,,,,,,,,,,,,,,,,,,,,,,,,,,,,,,,,,,,,,,,,,,,,,,,,,,,,,,,,,,,
,,,,,,,,,,,,,,,,,,,,,,,,,,,,,,,,,,,,,,,,,,,,,,,,,,,,,,,,,,,,,,,,,,,,,,,,,,,,,,,,,,,,,,,,,,,,,,,,,,,,,,,,,,,,,,,,,,,,,,,,,,,,,,,,,
,,,,,,,,,,,,,,,,,,,,,,,,,,,,,,,,,,,,,,,,,,,,,,,,,,,,,,,,,,,,,,,,,,,,,,,,,,,,,,,,,,,,,,,,,,,,,,,,,,,,,,,,,,,,,,,,,,,,,,,,,,,,,,,,,
,,,,,,,,,,,,,,,,,,,,,,,,,,,,,,,,,,,,,,,,,,,,,,,,,,,,,,,,,,,,,,,,,,,,,,,,,,,,,,,,,,,,,,,,,,,,,,,,,,,,,,,,,,,,,,,,,,,,,,,,,,,,,,,,,
,,,,,,,,,,,,,,,,,,,,,,,,,,,,,,,,,,,,,,,,,,,,,,,,,,,,,,,,,,,,,,,,,,,,,,,,,,,,,,,,,,,,,,,,,,,,,,,,,,,,,,,,,,,,,,,,,,,,,,,,,,,,,,,,,
,,,,,,,,,,,,,,,,,,,,,,,,,,,,,,,,,,,,,,,,,,,,,,,,,,,,,,,,,,,,,,,,,,,,,,,,,,,,,,,,,,,,,,,,,,,,,,,,,,,,,,,,,,,,,,,,,,,,,,,,,,,,,,,,,
,,,,,,,,,,,,,,,,,,,,,,,,,,,,,,,,,,,,,,,,,,,,,,,,,,,,,,,,,,,,,,,,,,,,,,,,,,,,,,,,,,,,,,,,,,,,,,,,,,,,,,,,,,,,,,,,,,,,,,,,,,,,,,,,,
,,,,,,,,,,,,,,,,,,,,,,,,,,,,,,,,,,,,,,,,,,,,,,,,,,,,,,,,,,,,,,,,,,,,,,,,,,,,,,,,,,,,,,,,,,,,,,,,,,,,,,,,,,,,,,,,,,,,,,,,,,,,,,,,,
,,,,,,,,,,,,,,,,,,,,,,,,,,,,,,,,,,,,,,,,,,,,,,,,,,,,,,,,,,,,,,,,,,,,,,,,,,,,,,,,,,,,,,,,,,,,,,,,,,,,,,,,,,,,,,,,,,,,,,,,,,,,,,,,,
,,,,,,,,,,,,,,,,,,,,,,,,,,,,,,,,,,,,,,,,,,,,,,,,,,,,,,,,,,,,,,,,,,,,,,,,,,,,,,,,,,,,,,,,,,,,,,,,,,,,,,,,,,,,,,,,,,,,,,,,,,,,,,,,,
,,,,,,,,,,,,,,,,,,,,,,,,,,,,,,,,,,,,,,,,,,,,,,,,,,,,,,,,,,,,,,,,,,,,,,,,,,,,,,,,,,,,,,,,,,,,,,,,,,,,,,,,,,,,,,,,,,,,,,,,,,,,,,,,,
,,,,,,,,,,,,,,,,,,,,,,,,,,,,,,,,,,,,,,,,,,,,,,,,,,,,,,,,,,,,,,,,,,,,,,,,,,,,,,,,,,,,,,,,,,,,,,,,,,,,,,,,,,,,,,,,,,,,,,,,,,,,,,,,,
,,,,,,,,,,,,,,,,,,,,,,,,,,,,,,,,,,,,,,,,,,,,,,,,,,,,,,,,,,,,,,,,,,,,,,,,,,,,,,,,,,,,,,,,,,,,,,,,,,,,,,,,,,,,,,,,,,,,,,,,,,,,,,,,,
,,,,,,,,,,,,,,,,,,,,,,,,,,,,,,,,,,,,,,,,,,,,,,,,,,,,,,,,,,,,,,,,,,,,,,,,,,,,,,,,,,,,,,,,,,,,,,,,,,,,,,,,,,,,,,,,,,,,,,,,,,,,,,,,,
,,,,,,,,,,,,,,,,,,,,,,,,,,,,,,,,,,,,,,,,,,,,,,,,,,,,,,,,,,,,,,,,,,,,,,,,,,,,,,,,,,,,,,,,,,,,,,,,,,,,,,,,,,,,,,,,,,,,,,,,,,,,,,,,,
,,,,,,,,,,,,,,,,,,,,,,,,,,,,,,,,,,,,,,,,,,,,,,,,,,,,,,,,,,,,,,,,,,,,,,,,,,,,,,,,,,,,,,,,,,,,,,,,,,,,,,,,,,,,,,,,,,,,,,,,,,,,,,,,,
,,,,,,,,,,,,,,,,,,,,,,,,,,,,,,,,,,,,,,,,,,,,,,,,,,,,,,,,,,,,,,,,,,,,,,,,,,,,,,,,,,,,,,,,,,,,,,,,,,,,,,,,,,,,,,,,,,,,,,,,,,,,,,,,,
,,,,,,,,,,,,,,,,,,,,,,,,,,,,,,,,,,,,,,,,,,,,,,,,,,,,,,,,,,,,,,,,,,,,,,,,,,,,,,,,,,,,,,,,,,,,,,,,,,,,,,,,,,,,,,,,,,,,,,,,,,,,,,,,,
,,,,,,,,,,,,,,,,,,,,,,,,,,,,,,,,,,,,,,,,,,,,,,,,,,,,,,,,,,,,,,,,,,,,,,,,,,,,,,,,,,,,,,,,,,,,,,,,,,,,,,,,,,,,,,,,,,,,,,,,,,,,,,,,,
,,,,,,,,,,,,,,,,,,,,,,,,,,,,,,,,,,,,,,,,,,,,,,,,,,,,,,,,,,,,,,,,,,,,,,,,,,,,,,,,,,,,,,,,,,,,,,,,,,,,,,,,,,,,,,,,,,,,,,,,,,,,,,,,,
,,,,,,,,,,,,,,,,,,,,,,,,,,,,,,,,,,,,,,,,,,,,,,,,,,,,,,,,,,,,,,,,,,,,,,,,,,,,,,,,,,,,,,,,,,,,,,,,,,,,,,,,,,,,,,,,,,,,,,,,,,,,,,,,,
,,,,,,,,,,,,,,,,,,,,,,,,,,,,,,,,,,,,,,,,,,,,,,,,,,,,,,,,,,,,,,,,,,,,,,,,,,,,,,,,,,,,,,,,,,,,,,,,,,,,,,,,,,,,,,,,,,,,,,,,,,,,,,,,,
,,,,,,,,,,,,,,,,,,,,,,,,,,,,,,,,,,,,,,,,,,,,,,,,,,,,,,,,,,,,,,,,,,,,,,,,,,,,,,,,,,,,,,,,,,,,,,,,,,,,,,,,,,,,,,,,,,,,,,,,,,,,,,,,,
,,,,,,,,,,,,,,,,,,,,,,,,,,,,,,,,,,,,,,,,,,,,,,,,,,,,,,,,,,,,,,,,,,,,,,,,,,,,,,,,,,,,,,,,,,,,,,,,,,,,,,,,,,,,,,,,,,,,,,,,,,,,,,,,,
,,,,,,,,,,,,,,,,,,,,,,,,,,,,,,,,,,,,,,,,,,,,,,,,,,,,,,,,,,,,,,,,,,,,,,,,,,,,,,,,,,,,,,,,,,,,,,,,,,,,,,,,,,,,,,,,,,,,,,,,,,,,,,,,,
,,,,,,,,,,,,,,,,,,,,,,,,,,,,,,,,,,,,,,,,,,,,,,,,,,,,,,,,,,,,,,,,,,,,,,,,,,,,,,,,,,,,,,,,,,,,,,,,,,,,,,,,,,,,,,,,,,,,,,,,,,,,,,,,,
,,,,,,,,,,,,,,,,,,,,,,,,,,,,,,,,,,,,,,,,,,,,,,,,,,,,,,,,,,,,,,,,,,,,,,,,,,,,,,,,,,,,,,,,,,,,,,,,,,,,,,,,,,,,,,,,,,,,,,,,,,,,,,,,,
,,,,,,,,,,,,,,,,,,,,,,,,,,,,,,,,,,,,,,,,,,,,,,,,,,,,,,,,,,,,,,,,,,,,,,,,,,,,,,,,,,,,,,,,,,,,,,,,,,,,,,,,,,,,,,,,,,,,,,,,,,,,,,,,,
,,,,,,,,,,,,,,,,,,,,,,,,,,,,,,,,,,,,,,,,,,,,,,,,,,,,,,,,,,,,,,,,,,,,,,,,,,,,,,,,,,,,,,,,,,,,,,,,,,,,,,,,,,,,,,,,,,,,,,,,,,,,,,,,,
,,,,,,,,,,,,,,,,,,,,,,,,,,,,,,,,,,,,,,,,,,,,,,,,,,,,,,,,,,,,,,,,,,,,,,,,,,,,,,,,,,,,,,,,,,,,,,,,,,,,,,,,,,,,,,,,,,,,,,,,,,,,,,,,,
,,,,,,,,,,,,,,,,,,,,,,,,,,,,,,,,,,,,,,,,,,,,,,,,,,,,,,,,,,,,,,,,,,,,,,,,,,,,,,,,,,,,,,,,,,,,,,,,,,,,,,,,,,,,,,,,,,,,,,,,,,,,,,,,,
,,,,,,,,,,,,,,,,,,,,,,,,,,,,,,,,,,,,,,,,,,,,,,,,,,,,,,,,,,,,,,,,,,,,,,,,,,,,,,,,,,,,,,,,,,,,,,,,,,,,,,,,,,,,,,,,,,,,,,,,,,,,,,,,,
,,,,,,,,,,,,,,,,,,,,,,,,,,,,,,,,,,,,,,,,,,,,,,,,,,,,,,,,,,,,,,,,,,,,,,,,,,,,,,,,,,,,,,,,,,,,,,,,,,,,,,,,,,,,,,,,,,,,,,,,,,,,,,,,,
,,,,,,,,,,,,,,,,,,,,,,,,,,,,,,,,,,,,,,,,,,,,,,,,,,,,,,,,,,,,,,,,,,,,,,,,,,,,,,,,,,,,,,,,,,,,,,,,,,,,,,,,,,,,,,,,,,,,,,,,,,,,,,,,,
,,,,,,,,,,,,,,,,,,,,,,,,,,,,,,,,,,,,,,,,,,,,,,,,,,,,,,,,,,,,,,,,,,,,,,,,,,,,,,,,,,,,,,,,,,,,,,,,,,,,,,,,,,,,,,,,,,,,,,,,,,,,,,,,,
,,,,,,,,,,,,,,,,,,,,,,,,,,,,,,,,,,,,,,,,,,,,,,,,,,,,,,,,,,,,,,,,,,,,,,,,,,,,,,,,,,,,,,,,,,,,,,,,,,,,,,,,,,,,,,,,,,,,,,,,,,,,,,,,,
,,,,,,,,,,,,,,,,,,,,,,,,,,,,,,,,,,,,,,,,,,,,,,,,,,,,,,,,,,,,,,,,,,,,,,,,,,,,,,,,,,,,,,,,,,,,,,,,,,,,,,,,,,,,,,,,,,,,,,,,,,,,,,,,,
,,,,,,,,,,,,,,,,,,,,,,,,,,,,,,,,,,,,,,,,,,,,,,,,,,,,,,,,,,,,,,,,,,,,,,,,,,,,,,,,,,,,,,,,,,,,,,,,,,,,,,,,,,,,,,,,,,,,,,,,,,,,,,,,,
,,,,,,,,,,,,,,,,,,,,,,,,,,,,,,,,,,,,,,,,,,,,,,,,,,,,,,,,,,,,,,,,,,,,,,,,,,,,,,,,,,,,,,,,,,,,,,,,,,,,,,,,,,,,,,,,,,,,,,,,,,,,,,,,,
,,,,,,,,,,,,,,,,,,,,,,,,,,,,,,,,,,,,,,,,,,,,,,,,,,,,,,,,,,,,,,,,,,,,,,,,,,,,,,,,,,,,,,,,,,,,,,,,,,,,,,,,,,,,,,,,,,,,,,,,,,,,,,,,,
,,,,,,,,,,,,,,,,,,,,,,,,,,,,,,,,,,,,,,,,,,,,,,,,,,,,,,,,,,,,,,,,,,,,,,,,,,,,,,,,,,,,,,,,,,,,,,,,,,,,,,,,,,,,,,,,,,,,,,,,,,,,,,,,,
,,,,,,,,,,,,,,,,,,,,,,,,,,,,,,,,,,,,,,,,,,,,,,,,,,,,,,,,,,,,,,,,,,,,,,,,,,,,,,,,,,,,,,,,,,,,,,,,,,,,,,,,,,,,,,,,,,,,,,,,,,,,,,,,,
,,,,,,,,,,,,,,,,,,,,,,,,,,,,,,,,,,,,,,,,,,,,,,,,,,,,,,,,,,,,,,,,,,,,,,,,,,,,,,,,,,,,,,,,,,,,,,,,,,,,,,,,,,,,,,,,,,,,,,,,,,,,,,,,,
,,,,,,,,,,,,,,,,,,,,,,,,,,,,,,,,,,,,,,,,,,,,,,,,,,,,,,,,,,,,,,,,,,,,,,,,,,,,,,,,,,,,,,,,,,,,,,,,,,,,,,,,,,,,,,,,,,,,,,,,,,,,,,,,,
,,,,,,,,,,,,,,,,,,,,,,,,,,,,,,,,,,,,,,,,,,,,,,,,,,,,,,,,,,,,,,,,,,,,,,,,,,,,,,,,,,,,,,,,,,,,,,,,,,,,,,,,,,,,,,,,,,,,,,,,,,,,,,,,,
,,,,,,,,,,,,,,,,,,,,,,,,,,,,,,,,,,,,,,,,,,,,,,,,,,,,,,,,,,,,,,,,,,,,,,,,,,,,,,,,,,,,,,,,,,,,,,,,,,,,,,,,,,,,,,,,,,,,,,,,,,,,,,,,,
,,,,,,,,,,,,,,,,,,,,,,,,,,,,,,,,,,,,,,,,,,,,,,,,,,,,,,,,,,,,,,,,,,,,,,,,,,,,,,,,,,,,,,,,,,,,,,,,,,,,,,,,,,,,,,,,,,,,,,,,,,,,,,,,,
,,,,,,,,,,,,,,,,,,,,,,,,,,,,,,,,,,,,,,,,,,,,,,,,,,,,,,,,,,,,,,,,,,,,,,,,,,,,,,,,,,,,,,,,,,,,,,,,,,,,,,,,,,,,,,,,,,,,,,,,,,,,,,,,,
,,,,,,,,,,,,,,,,,,,,,,,,,,,,,,,,,,,,,,,,,,,,,,,,,,,,,,,,,,,,,,,,,,,,,,,,,,,,,,,,,,,,,,,,,,,,,,,,,,,,,,,,,,,,,,,,,,,,,,,,,,,,,,,,,
,,,,,,,,,,,,,,,,,,,,,,,,,,,,,,,,,,,,,,,,,,,,,,,,,,,,,,,,,,,,,,,,,,,,,,,,,,,,,,,,,,,,,,,,,,,,,,,,,,,,,,,,,,,,,,,,,,,,,,,,,,,,,,,,,
,,,,,,,,,,,,,,,,,,,,,,,,,,,,,,,,,,,,,,,,,,,,,,,,,,,,,,,,,,,,,,,,,,,,,,,,,,,,,,,,,,,,,,,,,,,,,,,,,,,,,,,,,,,,,,,,,,,,,,,,,,,,,,,,,
,,,,,,,,,,,,,,,,,,,,,,,,,,,,,,,,,,,,,,,,,,,,,,,,,,,,,,,,,,,,,,,,,,,,,,,,,,,,,,,,,,,,,,,,,,,,,,,,,,,,,,,,,,,,,,,,,,,,,,,,,,,,,,,,,
,,,,,,,,,,,,,,,,,,,,,,,,,,,,,,,,,,,,,,,,,,,,,,,,,,,,,,,,,,,,,,,,,,,,,,,,,,,,,,,,,,,,,,,,,,,,,,,,,,,,,,,,,,,,,,,,,,,,,,,,,,,,,,,,,
,,,,,,,,,,,,,,,,,,,,,,,,,,,,,,,,,,,,,,,,,,,,,,,,,,,,,,,,,,,,,,,,,,,,,,,,,,,,,,,,,,,,,,,,,,,,,,,,,,,,,,,,,,,,,,,,,,,,,,,,,,,,,,,,,
,,,,,,,,,,,,,,,,,,,,,,,,,,,,,,,,,,,,,,,,,,,,,,,,,,,,,,,,,,,,,,,,,,,,,,,,,,,,,,,,,,,,,,,,,,,,,,,,,,,,,,,,,,,,,,,,,,,,,,,,,,,,,,,,,
,,,,,,,,,,,,,,,,,,,,,,,,,,,,,,,,,,,,,,,,,,,,,,,,,,,,,,,,,,,,,,,,,,,,,,,,,,,,,,,,,,,,,,,,,,,,,,,,,,,,,,,,,,,,,,,,,,,,,,,,,,,,,,,,,
,,,,,,,,,,,,,,,,,,,,,,,,,,,,,,,,,,,,,,,,,,,,,,,,,,,,,,,,,,,,,,,,,,,,,,,,,,,,,,,,,,,,,,,,,,,,,,,,,,,,,,,,,,,,,,,,,,,,,,,,,,,,,,,,,
,,,,,,,,,,,,,,,,,,,,,,,,,,,,,,,,,,,,,,,,,,,,,,,,,,,,,,,,,,,,,,,,,,,,,,,,,,,,,,,,,,,,,,,,,,,,,,,,,,,,,,,,,,,,,,,,,,,,,,,,,,,,,,,,,
,,,,,,,,,,,,,,,,,,,,,,,,,,,,,,,,,,,,,,,,,,,,,,,,,,,,,,,,,,,,,,,,,,,,,,,,,,,,,,,,,,,,,,,,,,,,,,,,,,,,,,,,,,,,,,,,,,,,,,,,,,,,,,,,,
,,,,,,,,,,,,,,,,,,,,,,,,,,,,,,,,,,,,,,,,,,,,,,,,,,,,,,,,,,,,,,,,,,,,,,,,,,,,,,,,,,,,,,,,,,,,,,,,,,,,,,,,,,,,,,,,,,,,,,,,,,,,,,,,,
,,,,,,,,,,,,,,,,,,,,,,,,,,,,,,,,,,,,,,,,,,,,,,,,,,,,,,,,,,,,,,,,,,,,,,,,,,,,,,,,,,,,,,,,,,,,,,,,,,,,,,,,,,,,,,,,,,,,,,,,,,,,,,,,,
,,,,,,,,,,,,,,,,,,,,,,,,,,,,,,,,,,,,,,,,,,,,,,,,,,,,,,,,,,,,,,,,,,,,,,,,,,,,,,,,,,,,,,,,,,,,,,,,,,,,,,,,,,,,,,,,,,,,,,,,,,,,,,,,,
,,,,,,,,,,,,,,,,,,,,,,,,,,,,,,,,,,,,,,,,,,,,,,,,,,,,,,,,,,,,,,,,,,,,,,,,,,,,,,,,,,,,,,,,,,,,,,,,,,,,,,,,,,,,,,,,,,,,,,,,,,,,,,,,,
,,,,,,,,,,,,,,,,,,,,,,,,,,,,,,,,,,,,,,,,,,,,,,,,,,,,,,,,,,,,,,,,,,,,,,,,,,,,,,,,,,,,,,,,,,,,,,,,,,,,,,,,,,,,,,,,,,,,,,,,,,,,,,,,,
,,,,,,,,,,,,,,,,,,,,,,,,,,,,,,,,,,,,,,,,,,,,,,,,,,,,,,,,,,,,,,,,,,,,,,,,,,,,,,,,,,,,,,,,,,,,,,,,,,,,,,,,,,,,,,,,,,,,,,,,,,,,,,,,,
,,,,,,,,,,,,,,,,,,,,,,,,,,,,,,,,,,,,,,,,,,,,,,,,,,,,,,,,,,,,,,,,,,,,,,,,,,,,,,,,,,,,,,,,,,,,,,,,,,,,,,,,,,,,,,,,,,,,,,,,,,,,,,,,,
,,,,,,,,,,,,,,,,,,,,,,,,,,,,,,,,,,,,,,,,,,,,,,,,,,,,,,,,,,,,,,,,,,,,,,,,,,,,,,,,,,,,,,,,,,,,,,,,,,,,,,,,,,,,,,,,,,,,,,,,,,,,,,,,,
,,,,,,,,,,,,,,,,,,,,,,,,,,,,,,,,,,,,,,,,,,,,,,,,,,,,,,,,,,,,,,,,,,,,,,,,,,,,,,,,,,,,,,,,,,,,,,,,,,,,,,,,,,,,,,,,,,,,,,,,,,,,,,,,,
,,,,,,,,,,,,,,,,,,,,,,,,,,,,,,,,,,,,,,,,,,,,,,,,,,,,,,,,,,,,,,,,,,,,,,,,,,,,,,,,,,,,,,,,,,,,,,,,,,,,,,,,,,,,,,,,,,,,,,,,,,,,,,,,,
,,,,,,,,,,,,,,,,,,,,,,,,,,,,,,,,,,,,,,,,,,,,,,,,,,,,,,,,,,,,,,,,,,,,,,,,,,,,,,,,,,,,,,,,,,,,,,,,,,,,,,,,,,,,,,,,,,,,,,,,,,,,,,,,,
,,,,,,,,,,,,,,,,,,,,,,,,,,,,,,,,,,,,,,,,,,,,,,,,,,,,,,,,,,,,,,,,,,,,,,,,,,,,,,,,,,,,,,,,,,,,,,,,,,,,,,,,,,,,,,,,,,,,,,,,,,,,,,,,,
,,,,,,,,,,,,,,,,,,,,,,,,,,,,,,,,,,,,,,,,,,,,,,,,,,,,,,,,,,,,,,,,,,,,,,,,,,,,,,,,,,,,,,,,,,,,,,,,,,,,,,,,,,,,,,,,,,,,,,,,,,,,,,,,,
,,,,,,,,,,,,,,,,,,,,,,,,,,,,,,,,,,,,,,,,,,,,,,,,,,,,,,,,,,,,,,,,,,,,,,,,,,,,,,,,,,,,,,,,,,,,,,,,,,,,,,,,,,,,,,,,,,,,,,,,,,,,,,,,,
,,,,,,,,,,,,,,,,,,,,,,,,,,,,,,,,,,,,,,,,,,,,,,,,,,,,,,,,,,,,,,,,,,,,,,,,,,,,,,,,,,,,,,,,,,,,,,,,,,,,,,,,,,,,,,,,,,,,,,,,,,,,,,,,,
,,,,,,,,,,,,,,,,,,,,,,,,,,,,,,,,,,,,,,,,,,,,,,,,,,,,,,,,,,,,,,,,,,,,,,,,,,,,,,,,,,,,,,,,,,,,,,,,,,,,,,,,,,,,,,,,,,,,,,,,,,,,,,,,,
,,,,,,,,,,,,,,,,,,,,,,,,,,,,,,,,,,,,,,,,,,,,,,,,,,,,,,,,,,,,,,,,,,,,,,,,,,,,,,,,,,,,,,,,,,,,,,,,,,,,,,,,,,,,,,,,,,,,,,,,,,,,,,,,,
,,,,,,,,,,,,,,,,,,,,,,,,,,,,,,,,,,,,,,,,,,,,,,,,,,,,,,,,,,,,,,,,,,,,,,,,,,,,,,,,,,,,,,,,,,,,,,,,,,,,,,,,,,,,,,,,,,,,,,,,,,,,,,,,,
,,,,,,,,,,,,,,,,,,,,,,,,,,,,,,,,,,,,,,,,,,,,,,,,,,,,,,,,,,,,,,,,,,,,,,,,,,,,,,,,,,,,,,,,,,,,,,,,,,,,,,,,,,,,,,,,,,,,,,,,,,,,,,,,,
,,,,,,,,,,,,,,,,,,,,,,,,,,,,,,,,,,,,,,,,,,,,,,,,,,,,,,,,,,,,,,,,,,,,,,,,,,,,,,,,,,,,,,,,,,,,,,,,,,,,,,,,,,,,,,,,,,,,,,,,,,,,,,,,,
,,,,,,,,,,,,,,,,,,,,,,,,,,,,,,,,,,,,,,,,,,,,,,,,,,,,,,,,,,,,,,,,,,,,,,,,,,,,,,,,,,,,,,,,,,,,,,,,,,,,,,,,,,,,,,,,,,,,,,,,,,,,,,,,,
,,,,,,,,,,,,,,,,,,,,,,,,,,,,,,,,,,,,,,,,,,,,,,,,,,,,,,,,,,,,,,,,,,,,,,,,,,,,,,,,,,,,,,,,,,,,,,,,,,,,,,,,,,,,,,,,,,,,,,,,,,,,,,,,,
,,,,,,,,,,,,,,,,,,,,,,,,,,,,,,,,,,,,,,,,,,,,,,,,,,,,,,,,,,,,,,,,,,,,,,,,,,,,,,,,,,,,,,,,,,,,,,,,,,,,,,,,,,,,,,,,,,,,,,,,,,,,,,,,,
,,,,,,,,,,,,,,,,,,,,,,,,,,,,,,,,,,,,,,,,,,,,,,,,,,,,,,,,,,,,,,,,,,,,,,,,,,,,,,,,,,,,,,,,,,,,,,,,,,,,,,,,,,,,,,,,,,,,,,,,,,,,,,,,,
,,,,,,,,,,,,,,,,,,,,,,,,,,,,,,,,,,,,,,,,,,,,,,,,,,,,,,,,,,,,,,,,,,,,,,,,,,,,,,,,,,,,,,,,,,,,,,,,,,,,,,,,,,,,,,,,,,,,,,,,,,,,,,,,,
,,,,,,,,,,,,,,,,,,,,,,,,,,,,,,,,,,,,,,,,,,,,,,,,,,,,,,,,,,,,,,,,,,,,,,,,,,,,,,,,,,,,,,,,,,,,,,,,,,,,,,,,,,,,,,,,,,,,,,,,,,,,,,,,,
,,,,,,,,,,,,,,,,,,,,,,,,,,,,,,,,,,,,,,,,,,,,,,,,,,,,,,,,,,,,,,,,,,,,,,,,,,,,,,,,,,,,,,,,,,,,,,,,,,,,,,,,,,,,,,,,,,,,,,,,,,,,,,,,,
,,,,,,,,,,,,,,,,,,,,,,,,,,,,,,,,,,,,,,,,,,,,,,,,,,,,,,,,,,,,,,,,,,,,,,,,,,,,,,,,,,,,,,,,,,,,,,,,,,,,,,,,,,,,,,,,,,,,,,,,,,,,,,,,,
,,,,,,,,,,,,,,,,,,,,,,,,,,,,,,,,,,,,,,,,,,,,,,,,,,,,,,,,,,,,,,,,,,,,,,,,,,,,,,,,,,,,,,,,,,,,,,,,,,,,,,,,,,,,,,,,,,,,,,,,,,,,,,,,,
,,,,,,,,,,,,,,,,,,,,,,,,,,,,,,,,,,,,,,,,,,,,,,,,,,,,,,,,,,,,,,,,,,,,,,,,,,,,,,,,,,,,,,,,,,,,,,,,,,,,,,,,,,,,,,,,,,,,,,,,,,,,,,,,,
,,,,,,,,,,,,,,,,,,,,,,,,,,,,,,,,,,,,,,,,,,,,,,,,,,,,,,,,,,,,,,,,,,,,,,,,,,,,,,,,,,,,,,,,,,,,,,,,,,,,,,,,,,,,,,,,,,,,,,,,,,,,,,,,,
,,,,,,,,,,,,,,,,,,,,,,,,,,,,,,,,,,,,,,,,,,,,,,,,,,,,,,,,,,,,,,,,,,,,,,,,,,,,,,,,,,,,,,,,,,,,,,,,,,,,,,,,,,,,,,,,,,,,,,,,,,,,,,,,,
,,,,,,,,,,,,,,,,,,,,,,,,,,,,,,,,,,,,,,,,,,,,,,,,,,,,,,,,,,,,,,,,,,,,,,,,,,,,,,,,,,,,,,,,,,,,,,,,,,,,,,,,,,,,,,,,,,,,,,,,,,,,,,,,,
,,,,,,,,,,,,,,,,,,,,,,,,,,,,,,,,,,,,,,,,,,,,,,,,,,,,,,,,,,,,,,,,,,,,,,,,,,,,,,,,,,,,,,,,,,,,,,,,,,,,,,,,,,,,,,,,,,,,,,,,,,,,,,,,,
,,,,,,,,,,,,,,,,,,,,,,,,,,,,,,,,,,,,,,,,,,,,,,,,,,,,,,,,,,,,,,,,,,,,,,,,,,,,,,,,,,,,,,,,,,,,,,,,,,,,,,,,,,,,,,,,,,,,,,,,,,,,,,,,,
,,,,,,,,,,,,,,,,,,,,,,,,,,,,,,,,,,,,,,,,,,,,,,,,,,,,,,,,,,,,,,,,,,,,,,,,,,,,,,,,,,,,,,,,,,,,,,,,,,,,,,,,,,,,,,,,,,,,,,,,,,,,,,,,,
,,,,,,,,,,,,,,,,,,,,,,,,,,,,,,,,,,,,,,,,,,,,,,,,,,,,,,,,,,,,,,,,,,,,,,,,,,,,,,,,,,,,,,,,,,,,,,,,,,,,,,,,,,,,,,,,,,,,,,,,,,,,,,,,,
,,,,,,,,,,,,,,,,,,,,,,,,,,,,,,,,,,,,,,,,,,,,,,,,,,,,,,,,,,,,,,,,,,,,,,,,,,,,,,,,,,,,,,,,,,,,,,,,,,,,,,,,,,,,,,,,,,,,,,,,,,,,,,,,,
,,,,,,,,,,,,,,,,,,,,,,,,,,,,,,,,,,,,,,,,,,,,,,,,,,,,,,,,,,,,,,,,,,,,,,,,,,,,,,,,,,,,,,,,,,,,,,,,,,,,,,,,,,,,,,,,,,,,,,,,,,,,,,,,,
,,,,,,,,,,,,,,,,,,,,,,,,,,,,,,,,,,,,,,,,,,,,,,,,,,,,,,,,,,,,,,,,,,,,,,,,,,,,,,,,,,,,,,,,,,,,,,,,,,,,,,,,,,,,,,,,,,,,,,,,,,,,,,,,,
,,,,,,,,,,,,,,,,,,,,,,,,,,,,,,,,,,,,,,,,,,,,,,,,,,,,,,,,,,,,,,,,,,,,,,,,,,,,,,,,,,,,,,,,,,,,,,,,,,,,,,,,,,,,,,,,,,,,,,,,,,,,,,,,,
,,,,,,,,,,,,,,,,,,,,,,,,,,,,,,,,,,,,,,,,,,,,,,,,,,,,,,,,,,,,,,,,,,,,,,,,,,,,,,,,,,,,,,,,,,,,,,,,,,,,,,,,,,,,,,,,,,,,,,,,,,,,,,,,,
,,,,,,,,,,,,,,,,,,,,,,,,,,,,,,,,,,,,,,,,,,,,,,,,,,,,,,,,,,,,,,,,,,,,,,,,,,,,,,,,,,,,,,,,,,,,,,,,,,,,,,,,,,,,,,,,,,,,,,,,,,,,,,,,,
,,,,,,,,,,,,,,,,,,,,,,,,,,,,,,,,,,,,,,,,,,,,,,,,,,,,,,,,,,,,,,,,,,,,,,,,,,,,,,,,,,,,,,,,,,,,,,,,,,,,,,,,,,,,,,,,,,,,,,,,,,,,,,,,,
,,,,,,,,,,,,,,,,,,,,,,,,,,,,,,,,,,,,,,,,,,,,,,,,,,,,,,,,,,,,,,,,,,,,,,,,,,,,,,,,,,,,,,,,,,,,,,,,,,,,,,,,,,,,,,,,,,,,,,,,,,,,,,,,,
,,,,,,,,,,,,,,,,,,,,,,,,,,,,,,,,,,,,,,,,,,,,,,,,,,,,,,,,,,,,,,,,,,,,,,,,,,,,,,,,,,,,,,,,,,,,,,,,,,,,,,,,,,,,,,,,,,,,,,,,,,,,,,,,,
,,,,,,,,,,,,,,,,,,,,,,,,,,,,,,,,,,,,,,,,,,,,,,,,,,,,,,,,,,,,,,,,,,,,,,,,,,,,,,,,,,,,,,,,,,,,,,,,,,,,,,,,,,,,,,,,,,,,,,,,,,,,,,,,,
,,,,,,,,,,,,,,,,,,,,,,,,,,,,,,,,,,,,,,,,,,,,,,,,,,,,,,,,,,,,,,,,,,,,,,,,,,,,,,,,,,,,,,,,,,,,,,,,,,,,,,,,,,,,,,,,,,,,,,,,,,,,,,,,,
,,,,,,,,,,,,,,,,,,,,,,,,,,,,,,,,,,,,,,,,,,,,,,,,,,,,,,,,,,,,,,,,,,,,,,,,,,,,,,,,,,,,,,,,,,,,,,,,,,,,,,,,,,,,,,,,,,,,,,,,,,,,,,,,,
,,,,,,,,,,,,,,,,,,,,,,,,,,,,,,,,,,,,,,,,,,,,,,,,,,,,,,,,,,,,,,,,,,,,,,,,,,,,,,,,,,,,,,,,,,,,,,,,,,,,,,,,,,,,,,,,,,,,,,,,,,,,,,,,,
,,,,,,,,,,,,,,,,,,,,,,,,,,,,,,,,,,,,,,,,,,,,,,,,,,,,,,,,,,,,,,,,,,,,,,,,,,,,,,,,,,,,,,,,,,,,,,,,,,,,,,,,,,,,,,,,,,,,,,,,,,,,,,,,,
,,,,,,,,,,,,,,,,,,,,,,,,,,,,,,,,,,,,,,,,,,,,,,,,,,,,,,,,,,,,,,,,,,,,,,,,,,,,,,,,,,,,,,,,,,,,,,,,,,,,,,,,,,,,,,,,,,,,,,,,,,,,,,,,,
,,,,,,,,,,,,,,,,,,,,,,,,,,,,,,,,,,,,,,,,,,,,,,,,,,,,,,,,,,,,,,,,,,,,,,,,,,,,,,,,,,,,,,,,,,,,,,,,,,,,,,,,,,,,,,,,,,,,,,,,,,,,,,,,,
,,,,,,,,,,,,,,,,,,,,,,,,,,,,,,,,,,,,,,,,,,,,,,,,,,,,,,,,,,,,,,,,,,,,,,,,,,,,,,,,,,,,,,,,,,,,,,,,,,,,,,,,,,,,,,,,,,,,,,,,,,,,,,,,,
,,,,,,,,,,,,,,,,,,,,,,,,,,,,,,,,,,,,,,,,,,,,,,,,,,,,,,,,,,,,,,,,,,,,,,,,,,,,,,,,,,,,,,,,,,,,,,,,,,,,,,,,,,,,,,,,,,,,,,,,,,,,,,,,,
,,,,,,,,,,,,,,,,,,,,,,,,,,,,,,,,,,,,,,,,,,,,,,,,,,,,,,,,,,,,,,,,,,,,,,,,,,,,,,,,,,,,,,,,,,,,,,,,,,,,,,,,,,,,,,,,,,,,,,,,,,,,,,,,,
,,,,,,,,,,,,,,,,,,,,,,,,,,,,,,,,,,,,,,,,,,,,,,,,,,,,,,,,,,,,,,,,,,,,,,,,,,,,,,,,,,,,,,,,,,,,,,,,,,,,,,,,,,,,,,,,,,,,,,,,,,,,,,,,,
,,,,,,,,,,,,,,,,,,,,,,,,,,,,,,,,,,,,,,,,,,,,,,,,,,,,,,,,,,,,,,,,,,,,,,,,,,,,,,,,,,,,,,,,,,,,,,,,,,,,,,,,,,,,,,,,,,,,,,,,,,,,,,,,,
,,,,,,,,,,,,,,,,,,,,,,,,,,,,,,,,,,,,,,,,,,,,,,,,,,,,,,,,,,,,,,,,,,,,,,,,,,,,,,,,,,,,,,,,,,,,,,,,,,,,,,,,,,,,,,,,,,,,,,,,,,,,,,,,,
,,,,,,,,,,,,,,,,,,,,,,,,,,,,,,,,,,,,,,,,,,,,,,,,,,,,,,,,,,,,,,,,,,,,,,,,,,,,,,,,,,,,,,,,,,,,,,,,,,,,,,,,,,,,,,,,,,,,,,,,,,,,,,,,,
,,,,,,,,,,,,,,,,,,,,,,,,,,,,,,,,,,,,,,,,,,,,,,,,,,,,,,,,,,,,,,,,,,,,,,,,,,,,,,,,,,,,,,,,,,,,,,,,,,,,,,,,,,,,,,,,,,,,,,,,,,,,,,,,,
,,,,,,,,,,,,,,,,,,,,,,,,,,,,,,,,,,,,,,,,,,,,,,,,,,,,,,,,,,,,,,,,,,,,,,,,,,,,,,,,,,,,,,,,,,,,,,,,,,,,,,,,,,,,,,,,,,,,,,,,,,,,,,,,,
,,,,,,,,,,,,,,,,,,,,,,,,,,,,,,,,,,,,,,,,,,,,,,,,,,,,,,,,,,,,,,,,,,,,,,,,,,,,,,,,,,,,,,,,,,,,,,,,,,,,,,,,,,,,,,,,,,,,,,,,,,,,,,,,,
,,,,,,,,,,,,,,,,,,,,,,,,,,,,,,,,,,,,,,,,,,,,,,,,,,,,,,,,,,,,,,,,,,,,,,,,,,,,,,,,,,,,,,,,,,,,,,,,,,,,,,,,,,,,,,,,,,,,,,,,,,,,,,,,,
,,,,,,,,,,,,,,,,,,,,,,,,,,,,,,,,,,,,,,,,,,,,,,,,,,,,,,,,,,,,,,,,,,,,,,,,,,,,,,,,,,,,,,,,,,,,,,,,,,,,,,,,,,,,,,,,,,,,,,,,,,,,,,,,,
,,,,,,,,,,,,,,,,,,,,,,,,,,,,,,,,,,,,,,,,,,,,,,,,,,,,,,,,,,,,,,,,,,,,,,,,,,,,,,,,,,,,,,,,,,,,,,,,,,,,,,,,,,,,,,,,,,,,,,,,,,,,,,,,,
,,,,,,,,,,,,,,,,,,,,,,,,,,,,,,,,,,,,,,,,,,,,,,,,,,,,,,,,,,,,,,,,,,,,,,,,,,,,,,,,,,,,,,,,,,,,,,,,,,,,,,,,,,,,,,,,,,,,,,,,,,,,,,,,,
,,,,,,,,,,,,,,,,,,,,,,,,,,,,,,,,,,,,,,,,,,,,,,,,,,,,,,,,,,,,,,,,,,,,,,,,,,,,,,,,,,,,,,,,,,,,,,,,,,,,,,,,,,,,,,,,,,,,,,,,,,,,,,,,,
,,,,,,,,,,,,,,,,,,,,,,,,,,,,,,,,,,,,,,,,,,,,,,,,,,,,,,,,,,,,,,,,,,,,,,,,,,,,,,,,,,,,,,,,,,,,,,,,,,,,,,,,,,,,,,,,,,,,,,,,,,,,,,,,,
,,,,,,,,,,,,,,,,,,,,,,,,,,,,,,,,,,,,,,,,,,,,,,,,,,,,,,,,,,,,,,,,,,,,,,,,,,,,,,,,,,,,,,,,,,,,,,,,,,,,,,,,,,,,,,,,,,,,,,,,,,,,,,,,,
,,,,,,,,,,,,,,,,,,,,,,,,,,,,,,,,,,,,,,,,,,,,,,,,,,,,,,,,,,,,,,,,,,,,,,,,,,,,,,,,,,,,,,,,,,,,,,,,,,,,,,,,,,,,,,,,,,,,,,,,,,,,,,,,,
,,,,,,,,,,,,,,,,,,,,,,,,,,,,,,,,,,,,,,,,,,,,,,,,,,,,,,,,,,,,,,,,,,,,,,,,,,,,,,,,,,,,,,,,,,,,,,,,,,,,,,,,,,,,,,,,,,,,,,,,,,,,,,,,,
,,,,,,,,,,,,,,,,,,,,,,,,,,,,,,,,,,,,,,,,,,,,,,,,,,,,,,,,,,,,,,,,,,,,,,,,,,,,,,,,,,,,,,,,,,,,,,,,,,,,,,,,,,,,,,,,,,,,,,,,,,,,,,,,,
,,,,,,,,,,,,,,,,,,,,,,,,,,,,,,,,,,,,,,,,,,,,,,,,,,,,,,,,,,,,,,,,,,,,,,,,,,,,,,,,,,,,,,,,,,,,,,,,,,,,,,,,,,,,,,,,,,,,,,,,,,,,,,,,,
,,,,,,,,,,,,,,,,,,,,,,,,,,,,,,,,,,,,,,,,,,,,,,,,,,,,,,,,,,,,,,,,,,,,,,,,,,,,,,,,,,,,,,,,,,,,,,,,,,,,,,,,,,,,,,,,,,,,,,,,,,,,,,,,,
,,,,,,,,,,,,,,,,,,,,,,,,,,,,,,,,,,,,,,,,,,,,,,,,,,,,,,,,,,,,,,,,,,,,,,,,,,,,,,,,,,,,,,,,,,,,,,,,,,,,,,,,,,,,,,,,,,,,,,,,,,,,,,,,,
,,,,,,,,,,,,,,,,,,,,,,,,,,,,,,,,,,,,,,,,,,,,,,,,,,,,,,,,,,,,,,,,,,,,,,,,,,,,,,,,,,,,,,,,,,,,,,,,,,,,,,,,,,,,,,,,,,,,,,,,,,,,,,,,,
,,,,,,,,,,,,,,,,,,,,,,,,,,,,,,,,,,,,,,,,,,,,,,,,,,,,,,,,,,,,,,,,,,,,,,,,,,,,,,,,,,,,,,,,,,,,,,,,,,,,,,,,,,,,,,,,,,,,,,,,,,,,,,,,,
,,,,,,,,,,,,,,,,,,,,,,,,,,,,,,,,,,,,,,,,,,,,,,,,,,,,,,,,,,,,,,,,,,,,,,,,,,,,,,,,,,,,,,,,,,,,,,,,,,,,,,,,,,,,,,,,,,,,,,,,,,,,,,,,,
,,,,,,,,,,,,,,,,,,,,,,,,,,,,,,,,,,,,,,,,,,,,,,,,,,,,,,,,,,,,,,,,,,,,,,,,,,,,,,,,,,,,,,,,,,,,,,,,,,,,,,,,,,,,,,,,,,,,,,,,,,,,,,,,,
,,,,,,,,,,,,,,,,,,,,,,,,,,,,,,,,,,,,,,,,,,,,,,,,,,,,,,,,,,,,,,,,,,,,,,,,,,,,,,,,,,,,,,,,,,,,,,,,,,,,,,,,,,,,,,,,,,,,,,,,,,,,,,,,,
,,,,,,,,,,,,,,,,,,,,,,,,,,,,,,,,,,,,,,,,,,,,,,,,,,,,,,,,,,,,,,,,,,,,,,,,,,,,,,,,,,,,,,,,,,,,,,,,,,,,,,,,,,,,,,,,,,,,,,,,,,,,,,,,,
,,,,,,,,,,,,,,,,,,,,,,,,,,,,,,,,,,,,,,,,,,,,,,,,,,,,,,,,,,,,,,,,,,,,,,,,,,,,,,,,,,,,,,,,,,,,,,,,,,,,,,,,,,,,,,,,,,,,,,,,,,,,,,,,,
,,,,,,,,,,,,,,,,,,,,,,,,,,,,,,,,,,,,,,,,,,,,,,,,,,,,,,,,,,,,,,,,,,,,,,,,,,,,,,,,,,,,,,,,,,,,,,,,,,,,,,,,,,,,,,,,,,,,,,,,,,,,,,,,,
,,,,,,,,,,,,,,,,,,,,,,,,,,,,,,,,,,,,,,,,,,,,,,,,,,,,,,,,,,,,,,,,,,,,,,,,,,,,,,,,,,,,,,,,,,,,,,,,,,,,,,,,,,,,,,,,,,,,,,,,,,,,,,,,,
,,,,,,,,,,,,,,,,,,,,,,,,,,,,,,,,,,,,,,,,,,,,,,,,,,,,,,,,,,,,,,,,,,,,,,,,,,,,,,,,,,,,,,,,,,,,,,,,,,,,,,,,,,,,,,,,,,,,,,,,,,,,,,,,,
,,,,,,,,,,,,,,,,,,,,,,,,,,,,,,,,,,,,,,,,,,,,,,,,,,,,,,,,,,,,,,,,,,,,,,,,,,,,,,,,,,,,,,,,,,,,,,,,,,,,,,,,,,,,,,,,,,,,,,,,,,,,,,,,,
,,,,,,,,,,,,,,,,,,,,,,,,,,,,,,,,,,,,,,,,,,,,,,,,,,,,,,,,,,,,,,,,,,,,,,,,,,,,,,,,,,,,,,,,,,,,,,,,,,,,,,,,,,,,,,,,,,,,,,,,,,,,,,,,,
,,,,,,,,,,,,,,,,,,,,,,,,,,,,,,,,,,,,,,,,,,,,,,,,,,,,,,,,,,,,,,,,,,,,,,,,,,,,,,,,,,,,,,,,,,,,,,,,,,,,,,,,,,,,,,,,,,,,,,,,,,,,,,,,,
,,,,,,,,,,,,,,,,,,,,,,,,,,,,,,,,,,,,,,,,,,,,,,,,,,,,,,,,,,,,,,,,,,,,,,,,,,,,,,,,,,,,,,,,,,,,,,,,,,,,,,,,,,,,,,,,,,,,,,,,,,,,,,,,,
,,,,,,,,,,,,,,,,,,,,,,,,,,,,,,,,,,,,,,,,,,,,,,,,,,,,,,,,,,,,,,,,,,,,,,,,,,,,,,,,,,,,,,,,,,,,,,,,,,,,,,,,,,,,,,,,,,,,,,,,,,,,,,,,,
,,,,,,,,,,,,,,,,,,,,,,,,,,,,,,,,,,,,,,,,,,,,,,,,,,,,,,,,,,,,,,,,,,,,,,,,,,,,,,,,,,,,,,,,,,,,,,,,,,,,,,,,,,,,,,,,,,,,,,,,,,,,,,,,,
,,,,,,,,,,,,,,,,,,,,,,,,,,,,,,,,,,,,,,,,,,,,,,,,,,,,,,,,,,,,,,,,,,,,,,,,,,,,,,,,,,,,,,,,,,,,,,,,,,,,,,,,,,,,,,,,,,,,,,,,,,,,,,,,,
,,,,,,,,,,,,,,,,,,,,,,,,,,,,,,,,,,,,,,,,,,,,,,,,,,,,,,,,,,,,,,,,,,,,,,,,,,,,,,,,,,,,,,,,,,,,,,,,,,,,,,,,,,,,,,,,,,,,,,,,,,,,,,,,,
,,,,,,,,,,,,,,,,,,,,,,,,,,,,,,,,,,,,,,,,,,,,,,,,,,,,,,,,,,,,,,,,,,,,,,,,,,,,,,,,,,,,,,,,,,,,,,,,,,,,,,,,,,,,,,,,,,,,,,,,,,,,,,,,,
,,,,,,,,,,,,,,,,,,,,,,,,,,,,,,,,,,,,,,,,,,,,,,,,,,,,,,,,,,,,,,,,,,,,,,,,,,,,,,,,,,,,,,,,,,,,,,,,,,,,,,,,,,,,,,,,,,,,,,,,,,,,,,,,,
,,,,,,,,,,,,,,,,,,,,,,,,,,,,,,,,,,,,,,,,,,,,,,,,,,,,,,,,,,,,,,,,,,,,,,,,,,,,,,,,,,,,,,,,,,,,,,,,,,,,,,,,,,,,,,,,,,,,,,,,,,,,,,,,,
,,,,,,,,,,,,,,,,,,,,,,,,,,,,,,,,,,,,,,,,,,,,,,,,,,,,,,,,,,,,,,,,,,,,,,,,,,,,,,,,,,,,,,,,,,,,,,,,,,,,,,,,,,,,,,,,,,,,,,,,,,,,,,,,,
,,,,,,,,,,,,,,,,,,,,,,,,,,,,,,,,,,,,,,,,,,,,,,,,,,,,,,,,,,,,,,,,,,,,,,,,,,,,,,,,,,,,,,,,,,,,,,,,,,,,,,,,,,,,,,,,,,,,,,,,,,,,,,,,,
,,,,,,,,,,,,,,,,,,,,,,,,,,,,,,,,,,,,,,,,,,,,,,,,,,,,,,,,,,,,,,,,,,,,,,,,,,,,,,,,,,,,,,,,,,,,,,,,,,,,,,,,,,,,,,,,,,,,,,,,,,,,,,,,,
,,,,,,,,,,,,,,,,,,,,,,,,,,,,,,,,,,,,,,,,,,,,,,,,,,,,,,,,,,,,,,,,,,,,,,,,,,,,,,,,,,,,,,,,,,,,,,,,,,,,,,,,,,,,,,,,,,,,,,,,,,,,,,,,,
,,,,,,,,,,,,,,,,,,,,,,,,,,,,,,,,,,,,,,,,,,,,,,,,,,,,,,,,,,,,,,,,,,,,,,,,,,,,,,,,,,,,,,,,,,,,,,,,,,,,,,,,,,,,,,,,,,,,,,,,,,,,,,,,,
,,,,,,,,,,,,,,,,,,,,,,,,,,,,,,,,,,,,,,,,,,,,,,,,,,,,,,,,,,,,,,,,,,,,,,,,,,,,,,,,,,,,,,,,,,,,,,,,,,,,,,,,,,,,,,,,,,,,,,,,,,,,,,,,,
,,,,,,,,,,,,,,,,,,,,,,,,,,,,,,,,,,,,,,,,,,,,,,,,,,,,,,,,,,,,,,,,,,,,,,,,,,,,,,,,,,,,,,,,,,,,,,,,,,,,,,,,,,,,,,,,,,,,,,,,,,,,,,,,,
,,,,,,,,,,,,,,,,,,,,,,,,,,,,,,,,,,,,,,,,,,,,,,,,,,,,,,,,,,,,,,,,,,,,,,,,,,,,,,,,,,,,,,,,,,,,,,,,,,,,,,,,,,,,,,,,,,,,,,,,,,,,,,,,,
,,,,,,,,,,,,,,,,,,,,,,,,,,,,,,,,,,,,,,,,,,,,,,,,,,,,,,,,,,,,,,,,,,,,,,,,,,,,,,,,,,,,,,,,,,,,,,,,,,,,,,,,,,,,,,,,,,,,,,,,,,,,,,,,,
,,,,,,,,,,,,,,,,,,,,,,,,,,,,,,,,,,,,,,,,,,,,,,,,,,,,,,,,,,,,,,,,,,,,,,,,,,,,,,,,,,,,,,,,,,,,,,,,,,,,,,,,,,,,,,,,,,,,,,,,,,,,,,,,,
,,,,,,,,,,,,,,,,,,,,,,,,,,,,,,,,,,,,,,,,,,,,,,,,,,,,,,,,,,,,,,,,,,,,,,,,,,,,,,,,,,,,,,,,,,,,,,,,,,,,,,,,,,,,,,,,,,,,,,,,,,,,,,,,,
,,,,,,,,,,,,,,,,,,,,,,,,,,,,,,,,,,,,,,,,,,,,,,,,,,,,,,,,,,,,,,,,,,,,,,,,,,,,,,,,,,,,,,,,,,,,,,,,,,,,,,,,,,,,,,,,,,,,,,,,,,,,,,,,,
,,,,,,,,,,,,,,,,,,,,,,,,,,,,,,,,,,,,,,,,,,,,,,,,,,,,,,,,,,,,,,,,,,,,,,,,,,,,,,,,,,,,,,,,,,,,,,,,,,,,,,,,,,,,,,,,,,,,,,,,,,,,,,,,,
,,,,,,,,,,,,,,,,,,,,,,,,,,,,,,,,,,,,,,,,,,,,,,,,,,,,,,,,,,,,,,,,,,,,,,,,,,,,,,,,,,,,,,,,,,,,,,,,,,,,,,,,,,,,,,,,,,,,,,,,,,,,,,,,,
,,,,,,,,,,,,,,,,,,,,,,,,,,,,,,,,,,,,,,,,,,,,,,,,,,,,,,,,,,,,,,,,,,,,,,,,,,,,,,,,,,,,,,,,,,,,,,,,,,,,,,,,,,,,,,,,,,,,,,,,,,,,,,,,,
,,,,,,,,,,,,,,,,,,,,,,,,,,,,,,,,,,,,,,,,,,,,,,,,,,,,,,,,,,,,,,,,,,,,,,,,,,,,,,,,,,,,,,,,,,,,,,,,,,,,,,,,,,,,,,,,,,,,,,,,,,,,,,,,,
,,,,,,,,,,,,,,,,,,,,,,,,,,,,,,,,,,,,,,,,,,,,,,,,,,,,,,,,,,,,,,,,,,,,,,,,,,,,,,,,,,,,,,,,,,,,,,,,,,,,,,,,,,,,,,,,,,,,,,,,,,,,,,,,,
,,,,,,,,,,,,,,,,,,,,,,,,,,,,,,,,,,,,,,,,,,,,,,,,,,,,,,,,,,,,,,,,,,,,,,,,,,,,,,,,,,,,,,,,,,,,,,,,,,,,,,,,,,,,,,,,,,,,,,,,,,,,,,,,,
,,,,,,,,,,,,,,,,,,,,,,,,,,,,,,,,,,,,,,,,,,,,,,,,,,,,,,,,,,,,,,,,,,,,,,,,,,,,,,,,,,,,,,,,,,,,,,,,,,,,,,,,,,,,,,,,,,,,,,,,,,,,,,,,,
,,,,,,,,,,,,,,,,,,,,,,,,,,,,,,,,,,,,,,,,,,,,,,,,,,,,,,,,,,,,,,,,,,,,,,,,,,,,,,,,,,,,,,,,,,,,,,,,,,,,,,,,,,,,,,,,,,,,,,,,,,,,,,,,,
,,,,,,,,,,,,,,,,,,,,,,,,,,,,,,,,,,,,,,,,,,,,,,,,,,,,,,,,,,,,,,,,,,,,,,,,,,,,,,,,,,,,,,,,,,,,,,,,,,,,,,,,,,,,,,,,,,,,,,,,,,,,,,,,,
,,,,,,,,,,,,,,,,,,,,,,,,,,,,,,,,,,,,,,,,,,,,,,,,,,,,,,,,,,,,,,,,,,,,,,,,,,,,,,,,,,,,,,,,,,,,,,,,,,,,,,,,,,,,,,,,,,,,,,,,,,,,,,,,,
,,,,,,,,,,,,,,,,,,,,,,,,,,,,,,,,,,,,,,,,,,,,,,,,,,,,,,,,,,,,,,,,,,,,,,,,,,,,,,,,,,,,,,,,,,,,,,,,,,,,,,,,,,,,,,,,,,,,,,,,,,,,,,,,,
,,,,,,,,,,,,,,,,,,,,,,,,,,,,,,,,,,,,,,,,,,,,,,,,,,,,,,,,,,,,,,,,,,,,,,,,,,,,,,,,,,,,,,,,,,,,,,,,,,,,,,,,,,,,,,,,,,,,,,,,,,,,,,,,,
,,,,,,,,,,,,,,,,,,,,,,,,,,,,,,,,,,,,,,,,,,,,,,,,,,,,,,,,,,,,,,,,,,,,,,,,,,,,,,,,,,,,,,,,,,,,,,,,,,,,,,,,,,,,,,,,,,,,,,,,,,,,,,,,,
,,,,,,,,,,,,,,,,,,,,,,,,,,,,,,,,,,,,,,,,,,,,,,,,,,,,,,,,,,,,,,,,,,,,,,,,,,,,,,,,,,,,,,,,,,,,,,,,,,,,,,,,,,,,,,,,,,,,,,,,,,,,,,,,,
,,,,,,,,,,,,,,,,,,,,,,,,,,,,,,,,,,,,,,,,,,,,,,,,,,,,,,,,,,,,,,,,,,,,,,,,,,,,,,,,,,,,,,,,,,,,,,,,,,,,,,,,,,,,,,,,,,,,,,,,,,,,,,,,,
,,,,,,,,,,,,,,,,,,,,,,,,,,,,,,,,,,,,,,,,,,,,,,,,,,,,,,,,,,,,,,,,,,,,,,,,,,,,,,,,,,,,,,,,,,,,,,,,,,,,,,,,,,,,,,,,,,,,,,,,,,,,,,,,,
,,,,,,,,,,,,,,,,,,,,,,,,,,,,,,,,,,,,,,,,,,,,,,,,,,,,,,,,,,,,,,,,,,,,,,,,,,,,,,,,,,,,,,,,,,,,,,,,,,,,,,,,,,,,,,,,,,,,,,,,,,,,,,,,,
,,,,,,,,,,,,,,,,,,,,,,,,,,,,,,,,,,,,,,,,,,,,,,,,,,,,,,,,,,,,,,,,,,,,,,,,,,,,,,,,,,,,,,,,,,,,,,,,,,,,,,,,,,,,,,,,,,,,,,,,,,,,,,,,,
,,,,,,,,,,,,,,,,,,,,,,,,,,,,,,,,,,,,,,,,,,,,,,,,,,,,,,,,,,,,,,,,,,,,,,,,,,,,,,,,,,,,,,,,,,,,,,,,,,,,,,,,,,,,,,,,,,,,,,,,,,,,,,,,,
,,,,,,,,,,,,,,,,,,,,,,,,,,,,,,,,,,,,,,,,,,,,,,,,,,,,,,,,,,,,,,,,,,,,,,,,,,,,,,,,,,,,,,,,,,,,,,,,,,,,,,,,,,,,,,,,,,,,,,,,,,,,,,,,,
,,,,,,,,,,,,,,,,,,,,,,,,,,,,,,,,,,,,,,,,,,,,,,,,,,,,,,,,,,,,,,,,,,,,,,,,,,,,,,,,,,,,,,,,,,,,,,,,,,,,,,,,,,,,,,,,,,,,,,,,,,,,,,,,,
,,,,,,,,,,,,,,,,,,,,,,,,,,,,,,,,,,,,,,,,,,,,,,,,,,,,,,,,,,,,,,,,,,,,,,,,,,,,,,,,,,,,,,,,,,,,,,,,,,,,,,,,,,,,,,,,,,,,,,,,,,,,,,,,,
,,,,,,,,,,,,,,,,,,,,,,,,,,,,,,,,,,,,,,,,,,,,,,,,,,,,,,,,,,,,,,,,,,,,,,,,,,,,,,,,,,,,,,,,,,,,,,,,,,,,,,,,,,,,,,,,,,,,,,,,,,,,,,,,,
,,,,,,,,,,,,,,,,,,,,,,,,,,,,,,,,,,,,,,,,,,,,,,,,,,,,,,,,,,,,,,,,,,,,,,,,,,,,,,,,,,,,,,,,,,,,,,,,,,,,,,,,,,,,,,,,,,,,,,,,,,,,,,,,,
,,,,,,,,,,,,,,,,,,,,,,,,,,,,,,,,,,,,,,,,,,,,,,,,,,,,,,,,,,,,,,,,,,,,,,,,,,,,,,,,,,,,,,,,,,,,,,,,,,,,,,,,,,,,,,,,,,,,,,,,,,,,,,,,,
,,,,,,,,,,,,,,,,,,,,,,,,,,,,,,,,,,,,,,,,,,,,,,,,,,,,,,,,,,,,,,,,,,,,,,,,,,,,,,,,,,,,,,,,,,,,,,,,,,,,,,,,,,,,,,,,,,,,,,,,,,,,,,,,,
,,,,,,,,,,,,,,,,,,,,,,,,,,,,,,,,,,,,,,,,,,,,,,,,,,,,,,,,,,,,,,,,,,,,,,,,,,,,,,,,,,,,,,,,,,,,,,,,,,,,,,,,,,,,,,,,,,,,,,,,,,,,,,,,,
,,,,,,,,,,,,,,,,,,,,,,,,,,,,,,,,,,,,,,,,,,,,,,,,,,,,,,,,,,,,,,,,,,,,,,,,,,,,,,,,,,,,,,,,,,,,,,,,,,,,,,,,,,,,,,,,,,,,,,,,,,,,,,,,,
,,,,,,,,,,,,,,,,,,,,,,,,,,,,,,,,,,,,,,,,,,,,,,,,,,,,,,,,,,,,,,,,,,,,,,,,,,,,,,,,,,,,,,,,,,,,,,,,,,,,,,,,,,,,,,,,,,,,,,,,,,,,,,,,,
,,,,,,,,,,,,,,,,,,,,,,,,,,,,,,,,,,,,,,,,,,,,,,,,,,,,,,,,,,,,,,,,,,,,,,,,,,,,,,,,,,,,,,,,,,,,,,,,,,,,,,,,,,,,,,,,,,,,,,,,,,,,,,,,,
,,,,,,,,,,,,,,,,,,,,,,,,,,,,,,,,,,,,,,,,,,,,,,,,,,,,,,,,,,,,,,,,,,,,,,,,,,,,,,,,,,,,,,,,,,,,,,,,,,,,,,,,,,,,,,,,,,,,,,,,,,,,,,,,,
,,,,,,,,,,,,,,,,,,,,,,,,,,,,,,,,,,,,,,,,,,,,,,,,,,,,,,,,,,,,,,,,,,,,,,,,,,,,,,,,,,,,,,,,,,,,,,,,,,,,,,,,,,,,,,,,,,,,,,,,,,,,,,,,,
,,,,,,,,,,,,,,,,,,,,,,,,,,,,,,,,,,,,,,,,,,,,,,,,,,,,,,,,,,,,,,,,,,,,,,,,,,,,,,,,,,,,,,,,,,,,,,,,,,,,,,,,,,,,,,,,,,,,,,,,,,,,,,,,,
,,,,,,,,,,,,,,,,,,,,,,,,,,,,,,,,,,,,,,,,,,,,,,,,,,,,,,,,,,,,,,,,,,,,,,,,,,,,,,,,,,,,,,,,,,,,,,,,,,,,,,,,,,,,,,,,,,,,,,,,,,,,,,,,,
,,,,,,,,,,,,,,,,,,,,,,,,,,,,,,,,,,,,,,,,,,,,,,,,,,,,,,,,,,,,,,,,,,,,,,,,,,,,,,,,,,,,,,,,,,,,,,,,,,,,,,,,,,,,,,,,,,,,,,,,,,,,,,,,,
,,,,,,,,,,,,,,,,,,,,,,,,,,,,,,,,,,,,,,,,,,,,,,,,,,,,,,,,,,,,,,,,,,,,,,,,,,,,,,,,,,,,,,,,,,,,,,,,,,,,,,,,,,,,,,,,,,,,,,,,,,,,,,,,,
,,,,,,,,,,,,,,,,,,,,,,,,,,,,,,,,,,,,,,,,,,,,,,,,,,,,,,,,,,,,,,,,,,,,,,,,,,,,,,,,,,,,,,,,,,,,,,,,,,,,,,,,,,,,,,,,,,,,,,,,,,,,,,,,,
,,,,,,,,,,,,,,,,,,,,,,,,,,,,,,,,,,,,,,,,,,,,,,,,,,,,,,,,,,,,,,,,,,,,,,,,,,,,,,,,,,,,,,,,,,,,,,,,,,,,,,,,,,,,,,,,,,,,,,,,,,,,,,,,,
,,,,,,,,,,,,,,,,,,,,,,,,,,,,,,,,,,,,,,,,,,,,,,,,,,,,,,,,,,,,,,,,,,,,,,,,,,,,,,,,,,,,,,,,,,,,,,,,,,,,,,,,,,,,,,,,,,,,,,,,,,,,,,,,,
,,,,,,,,,,,,,,,,,,,,,,,,,,,,,,,,,,,,,,,,,,,,,,,,,,,,,,,,,,,,,,,,,,,,,,,,,,,,,,,,,,,,,,,,,,,,,,,,,,,,,,,,,,,,,,,,,,,,,,,,,,,,,,,,,
,,,,,,,,,,,,,,,,,,,,,,,,,,,,,,,,,,,,,,,,,,,,,,,,,,,,,,,,,,,,,,,,,,,,,,,,,,,,,,,,,,,,,,,,,,,,,,,,,,,,,,,,,,,,,,,,,,,,,,,,,,,,,,,,,
,,,,,,,,,,,,,,,,,,,,,,,,,,,,,,,,,,,,,,,,,,,,,,,,,,,,,,,,,,,,,,,,,,,,,,,,,,,,,,,,,,,,,,,,,,,,,,,,,,,,,,,,,,,,,,,,,,,,,,,,,,,,,,,,,
,,,,,,,,,,,,,,,,,,,,,,,,,,,,,,,,,,,,,,,,,,,,,,,,,,,,,,,,,,,,,,,,,,,,,,,,,,,,,,,,,,,,,,,,,,,,,,,,,,,,,,,,,,,,,,,,,,,,,,,,,,,,,,,,,
,,,,,,,,,,,,,,,,,,,,,,,,,,,,,,,,,,,,,,,,,,,,,,,,,,,,,,,,,,,,,,,,,,,,,,,,,,,,,,,,,,,,,,,,,,,,,,,,,,,,,,,,,,,,,,,,,,,,,,,,,,,,,,,,,
,,,,,,,,,,,,,,,,,,,,,,,,,,,,,,,,,,,,,,,,,,,,,,,,,,,,,,,,,,,,,,,,,,,,,,,,,,,,,,,,,,,,,,,,,,,,,,,,,,,,,,,,,,,,,,,,,,,,,,,,,,,,,,,,,
,,,,,,,,,,,,,,,,,,,,,,,,,,,,,,,,,,,,,,,,,,,,,,,,,,,,,,,,,,,,,,,,,,,,,,,,,,,,,,,,,,,,,,,,,,,,,,,,,,,,,,,,,,,,,,,,,,,,,,,,,,,,,,,,,
,,,,,,,,,,,,,,,,,,,,,,,,,,,,,,,,,,,,,,,,,,,,,,,,,,,,,,,,,,,,,,,,,,,,,,,,,,,,,,,,,,,,,,,,,,,,,,,,,,,,,,,,,,,,,,,,,,,,,,,,,,,,,,,,,
,,,,,,,,,,,,,,,,,,,,,,,,,,,,,,,,,,,,,,,,,,,,,,,,,,,,,,,,,,,,,,,,,,,,,,,,,,,,,,,,,,,,,,,,,,,,,,,,,,,,,,,,,,,,,,,,,,,,,,,,,,,,,,,,,
,,,,,,,,,,,,,,,,,,,,,,,,,,,,,,,,,,,,,,,,,,,,,,,,,,,,,,,,,,,,,,,,,,,,,,,,,,,,,,,,,,,,,,,,,,,,,,,,,,,,,,,,,,,,,,,,,,,,,,,,,,,,,,,,,
,,,,,,,,,,,,,,,,,,,,,,,,,,,,,,,,,,,,,,,,,,,,,,,,,,,,,,,,,,,,,,,,,,,,,,,,,,,,,,,,,,,,,,,,,,,,,,,,,,,,,,,,,,,,,,,,,,,,,,,,,,,,,,,,,
,,,,,,,,,,,,,,,,,,,,,,,,,,,,,,,,,,,,,,,,,,,,,,,,,,,,,,,,,,,,,,,,,,,,,,,,,,,,,,,,,,,,,,,,,,,,,,,,,,,,,,,,,,,,,,,,,,,,,,,,,,,,,,,,,
,,,,,,,,,,,,,,,,,,,,,,,,,,,,,,,,,,,,,,,,,,,,,,,,,,,,,,,,,,,,,,,,,,,,,,,,,,,,,,,,,,,,,,,,,,,,,,,,,,,,,,,,,,,,,,,,,,,,,,,,,,,,,,,,,
,,,,,,,,,,,,,,,,,,,,,,,,,,,,,,,,,,,,,,,,,,,,,,,,,,,,,,,,,,,,,,,,,,,,,,,,,,,,,,,,,,,,,,,,,,,,,,,,,,,,,,,,,,,,,,,,,,,,,,,,,,,,,,,,,
,,,,,,,,,,,,,,,,,,,,,,,,,,,,,,,,,,,,,,,,,,,,,,,,,,,,,,,,,,,,,,,,,,,,,,,,,,,,,,,,,,,,,,,,,,,,,,,,,,,,,,,,,,,,,,,,,,,,,,,,,,,,,,,,,
,,,,,,,,,,,,,,,,,,,,,,,,,,,,,,,,,,,,,,,,,,,,,,,,,,,,,,,,,,,,,,,,,,,,,,,,,,,,,,,,,,,,,,,,,,,,,,,,,,,,,,,,,,,,,,,,,,,,,,,,,,,,,,,,,
,,,,,,,,,,,,,,,,,,,,,,,,,,,,,,,,,,,,,,,,,,,,,,,,,,,,,,,,,,,,,,,,,,,,,,,,,,,,,,,,,,,,,,,,,,,,,,,,,,,,,,,,,,,,,,,,,,,,,,,,,,,,,,,,,
,,,,,,,,,,,,,,,,,,,,,,,,,,,,,,,,,,,,,,,,,,,,,,,,,,,,,,,,,,,,,,,,,,,,,,,,,,,,,,,,,,,,,,,,,,,,,,,,,,,,,,,,,,,,,,,,,,,,,,,,,,,,,,,,,
,,,,,,,,,,,,,,,,,,,,,,,,,,,,,,,,,,,,,,,,,,,,,,,,,,,,,,,,,,,,,,,,,,,,,,,,,,,,,,,,,,,,,,,,,,,,,,,,,,,,,,,,,,,,,,,,,,,,,,,,,,,,,,,,,
,,,,,,,,,,,,,,,,,,,,,,,,,,,,,,,,,,,,,,,,,,,,,,,,,,,,,,,,,,,,,,,,,,,,,,,,,,,,,,,,,,,,,,,,,,,,,,,,,,,,,,,,,,,,,,,,,,,,,,,,,,,,,,,,,
,,,,,,,,,,,,,,,,,,,,,,,,,,,,,,,,,,,,,,,,,,,,,,,,,,,,,,,,,,,,,,,,,,,,,,,,,,,,,,,,,,,,,,,,,,,,,,,,,,,,,,,,,,,,,,,,,,,,,,,,,,,,,,,,,
,,,,,,,,,,,,,,,,,,,,,,,,,,,,,,,,,,,,,,,,,,,,,,,,,,,,,,,,,,,,,,,,,,,,,,,,,,,,,,,,,,,,,,,,,,,,,,,,,,,,,,,,,,,,,,,,,,,,,,,,,,,,,,,,,
,,,,,,,,,,,,,,,,,,,,,,,,,,,,,,,,,,,,,,,,,,,,,,,,,,,,,,,,,,,,,,,,,,,,,,,,,,,,,,,,,,,,,,,,,,,,,,,,,,,,,,,,,,,,,,,,,,,,,,,,,,,,,,,,,
,,,,,,,,,,,,,,,,,,,,,,,,,,,,,,,,,,,,,,,,,,,,,,,,,,,,,,,,,,,,,,,,,,,,,,,,,,,,,,,,,,,,,,,,,,,,,,,,,,,,,,,,,,,,,,,,,,,,,,,,,,,,,,,,,
,,,,,,,,,,,,,,,,,,,,,,,,,,,,,,,,,,,,,,,,,,,,,,,,,,,,,,,,,,,,,,,,,,,,,,,,,,,,,,,,,,,,,,,,,,,,,,,,,,,,,,,,,,,,,,,,,,,,,,,,,,,,,,,,,
,,,,,,,,,,,,,,,,,,,,,,,,,,,,,,,,,,,,,,,,,,,,,,,,,,,,,,,,,,,,,,,,,,,,,,,,,,,,,,,,,,,,,,,,,,,,,,,,,,,,,,,,,,,,,,,,,,,,,,,,,,,,,,,,,
,,,,,,,,,,,,,,,,,,,,,,,,,,,,,,,,,,,,,,,,,,,,,,,,,,,,,,,,,,,,,,,,,,,,,,,,,,,,,,,,,,,,,,,,,,,,,,,,,,,,,,,,,,,,,,,,,,,,,,,,,,,,,,,,,
,,,,,,,,,,,,,,,,,,,,,,,,,,,,,,,,,,,,,,,,,,,,,,,,,,,,,,,,,,,,,,,,,,,,,,,,,,,,,,,,,,,,,,,,,,,,,,,,,,,,,,,,,,,,,,,,,,,,,,,,,,,,,,,,,
,,,,,,,,,,,,,,,,,,,,,,,,,,,,,,,,,,,,,,,,,,,,,,,,,,,,,,,,,,,,,,,,,,,,,,,,,,,,,,,,,,,,,,,,,,,,,,,,,,,,,,,,,,,,,,,,,,,,,,,,,,,,,,,,,
,,,,,,,,,,,,,,,,,,,,,,,,,,,,,,,,,,,,,,,,,,,,,,,,,,,,,,,,,,,,,,,,,,,,,,,,,,,,,,,,,,,,,,,,,,,,,,,,,,,,,,,,,,,,,,,,,,,,,,,,,,,,,,,,,
,,,,,,,,,,,,,,,,,,,,,,,,,,,,,,,,,,,,,,,,,,,,,,,,,,,,,,,,,,,,,,,,,,,,,,,,,,,,,,,,,,,,,,,,,,,,,,,,,,,,,,,,,,,,,,,,,,,,,,,,,,,,,,,,,
,,,,,,,,,,,,,,,,,,,,,,,,,,,,,,,,,,,,,,,,,,,,,,,,,,,,,,,,,,,,,,,,,,,,,,,,,,,,,,,,,,,,,,,,,,,,,,,,,,,,,,,,,,,,,,,,,,,,,,,,,,,,,,,,,
,,,,,,,,,,,,,,,,,,,,,,,,,,,,,,,,,,,,,,,,,,,,,,,,,,,,,,,,,,,,,,,,,,,,,,,,,,,,,,,,,,,,,,,,,,,,,,,,,,,,,,,,,,,,,,,,,,,,,,,,,,,,,,,,,
,,,,,,,,,,,,,,,,,,,,,,,,,,,,,,,,,,,,,,,,,,,,,,,,,,,,,,,,,,,,,,,,,,,,,,,,,,,,,,,,,,,,,,,,,,,,,,,,,,,,,,,,,,,,,,,,,,,,,,,,,,,,,,,,,
,,,,,,,,,,,,,,,,,,,,,,,,,,,,,,,,,,,,,,,,,,,,,,,,,,,,,,,,,,,,,,,,,,,,,,,,,,,,,,,,,,,,,,,,,,,,,,,,,,,,,,,,,,,,,,,,,,,,,,,,,,,,,,,,,
,,,,,,,,,,,,,,,,,,,,,,,,,,,,,,,,,,,,,,,,,,,,,,,,,,,,,,,,,,,,,,,,,,,,,,,,,,,,,,,,,,,,,,,,,,,,,,,,,,,,,,,,,,,,,,,,,,,,,,,,,,,,,,,,,
,,,,,,,,,,,,,,,,,,,,,,,,,,,,,,,,,,,,,,,,,,,,,,,,,,,,,,,,,,,,,,,,,,,,,,,,,,,,,,,,,,,,,,,,,,,,,,,,,,,,,,,,,,,,,,,,,,,,,,,,,,,,,,,,,
,,,,,,,,,,,,,,,,,,,,,,,,,,,,,,,,,,,,,,,,,,,,,,,,,,,,,,,,,,,,,,,,,,,,,,,,,,,,,,,,,,,,,,,,,,,,,,,,,,,,,,,,,,,,,,,,,,,,,,,,,,,,,,,,,
,,,,,,,,,,,,,,,,,,,,,,,,,,,,,,,,,,,,,,,,,,,,,,,,,,,,,,,,,,,,,,,,,,,,,,,,,,,,,,,,,,,,,,,,,,,,,,,,,,,,,,,,,,,,,,,,,,,,,,,,,,,,,,,,,
,,,,,,,,,,,,,,,,,,,,,,,,,,,,,,,,,,,,,,,,,,,,,,,,,,,,,,,,,,,,,,,,,,,,,,,,,,,,,,,,,,,,,,,,,,,,,,,,,,,,,,,,,,,,,,,,,,,,,,,,,,,,,,,,,
,,,,,,,,,,,,,,,,,,,,,,,,,,,,,,,,,,,,,,,,,,,,,,,,,,,,,,,,,,,,,,,,,,,,,,,,,,,,,,,,,,,,,,,,,,,,,,,,,,,,,,,,,,,,,,,,,,,,,,,,,,,,,,,,,
,,,,,,,,,,,,,,,,,,,,,,,,,,,,,,,,,,,,,,,,,,,,,,,,,,,,,,,,,,,,,,,,,,,,,,,,,,,,,,,,,,,,,,,,,,,,,,,,,,,,,,,,,,,,,,,,,,,,,,,,,,,,,,,,,
,,,,,,,,,,,,,,,,,,,,,,,,,,,,,,,,,,,,,,,,,,,,,,,,,,,,,,,,,,,,,,,,,,,,,,,,,,,,,,,,,,,,,,,,,,,,,,,,,,,,,,,,,,,,,,,,,,,,,,,,,,,,,,,,,
,,,,,,,,,,,,,,,,,,,,,,,,,,,,,,,,,,,,,,,,,,,,,,,,,,,,,,,,,,,,,,,,,,,,,,,,,,,,,,,,,,,,,,,,,,,,,,,,,,,,,,,,,,,,,,,,,,,,,,,,,,,,,,,,,
,,,,,,,,,,,,,,,,,,,,,,,,,,,,,,,,,,,,,,,,,,,,,,,,,,,,,,,,,,,,,,,,,,,,,,,,,,,,,,,,,,,,,,,,,,,,,,,,,,,,,,,,,,,,,,,,,,,,,,,,,,,,,,,,,
,,,,,,,,,,,,,,,,,,,,,,,,,,,,,,,,,,,,,,,,,,,,,,,,,,,,,,,,,,,,,,,,,,,,,,,,,,,,,,,,,,,,,,,,,,,,,,,,,,,,,,,,,,,,,,,,,,,,,,,,,,,,,,,,,
,,,,,,,,,,,,,,,,,,,,,,,,,,,,,,,,,,,,,,,,,,,,,,,,,,,,,,,,,,,,,,,,,,,,,,,,,,,,,,,,,,,,,,,,,,,,,,,,,,,,,,,,,,,,,,,,,,,,,,,,,,,,,,,,,
,,,,,,,,,,,,,,,,,,,,,,,,,,,,,,,,,,,,,,,,,,,,,,,,,,,,,,,,,,,,,,,,,,,,,,,,,,,,,,,,,,,,,,,,,,,,,,,,,,,,,,,,,,,,,,,,,,,,,,,,,,,,,,,,,
,,,,,,,,,,,,,,,,,,,,,,,,,,,,,,,,,,,,,,,,,,,,,,,,,,,,,,,,,,,,,,,,,,,,,,,,,,,,,,,,,,,,,,,,,,,,,,,,,,,,,,,,,,,,,,,,,,,,,,,,,,,,,,,,,
,,,,,,,,,,,,,,,,,,,,,,,,,,,,,,,,,,,,,,,,,,,,,,,,,,,,,,,,,,,,,,,,,,,,,,,,,,,,,,,,,,,,,,,,,,,,,,,,,,,,,,,,,,,,,,,,,,,,,,,,,,,,,,,,,
,,,,,,,,,,,,,,,,,,,,,,,,,,,,,,,,,,,,,,,,,,,,,,,,,,,,,,,,,,,,,,,,,,,,,,,,,,,,,,,,,,,,,,,,,,,,,,,,,,,,,,,,,,,,,,,,,,,,,,,,,,,,,,,,,
,,,,,,,,,,,,,,,,,,,,,,,,,,,,,,,,,,,,,,,,,,,,,,,,,,,,,,,,,,,,,,,,,,,,,,,,,,,,,,,,,,,,,,,,,,,,,,,,,,,,,,,,,,,,,,,,,,,,,,,,,,,,,,,,,
,,,,,,,,,,,,,,,,,,,,,,,,,,,,,,,,,,,,,,,,,,,,,,,,,,,,,,,,,,,,,,,,,,,,,,,,,,,,,,,,,,,,,,,,,,,,,,,,,,,,,,,,,,,,,,,,,,,,,,,,,,,,,,,,,
,,,,,,,,,,,,,,,,,,,,,,,,,,,,,,,,,,,,,,,,,,,,,,,,,,,,,,,,,,,,,,,,,,,,,,,,,,,,,,,,,,,,,,,,,,,,,,,,,,,,,,,,,,,,,,,,,,,,,,,,,,,,,,,,,
,,,,,,,,,,,,,,,,,,,,,,,,,,,,,,,,,,,,,,,,,,,,,,,,,,,,,,,,,,,,,,,,,,,,,,,,,,,,,,,,,,,,,,,,,,,,,,,,,,,,,,,,,,,,,,,,,,,,,,,,,,,,,,,,,
,,,,,,,,,,,,,,,,,,,,,,,,,,,,,,,,,,,,,,,,,,,,,,,,,,,,,,,,,,,,,,,,,,,,,,,,,,,,,,,,,,,,,,,,,,,,,,,,,,,,,,,,,,,,,,,,,,,,,,,,,,,,,,,,,
,,,,,,,,,,,,,,,,,,,,,,,,,,,,,,,,,,,,,,,,,,,,,,,,,,,,,,,,,,,,,,,,,,,,,,,,,,,,,,,,,,,,,,,,,,,,,,,,,,,,,,,,,,,,,,,,,,,,,,,,,,,,,,,,,
,,,,,,,,,,,,,,,,,,,,,,,,,,,,,,,,,,,,,,,,,,,,,,,,,,,,,,,,,,,,,,,,,,,,,,,,,,,,,,,,,,,,,,,,,,,,,,,,,,,,,,,,,,,,,,,,,,,,,,,,,,,,,,,,,
,,,,,,,,,,,,,,,,,,,,,,,,,,,,,,,,,,,,,,,,,,,,,,,,,,,,,,,,,,,,,,,,,,,,,,,,,,,,,,,,,,,,,,,,,,,,,,,,,,,,,,,,,,,,,,,,,,,,,,,,,,,,,,,,,
,,,,,,,,,,,,,,,,,,,,,,,,,,,,,,,,,,,,,,,,,,,,,,,,,,,,,,,,,,,,,,,,,,,,,,,,,,,,,,,,,,,,,,,,,,,,,,,,,,,,,,,,,,,,,,,,,,,,,,,,,,,,,,,,,
,,,,,,,,,,,,,,,,,,,,,,,,,,,,,,,,,,,,,,,,,,,,,,,,,,,,,,,,,,,,,,,,,,,,,,,,,,,,,,,,,,,,,,,,,,,,,,,,,,,,,,,,,,,,,,,,,,,,,,,,,,,,,,,,,
,,,,,,,,,,,,,,,,,,,,,,,,,,,,,,,,,,,,,,,,,,,,,,,,,,,,,,,,,,,,,,,,,,,,,,,,,,,,,,,,,,,,,,,,,,,,,,,,,,,,,,,,,,,,,,,,,,,,,,,,,,,,,,,,,
,,,,,,,,,,,,,,,,,,,,,,,,,,,,,,,,,,,,,,,,,,,,,,,,,,,,,,,,,,,,,,,,,,,,,,,,,,,,,,,,,,,,,,,,,,,,,,,,,,,,,,,,,,,,,,,,,,,,,,,,,,,,,,,,,
,,,,,,,,,,,,,,,,,,,,,,,,,,,,,,,,,,,,,,,,,,,,,,,,,,,,,,,,,,,,,,,,,,,,,,,,,,,,,,,,,,,,,,,,,,,,,,,,,,,,,,,,,,,,,,,,,,,,,,,,,,,,,,,,,
,,,,,,,,,,,,,,,,,,,,,,,,,,,,,,,,,,,,,,,,,,,,,,,,,,,,,,,,,,,,,,,,,,,,,,,,,,,,,,,,,,,,,,,,,,,,,,,,,,,,,,,,,,,,,,,,,,,,,,,,,,,,,,,,,
,,,,,,,,,,,,,,,,,,,,,,,,,,,,,,,,,,,,,,,,,,,,,,,,,,,,,,,,,,,,,,,,,,,,,,,,,,,,,,,,,,,,,,,,,,,,,,,,,,,,,,,,,,,,,,,,,,,,,,,,,,,,,,,,,
,,,,,,,,,,,,,,,,,,,,,,,,,,,,,,,,,,,,,,,,,,,,,,,,,,,,,,,,,,,,,,,,,,,,,,,,,,,,,,,,,,,,,,,,,,,,,,,,,,,,,,,,,,,,,,,,,,,,,,,,,,,,,,,,,
,,,,,,,,,,,,,,,,,,,,,,,,,,,,,,,,,,,,,,,,,,,,,,,,,,,,,,,,,,,,,,,,,,,,,,,,,,,,,,,,,,,,,,,,,,,,,,,,,,,,,,,,,,,,,,,,,,,,,,,,,,,,,,,,,
,,,,,,,,,,,,,,,,,,,,,,,,,,,,,,,,,,,,,,,,,,,,,,,,,,,,,,,,,,,,,,,,,,,,,,,,,,,,,,,,,,,,,,,,,,,,,,,,,,,,,,,,,,,,,,,,,,,,,,,,,,,,,,,,,
,,,,,,,,,,,,,,,,,,,,,,,,,,,,,,,,,,,,,,,,,,,,,,,,,,,,,,,,,,,,,,,,,,,,,,,,,,,,,,,,,,,,,,,,,,,,,,,,,,,,,,,,,,,,,,,,,,,,,,,,,,,,,,,,,
,,,,,,,,,,,,,,,,,,,,,,,,,,,,,,,,,,,,,,,,,,,,,,,,,,,,,,,,,,,,,,,,,,,,,,,,,,,,,,,,,,,,,,,,,,,,,,,,,,,,,,,,,,,,,,,,,,,,,,,,,,,,,,,,,
,,,,,,,,,,,,,,,,,,,,,,,,,,,,,,,,,,,,,,,,,,,,,,,,,,,,,,,,,,,,,,,,,,,,,,,,,,,,,,,,,,,,,,,,,,,,,,,,,,,,,,,,,,,,,,,,,,,,,,,,,,,,,,,,,
,,,,,,,,,,,,,,,,,,,,,,,,,,,,,,,,,,,,,,,,,,,,,,,,,,,,,,,,,,,,,,,,,,,,,,,,,,,,,,,,,,,,,,,,,,,,,,,,,,,,,,,,,,,,,,,,,,,,,,,,,,,,,,,,,
,,,,,,,,,,,,,,,,,,,,,,,,,,,,,,,,,,,,,,,,,,,,,,,,,,,,,,,,,,,,,,,,,,,,,,,,,,,,,,,,,,,,,,,,,,,,,,,,,,,,,,,,,,,,,,,,,,,,,,,,,,,,,,,,,
,,,,,,,,,,,,,,,,,,,,,,,,,,,,,,,,,,,,,,,,,,,,,,,,,,,,,,,,,,,,,,,,,,,,,,,,,,,,,,,,,,,,,,,,,,,,,,,,,,,,,,,,,,,,,,,,,,,,,,,,,,,,,,,,,
,,,,,,,,,,,,,,,,,,,,,,,,,,,,,,,,,,,,,,,,,,,,,,,,,,,,,,,,,,,,,,,,,,,,,,,,,,,,,,,,,,,,,,,,,,,,,,,,,,,,,,,,,,,,,,,,,,,,,,,,,,,,,,,,,
,,,,,,,,,,,,,,,,,,,,,,,,,,,,,,,,,,,,,,,,,,,,,,,,,,,,,,,,,,,,,,,,,,,,,,,,,,,,,,,,,,,,,,,,,,,,,,,,,,,,,,,,,,,,,,,,,,,,,,,,,,,,,,,,,
,,,,,,,,,,,,,,,,,,,,,,,,,,,,,,,,,,,,,,,,,,,,,,,,,,,,,,,,,,,,,,,,,,,,,,,,,,,,,,,,,,,,,,,,,,,,,,,,,,,,,,,,,,,,,,,,,,,,,,,,,,,,,,,,,
,,,,,,,,,,,,,,,,,,,,,,,,,,,,,,,,,,,,,,,,,,,,,,,,,,,,,,,,,,,,,,,,,,,,,,,,,,,,,,,,,,,,,,,,,,,,,,,,,,,,,,,,,,,,,,,,,,,,,,,,,,,,,,,,,
,,,,,,,,,,,,,,,,,,,,,,,,,,,,,,,,,,,,,,,,,,,,,,,,,,,,,,,,,,,,,,,,,,,,,,,,,,,,,,,,,,,,,,,,,,,,,,,,,,,,,,,,,,,,,,,,,,,,,,,,,,,,,,,,,
,,,,,,,,,,,,,,,,,,,,,,,,,,,,,,,,,,,,,,,,,,,,,,,,,,,,,,,,,,,,,,,,,,,,,,,,,,,,,,,,,,,,,,,,,,,,,,,,,,,,,,,,,,,,,,,,,,,,,,,,,,,,,,,,,
,,,,,,,,,,,,,,,,,,,,,,,,,,,,,,,,,,,,,,,,,,,,,,,,,,,,,,,,,,,,,,,,,,,,,,,,,,,,,,,,,,,,,,,,,,,,,,,,,,,,,,,,,,,,,,,,,,,,,,,,,,,,,,,,,
,,,,,,,,,,,,,,,,,,,,,,,,,,,,,,,,,,,,,,,,,,,,,,,,,,,,,,,,,,,,,,,,,,,,,,,,,,,,,,,,,,,,,,,,,,,,,,,,,,,,,,,,,,,,,,,,,,,,,,,,,,,,,,,,,
,,,,,,,,,,,,,,,,,,,,,,,,,,,,,,,,,,,,,,,,,,,,,,,,,,,,,,,,,,,,,,,,,,,,,,,,,,,,,,,,,,,,,,,,,,,,,,,,,,,,,,,,,,,,,,,,,,,,,,,,,,,,,,,,,
,,,,,,,,,,,,,,,,,,,,,,,,,,,,,,,,,,,,,,,,,,,,,,,,,,,,,,,,,,,,,,,,,,,,,,,,,,,,,,,,,,,,,,,,,,,,,,,,,,,,,,,,,,,,,,,,,,,,,,,,,,,,,,,,,
,,,,,,,,,,,,,,,,,,,,,,,,,,,,,,,,,,,,,,,,,,,,,,,,,,,,,,,,,,,,,,,,,,,,,,,,,,,,,,,,,,,,,,,,,,,,,,,,,,,,,,,,,,,,,,,,,,,,,,,,,,,,,,,,,
,,,,,,,,,,,,,,,,,,,,,,,,,,,,,,,,,,,,,,,,,,,,,,,,,,,,,,,,,,,,,,,,,,,,,,,,,,,,,,,,,,,,,,,,,,,,,,,,,,,,,,,,,,,,,,,,,,,,,,,,,,,,,,,,,
,,,,,,,,,,,,,,,,,,,,,,,,,,,,,,,,,,,,,,,,,,,,,,,,,,,,,,,,,,,,,,,,,,,,,,,,,,,,,,,,,,,,,,,,,,,,,,,,,,,,,,,,,,,,,,,,,,,,,,,,,,,,,,,,,
,,,,,,,,,,,,,,,,,,,,,,,,,,,,,,,,,,,,,,,,,,,,,,,,,,,,,,,,,,,,,,,,,,,,,,,,,,,,,,,,,,,,,,,,,,,,,,,,,,,,,,,,,,,,,,,,,,,,,,,,,,,,,,,,,
,,,,,,,,,,,,,,,,,,,,,,,,,,,,,,,,,,,,,,,,,,,,,,,,,,,,,,,,,,,,,,,,,,,,,,,,,,,,,,,,,,,,,,,,,,,,,,,,,,,,,,,,,,,,,,,,,,,,,,,,,,,,,,,,,
,,,,,,,,,,,,,,,,,,,,,,,,,,,,,,,,,,,,,,,,,,,,,,,,,,,,,,,,,,,,,,,,,,,,,,,,,,,,,,,,,,,,,,,,,,,,,,,,,,,,,,,,,,,,,,,,,,,,,,,,,,,,,,,,,
,,,,,,,,,,,,,,,,,,,,,,,,,,,,,,,,,,,,,,,,,,,,,,,,,,,,,,,,,,,,,,,,,,,,,,,,,,,,,,,,,,,,,,,,,,,,,,,,,,,,,,,,,,,,,,,,,,,,,,,,,,,,,,,,,
,,,,,,,,,,,,,,,,,,,,,,,,,,,,,,,,,,,,,,,,,,,,,,,,,,,,,,,,,,,,,,,,,,,,,,,,,,,,,,,,,,,,,,,,,,,,,,,,,,,,,,,,,,,,,,,,,,,,,,,,,,,,,,,,,
,,,,,,,,,,,,,,,,,,,,,,,,,,,,,,,,,,,,,,,,,,,,,,,,,,,,,,,,,,,,,,,,,,,,,,,,,,,,,,,,,,,,,,,,,,,,,,,,,,,,,,,,,,,,,,,,,,,,,,,,,,,,,,,,,
,,,,,,,,,,,,,,,,,,,,,,,,,,,,,,,,,,,,,,,,,,,,,,,,,,,,,,,,,,,,,,,,,,,,,,,,,,,,,,,,,,,,,,,,,,,,,,,,,,,,,,,,,,,,,,,,,,,,,,,,,,,,,,,,,
,,,,,,,,,,,,,,,,,,,,,,,,,,,,,,,,,,,,,,,,,,,,,,,,,,,,,,,,,,,,,,,,,,,,,,,,,,,,,,,,,,,,,,,,,,,,,,,,,,,,,,,,,,,,,,,,,,,,,,,,,,,,,,,,,
,,,,,,,,,,,,,,,,,,,,,,,,,,,,,,,,,,,,,,,,,,,,,,,,,,,,,,,,,,,,,,,,,,,,,,,,,,,,,,,,,,,,,,,,,,,,,,,,,,,,,,,,,,,,,,,,,,,,,,,,,,,,,,,,,
,,,,,,,,,,,,,,,,,,,,,,,,,,,,,,,,,,,,,,,,,,,,,,,,,,,,,,,,,,,,,,,,,,,,,,,,,,,,,,,,,,,,,,,,,,,,,,,,,,,,,,,,,,,,,,,,,,,,,,,,,,,,,,,,,
,,,,,,,,,,,,,,,,,,,,,,,,,,,,,,,,,,,,,,,,,,,,,,,,,,,,,,,,,,,,,,,,,,,,,,,,,,,,,,,,,,,,,,,,,,,,,,,,,,,,,,,,,,,,,,,,,,,,,,,,,,,,,,,,,
,,,,,,,,,,,,,,,,,,,,,,,,,,,,,,,,,,,,,,,,,,,,,,,,,,,,,,,,,,,,,,,,,,,,,,,,,,,,,,,,,,,,,,,,,,,,,,,,,,,,,,,,,,,,,,,,,,,,,,,,,,,,,,,,,
,,,,,,,,,,,,,,,,,,,,,,,,,,,,,,,,,,,,,,,,,,,,,,,,,,,,,,,,,,,,,,,,,,,,,,,,,,,,,,,,,,,,,,,,,,,,,,,,,,,,,,,,,,,,,,,,,,,,,,,,,,,,,,,,,
,,,,,,,,,,,,,,,,,,,,,,,,,,,,,,,,,,,,,,,,,,,,,,,,,,,,,,,,,,,,,,,,,,,,,,,,,,,,,,,,,,,,,,,,,,,,,,,,,,,,,,,,,,,,,,,,,,,,,,,,,,,,,,,,,
,,,,,,,,,,,,,,,,,,,,,,,,,,,,,,,,,,,,,,,,,,,,,,,,,,,,,,,,,,,,,,,,,,,,,,,,,,,,,,,,,,,,,,,,,,,,,,,,,,,,,,,,,,,,,,,,,,,,,,,,,,,,,,,,,
,,,,,,,,,,,,,,,,,,,,,,,,,,,,,,,,,,,,,,,,,,,,,,,,,,,,,,,,,,,,,,,,,,,,,,,,,,,,,,,,,,,,,,,,,,,,,,,,,,,,,,,,,,,,,,,,,,,,,,,,,,,,,,,,,
,,,,,,,,,,,,,,,,,,,,,,,,,,,,,,,,,,,,,,,,,,,,,,,,,,,,,,,,,,,,,,,,,,,,,,,,,,,,,,,,,,,,,,,,,,,,,,,,,,,,,,,,,,,,,,,,,,,,,,,,,,,,,,,,,
,,,,,,,,,,,,,,,,,,,,,,,,,,,,,,,,,,,,,,,,,,,,,,,,,,,,,,,,,,,,,,,,,,,,,,,,,,,,,,,,,,,,,,,,,,,,,,,,,,,,,,,,,,,,,,,,,,,,,,,,,,,,,,,,,
,,,,,,,,,,,,,,,,,,,,,,,,,,,,,,,,,,,,,,,,,,,,,,,,,,,,,,,,,,,,,,,,,,,,,,,,,,,,,,,,,,,,,,,,,,,,,,,,,,,,,,,,,,,,,,,,,,,,,,,,,,,,,,,,,
,,,,,,,,,,,,,,,,,,,,,,,,,,,,,,,,,,,,,,,,,,,,,,,,,,,,,,,,,,,,,,,,,,,,,,,,,,,,,,,,,,,,,,,,,,,,,,,,,,,,,,,,,,,,,,,,,,,,,,,,,,,,,,,,,
,,,,,,,,,,,,,,,,,,,,,,,,,,,,,,,,,,,,,,,,,,,,,,,,,,,,,,,,,,,,,,,,,,,,,,,,,,,,,,,,,,,,,,,,,,,,,,,,,,,,,,,,,,,,,,,,,,,,,,,,,,,,,,,,,
,,,,,,,,,,,,,,,,,,,,,,,,,,,,,,,,,,,,,,,,,,,,,,,,,,,,,,,,,,,,,,,,,,,,,,,,,,,,,,,,,,,,,,,,,,,,,,,,,,,,,,,,,,,,,,,,,,,,,,,,,,,,,,,,,
,,,,,,,,,,,,,,,,,,,,,,,,,,,,,,,,,,,,,,,,,,,,,,,,,,,,,,,,,,,,,,,,,,,,,,,,,,,,,,,,,,,,,,,,,,,,,,,,,,,,,,,,,,,,,,,,,,,,,,,,,,,,,,,,,
,,,,,,,,,,,,,,,,,,,,,,,,,,,,,,,,,,,,,,,,,,,,,,,,,,,,,,,,,,,,,,,,,,,,,,,,,,,,,,,,,,,,,,,,,,,,,,,,,,,,,,,,,,,,,,,,,,,,,,,,,,,,,,,,,
,,,,,,,,,,,,,,,,,,,,,,,,,,,,,,,,,,,,,,,,,,,,,,,,,,,,,,,,,,,,,,,,,,,,,,,,,,,,,,,,,,,,,,,,,,,,,,,,,,,,,,,,,,,,,,,,,,,,,,,,,,,,,,,,,
,,,,,,,,,,,,,,,,,,,,,,,,,,,,,,,,,,,,,,,,,,,,,,,,,,,,,,,,,,,,,,,,,,,,,,,,,,,,,,,,,,,,,,,,,,,,,,,,,,,,,,,,,,,,,,,,,,,,,,,,,,,,,,,,,
,,,,,,,,,,,,,,,,,,,,,,,,,,,,,,,,,,,,,,,,,,,,,,,,,,,,,,,,,,,,,,,,,,,,,,,,,,,,,,,,,,,,,,,,,,,,,,,,,,,,,,,,,,,,,,,,,,,,,,,,,,,,,,,,,
,,,,,,,,,,,,,,,,,,,,,,,,,,,,,,,,,,,,,,,,,,,,,,,,,,,,,,,,,,,,,,,,,,,,,,,,,,,,,,,,,,,,,,,,,,,,,,,,,,,,,,,,,,,,,,,,,,,,,,,,,,,,,,,,,
,,,,,,,,,,,,,,,,,,,,,,,,,,,,,,,,,,,,,,,,,,,,,,,,,,,,,,,,,,,,,,,,,,,,,,,,,,,,,,,,,,,,,,,,,,,,,,,,,,,,,,,,,,,,,,,,,,,,,,,,,,,,,,,,,
,,,,,,,,,,,,,,,,,,,,,,,,,,,,,,,,,,,,,,,,,,,,,,,,,,,,,,,,,,,,,,,,,,,,,,,,,,,,,,,,,,,,,,,,,,,,,,,,,,,,,,,,,,,,,,,,,,,,,,,,,,,,,,,,,
,,,,,,,,,,,,,,,,,,,,,,,,,,,,,,,,,,,,,,,,,,,,,,,,,,,,,,,,,,,,,,,,,,,,,,,,,,,,,,,,,,,,,,,,,,,,,,,,,,,,,,,,,,,,,,,,,,,,,,,,,,,,,,,,,
,,,,,,,,,,,,,,,,,,,,,,,,,,,,,,,,,,,,,,,,,,,,,,,,,,,,,,,,,,,,,,,,,,,,,,,,,,,,,,,,,,,,,,,,,,,,,,,,,,,,,,,,,,,,,,,,,,,,,,,,,,,,,,,,,
,,,,,,,,,,,,,,,,,,,,,,,,,,,,,,,,,,,,,,,,,,,,,,,,,,,,,,,,,,,,,,,,,,,,,,,,,,,,,,,,,,,,,,,,,,,,,,,,,,,,,,,,,,,,,,,,,,,,,,,,,,,,,,,,,
,,,,,,,,,,,,,,,,,,,,,,,,,,,,,,,,,,,,,,,,,,,,,,,,,,,,,,,,,,,,,,,,,,,,,,,,,,,,,,,,,,,,,,,,,,,,,,,,,,,,,,,,,,,,,,,,,,,,,,,,,,,,,,,,,
,,,,,,,,,,,,,,,,,,,,,,,,,,,,,,,,,,,,,,,,,,,,,,,,,,,,,,,,,,,,,,,,,,,,,,,,,,,,,,,,,,,,,,,,,,,,,,,,,,,,,,,,,,,,,,,,,,,,,,,,,,,,,,,,,
,,,,,,,,,,,,,,,,,,,,,,,,,,,,,,,,,,,,,,,,,,,,,,,,,,,,,,,,,,,,,,,,,,,,,,,,,,,,,,,,,,,,,,,,,,,,,,,,,,,,,,,,,,,,,,,,,,,,,,,,,,,,,,,,,
,,,,,,,,,,,,,,,,,,,,,,,,,,,,,,,,,,,,,,,,,,,,,,,,,,,,,,,,,,,,,,,,,,,,,,,,,,,,,,,,,,,,,,,,,,,,,,,,,,,,,,,,,,,,,,,,,,,,,,,,,,,,,,,,,
,,,,,,,,,,,,,,,,,,,,,,,,,,,,,,,,,,,,,,,,,,,,,,,,,,,,,,,,,,,,,,,,,,,,,,,,,,,,,,,,,,,,,,,,,,,,,,,,,,,,,,,,,,,,,,,,,,,,,,,,,,,,,,,,,
,,,,,,,,,,,,,,,,,,,,,,,,,,,,,,,,,,,,,,,,,,,,,,,,,,,,,,,,,,,,,,,,,,,,,,,,,,,,,,,,,,,,,,,,,,,,,,,,,,,,,,,,,,,,,,,,,,,,,,,,,,,,,,,,,
,,,,,,,,,,,,,,,,,,,,,,,,,,,,,,,,,,,,,,,,,,,,,,,,,,,,,,,,,,,,,,,,,,,,,,,,,,,,,,,,,,,,,,,,,,,,,,,,,,,,,,,,,,,,,,,,,,,,,,,,,,,,,,,,,
,,,,,,,,,,,,,,,,,,,,,,,,,,,,,,,,,,,,,,,,,,,,,,,,,,,,,,,,,,,,,,,,,,,,,,,,,,,,,,,,,,,,,,,,,,,,,,,,,,,,,,,,,,,,,,,,,,,,,,,,,,,,,,,,,
,,,,,,,,,,,,,,,,,,,,,,,,,,,,,,,,,,,,,,,,,,,,,,,,,,,,,,,,,,,,,,,,,,,,,,,,,,,,,,,,,,,,,,,,,,,,,,,,,,,,,,,,,,,,,,,,,,,,,,,,,,,,,,,,,
,,,,,,,,,,,,,,,,,,,,,,,,,,,,,,,,,,,,,,,,,,,,,,,,,,,,,,,,,,,,,,,,,,,,,,,,,,,,,,,,,,,,,,,,,,,,,,,,,,,,,,,,,,,,,,,,,,,,,,,,,,,,,,,,,
,,,,,,,,,,,,,,,,,,,,,,,,,,,,,,,,,,,,,,,,,,,,,,,,,,,,,,,,,,,,,,,,,,,,,,,,,,,,,,,,,,,,,,,,,,,,,,,,,,,,,,,,,,,,,,,,,,,,,,,,,,,,,,,,,
,,,,,,,,,,,,,,,,,,,,,,,,,,,,,,,,,,,,,,,,,,,,,,,,,,,,,,,,,,,,,,,,,,,,,,,,,,,,,,,,,,,,,,,,,,,,,,,,,,,,,,,,,,,,,,,,,,,,,,,,,,,,,,,,,
,,,,,,,,,,,,,,,,,,,,,,,,,,,,,,,,,,,,,,,,,,,,,,,,,,,,,,,,,,,,,,,,,,,,,,,,,,,,,,,,,,,,,,,,,,,,,,,,,,,,,,,,,,,,,,,,,,,,,,,,,,,,,,,,,
,,,,,,,,,,,,,,,,,,,,,,,,,,,,,,,,,,,,,,,,,,,,,,,,,,,,,,,,,,,,,,,,,,,,,,,,,,,,,,,,,,,,,,,,,,,,,,,,,,,,,,,,,,,,,,,,,,,,,,,,,,,,,,,,,
,,,,,,,,,,,,,,,,,,,,,,,,,,,,,,,,,,,,,,,,,,,,,,,,,,,,,,,,,,,,,,,,,,,,,,,,,,,,,,,,,,,,,,,,,,,,,,,,,,,,,,,,,,,,,,,,,,,,,,,,,,,,,,,,,
,,,,,,,,,,,,,,,,,,,,,,,,,,,,,,,,,,,,,,,,,,,,,,,,,,,,,,,,,,,,,,,,,,,,,,,,,,,,,,,,,,,,,,,,,,,,,,,,,,,,,,,,,,,,,,,,,,,,,,,,,,,,,,,,,
,,,,,,,,,,,,,,,,,,,,,,,,,,,,,,,,,,,,,,,,,,,,,,,,,,,,,,,,,,,,,,,,,,,,,,,,,,,,,,,,,,,,,,,,,,,,,,,,,,,,,,,,,,,,,,,,,,,,,,,,,,,,,,,,,
,,,,,,,,,,,,,,,,,,,,,,,,,,,,,,,,,,,,,,,,,,,,,,,,,,,,,,,,,,,,,,,,,,,,,,,,,,,,,,,,,,,,,,,,,,,,,,,,,,,,,,,,,,,,,,,,,,,,,,,,,,,,,,,,,
,,,,,,,,,,,,,,,,,,,,,,,,,,,,,,,,,,,,,,,,,,,,,,,,,,,,,,,,,,,,,,,,,,,,,,,,,,,,,,,,,,,,,,,,,,,,,,,,,,,,,,,,,,,,,,,,,,,,,,,,,,,,,,,,,
,,,,,,,,,,,,,,,,,,,,,,,,,,,,,,,,,,,,,,,,,,,,,,,,,,,,,,,,,,,,,,,,,,,,,,,,,,,,,,,,,,,,,,,,,,,,,,,,,,,,,,,,,,,,,,,,,,,,,,,,,,,,,,,,,
,,,,,,,,,,,,,,,,,,,,,,,,,,,,,,,,,,,,,,,,,,,,,,,,,,,,,,,,,,,,,,,,,,,,,,,,,,,,,,,,,,,,,,,,,,,,,,,,,,,,,,,,,,,,,,,,,,,,,,,,,,,,,,,,,
,,,,,,,,,,,,,,,,,,,,,,,,,,,,,,,,,,,,,,,,,,,,,,,,,,,,,,,,,,,,,,,,,,,,,,,,,,,,,,,,,,,,,,,,,,,,,,,,,,,,,,,,,,,,,,,,,,,,,,,,,,,,,,,,,
,,,,,,,,,,,,,,,,,,,,,,,,,,,,,,,,,,,,,,,,,,,,,,,,,,,,,,,,,,,,,,,,,,,,,,,,,,,,,,,,,,,,,,,,,,,,,,,,,,,,,,,,,,,,,,,,,,,,,,,,,,,,,,,,,
,,,,,,,,,,,,,,,,,,,,,,,,,,,,,,,,,,,,,,,,,,,,,,,,,,,,,,,,,,,,,,,,,,,,,,,,,,,,,,,,,,,,,,,,,,,,,,,,,,,,,,,,,,,,,,,,,,,,,,,,,,,,,,,,,
,,,,,,,,,,,,,,,,,,,,,,,,,,,,,,,,,,,,,,,,,,,,,,,,,,,,,,,,,,,,,,,,,,,,,,,,,,,,,,,,,,,,,,,,,,,,,,,,,,,,,,,,,,,,,,,,,,,,,,,,,,,,,,,,,
,,,,,,,,,,,,,,,,,,,,,,,,,,,,,,,,,,,,,,,,,,,,,,,,,,,,,,,,,,,,,,,,,,,,,,,,,,,,,,,,,,,,,,,,,,,,,,,,,,,,,,,,,,,,,,,,,,,,,,,,,,,,,,,,,
,,,,,,,,,,,,,,,,,,,,,,,,,,,,,,,,,,,,,,,,,,,,,,,,,,,,,,,,,,,,,,,,,,,,,,,,,,,,,,,,,,,,,,,,,,,,,,,,,,,,,,,,,,,,,,,,,,,,,,,,,,,,,,,,,
,,,,,,,,,,,,,,,,,,,,,,,,,,,,,,,,,,,,,,,,,,,,,,,,,,,,,,,,,,,,,,,,,,,,,,,,,,,,,,,,,,,,,,,,,,,,,,,,,,,,,,,,,,,,,,,,,,,,,,,,,,,,,,,,,
,,,,,,,,,,,,,,,,,,,,,,,,,,,,,,,,,,,,,,,,,,,,,,,,,,,,,,,,,,,,,,,,,,,,,,,,,,,,,,,,,,,,,,,,,,,,,,,,,,,,,,,,,,,,,,,,,,,,,,,,,,,,,,,,,
,,,,,,,,,,,,,,,,,,,,,,,,,,,,,,,,,,,,,,,,,,,,,,,,,,,,,,,,,,,,,,,,,,,,,,,,,,,,,,,,,,,,,,,,,,,,,,,,,,,,,,,,,,,,,,,,,,,,,,,,,,,,,,,,,
,,,,,,,,,,,,,,,,,,,,,,,,,,,,,,,,,,,,,,,,,,,,,,,,,,,,,,,,,,,,,,,,,,,,,,,,,,,,,,,,,,,,,,,,,,,,,,,,,,,,,,,,,,,,,,,,,,,,,,,,,,,,,,,,,
,,,,,,,,,,,,,,,,,,,,,,,,,,,,,,,,,,,,,,,,,,,,,,,,,,,,,,,,,,,,,,,,,,,,,,,,,,,,,,,,,,,,,,,,,,,,,,,,,,,,,,,,,,,,,,,,,,,,,,,,,,,,,,,,,
,,,,,,,,,,,,,,,,,,,,,,,,,,,,,,,,,,,,,,,,,,,,,,,,,,,,,,,,,,,,,,,,,,,,,,,,,,,,,,,,,,,,,,,,,,,,,,,,,,,,,,,,,,,,,,,,,,,,,,,,,,,,,,,,,
,,,,,,,,,,,,,,,,,,,,,,,,,,,,,,,,,,,,,,,,,,,,,,,,,,,,,,,,,,,,,,,,,,,,,,,,,,,,,,,,,,,,,,,,,,,,,,,,,,,,,,,,,,,,,,,,,,,,,,,,,,,,,,,,,
,,,,,,,,,,,,,,,,,,,,,,,,,,,,,,,,,,,,,,,,,,,,,,,,,,,,,,,,,,,,,,,,,,,,,,,,,,,,,,,,,,,,,,,,,,,,,,,,,,,,,,,,,,,,,,,,,,,,,,,,,,,,,,,,,
,,,,,,,,,,,,,,,,,,,,,,,,,,,,,,,,,,,,,,,,,,,,,,,,,,,,,,,,,,,,,,,,,,,,,,,,,,,,,,,,,,,,,,,,,,,,,,,,,,,,,,,,,,,,,,,,,,,,,,,,,,,,,,,,,
,,,,,,,,,,,,,,,,,,,,,,,,,,,,,,,,,,,,,,,,,,,,,,,,,,,,,,,,,,,,,,,,,,,,,,,,,,,,,,,,,,,,,,,,,,,,,,,,,,,,,,,,,,,,,,,,,,,,,,,,,,,,,,,,,
,,,,,,,,,,,,,,,,,,,,,,,,,,,,,,,,,,,,,,,,,,,,,,,,,,,,,,,,,,,,,,,,,,,,,,,,,,,,,,,,,,,,,,,,,,,,,,,,,,,,,,,,,,,,,,,,,,,,,,,,,,,,,,,,,
,,,,,,,,,,,,,,,,,,,,,,,,,,,,,,,,,,,,,,,,,,,,,,,,,,,,,,,,,,,,,,,,,,,,,,,,,,,,,,,,,,,,,,,,,,,,,,,,,,,,,,,,,,,,,,,,,,,,,,,,,,,,,,,,,
,,,,,,,,,,,,,,,,,,,,,,,,,,,,,,,,,,,,,,,,,,,,,,,,,,,,,,,,,,,,,,,,,,,,,,,,,,,,,,,,,,,,,,,,,,,,,,,,,,,,,,,,,,,,,,,,,,,,,,,,,,,,,,,,,
,,,,,,,,,,,,,,,,,,,,,,,,,,,,,,,,,,,,,,,,,,,,,,,,,,,,,,,,,,,,,,,,,,,,,,,,,,,,,,,,,,,,,,,,,,,,,,,,,,,,,,,,,,,,,,,,,,,,,,,,,,,,,,,,,
,,,,,,,,,,,,,,,,,,,,,,,,,,,,,,,,,,,,,,,,,,,,,,,,,,,,,,,,,,,,,,,,,,,,,,,,,,,,,,,,,,,,,,,,,,,,,,,,,,,,,,,,,,,,,,,,,,,,,,,,,,,,,,,,,
,,,,,,,,,,,,,,,,,,,,,,,,,,,,,,,,,,,,,,,,,,,,,,,,,,,,,,,,,,,,,,,,,,,,,,,,,,,,,,,,,,,,,,,,,,,,,,,,,,,,,,,,,,,,,,,,,,,,,,,,,,,,,,,,,
,,,,,,,,,,,,,,,,,,,,,,,,,,,,,,,,,,,,,,,,,,,,,,,,,,,,,,,,,,,,,,,,,,,,,,,,,,,,,,,,,,,,,,,,,,,,,,,,,,,,,,,,,,,,,,,,,,,,,,,,,,,,,,,,,
,,,,,,,,,,,,,,,,,,,,,,,,,,,,,,,,,,,,,,,,,,,,,,,,,,,,,,,,,,,,,,,,,,,,,,,,,,,,,,,,,,,,,,,,,,,,,,,,,,,,,,,,,,,,,,,,,,,,,,,,,,,,,,,,,
,,,,,,,,,,,,,,,,,,,,,,,,,,,,,,,,,,,,,,,,,,,,,,,,,,,,,,,,,,,,,,,,,,,,,,,,,,,,,,,,,,,,,,,,,,,,,,,,,,,,,,,,,,,,,,,,,,,,,,,,,,,,,,,,,
,,,,,,,,,,,,,,,,,,,,,,,,,,,,,,,,,,,,,,,,,,,,,,,,,,,,,,,,,,,,,,,,,,,,,,,,,,,,,,,,,,,,,,,,,,,,,,,,,,,,,,,,,,,,,,,,,,,,,,,,,,,,,,,,,
,,,,,,,,,,,,,,,,,,,,,,,,,,,,,,,,,,,,,,,,,,,,,,,,,,,,,,,,,,,,,,,,,,,,,,,,,,,,,,,,,,,,,,,,,,,,,,,,,,,,,,,,,,,,,,,,,,,,,,,,,,,,,,,,,
,,,,,,,,,,,,,,,,,,,,,,,,,,,,,,,,,,,,,,,,,,,,,,,,,,,,,,,,,,,,,,,,,,,,,,,,,,,,,,,,,,,,,,,,,,,,,,,,,,,,,,,,,,,,,,,,,,,,,,,,,,,,,,,,,
,,,,,,,,,,,,,,,,,,,,,,,,,,,,,,,,,,,,,,,,,,,,,,,,,,,,,,,,,,,,,,,,,,,,,,,,,,,,,,,,,,,,,,,,,,,,,,,,,,,,,,,,,,,,,,,,,,,,,,,,,,,,,,,,,
,,,,,,,,,,,,,,,,,,,,,,,,,,,,,,,,,,,,,,,,,,,,,,,,,,,,,,,,,,,,,,,,,,,,,,,,,,,,,,,,,,,,,,,,,,,,,,,,,,,,,,,,,,,,,,,,,,,,,,,,,,,,,,,,,
,,,,,,,,,,,,,,,,,,,,,,,,,,,,,,,,,,,,,,,,,,,,,,,,,,,,,,,,,,,,,,,,,,,,,,,,,,,,,,,,,,,,,,,,,,,,,,,,,,,,,,,,,,,,,,,,,,,,,,,,,,,,,,,,,
,,,,,,,,,,,,,,,,,,,,,,,,,,,,,,,,,,,,,,,,,,,,,,,,,,,,,,,,,,,,,,,,,,,,,,,,,,,,,,,,,,,,,,,,,,,,,,,,,,,,,,,,,,,,,,,,,,,,,,,,,,,,,,,,,
,,,,,,,,,,,,,,,,,,,,,,,,,,,,,,,,,,,,,,,,,,,,,,,,,,,,,,,,,,,,,,,,,,,,,,,,,,,,,,,,,,,,,,,,,,,,,,,,,,,,,,,,,,,,,,,,,,,,,,,,,,,,,,,,,
,,,,,,,,,,,,,,,,,,,,,,,,,,,,,,,,,,,,,,,,,,,,,,,,,,,,,,,,,,,,,,,,,,,,,,,,,,,,,,,,,,,,,,,,,,,,,,,,,,,,,,,,,,,,,,,,,,,,,,,,,,,,,,,,,
,,,,,,,,,,,,,,,,,,,,,,,,,,,,,,,,,,,,,,,,,,,,,,,,,,,,,,,,,,,,,,,,,,,,,,,,,,,,,,,,,,,,,,,,,,,,,,,,,,,,,,,,,,,,,,,,,,,,,,,,,,,,,,,,,
,,,,,,,,,,,,,,,,,,,,,,,,,,,,,,,,,,,,,,,,,,,,,,,,,,,,,,,,,,,,,,,,,,,,,,,,,,,,,,,,,,,,,,,,,,,,,,,,,,,,,,,,,,,,,,,,,,,,,,,,,,,,,,,,,
,,,,,,,,,,,,,,,,,,,,,,,,,,,,,,,,,,,,,,,,,,,,,,,,,,,,,,,,,,,,,,,,,,,,,,,,,,,,,,,,,,,,,,,,,,,,,,,,,,,,,,,,,,,,,,,,,,,,,,,,,,,,,,,,,
,,,,,,,,,,,,,,,,,,,,,,,,,,,,,,,,,,,,,,,,,,,,,,,,,,,,,,,,,,,,,,,,,,,,,,,,,,,,,,,,,,,,,,,,,,,,,,,,,,,,,,,,,,,,,,,,,,,,,,,,,,,,,,,,,
,,,,,,,,,,,,,,,,,,,,,,,,,,,,,,,,,,,,,,,,,,,,,,,,,,,,,,,,,,,,,,,,,,,,,,,,,,,,,,,,,,,,,,,,,,,,,,,,,,,,,,,,,,,,,,,,,,,,,,,,,,,,,,,,,
,,,,,,,,,,,,,,,,,,,,,,,,,,,,,,,,,,,,,,,,,,,,,,,,,,,,,,,,,,,,,,,,,,,,,,,,,,,,,,,,,,,,,,,,,,,,,,,,,,,,,,,,,,,,,,,,,,,,,,,,,,,,,,,,,
,,,,,,,,,,,,,,,,,,,,,,,,,,,,,,,,,,,,,,,,,,,,,,,,,,,,,,,,,,,,,,,,,,,,,,,,,,,,,,,,,,,,,,,,,,,,,,,,,,,,,,,,,,,,,,,,,,,,,,,,,,,,,,,,,
,,,,,,,,,,,,,,,,,,,,,,,,,,,,,,,,,,,,,,,,,,,,,,,,,,,,,,,,,,,,,,,,,,,,,,,,,,,,,,,,,,,,,,,,,,,,,,,,,,,,,,,,,,,,,,,,,,,,,,,,,,,,,,,,,
,,,,,,,,,,,,,,,,,,,,,,,,,,,,,,,,,,,,,,,,,,,,,,,,,,,,,,,,,,,,,,,,,,,,,,,,,,,,,,,,,,,,,,,,,,,,,,,,,,,,,,,,,,,,,,,,,,,,,,,,,,,,,,,,,
,,,,,,,,,,,,,,,,,,,,,,,,,,,,,,,,,,,,,,,,,,,,,,,,,,,,,,,,,,,,,,,,,,,,,,,,,,,,,,,,,,,,,,,,,,,,,,,,,,,,,,,,,,,,,,,,,,,,,,,,,,,,,,,,,
,,,,,,,,,,,,,,,,,,,,,,,,,,,,,,,,,,,,,,,,,,,,,,,,,,,,,,,,,,,,,,,,,,,,,,,,,,,,,,,,,,,,,,,,,,,,,,,,,,,,,,,,,,,,,,,,,,,,,,,,,,,,,,,,,
,,,,,,,,,,,,,,,,,,,,,,,,,,,,,,,,,,,,,,,,,,,,,,,,,,,,,,,,,,,,,,,,,,,,,,,,,,,,,,,,,,,,,,,,,,,,,,,,,,,,,,,,,,,,,,,,,,,,,,,,,,,,,,,,,
,,,,,,,,,,,,,,,,,,,,,,,,,,,,,,,,,,,,,,,,,,,,,,,,,,,,,,,,,,,,,,,,,,,,,,,,,,,,,,,,,,,,,,,,,,,,,,,,,,,,,,,,,,,,,,,,,,,,,,,,,,,,,,,,,
,,,,,,,,,,,,,,,,,,,,,,,,,,,,,,,,,,,,,,,,,,,,,,,,,,,,,,,,,,,,,,,,,,,,,,,,,,,,,,,,,,,,,,,,,,,,,,,,,,,,,,,,,,,,,,,,,,,,,,,,,,,,,,,,,
,,,,,,,,,,,,,,,,,,,,,,,,,,,,,,,,,,,,,,,,,,,,,,,,,,,,,,,,,,,,,,,,,,,,,,,,,,,,,,,,,,,,,,,,,,,,,,,,,,,,,,,,,,,,,,,,,,,,,,,,,,,,,,,,,
,,,,,,,,,,,,,,,,,,,,,,,,,,,,,,,,,,,,,,,,,,,,,,,,,,,,,,,,,,,,,,,,,,,,,,,,,,,,,,,,,,,,,,,,,,,,,,,,,,,,,,,,,,,,,,,,,,,,,,,,,,,,,,,,,
,,,,,,,,,,,,,,,,,,,,,,,,,,,,,,,,,,,,,,,,,,,,,,,,,,,,,,,,,,,,,,,,,,,,,,,,,,,,,,,,,,,,,,,,,,,,,,,,,,,,,,,,,,,,,,,,,,,,,,,,,,,,,,,,,
,,,,,,,,,,,,,,,,,,,,,,,,,,,,,,,,,,,,,,,,,,,,,,,,,,,,,,,,,,,,,,,,,,,,,,,,,,,,,,,,,,,,,,,,,,,,,,,,,,,,,,,,,,,,,,,,,,,,,,,,,,,,,,,,,
,,,,,,,,,,,,,,,,,,,,,,,,,,,,,,,,,,,,,,,,,,,,,,,,,,,,,,,,,,,,,,,,,,,,,,,,,,,,,,,,,,,,,,,,,,,,,,,,,,,,,,,,,,,,,,,,,,,,,,,,,,,,,,,,,
,,,,,,,,,,,,,,,,,,,,,,,,,,,,,,,,,,,,,,,,,,,,,,,,,,,,,,,,,,,,,,,,,,,,,,,,,,,,,,,,,,,,,,,,,,,,,,,,,,,,,,,,,,,,,,,,,,,,,,,,,,,,,,,,,
,,,,,,,,,,,,,,,,,,,,,,,,,,,,,,,,,,,,,,,,,,,,,,,,,,,,,,,,,,,,,,,,,,,,,,,,,,,,,,,,,,,,,,,,,,,,,,,,,,,,,,,,,,,,,,,,,,,,,,,,,,,,,,,,,
,,,,,,,,,,,,,,,,,,,,,,,,,,,,,,,,,,,,,,,,,,,,,,,,,,,,,,,,,,,,,,,,,,,,,,,,,,,,,,,,,,,,,,,,,,,,,,,,,,,,,,,,,,,,,,,,,,,,,,,,,,,,,,,,,
,,,,,,,,,,,,,,,,,,,,,,,,,,,,,,,,,,,,,,,,,,,,,,,,,,,,,,,,,,,,,,,,,,,,,,,,,,,,,,,,,,,,,,,,,,,,,,,,,,,,,,,,,,,,,,,,,,,,,,,,,,,,,,,,,
,,,,,,,,,,,,,,,,,,,,,,,,,,,,,,,,,,,,,,,,,,,,,,,,,,,,,,,,,,,,,,,,,,,,,,,,,,,,,,,,,,,,,,,,,,,,,,,,,,,,,,,,,,,,,,,,,,,,,,,,,,,,,,,,,
,,,,,,,,,,,,,,,,,,,,,,,,,,,,,,,,,,,,,,,,,,,,,,,,,,,,,,,,,,,,,,,,,,,,,,,,,,,,,,,,,,,,,,,,,,,,,,,,,,,,,,,,,,,,,,,,,,,,,,,,,,,,,,,,,
,,,,,,,,,,,,,,,,,,,,,,,,,,,,,,,,,,,,,,,,,,,,,,,,,,,,,,,,,,,,,,,,,,,,,,,,,,,,,,,,,,,,,,,,,,,,,,,,,,,,,,,,,,,,,,,,,,,,,,,,,,,,,,,,,
,,,,,,,,,,,,,,,,,,,,,,,,,,,,,,,,,,,,,,,,,,,,,,,,,,,,,,,,,,,,,,,,,,,,,,,,,,,,,,,,,,,,,,,,,,,,,,,,,,,,,,,,,,,,,,,,,,,,,,,,,,,,,,,,,
,,,,,,,,,,,,,,,,,,,,,,,,,,,,,,,,,,,,,,,,,,,,,,,,,,,,,,,,,,,,,,,,,,,,,,,,,,,,,,,,,,,,,,,,,,,,,,,,,,,,,,,,,,,,,,,,,,,,,,,,,,,,,,,,,
,,,,,,,,,,,,,,,,,,,,,,,,,,,,,,,,,,,,,,,,,,,,,,,,,,,,,,,,,,,,,,,,,,,,,,,,,,,,,,,,,,,,,,,,,,,,,,,,,,,,,,,,,,,,,,,,,,,,,,,,,,,,,,,,,
,,,,,,,,,,,,,,,,,,,,,,,,,,,,,,,,,,,,,,,,,,,,,,,,,,,,,,,,,,,,,,,,,,,,,,,,,,,,,,,,,,,,,,,,,,,,,,,,,,,,,,,,,,,,,,,,,,,,,,,,,,,,,,,,,
,,,,,,,,,,,,,,,,,,,,,,,,,,,,,,,,,,,,,,,,,,,,,,,,,,,,,,,,,,,,,,,,,,,,,,,,,,,,,,,,,,,,,,,,,,,,,,,,,,,,,,,,,,,,,,,,,,,,,,,,,,,,,,,,,
,,,,,,,,,,,,,,,,,,,,,,,,,,,,,,,,,,,,,,,,,,,,,,,,,,,,,,,,,,,,,,,,,,,,,,,,,,,,,,,,,,,,,,,,,,,,,,,,,,,,,,,,,,,,,,,,,,,,,,,,,,,,,,,,,
,,,,,,,,,,,,,,,,,,,,,,,,,,,,,,,,,,,,,,,,,,,,,,,,,,,,,,,,,,,,,,,,,,,,,,,,,,,,,,,,,,,,,,,,,,,,,,,,,,,,,,,,,,,,,,,,,,,,,,,,,,,,,,,,,
,,,,,,,,,,,,,,,,,,,,,,,,,,,,,,,,,,,,,,,,,,,,,,,,,,,,,,,,,,,,,,,,,,,,,,,,,,,,,,,,,,,,,,,,,,,,,,,,,,,,,,,,,,,,,,,,,,,,,,,,,,,,,,,,,
,,,,,,,,,,,,,,,,,,,,,,,,,,,,,,,,,,,,,,,,,,,,,,,,,,,,,,,,,,,,,,,,,,,,,,,,,,,,,,,,,,,,,,,,,,,,,,,,,,,,,,,,,,,,,,,,,,,,,,,,,,,,,,,,,
,,,,,,,,,,,,,,,,,,,,,,,,,,,,,,,,,,,,,,,,,,,,,,,,,,,,,,,,,,,,,,,,,,,,,,,,,,,,,,,,,,,,,,,,,,,,,,,,,,,,,,,,,,,,,,,,,,,,,,,,,,,,,,,,,
,,,,,,,,,,,,,,,,,,,,,,,,,,,,,,,,,,,,,,,,,,,,,,,,,,,,,,,,,,,,,,,,,,,,,,,,,,,,,,,,,,,,,,,,,,,,,,,,,,,,,,,,,,,,,,,,,,,,,,,,,,,,,,,,,
,,,,,,,,,,,,,,,,,,,,,,,,,,,,,,,,,,,,,,,,,,,,,,,,,,,,,,,,,,,,,,,,,,,,,,,,,,,,,,,,,,,,,,,,,,,,,,,,,,,,,,,,,,,,,,,,,,,,,,,,,,,,,,,,,
,,,,,,,,,,,,,,,,,,,,,,,,,,,,,,,,,,,,,,,,,,,,,,,,,,,,,,,,,,,,,,,,,,,,,,,,,,,,,,,,,,,,,,,,,,,,,,,,,,,,,,,,,,,,,,,,,,,,,,,,,,,,,,,,,
,,,,,,,,,,,,,,,,,,,,,,,,,,,,,,,,,,,,,,,,,,,,,,,,,,,,,,,,,,,,,,,,,,,,,,,,,,,,,,,,,,,,,,,,,,,,,,,,,,,,,,,,,,,,,,,,,,,,,,,,,,,,,,,,,
,,,,,,,,,,,,,,,,,,,,,,,,,,,,,,,,,,,,,,,,,,,,,,,,,,,,,,,,,,,,,,,,,,,,,,,,,,,,,,,,,,,,,,,,,,,,,,,,,,,,,,,,,,,,,,,,,,,,,,,,,,,,,,,,,
,,,,,,,,,,,,,,,,,,,,,,,,,,,,,,,,,,,,,,,,,,,,,,,,,,,,,,,,,,,,,,,,,,,,,,,,,,,,,,,,,,,,,,,,,,,,,,,,,,,,,,,,,,,,,,,,,,,,,,,,,,,,,,,,,
,,,,,,,,,,,,,,,,,,,,,,,,,,,,,,,,,,,,,,,,,,,,,,,,,,,,,,,,,,,,,,,,,,,,,,,,,,,,,,,,,,,,,,,,,,,,,,,,,,,,,,,,,,,,,,,,,,,,,,,,,,,,,,,,,
,,,,,,,,,,,,,,,,,,,,,,,,,,,,,,,,,,,,,,,,,,,,,,,,,,,,,,,,,,,,,,,,,,,,,,,,,,,,,,,,,,,,,,,,,,,,,,,,,,,,,,,,,,,,,,,,,,,,,,,,,,,,,,,,,
,,,,,,,,,,,,,,,,,,,,,,,,,,,,,,,,,,,,,,,,,,,,,,,,,,,,,,,,,,,,,,,,,,,,,,,,,,,,,,,,,,,,,,,,,,,,,,,,,,,,,,,,,,,,,,,,,,,,,,,,,,,,,,,,,
,,,,,,,,,,,,,,,,,,,,,,,,,,,,,,,,,,,,,,,,,,,,,,,,,,,,,,,,,,,,,,,,,,,,,,,,,,,,,,,,,,,,,,,,,,,,,,,,,,,,,,,,,,,,,,,,,,,,,,,,,,,,,,,,,
,,,,,,,,,,,,,,,,,,,,,,,,,,,,,,,,,,,,,,,,,,,,,,,,,,,,,,,,,,,,,,,,,,,,,,,,,,,,,,,,,,,,,,,,,,,,,,,,,,,,,,,,,,,,,,,,,,,,,,,,,,,,,,,,,
,,,,,,,,,,,,,,,,,,,,,,,,,,,,,,,,,,,,,,,,,,,,,,,,,,,,,,,,,,,,,,,,,,,,,,,,,,,,,,,,,,,,,,,,,,,,,,,,,,,,,,,,,,,,,,,,,,,,,,,,,,,,,,,,,
,,,,,,,,,,,,,,,,,,,,,,,,,,,,,,,,,,,,,,,,,,,,,,,,,,,,,,,,,,,,,,,,,,,,,,,,,,,,,,,,,,,,,,,,,,,,,,,,,,,,,,,,,,,,,,,,,,,,,,,,,,,,,,,,,
,,,,,,,,,,,,,,,,,,,,,,,,,,,,,,,,,,,,,,,,,,,,,,,,,,,,,,,,,,,,,,,,,,,,,,,,,,,,,,,,,,,,,,,,,,,,,,,,,,,,,,,,,,,,,,,,,,,,,,,,,,,,,,,,,
,,,,,,,,,,,,,,,,,,,,,,,,,,,,,,,,,,,,,,,,,,,,,,,,,,,,,,,,,,,,,,,,,,,,,,,,,,,,,,,,,,,,,,,,,,,,,,,,,,,,,,,,,,,,,,,,,,,,,,,,,,,,,,,,,
,,,,,,,,,,,,,,,,,,,,,,,,,,,,,,,,,,,,,,,,,,,,,,,,,,,,,,,,,,,,,,,,,,,,,,,,,,,,,,,,,,,,,,,,,,,,,,,,,,,,,,,,,,,,,,,,,,,,,,,,,,,,,,,,,
,,,,,,,,,,,,,,,,,,,,,,,,,,,,,,,,,,,,,,,,,,,,,,,,,,,,,,,,,,,,,,,,,,,,,,,,,,,,,,,,,,,,,,,,,,,,,,,,,,,,,,,,,,,,,,,,,,,,,,,,,,,,,,,,,
,,,,,,,,,,,,,,,,,,,,,,,,,,,,,,,,,,,,,,,,,,,,,,,,,,,,,,,,,,,,,,,,,,,,,,,,,,,,,,,,,,,,,,,,,,,,,,,,,,,,,,,,,,,,,,,,,,,,,,,,,,,,,,,,,
,,,,,,,,,,,,,,,,,,,,,,,,,,,,,,,,,,,,,,,,,,,,,,,,,,,,,,,,,,,,,,,,,,,,,,,,,,,,,,,,,,,,,,,,,,,,,,,,,,,,,,,,,,,,,,,,,,,,,,,,,,,,,,,,,
,,,,,,,,,,,,,,,,,,,,,,,,,,,,,,,,,,,,,,,,,,,,,,,,,,,,,,,,,,,,,,,,,,,,,,,,,,,,,,,,,,,,,,,,,,,,,,,,,,,,,,,,,,,,,,,,,,,,,,,,,,,,,,,,,
,,,,,,,,,,,,,,,,,,,,,,,,,,,,,,,,,,,,,,,,,,,,,,,,,,,,,,,,,,,,,,,,,,,,,,,,,,,,,,,,,,,,,,,,,,,,,,,,,,,,,,,,,,,,,,,,,,,,,,,,,,,,,,,,,
,,,,,,,,,,,,,,,,,,,,,,,,,,,,,,,,,,,,,,,,,,,,,,,,,,,,,,,,,,,,,,,,,,,,,,,,,,,,,,,,,,,,,,,,,,,,,,,,,,,,,,,,,,,,,,,,,,,,,,,,,,,,,,,,,
,,,,,,,,,,,,,,,,,,,,,,,,,,,,,,,,,,,,,,,,,,,,,,,,,,,,,,,,,,,,,,,,,,,,,,,,,,,,,,,,,,,,,,,,,,,,,,,,,,,,,,,,,,,,,,,,,,,,,,,,,,,,,,,,,
,,,,,,,,,,,,,,,,,,,,,,,,,,,,,,,,,,,,,,,,,,,,,,,,,,,,,,,,,,,,,,,,,,,,,,,,,,,,,,,,,,,,,,,,,,,,,,,,,,,,,,,,,,,,,,,,,,,,,,,,,,,,,,,,,
,,,,,,,,,,,,,,,,,,,,,,,,,,,,,,,,,,,,,,,,,,,,,,,,,,,,,,,,,,,,,,,,,,,,,,,,,,,,,,,,,,,,,,,,,,,,,,,,,,,,,,,,,,,,,,,,,,,,,,,,,,,,,,,,,
,,,,,,,,,,,,,,,,,,,,,,,,,,,,,,,,,,,,,,,,,,,,,,,,,,,,,,,,,,,,,,,,,,,,,,,,,,,,,,,,,,,,,,,,,,,,,,,,,,,,,,,,,,,,,,,,,,,,,,,,,,,,,,,,,
,,,,,,,,,,,,,,,,,,,,,,,,,,,,,,,,,,,,,,,,,,,,,,,,,,,,,,,,,,,,,,,,,,,,,,,,,,,,,,,,,,,,,,,,,,,,,,,,,,,,,,,,,,,,,,,,,,,,,,,,,,,,,,,,,
,,,,,,,,,,,,,,,,,,,,,,,,,,,,,,,,,,,,,,,,,,,,,,,,,,,,,,,,,,,,,,,,,,,,,,,,,,,,,,,,,,,,,,,,,,,,,,,,,,,,,,,,,,,,,,,,,,,,,,,,,,,,,,,,,
,,,,,,,,,,,,,,,,,,,,,,,,,,,,,,,,,,,,,,,,,,,,,,,,,,,,,,,,,,,,,,,,,,,,,,,,,,,,,,,,,,,,,,,,,,,,,,,,,,,,,,,,,,,,,,,,,,,,,,,,,,,,,,,,,
,,,,,,,,,,,,,,,,,,,,,,,,,,,,,,,,,,,,,,,,,,,,,,,,,,,,,,,,,,,,,,,,,,,,,,,,,,,,,,,,,,,,,,,,,,,,,,,,,,,,,,,,,,,,,,,,,,,,,,,,,,,,,,,,,
,,,,,,,,,,,,,,,,,,,,,,,,,,,,,,,,,,,,,,,,,,,,,,,,,,,,,,,,,,,,,,,,,,,,,,,,,,,,,,,,,,,,,,,,,,,,,,,,,,,,,,,,,,,,,,,,,,,,,,,,,,,,,,,,,
,,,,,,,,,,,,,,,,,,,,,,,,,,,,,,,,,,,,,,,,,,,,,,,,,,,,,,,,,,,,,,,,,,,,,,,,,,,,,,,,,,,,,,,,,,,,,,,,,,,,,,,,,,,,,,,,,,,,,,,,,,,,,,,,,
,,,,,,,,,,,,,,,,,,,,,,,,,,,,,,,,,,,,,,,,,,,,,,,,,,,,,,,,,,,,,,,,,,,,,,,,,,,,,,,,,,,,,,,,,,,,,,,,,,,,,,,,,,,,,,,,,,,,,,,,,,,,,,,,,
,,,,,,,,,,,,,,,,,,,,,,,,,,,,,,,,,,,,,,,,,,,,,,,,,,,,,,,,,,,,,,,,,,,,,,,,,,,,,,,,,,,,,,,,,,,,,,,,,,,,,,,,,,,,,,,,,,,,,,,,,,,,,,,,,
,,,,,,,,,,,,,,,,,,,,,,,,,,,,,,,,,,,,,,,,,,,,,,,,,,,,,,,,,,,,,,,,,,,,,,,,,,,,,,,,,,,,,,,,,,,,,,,,,,,,,,,,,,,,,,,,,,,,,,,,,,,,,,,,,
,,,,,,,,,,,,,,,,,,,,,,,,,,,,,,,,,,,,,,,,,,,,,,,,,,,,,,,,,,,,,,,,,,,,,,,,,,,,,,,,,,,,,,,,,,,,,,,,,,,,,,,,,,,,,,,,,,,,,,,,,,,,,,,,,
,,,,,,,,,,,,,,,,,,,,,,,,,,,,,,,,,,,,,,,,,,,,,,,,,,,,,,,,,,,,,,,,,,,,,,,,,,,,,,,,,,,,,,,,,,,,,,,,,,,,,,,,,,,,,,,,,,,,,,,,,,,,,,,,,
,,,,,,,,,,,,,,,,,,,,,,,,,,,,,,,,,,,,,,,,,,,,,,,,,,,,,,,,,,,,,,,,,,,,,,,,,,,,,,,,,,,,,,,,,,,,,,,,,,,,,,,,,,,,,,,,,,,,,,,,,,,,,,,,,
,,,,,,,,,,,,,,,,,,,,,,,,,,,,,,,,,,,,,,,,,,,,,,,,,,,,,,,,,,,,,,,,,,,,,,,,,,,,,,,,,,,,,,,,,,,,,,,,,,,,,,,,,,,,,,,,,,,,,,,,,,,,,,,,,
,,,,,,,,,,,,,,,,,,,,,,,,,,,,,,,,,,,,,,,,,,,,,,,,,,,,,,,,,,,,,,,,,,,,,,,,,,,,,,,,,,,,,,,,,,,,,,,,,,,,,,,,,,,,,,,,,,,,,,,,,,,,,,,,,
,,,,,,,,,,,,,,,,,,,,,,,,,,,,,,,,,,,,,,,,,,,,,,,,,,,,,,,,,,,,,,,,,,,,,,,,,,,,,,,,,,,,,,,,,,,,,,,,,,,,,,,,,,,,,,,,,,,,,,,,,,,,,,,,,
,,,,,,,,,,,,,,,,,,,,,,,,,,,,,,,,,,,,,,,,,,,,,,,,,,,,,,,,,,,,,,,,,,,,,,,,,,,,,,,,,,,,,,,,,,,,,,,,,,,,,,,,,,,,,,,,,,,,,,,,,,,,,,,,,
,,,,,,,,,,,,,,,,,,,,,,,,,,,,,,,,,,,,,,,,,,,,,,,,,,,,,,,,,,,,,,,,,,,,,,,,,,,,,,,,,,,,,,,,,,,,,,,,,,,,,,,,,,,,,,,,,,,,,,,,,,,,,,,,,
,,,,,,,,,,,,,,,,,,,,,,,,,,,,,,,,,,,,,,,,,,,,,,,,,,,,,,,,,,,,,,,,,,,,,,,,,,,,,,,,,,,,,,,,,,,,,,,,,,,,,,,,,,,,,,,,,,,,,,,,,,,,,,,,,
,,,,,,,,,,,,,,,,,,,,,,,,,,,,,,,,,,,,,,,,,,,,,,,,,,,,,,,,,,,,,,,,,,,,,,,,,,,,,,,,,,,,,,,,,,,,,,,,,,,,,,,,,,,,,,,,,,,,,,,,,,,,,,,,,
,,,,,,,,,,,,,,,,,,,,,,,,,,,,,,,,,,,,,,,,,,,,,,,,,,,,,,,,,,,,,,,,,,,,,,,,,,,,,,,,,,,,,,,,,,,,,,,,,,,,,,,,,,,,,,,,,,,,,,,,,,,,,,,,,
,,,,,,,,,,,,,,,,,,,,,,,,,,,,,,,,,,,,,,,,,,,,,,,,,,,,,,,,,,,,,,,,,,,,,,,,,,,,,,,,,,,,,,,,,,,,,,,,,,,,,,,,,,,,,,,,,,,,,,,,,,,,,,,,,
,,,,,,,,,,,,,,,,,,,,,,,,,,,,,,,,,,,,,,,,,,,,,,,,,,,,,,,,,,,,,,,,,,,,,,,,,,,,,,,,,,,,,,,,,,,,,,,,,,,,,,,,,,,,,,,,,,,,,,,,,,,,,,,,,
,,,,,,,,,,,,,,,,,,,,,,,,,,,,,,,,,,,,,,,,,,,,,,,,,,,,,,,,,,,,,,,,,,,,,,,,,,,,,,,,,,,,,,,,,,,,,,,,,,,,,,,,,,,,,,,,,,,,,,,,,,,,,,,,,
,,,,,,,,,,,,,,,,,,,,,,,,,,,,,,,,,,,,,,,,,,,,,,,,,,,,,,,,,,,,,,,,,,,,,,,,,,,,,,,,,,,,,,,,,,,,,,,,,,,,,,,,,,,,,,,,,,,,,,,,,,,,,,,,,
,,,,,,,,,,,,,,,,,,,,,,,,,,,,,,,,,,,,,,,,,,,,,,,,,,,,,,,,,,,,,,,,,,,,,,,,,,,,,,,,,,,,,,,,,,,,,,,,,,,,,,,,,,,,,,,,,,,,,,,,,,,,,,,,,
,,,,,,,,,,,,,,,,,,,,,,,,,,,,,,,,,,,,,,,,,,,,,,,,,,,,,,,,,,,,,,,,,,,,,,,,,,,,,,,,,,,,,,,,,,,,,,,,,,,,,,,,,,,,,,,,,,,,,,,,,,,,,,,,,
,,,,,,,,,,,,,,,,,,,,,,,,,,,,,,,,,,,,,,,,,,,,,,,,,,,,,,,,,,,,,,,,,,,,,,,,,,,,,,,,,,,,,,,,,,,,,,,,,,,,,,,,,,,,,,,,,,,,,,,,,,,,,,,,,
,,,,,,,,,,,,,,,,,,,,,,,,,,,,,,,,,,,,,,,,,,,,,,,,,,,,,,,,,,,,,,,,,,,,,,,,,,,,,,,,,,,,,,,,,,,,,,,,,,,,,,,,,,,,,,,,,,,,,,,,,,,,,,,,,
,,,,,,,,,,,,,,,,,,,,,,,,,,,,,,,,,,,,,,,,,,,,,,,,,,,,,,,,,,,,,,,,,,,,,,,,,,,,,,,,,,,,,,,,,,,,,,,,,,,,,,,,,,,,,,,,,,,,,,,,,,,,,,,,,
,,,,,,,,,,,,,,,,,,,,,,,,,,,,,,,,,,,,,,,,,,,,,,,,,,,,,,,,,,,,,,,,,,,,,,,,,,,,,,,,,,,,,,,,,,,,,,,,,,,,,,,,,,,,,,,,,,,,,,,,,,,,,,,,,
,,,,,,,,,,,,,,,,,,,,,,,,,,,,,,,,,,,,,,,,,,,,,,,,,,,,,,,,,,,,,,,,,,,,,,,,,,,,,,,,,,,,,,,,,,,,,,,,,,,,,,,,,,,,,,,,,,,,,,,,,,,,,,,,,
,,,,,,,,,,,,,,,,,,,,,,,,,,,,,,,,,,,,,,,,,,,,,,,,,,,,,,,,,,,,,,,,,,,,,,,,,,,,,,,,,,,,,,,,,,,,,,,,,,,,,,,,,,,,,,,,,,,,,,,,,,,,,,,,,
,,,,,,,,,,,,,,,,,,,,,,,,,,,,,,,,,,,,,,,,,,,,,,,,,,,,,,,,,,,,,,,,,,,,,,,,,,,,,,,,,,,,,,,,,,,,,,,,,,,,,,,,,,,,,,,,,,,,,,,,,,,,,,,,,
,,,,,,,,,,,,,,,,,,,,,,,,,,,,,,,,,,,,,,,,,,,,,,,,,,,,,,,,,,,,,,,,,,,,,,,,,,,,,,,,,,,,,,,,,,,,,,,,,,,,,,,,,,,,,,,,,,,,,,,,,,,,,,,,,
,,,,,,,,,,,,,,,,,,,,,,,,,,,,,,,,,,,,,,,,,,,,,,,,,,,,,,,,,,,,,,,,,,,,,,,,,,,,,,,,,,,,,,,,,,,,,,,,,,,,,,,,,,,,,,,,,,,,,,,,,,,,,,,,,
,,,,,,,,,,,,,,,,,,,,,,,,,,,,,,,,,,,,,,,,,,,,,,,,,,,,,,,,,,,,,,,,,,,,,,,,,,,,,,,,,,,,,,,,,,,,,,,,,,,,,,,,,,,,,,,,,,,,,,,,,,,,,,,,,
,,,,,,,,,,,,,,,,,,,,,,,,,,,,,,,,,,,,,,,,,,,,,,,,,,,,,,,,,,,,,,,,,,,,,,,,,,,,,,,,,,,,,,,,,,,,,,,,,,,,,,,,,,,,,,,,,,,,,,,,,,,,,,,,,
,,,,,,,,,,,,,,,,,,,,,,,,,,,,,,,,,,,,,,,,,,,,,,,,,,,,,,,,,,,,,,,,,,,,,,,,,,,,,,,,,,,,,,,,,,,,,,,,,,,,,,,,,,,,,,,,,,,,,,,,,,,,,,,,,
,,,,,,,,,,,,,,,,,,,,,,,,,,,,,,,,,,,,,,,,,,,,,,,,,,,,,,,,,,,,,,,,,,,,,,,,,,,,,,,,,,,,,,,,,,,,,,,,,,,,,,,,,,,,,,,,,,,,,,,,,,,,,,,,,
,,,,,,,,,,,,,,,,,,,,,,,,,,,,,,,,,,,,,,,,,,,,,,,,,,,,,,,,,,,,,,,,,,,,,,,,,,,,,,,,,,,,,,,,,,,,,,,,,,,,,,,,,,,,,,,,,,,,,,,,,,,,,,,,,
,,,,,,,,,,,,,,,,,,,,,,,,,,,,,,,,,,,,,,,,,,,,,,,,,,,,,,,,,,,,,,,,,,,,,,,,,,,,,,,,,,,,,,,,,,,,,,,,,,,,,,,,,,,,,,,,,,,,,,,,,,,,,,,,,
,,,,,,,,,,,,,,,,,,,,,,,,,,,,,,,,,,,,,,,,,,,,,,,,,,,,,,,,,,,,,,,,,,,,,,,,,,,,,,,,,,,,,,,,,,,,,,,,,,,,,,,,,,,,,,,,,,,,,,,,,,,,,,,,,
,,,,,,,,,,,,,,,,,,,,,,,,,,,,,,,,,,,,,,,,,,,,,,,,,,,,,,,,,,,,,,,,,,,,,,,,,,,,,,,,,,,,,,,,,,,,,,,,,,,,,,,,,,,,,,,,,,,,,,,,,,,,,,,,,
,,,,,,,,,,,,,,,,,,,,,,,,,,,,,,,,,,,,,,,,,,,,,,,,,,,,,,,,,,,,,,,,,,,,,,,,,,,,,,,,,,,,,,,,,,,,,,,,,,,,,,,,,,,,,,,,,,,,,,,,,,,,,,,,,
,,,,,,,,,,,,,,,,,,,,,,,,,,,,,,,,,,,,,,,,,,,,,,,,,,,,,,,,,,,,,,,,,,,,,,,,,,,,,,,,,,,,,,,,,,,,,,,,,,,,,,,,,,,,,,,,,,,,,,,,,,,,,,,,,
,,,,,,,,,,,,,,,,,,,,,,,,,,,,,,,,,,,,,,,,,,,,,,,,,,,,,,,,,,,,,,,,,,,,,,,,,,,,,,,,,,,,,,,,,,,,,,,,,,,,,,,,,,,,,,,,,,,,,,,,,,,,,,,,,
,,,,,,,,,,,,,,,,,,,,,,,,,,,,,,,,,,,,,,,,,,,,,,,,,,,,,,,,,,,,,,,,,,,,,,,,,,,,,,,,,,,,,,,,,,,,,,,,,,,,,,,,,,,,,,,,,,,,,,,,,,,,,,,,,
,,,,,,,,,,,,,,,,,,,,,,,,,,,,,,,,,,,,,,,,,,,,,,,,,,,,,,,,,,,,,,,,,,,,,,,,,,,,,,,,,,,,,,,,,,,,,,,,,,,,,,,,,,,,,,,,,,,,,,,,,,,,,,,,,
,,,,,,,,,,,,,,,,,,,,,,,,,,,,,,,,,,,,,,,,,,,,,,,,,,,,,,,,,,,,,,,,,,,,,,,,,,,,,,,,,,,,,,,,,,,,,,,,,,,,,,,,,,,,,,,,,,,,,,,,,,,,,,,,,
,,,,,,,,,,,,,,,,,,,,,,,,,,,,,,,,,,,,,,,,,,,,,,,,,,,,,,,,,,,,,,,,,,,,,,,,,,,,,,,,,,,,,,,,,,,,,,,,,,,,,,,,,,,,,,,,,,,,,,,,,,,,,,,,,
,,,,,,,,,,,,,,,,,,,,,,,,,,,,,,,,,,,,,,,,,,,,,,,,,,,,,,,,,,,,,,,,,,,,,,,,,,,,,,,,,,,,,,,,,,,,,,,,,,,,,,,,,,,,,,,,,,,,,,,,,,,,,,,,,
,,,,,,,,,,,,,,,,,,,,,,,,,,,,,,,,,,,,,,,,,,,,,,,,,,,,,,,,,,,,,,,,,,,,,,,,,,,,,,,,,,,,,,,,,,,,,,,,,,,,,,,,,,,,,,,,,,,,,,,,,,,,,,,,,
,,,,,,,,,,,,,,,,,,,,,,,,,,,,,,,,,,,,,,,,,,,,,,,,,,,,,,,,,,,,,,,,,,,,,,,,,,,,,,,,,,,,,,,,,,,,,,,,,,,,,,,,,,,,,,,,,,,,,,,,,,,,,,,,,
,,,,,,,,,,,,,,,,,,,,,,,,,,,,,,,,,,,,,,,,,,,,,,,,,,,,,,,,,,,,,,,,,,,,,,,,,,,,,,,,,,,,,,,,,,,,,,,,,,,,,,,,,,,,,,,,,,,,,,,,,,,,,,,,,
,,,,,,,,,,,,,,,,,,,,,,,,,,,,,,,,,,,,,,,,,,,,,,,,,,,,,,,,,,,,,,,,,,,,,,,,,,,,,,,,,,,,,,,,,,,,,,,,,,,,,,,,,,,,,,,,,,,,,,,,,,,,,,,,,
,,,,,,,,,,,,,,,,,,,,,,,,,,,,,,,,,,,,,,,,,,,,,,,,,,,,,,,,,,,,,,,,,,,,,,,,,,,,,,,,,,,,,,,,,,,,,,,,,,,,,,,,,,,,,,,,,,,,,,,,,,,,,,,,,
,,,,,,,,,,,,,,,,,,,,,,,,,,,,,,,,,,,,,,,,,,,,,,,,,,,,,,,,,,,,,,,,,,,,,,,,,,,,,,,,,,,,,,,,,,,,,,,,,,,,,,,,,,,,,,,,,,,,,,,,,,,,,,,,,
,,,,,,,,,,,,,,,,,,,,,,,,,,,,,,,,,,,,,,,,,,,,,,,,,,,,,,,,,,,,,,,,,,,,,,,,,,,,,,,,,,,,,,,,,,,,,,,,,,,,,,,,,,,,,,,,,,,,,,,,,,,,,,,,,
,,,,,,,,,,,,,,,,,,,,,,,,,,,,,,,,,,,,,,,,,,,,,,,,,,,,,,,,,,,,,,,,,,,,,,,,,,,,,,,,,,,,,,,,,,,,,,,,,,,,,,,,,,,,,,,,,,,,,,,,,,,,,,,,,
,,,,,,,,,,,,,,,,,,,,,,,,,,,,,,,,,,,,,,,,,,,,,,,,,,,,,,,,,,,,,,,,,,,,,,,,,,,,,,,,,,,,,,,,,,,,,,,,,,,,,,,,,,,,,,,,,,,,,,,,,,,,,,,,,
,,,,,,,,,,,,,,,,,,,,,,,,,,,,,,,,,,,,,,,,,,,,,,,,,,,,,,,,,,,,,,,,,,,,,,,,,,,,,,,,,,,,,,,,,,,,,,,,,,,,,,,,,,,,,,,,,,,,,,,,,,,,,,,,,
,,,,,,,,,,,,,,,,,,,,,,,,,,,,,,,,,,,,,,,,,,,,,,,,,,,,,,,,,,,,,,,,,,,,,,,,,,,,,,,,,,,,,,,,,,,,,,,,,,,,,,,,,,,,,,,,,,,,,,,,,,,,,,,,,
,,,,,,,,,,,,,,,,,,,,,,,,,,,,,,,,,,,,,,,,,,,,,,,,,,,,,,,,,,,,,,,,,,,,,,,,,,,,,,,,,,,,,,,,,,,,,,,,,,,,,,,,,,,,,,,,,,,,,,,,,,,,,,,,,
,,,,,,,,,,,,,,,,,,,,,,,,,,,,,,,,,,,,,,,,,,,,,,,,,,,,,,,,,,,,,,,,,,,,,,,,,,,,,,,,,,,,,,,,,,,,,,,,,,,,,,,,,,,,,,,,,,,,,,,,,,,,,,,,,
,,,,,,,,,,,,,,,,,,,,,,,,,,,,,,,,,,,,,,,,,,,,,,,,,,,,,,,,,,,,,,,,,,,,,,,,,,,,,,,,,,,,,,,,,,,,,,,,,,,,,,,,,,,,,,,,,,,,,,,,,,,,,,,,,
,,,,,,,,,,,,,,,,,,,,,,,,,,,,,,,,,,,,,,,,,,,,,,,,,,,,,,,,,,,,,,,,,,,,,,,,,,,,,,,,,,,,,,,,,,,,,,,,,,,,,,,,,,,,,,,,,,,,,,,,,,,,,,,,,
,,,,,,,,,,,,,,,,,,,,,,,,,,,,,,,,,,,,,,,,,,,,,,,,,,,,,,,,,,,,,,,,,,,,,,,,,,,,,,,,,,,,,,,,,,,,,,,,,,,,,,,,,,,,,,,,,,,,,,,,,,,,,,,,,
,,,,,,,,,,,,,,,,,,,,,,,,,,,,,,,,,,,,,,,,,,,,,,,,,,,,,,,,,,,,,,,,,,,,,,,,,,,,,,,,,,,,,,,,,,,,,,,,,,,,,,,,,,,,,,,,,,,,,,,,,,,,,,,,,
,,,,,,,,,,,,,,,,,,,,,,,,,,,,,,,,,,,,,,,,,,,,,,,,,,,,,,,,,,,,,,,,,,,,,,,,,,,,,,,,,,,,,,,,,,,,,,,,,,,,,,,,,,,,,,,,,,,,,,,,,,,,,,,,,
,,,,,,,,,,,,,,,,,,,,,,,,,,,,,,,,,,,,,,,,,,,,,,,,,,,,,,,,,,,,,,,,,,,,,,,,,,,,,,,,,,,,,,,,,,,,,,,,,,,,,,,,,,,,,,,,,,,,,,,,,,,,,,,,,
,,,,,,,,,,,,,,,,,,,,,,,,,,,,,,,,,,,,,,,,,,,,,,,,,,,,,,,,,,,,,,,,,,,,,,,,,,,,,,,,,,,,,,,,,,,,,,,,,,,,,,,,,,,,,,,,,,,,,,,,,,,,,,,,,
,,,,,,,,,,,,,,,,,,,,,,,,,,,,,,,,,,,,,,,,,,,,,,,,,,,,,,,,,,,,,,,,,,,,,,,,,,,,,,,,,,,,,,,,,,,,,,,,,,,,,,,,,,,,,,,,,,,,,,,,,,,,,,,,,
,,,,,,,,,,,,,,,,,,,,,,,,,,,,,,,,,,,,,,,,,,,,,,,,,,,,,,,,,,,,,,,,,,,,,,,,,,,,,,,,,,,,,,,,,,,,,,,,,,,,,,,,,,,,,,,,,,,,,,,,,,,,,,,,,
,,,,,,,,,,,,,,,,,,,,,,,,,,,,,,,,,,,,,,,,,,,,,,,,,,,,,,,,,,,,,,,,,,,,,,,,,,,,,,,,,,,,,,,,,,,,,,,,,,,,,,,,,,,,,,,,,,,,,,,,,,,,,,,,,
,,,,,,,,,,,,,,,,,,,,,,,,,,,,,,,,,,,,,,,,,,,,,,,,,,,,,,,,,,,,,,,,,,,,,,,,,,,,,,,,,,,,,,,,,,,,,,,,,,,,,,,,,,,,,,,,,,,,,,,,,,,,,,,,,
,,,,,,,,,,,,,,,,,,,,,,,,,,,,,,,,,,,,,,,,,,,,,,,,,,,,,,,,,,,,,,,,,,,,,,,,,,,,,,,,,,,,,,,,,,,,,,,,,,,,,,,,,,,,,,,,,,,,,,,,,,,,,,,,,
,,,,,,,,,,,,,,,,,,,,,,,,,,,,,,,,,,,,,,,,,,,,,,,,,,,,,,,,,,,,,,,,,,,,,,,,,,,,,,,,,,,,,,,,,,,,,,,,,,,,,,,,,,,,,,,,,,,,,,,,,,,,,,,,,
,,,,,,,,,,,,,,,,,,,,,,,,,,,,,,,,,,,,,,,,,,,,,,,,,,,,,,,,,,,,,,,,,,,,,,,,,,,,,,,,,,,,,,,,,,,,,,,,,,,,,,,,,,,,,,,,,,,,,,,,,,,,,,,,,
,,,,,,,,,,,,,,,,,,,,,,,,,,,,,,,,,,,,,,,,,,,,,,,,,,,,,,,,,,,,,,,,,,,,,,,,,,,,,,,,,,,,,,,,,,,,,,,,,,,,,,,,,,,,,,,,,,,,,,,,,,,,,,,,,
,,,,,,,,,,,,,,,,,,,,,,,,,,,,,,,,,,,,,,,,,,,,,,,,,,,,,,,,,,,,,,,,,,,,,,,,,,,,,,,,,,,,,,,,,,,,,,,,,,,,,,,,,,,,,,,,,,,,,,,,,,,,,,,,,
,,,,,,,,,,,,,,,,,,,,,,,,,,,,,,,,,,,,,,,,,,,,,,,,,,,,,,,,,,,,,,,,,,,,,,,,,,,,,,,,,,,,,,,,,,,,,,,,,,,,,,,,,,,,,,,,,,,,,,,,,,,,,,,,,
,,,,,,,,,,,,,,,,,,,,,,,,,,,,,,,,,,,,,,,,,,,,,,,,,,,,,,,,,,,,,,,,,,,,,,,,,,,,,,,,,,,,,,,,,,,,,,,,,,,,,,,,,,,,,,,,,,,,,,,,,,,,,,,,,
,,,,,,,,,,,,,,,,,,,,,,,,,,,,,,,,,,,,,,,,,,,,,,,,,,,,,,,,,,,,,,,,,,,,,,,,,,,,,,,,,,,,,,,,,,,,,,,,,,,,,,,,,,,,,,,,,,,,,,,,,,,,,,,,,
,,,,,,,,,,,,,,,,,,,,,,,,,,,,,,,,,,,,,,,,,,,,,,,,,,,,,,,,,,,,,,,,,,,,,,,,,,,,,,,,,,,,,,,,,,,,,,,,,,,,,,,,,,,,,,,,,,,,,,,,,,,,,,,,,
,,,,,,,,,,,,,,,,,,,,,,,,,,,,,,,,,,,,,,,,,,,,,,,,,,,,,,,,,,,,,,,,,,,,,,,,,,,,,,,,,,,,,,,,,,,,,,,,,,,,,,,,,,,,,,,,,,,,,,,,,,,,,,,,,
,,,,,,,,,,,,,,,,,,,,,,,,,,,,,,,,,,,,,,,,,,,,,,,,,,,,,,,,,,,,,,,,,,,,,,,,,,,,,,,,,,,,,,,,,,,,,,,,,,,,,,,,,,,,,,,,,,,,,,,,,,,,,,,,,
,,,,,,,,,,,,,,,,,,,,,,,,,,,,,,,,,,,,,,,,,,,,,,,,,,,,,,,,,,,,,,,,,,,,,,,,,,,,,,,,,,,,,,,,,,,,,,,,,,,,,,,,,,,,,,,,,,,,,,,,,,,,,,,,,
,,,,,,,,,,,,,,,,,,,,,,,,,,,,,,,,,,,,,,,,,,,,,,,,,,,,,,,,,,,,,,,,,,,,,,,,,,,,,,,,,,,,,,,,,,,,,,,,,,,,,,,,,,,,,,,,,,,,,,,,,,,,,,,,,
,,,,,,,,,,,,,,,,,,,,,,,,,,,,,,,,,,,,,,,,,,,,,,,,,,,,,,,,,,,,,,,,,,,,,,,,,,,,,,,,,,,,,,,,,,,,,,,,,,,,,,,,,,,,,,,,,,,,,,,,,,,,,,,,,
,,,,,,,,,,,,,,,,,,,,,,,,,,,,,,,,,,,,,,,,,,,,,,,,,,,,,,,,,,,,,,,,,,,,,,,,,,,,,,,,,,,,,,,,,,,,,,,,,,,,,,,,,,,,,,,,,,,,,,,,,,,,,,,,,
,,,,,,,,,,,,,,,,,,,,,,,,,,,,,,,,,,,,,,,,,,,,,,,,,,,,,,,,,,,,,,,,,,,,,,,,,,,,,,,,,,,,,,,,,,,,,,,,,,,,,,,,,,,,,,,,,,,,,,,,,,,,,,,,,
,,,,,,,,,,,,,,,,,,,,,,,,,,,,,,,,,,,,,,,,,,,,,,,,,,,,,,,,,,,,,,,,,,,,,,,,,,,,,,,,,,,,,,,,,,,,,,,,,,,,,,,,,,,,,,,,,,,,,,,,,,,,,,,,,
,,,,,,,,,,,,,,,,,,,,,,,,,,,,,,,,,,,,,,,,,,,,,,,,,,,,,,,,,,,,,,,,,,,,,,,,,,,,,,,,,,,,,,,,,,,,,,,,,,,,,,,,,,,,,,,,,,,,,,,,,,,,,,,,,
,,,,,,,,,,,,,,,,,,,,,,,,,,,,,,,,,,,,,,,,,,,,,,,,,,,,,,,,,,,,,,,,,,,,,,,,,,,,,,,,,,,,,,,,,,,,,,,,,,,,,,,,,,,,,,,,,,,,,,,,,,,,,,,,,
,,,,,,,,,,,,,,,,,,,,,,,,,,,,,,,,,,,,,,,,,,,,,,,,,,,,,,,,,,,,,,,,,,,,,,,,,,,,,,,,,,,,,,,,,,,,,,,,,,,,,,,,,,,,,,,,,,,,,,,,,,,,,,,,,
,,,,,,,,,,,,,,,,,,,,,,,,,,,,,,,,,,,,,,,,,,,,,,,,,,,,,,,,,,,,,,,,,,,,,,,,,,,,,,,,,,,,,,,,,,,,,,,,,,,,,,,,,,,,,,,,,,,,,,,,,,,,,,,,,
,,,,,,,,,,,,,,,,,,,,,,,,,,,,,,,,,,,,,,,,,,,,,,,,,,,,,,,,,,,,,,,,,,,,,,,,,,,,,,,,,,,,,,,,,,,,,,,,,,,,,,,,,,,,,,,,,,,,,,,,,,,,,,,,,
,,,,,,,,,,,,,,,,,,,,,,,,,,,,,,,,,,,,,,,,,,,,,,,,,,,,,,,,,,,,,,,,,,,,,,,,,,,,,,,,,,,,,,,,,,,,,,,,,,,,,,,,,,,,,,,,,,,,,,,,,,,,,,,,,
,,,,,,,,,,,,,,,,,,,,,,,,,,,,,,,,,,,,,,,,,,,,,,,,,,,,,,,,,,,,,,,,,,,,,,,,,,,,,,,,,,,,,,,,,,,,,,,,,,,,,,,,,,,,,,,,,,,,,,,,,,,,,,,,,
,,,,,,,,,,,,,,,,,,,,,,,,,,,,,,,,,,,,,,,,,,,,,,,,,,,,,,,,,,,,,,,,,,,,,,,,,,,,,,,,,,,,,,,,,,,,,,,,,,,,,,,,,,,,,,,,,,,,,,,,,,,,,,,,,
,,,,,,,,,,,,,,,,,,,,,,,,,,,,,,,,,,,,,,,,,,,,,,,,,,,,,,,,,,,,,,,,,,,,,,,,,,,,,,,,,,,,,,,,,,,,,,,,,,,,,,,,,,,,,,,,,,,,,,,,,,,,,,,,,
,,,,,,,,,,,,,,,,,,,,,,,,,,,,,,,,,,,,,,,,,,,,,,,,,,,,,,,,,,,,,,,,,,,,,,,,,,,,,,,,,,,,,,,,,,,,,,,,,,,,,,,,,,,,,,,,,,,,,,,,,,,,,,,,,
,,,,,,,,,,,,,,,,,,,,,,,,,,,,,,,,,,,,,,,,,,,,,,,,,,,,,,,,,,,,,,,,,,,,,,,,,,,,,,,,,,,,,,,,,,,,,,,,,,,,,,,,,,,,,,,,,,,,,,,,,,,,,,,,,
,,,,,,,,,,,,,,,,,,,,,,,,,,,,,,,,,,,,,,,,,,,,,,,,,,,,,,,,,,,,,,,,,,,,,,,,,,,,,,,,,,,,,,,,,,,,,,,,,,,,,,,,,,,,,,,,,,,,,,,,,,,,,,,,,
,,,,,,,,,,,,,,,,,,,,,,,,,,,,,,,,,,,,,,,,,,,,,,,,,,,,,,,,,,,,,,,,,,,,,,,,,,,,,,,,,,,,,,,,,,,,,,,,,,,,,,,,,,,,,,,,,,,,,,,,,,,,,,,,,
,,,,,,,,,,,,,,,,,,,,,,,,,,,,,,,,,,,,,,,,,,,,,,,,,,,,,,,,,,,,,,,,,,,,,,,,,,,,,,,,,,,,,,,,,,,,,,,,,,,,,,,,,,,,,,,,,,,,,,,,,,,,,,,,,
,,,,,,,,,,,,,,,,,,,,,,,,,,,,,,,,,,,,,,,,,,,,,,,,,,,,,,,,,,,,,,,,,,,,,,,,,,,,,,,,,,,,,,,,,,,,,,,,,,,,,,,,,,,,,,,,,,,,,,,,,,,,,,,,,
,,,,,,,,,,,,,,,,,,,,,,,,,,,,,,,,,,,,,,,,,,,,,,,,,,,,,,,,,,,,,,,,,,,,,,,,,,,,,,,,,,,,,,,,,,,,,,,,,,,,,,,,,,,,,,,,,,,,,,,,,,,,,,,,,
,,,,,,,,,,,,,,,,,,,,,,,,,,,,,,,,,,,,,,,,,,,,,,,,,,,,,,,,,,,,,,,,,,,,,,,,,,,,,,,,,,,,,,,,,,,,,,,,,,,,,,,,,,,,,,,,,,,,,,,,,,,,,,,,,
,,,,,,,,,,,,,,,,,,,,,,,,,,,,,,,,,,,,,,,,,,,,,,,,,,,,,,,,,,,,,,,,,,,,,,,,,,,,,,,,,,,,,,,,,,,,,,,,,,,,,,,,,,,,,,,,,,,,,,,,,,,,,,,,,
,,,,,,,,,,,,,,,,,,,,,,,,,,,,,,,,,,,,,,,,,,,,,,,,,,,,,,,,,,,,,,,,,,,,,,,,,,,,,,,,,,,,,,,,,,,,,,,,,,,,,,,,,,,,,,,,,,,,,,,,,,,,,,,,,
,,,,,,,,,,,,,,,,,,,,,,,,,,,,,,,,,,,,,,,,,,,,,,,,,,,,,,,,,,,,,,,,,,,,,,,,,,,,,,,,,,,,,,,,,,,,,,,,,,,,,,,,,,,,,,,,,,,,,,,,,,,,,,,,,
,,,,,,,,,,,,,,,,,,,,,,,,,,,,,,,,,,,,,,,,,,,,,,,,,,,,,,,,,,,,,,,,,,,,,,,,,,,,,,,,,,,,,,,,,,,,,,,,,,,,,,,,,,,,,,,,,,,,,,,,,,,,,,,,,
,,,,,,,,,,,,,,,,,,,,,,,,,,,,,,,,,,,,,,,,,,,,,,,,,,,,,,,,,,,,,,,,,,,,,,,,,,,,,,,,,,,,,,,,,,,,,,,,,,,,,,,,,,,,,,,,,,,,,,,,,,,,,,,,,
,,,,,,,,,,,,,,,,,,,,,,,,,,,,,,,,,,,,,,,,,,,,,,,,,,,,,,,,,,,,,,,,,,,,,,,,,,,,,,,,,,,,,,,,,,,,,,,,,,,,,,,,,,,,,,,,,,,,,,,,,,,,,,,,,
,,,,,,,,,,,,,,,,,,,,,,,,,,,,,,,,,,,,,,,,,,,,,,,,,,,,,,,,,,,,,,,,,,,,,,,,,,,,,,,,,,,,,,,,,,,,,,,,,,,,,,,,,,,,,,,,,,,,,,,,,,,,,,,,,
,,,,,,,,,,,,,,,,,,,,,,,,,,,,,,,,,,,,,,,,,,,,,,,,,,,,,,,,,,,,,,,,,,,,,,,,,,,,,,,,,,,,,,,,,,,,,,,,,,,,,,,,,,,,,,,,,,,,,,,,,,,,,,,,,
,,,,,,,,,,,,,,,,,,,,,,,,,,,,,,,,,,,,,,,,,,,,,,,,,,,,,,,,,,,,,,,,,,,,,,,,,,,,,,,,,,,,,,,,,,,,,,,,,,,,,,,,,,,,,,,,,,,,,,,,,,,,,,,,,
,,,,,,,,,,,,,,,,,,,,,,,,,,,,,,,,,,,,,,,,,,,,,,,,,,,,,,,,,,,,,,,,,,,,,,,,,,,,,,,,,,,,,,,,,,,,,,,,,,,,,,,,,,,,,,,,,,,,,,,,,,,,,,,,,
,,,,,,,,,,,,,,,,,,,,,,,,,,,,,,,,,,,,,,,,,,,,,,,,,,,,,,,,,,,,,,,,,,,,,,,,,,,,,,,,,,,,,,,,,,,,,,,,,,,,,,,,,,,,,,,,,,,,,,,,,,,,,,,,,
,,,,,,,,,,,,,,,,,,,,,,,,,,,,,,,,,,,,,,,,,,,,,,,,,,,,,,,,,,,,,,,,,,,,,,,,,,,,,,,,,,,,,,,,,,,,,,,,,,,,,,,,,,,,,,,,,,,,,,,,,,,,,,,,,
,,,,,,,,,,,,,,,,,,,,,,,,,,,,,,,,,,,,,,,,,,,,,,,,,,,,,,,,,,,,,,,,,,,,,,,,,,,,,,,,,,,,,,,,,,,,,,,,,,,,,,,,,,,,,,,,,,,,,,,,,,,,,,,,,
,,,,,,,,,,,,,,,,,,,,,,,,,,,,,,,,,,,,,,,,,,,,,,,,,,,,,,,,,,,,,,,,,,,,,,,,,,,,,,,,,,,,,,,,,,,,,,,,,,,,,,,,,,,,,,,,,,,,,,,,,,,,,,,,,
,,,,,,,,,,,,,,,,,,,,,,,,,,,,,,,,,,,,,,,,,,,,,,,,,,,,,,,,,,,,,,,,,,,,,,,,,,,,,,,,,,,,,,,,,,,,,,,,,,,,,,,,,,,,,,,,,,,,,,,,,,,,,,,,,
,,,,,,,,,,,,,,,,,,,,,,,,,,,,,,,,,,,,,,,,,,,,,,,,,,,,,,,,,,,,,,,,,,,,,,,,,,,,,,,,,,,,,,,,,,,,,,,,,,,,,,,,,,,,,,,,,,,,,,,,,,,,,,,,,
,,,,,,,,,,,,,,,,,,,,,,,,,,,,,,,,,,,,,,,,,,,,,,,,,,,,,,,,,,,,,,,,,,,,,,,,,,,,,,,,,,,,,,,,,,,,,,,,,,,,,,,,,,,,,,,,,,,,,,,,,,,,,,,,,
,,,,,,,,,,,,,,,,,,,,,,,,,,,,,,,,,,,,,,,,,,,,,,,,,,,,,,,,,,,,,,,,,,,,,,,,,,,,,,,,,,,,,,,,,,,,,,,,,,,,,,,,,,,,,,,,,,,,,,,,,,,,,,,,,
,,,,,,,,,,,,,,,,,,,,,,,,,,,,,,,,,,,,,,,,,,,,,,,,,,,,,,,,,,,,,,,,,,,,,,,,,,,,,,,,,,,,,,,,,,,,,,,,,,,,,,,,,,,,,,,,,,,,,,,,,,,,,,,,,
,,,,,,,,,,,,,,,,,,,,,,,,,,,,,,,,,,,,,,,,,,,,,,,,,,,,,,,,,,,,,,,,,,,,,,,,,,,,,,,,,,,,,,,,,,,,,,,,,,,,,,,,,,,,,,,,,,,,,,,,,,,,,,,,,
,,,,,,,,,,,,,,,,,,,,,,,,,,,,,,,,,,,,,,,,,,,,,,,,,,,,,,,,,,,,,,,,,,,,,,,,,,,,,,,,,,,,,,,,,,,,,,,,,,,,,,,,,,,,,,,,,,,,,,,,,,,,,,,,,
,,,,,,,,,,,,,,,,,,,,,,,,,,,,,,,,,,,,,,,,,,,,,,,,,,,,,,,,,,,,,,,,,,,,,,,,,,,,,,,,,,,,,,,,,,,,,,,,,,,,,,,,,,,,,,,,,,,,,,,,,,,,,,,,,
,,,,,,,,,,,,,,,,,,,,,,,,,,,,,,,,,,,,,,,,,,,,,,,,,,,,,,,,,,,,,,,,,,,,,,,,,,,,,,,,,,,,,,,,,,,,,,,,,,,,,,,,,,,,,,,,,,,,,,,,,,,,,,,,,
,,,,,,,,,,,,,,,,,,,,,,,,,,,,,,,,,,,,,,,,,,,,,,,,,,,,,,,,,,,,,,,,,,,,,,,,,,,,,,,,,,,,,,,,,,,,,,,,,,,,,,,,,,,,,,,,,,,,,,,,,,,,,,,,,
,,,,,,,,,,,,,,,,,,,,,,,,,,,,,,,,,,,,,,,,,,,,,,,,,,,,,,,,,,,,,,,,,,,,,,,,,,,,,,,,,,,,,,,,,,,,,,,,,,,,,,,,,,,,,,,,,,,,,,,,,,,,,,,,,
,,,,,,,,,,,,,,,,,,,,,,,,,,,,,,,,,,,,,,,,,,,,,,,,,,,,,,,,,,,,,,,,,,,,,,,,,,,,,,,,,,,,,,,,,,,,,,,,,,,,,,,,,,,,,,,,,,,,,,,,,,,,,,,,,
,,,,,,,,,,,,,,,,,,,,,,,,,,,,,,,,,,,,,,,,,,,,,,,,,,,,,,,,,,,,,,,,,,,,,,,,,,,,,,,,,,,,,,,,,,,,,,,,,,,,,,,,,,,,,,,,,,,,,,,,,,,,,,,,,
,,,,,,,,,,,,,,,,,,,,,,,,,,,,,,,,,,,,,,,,,,,,,,,,,,,,,,,,,,,,,,,,,,,,,,,,,,,,,,,,,,,,,,,,,,,,,,,,,,,,,,,,,,,,,,,,,,,,,,,,,,,,,,,,,
,,,,,,,,,,,,,,,,,,,,,,,,,,,,,,,,,,,,,,,,,,,,,,,,,,,,,,,,,,,,,,,,,,,,,,,,,,,,,,,,,,,,,,,,,,,,,,,,,,,,,,,,,,,,,,,,,,,,,,,,,,,,,,,,,
,,,,,,,,,,,,,,,,,,,,,,,,,,,,,,,,,,,,,,,,,,,,,,,,,,,,,,,,,,,,,,,,,,,,,,,,,,,,,,,,,,,,,,,,,,,,,,,,,,,,,,,,,,,,,,,,,,,,,,,,,,,,,,,,,
,,,,,,,,,,,,,,,,,,,,,,,,,,,,,,,,,,,,,,,,,,,,,,,,,,,,,,,,,,,,,,,,,,,,,,,,,,,,,,,,,,,,,,,,,,,,,,,,,,,,,,,,,,,,,,,,,,,,,,,,,,,,,,,,,
,,,,,,,,,,,,,,,,,,,,,,,,,,,,,,,,,,,,,,,,,,,,,,,,,,,,,,,,,,,,,,,,,,,,,,,,,,,,,,,,,,,,,,,,,,,,,,,,,,,,,,,,,,,,,,,,,,,,,,,,,,,,,,,,,
,,,,,,,,,,,,,,,,,,,,,,,,,,,,,,,,,,,,,,,,,,,,,,,,,,,,,,,,,,,,,,,,,,,,,,,,,,,,,,,,,,,,,,,,,,,,,,,,,,,,,,,,,,,,,,,,,,,,,,,,,,,,,,,,,
,,,,,,,,,,,,,,,,,,,,,,,,,,,,,,,,,,,,,,,,,,,,,,,,,,,,,,,,,,,,,,,,,,,,,,,,,,,,,,,,,,,,,,,,,,,,,,,,,,,,,,,,,,,,,,,,,,,,,,,,,,,,,,,,,
,,,,,,,,,,,,,,,,,,,,,,,,,,,,,,,,,,,,,,,,,,,,,,,,,,,,,,,,,,,,,,,,,,,,,,,,,,,,,,,,,,,,,,,,,,,,,,,,,,,,,,,,,,,,,,,,,,,,,,,,,,,,,,,,,
,,,,,,,,,,,,,,,,,,,,,,,,,,,,,,,,,,,,,,,,,,,,,,,,,,,,,,,,,,,,,,,,,,,,,,,,,,,,,,,,,,,,,,,,,,,,,,,,,,,,,,,,,,,,,,,,,,,,,,,,,,,,,,,,,
,,,,,,,,,,,,,,,,,,,,,,,,,,,,,,,,,,,,,,,,,,,,,,,,,,,,,,,,,,,,,,,,,,,,,,,,,,,,,,,,,,,,,,,,,,,,,,,,,,,,,,,,,,,,,,,,,,,,,,,,,,,,,,,,,
,,,,,,,,,,,,,,,,,,,,,,,,,,,,,,,,,,,,,,,,,,,,,,,,,,,,,,,,,,,,,,,,,,,,,,,,,,,,,,,,,,,,,,,,,,,,,,,,,,,,,,,,,,,,,,,,,,,,,,,,,,,,,,,,,
,,,,,,,,,,,,,,,,,,,,,,,,,,,,,,,,,,,,,,,,,,,,,,,,,,,,,,,,,,,,,,,,,,,,,,,,,,,,,,,,,,,,,,,,,,,,,,,,,,,,,,,,,,,,,,,,,,,,,,,,,,,,,,,,,
,,,,,,,,,,,,,,,,,,,,,,,,,,,,,,,,,,,,,,,,,,,,,,,,,,,,,,,,,,,,,,,,,,,,,,,,,,,,,,,,,,,,,,,,,,,,,,,,,,,,,,,,,,,,,,,,,,,,,,,,,,,,,,,,,
,,,,,,,,,,,,,,,,,,,,,,,,,,,,,,,,,,,,,,,,,,,,,,,,,,,,,,,,,,,,,,,,,,,,,,,,,,,,,,,,,,,,,,,,,,,,,,,,,,,,,,,,,,,,,,,,,,,,,,,,,,,,,,,,,
,,,,,,,,,,,,,,,,,,,,,,,,,,,,,,,,,,,,,,,,,,,,,,,,,,,,,,,,,,,,,,,,,,,,,,,,,,,,,,,,,,,,,,,,,,,,,,,,,,,,,,,,,,,,,,,,,,,,,,,,,,,,,,,,,
,,,,,,,,,,,,,,,,,,,,,,,,,,,,,,,,,,,,,,,,,,,,,,,,,,,,,,,,,,,,,,,,,,,,,,,,,,,,,,,,,,,,,,,,,,,,,,,,,,,,,,,,,,,,,,,,,,,,,,,,,,,,,,,,,
,,,,,,,,,,,,,,,,,,,,,,,,,,,,,,,,,,,,,,,,,,,,,,,,,,,,,,,,,,,,,,,,,,,,,,,,,,,,,,,,,,,,,,,,,,,,,,,,,,,,,,,,,,,,,,,,,,,,,,,,,,,,,,,,,
,,,,,,,,,,,,,,,,,,,,,,,,,,,,,,,,,,,,,,,,,,,,,,,,,,,,,,,,,,,,,,,,,,,,,,,,,,,,,,,,,,,,,,,,,,,,,,,,,,,,,,,,,,,,,,,,,,,,,,,,,,,,,,,,,
,,,,,,,,,,,,,,,,,,,,,,,,,,,,,,,,,,,,,,,,,,,,,,,,,,,,,,,,,,,,,,,,,,,,,,,,,,,,,,,,,,,,,,,,,,,,,,,,,,,,,,,,,,,,,,,,,,,,,,,,,,,,,,,,,
,,,,,,,,,,,,,,,,,,,,,,,,,,,,,,,,,,,,,,,,,,,,,,,,,,,,,,,,,,,,,,,,,,,,,,,,,,,,,,,,,,,,,,,,,,,,,,,,,,,,,,,,,,,,,,,,,,,,,,,,,,,,,,,,,
,,,,,,,,,,,,,,,,,,,,,,,,,,,,,,,,,,,,,,,,,,,,,,,,,,,,,,,,,,,,,,,,,,,,,,,,,,,,,,,,,,,,,,,,,,,,,,,,,,,,,,,,,,,,,,,,,,,,,,,,,,,,,,,,,
,,,,,,,,,,,,,,,,,,,,,,,,,,,,,,,,,,,,,,,,,,,,,,,,,,,,,,,,,,,,,,,,,,,,,,,,,,,,,,,,,,,,,,,,,,,,,,,,,,,,,,,,,,,,,,,,,,,,,,,,,,,,,,,,,
,,,,,,,,,,,,,,,,,,,,,,,,,,,,,,,,,,,,,,,,,,,,,,,,,,,,,,,,,,,,,,,,,,,,,,,,,,,,,,,,,,,,,,,,,,,,,,,,,,,,,,,,,,,,,,,,,,,,,,,,,,,,,,,,,
,,,,,,,,,,,,,,,,,,,,,,,,,,,,,,,,,,,,,,,,,,,,,,,,,,,,,,,,,,,,,,,,,,,,,,,,,,,,,,,,,,,,,,,,,,,,,,,,,,,,,,,,,,,,,,,,,,,,,,,,,,,,,,,,,
,,,,,,,,,,,,,,,,,,,,,,,,,,,,,,,,,,,,,,,,,,,,,,,,,,,,,,,,,,,,,,,,,,,,,,,,,,,,,,,,,,,,,,,,,,,,,,,,,,,,,,,,,,,,,,,,,,,,,,,,,,,,,,,,,
,,,,,,,,,,,,,,,,,,,,,,,,,,,,,,,,,,,,,,,,,,,,,,,,,,,,,,,,,,,,,,,,,,,,,,,,,,,,,,,,,,,,,,,,,,,,,,,,,,,,,,,,,,,,,,,,,,,,,,,,,,,,,,,,,
,,,,,,,,,,,,,,,,,,,,,,,,,,,,,,,,,,,,,,,,,,,,,,,,,,,,,,,,,,,,,,,,,,,,,,,,,,,,,,,,,,,,,,,,,,,,,,,,,,,,,,,,,,,,,,,,,,,,,,,,,,,,,,,,,
,,,,,,,,,,,,,,,,,,,,,,,,,,,,,,,,,,,,,,,,,,,,,,,,,,,,,,,,,,,,,,,,,,,,,,,,,,,,,,,,,,,,,,,,,,,,,,,,,,,,,,,,,,,,,,,,,,,,,,,,,,,,,,,,,
,,,,,,,,,,,,,,,,,,,,,,,,,,,,,,,,,,,,,,,,,,,,,,,,,,,,,,,,,,,,,,,,,,,,,,,,,,,,,,,,,,,,,,,,,,,,,,,,,,,,,,,,,,,,,,,,,,,,,,,,,,,,,,,,,
,,,,,,,,,,,,,,,,,,,,,,,,,,,,,,,,,,,,,,,,,,,,,,,,,,,,,,,,,,,,,,,,,,,,,,,,,,,,,,,,,,,,,,,,,,,,,,,,,,,,,,,,,,,,,,,,,,,,,,,,,,,,,,,,,
,,,,,,,,,,,,,,,,,,,,,,,,,,,,,,,,,,,,,,,,,,,,,,,,,,,,,,,,,,,,,,,,,,,,,,,,,,,,,,,,,,,,,,,,,,,,,,,,,,,,,,,,,,,,,,,,,,,,,,,,,,,,,,,,,
,,,,,,,,,,,,,,,,,,,,,,,,,,,,,,,,,,,,,,,,,,,,,,,,,,,,,,,,,,,,,,,,,,,,,,,,,,,,,,,,,,,,,,,,,,,,,,,,,,,,,,,,,,,,,,,,,,,,,,,,,,,,,,,,,
,,,,,,,,,,,,,,,,,,,,,,,,,,,,,,,,,,,,,,,,,,,,,,,,,,,,,,,,,,,,,,,,,,,,,,,,,,,,,,,,,,,,,,,,,,,,,,,,,,,,,,,,,,,,,,,,,,,,,,,,,,,,,,,,,
,,,,,,,,,,,,,,,,,,,,,,,,,,,,,,,,,,,,,,,,,,,,,,,,,,,,,,,,,,,,,,,,,,,,,,,,,,,,,,,,,,,,,,,,,,,,,,,,,,,,,,,,,,,,,,,,,,,,,,,,,,,,,,,,,
,,,,,,,,,,,,,,,,,,,,,,,,,,,,,,,,,,,,,,,,,,,,,,,,,,,,,,,,,,,,,,,,,,,,,,,,,,,,,,,,,,,,,,,,,,,,,,,,,,,,,,,,,,,,,,,,,,,,,,,,,,,,,,,,,
,,,,,,,,,,,,,,,,,,,,,,,,,,,,,,,,,,,,,,,,,,,,,,,,,,,,,,,,,,,,,,,,,,,,,,,,,,,,,,,,,,,,,,,,,,,,,,,,,,,,,,,,,,,,,,,,,,,,,,,,,,,,,,,,,
,,,,,,,,,,,,,,,,,,,,,,,,,,,,,,,,,,,,,,,,,,,,,,,,,,,,,,,,,,,,,,,,,,,,,,,,,,,,,,,,,,,,,,,,,,,,,,,,,,,,,,,,,,,,,,,,,,,,,,,,,,,,,,,,,
,,,,,,,,,,,,,,,,,,,,,,,,,,,,,,,,,,,,,,,,,,,,,,,,,,,,,,,,,,,,,,,,,,,,,,,,,,,,,,,,,,,,,,,,,,,,,,,,,,,,,,,,,,,,,,,,,,,,,,,,,,,,,,,,,
,,,,,,,,,,,,,,,,,,,,,,,,,,,,,,,,,,,,,,,,,,,,,,,,,,,,,,,,,,,,,,,,,,,,,,,,,,,,,,,,,,,,,,,,,,,,,,,,,,,,,,,,,,,,,,,,,,,,,,,,,,,,,,,,,
,,,,,,,,,,,,,,,,,,,,,,,,,,,,,,,,,,,,,,,,,,,,,,,,,,,,,,,,,,,,,,,,,,,,,,,,,,,,,,,,,,,,,,,,,,,,,,,,,,,,,,,,,,,,,,,,,,,,,,,,,,,,,,,,,
,,,,,,,,,,,,,,,,,,,,,,,,,,,,,,,,,,,,,,,,,,,,,,,,,,,,,,,,,,,,,,,,,,,,,,,,,,,,,,,,,,,,,,,,,,,,,,,,,,,,,,,,,,,,,,,,,,,,,,,,,,,,,,,,,
,,,,,,,,,,,,,,,,,,,,,,,,,,,,,,,,,,,,,,,,,,,,,,,,,,,,,,,,,,,,,,,,,,,,,,,,,,,,,,,,,,,,,,,,,,,,,,,,,,,,,,,,,,,,,,,,,,,,,,,,,,,,,,,,,
,,,,,,,,,,,,,,,,,,,,,,,,,,,,,,,,,,,,,,,,,,,,,,,,,,,,,,,,,,,,,,,,,,,,,,,,,,,,,,,,,,,,,,,,,,,,,,,,,,,,,,,,,,,,,,,,,,,,,,,,,,,,,,,,,
,,,,,,,,,,,,,,,,,,,,,,,,,,,,,,,,,,,,,,,,,,,,,,,,,,,,,,,,,,,,,,,,,,,,,,,,,,,,,,,,,,,,,,,,,,,,,,,,,,,,,,,,,,,,,,,,,,,,,,,,,,,,,,,,,
,,,,,,,,,,,,,,,,,,,,,,,,,,,,,,,,,,,,,,,,,,,,,,,,,,,,,,,,,,,,,,,,,,,,,,,,,,,,,,,,,,,,,,,,,,,,,,,,,,,,,,,,,,,,,,,,,,,,,,,,,,,,,,,,,
,,,,,,,,,,,,,,,,,,,,,,,,,,,,,,,,,,,,,,,,,,,,,,,,,,,,,,,,,,,,,,,,,,,,,,,,,,,,,,,,,,,,,,,,,,,,,,,,,,,,,,,,,,,,,,,,,,,,,,,,,,,,,,,,,
,,,,,,,,,,,,,,,,,,,,,,,,,,,,,,,,,,,,,,,,,,,,,,,,,,,,,,,,,,,,,,,,,,,,,,,,,,,,,,,,,,,,,,,,,,,,,,,,,,,,,,,,,,,,,,,,,,,,,,,,,,,,,,,,,
,,,,,,,,,,,,,,,,,,,,,,,,,,,,,,,,,,,,,,,,,,,,,,,,,,,,,,,,,,,,,,,,,,,,,,,,,,,,,,,,,,,,,,,,,,,,,,,,,,,,,,,,,,,,,,,,,,,,,,,,,,,,,,,,,
,,,,,,,,,,,,,,,,,,,,,,,,,,,,,,,,,,,,,,,,,,,,,,,,,,,,,,,,,,,,,,,,,,,,,,,,,,,,,,,,,,,,,,,,,,,,,,,,,,,,,,,,,,,,,,,,,,,,,,,,,,,,,,,,,
,,,,,,,,,,,,,,,,,,,,,,,,,,,,,,,,,,,,,,,,,,,,,,,,,,,,,,,,,,,,,,,,,,,,,,,,,,,,,,,,,,,,,,,,,,,,,,,,,,,,,,,,,,,,,,,,,,,,,,,,,,,,,,,,,
,,,,,,,,,,,,,,,,,,,,,,,,,,,,,,,,,,,,,,,,,,,,,,,,,,,,,,,,,,,,,,,,,,,,,,,,,,,,,,,,,,,,,,,,,,,,,,,,,,,,,,,,,,,,,,,,,,,,,,,,,,,,,,,,,
,,,,,,,,,,,,,,,,,,,,,,,,,,,,,,,,,,,,,,,,,,,,,,,,,,,,,,,,,,,,,,,,,,,,,,,,,,,,,,,,,,,,,,,,,,,,,,,,,,,,,,,,,,,,,,,,,,,,,,,,,,,,,,,,,
,,,,,,,,,,,,,,,,,,,,,,,,,,,,,,,,,,,,,,,,,,,,,,,,,,,,,,,,,,,,,,,,,,,,,,,,,,,,,,,,,,,,,,,,,,,,,,,,,,,,,,,,,,,,,,,,,,,,,,,,,,,,,,,,,
,,,,,,,,,,,,,,,,,,,,,,,,,,,,,,,,,,,,,,,,,,,,,,,,,,,,,,,,,,,,,,,,,,,,,,,,,,,,,,,,,,,,,,,,,,,,,,,,,,,,,,,,,,,,,,,,,,,,,,,,,,,,,,,,,
,,,,,,,,,,,,,,,,,,,,,,,,,,,,,,,,,,,,,,,,,,,,,,,,,,,,,,,,,,,,,,,,,,,,,,,,,,,,,,,,,,,,,,,,,,,,,,,,,,,,,,,,,,,,,,,,,,,,,,,,,,,,,,,,,
,,,,,,,,,,,,,,,,,,,,,,,,,,,,,,,,,,,,,,,,,,,,,,,,,,,,,,,,,,,,,,,,,,,,,,,,,,,,,,,,,,,,,,,,,,,,,,,,,,,,,,,,,,,,,,,,,,,,,,,,,,,,,,,,,
,,,,,,,,,,,,,,,,,,,,,,,,,,,,,,,,,,,,,,,,,,,,,,,,,,,,,,,,,,,,,,,,,,,,,,,,,,,,,,,,,,,,,,,,,,,,,,,,,,,,,,,,,,,,,,,,,,,,,,,,,,,,,,,,,
,,,,,,,,,,,,,,,,,,,,,,,,,,,,,,,,,,,,,,,,,,,,,,,,,,,,,,,,,,,,,,,,,,,,,,,,,,,,,,,,,,,,,,,,,,,,,,,,,,,,,,,,,,,,,,,,,,,,,,,,,,,,,,,,,
,,,,,,,,,,,,,,,,,,,,,,,,,,,,,,,,,,,,,,,,,,,,,,,,,,,,,,,,,,,,,,,,,,,,,,,,,,,,,,,,,,,,,,,,,,,,,,,,,,,,,,,,,,,,,,,,,,,,,,,,,,,,,,,,,
,,,,,,,,,,,,,,,,,,,,,,,,,,,,,,,,,,,,,,,,,,,,,,,,,,,,,,,,,,,,,,,,,,,,,,,,,,,,,,,,,,,,,,,,,,,,,,,,,,,,,,,,,,,,,,,,,,,,,,,,,,,,,,,,,
,,,,,,,,,,,,,,,,,,,,,,,,,,,,,,,,,,,,,,,,,,,,,,,,,,,,,,,,,,,,,,,,,,,,,,,,,,,,,,,,,,,,,,,,,,,,,,,,,,,,,,,,,,,,,,,,,,,,,,,,,,,,,,,,,
,,,,,,,,,,,,,,,,,,,,,,,,,,,,,,,,,,,,,,,,,,,,,,,,,,,,,,,,,,,,,,,,,,,,,,,,,,,,,,,,,,,,,,,,,,,,,,,,,,,,,,,,,,,,,,,,,,,,,,,,,,,,,,,,,
,,,,,,,,,,,,,,,,,,,,,,,,,,,,,,,,,,,,,,,,,,,,,,,,,,,,,,,,,,,,,,,,,,,,,,,,,,,,,,,,,,,,,,,,,,,,,,,,,,,,,,,,,,,,,,,,,,,,,,,,,,,,,,,,,
,,,,,,,,,,,,,,,,,,,,,,,,,,,,,,,,,,,,,,,,,,,,,,,,,,,,,,,,,,,,,,,,,,,,,,,,,,,,,,,,,,,,,,,,,,,,,,,,,,,,,,,,,,,,,,,,,,,,,,,,,,,,,,,,,
,,,,,,,,,,,,,,,,,,,,,,,,,,,,,,,,,,,,,,,,,,,,,,,,,,,,,,,,,,,,,,,,,,,,,,,,,,,,,,,,,,,,,,,,,,,,,,,,,,,,,,,,,,,,,,,,,,,,,,,,,,,,,,,,,
,,,,,,,,,,,,,,,,,,,,,,,,,,,,,,,,,,,,,,,,,,,,,,,,,,,,,,,,,,,,,,,,,,,,,,,,,,,,,,,,,,,,,,,,,,,,,,,,,,,,,,,,,,,,,,,,,,,,,,,,,,,,,,,,,
,,,,,,,,,,,,,,,,,,,,,,,,,,,,,,,,,,,,,,,,,,,,,,,,,,,,,,,,,,,,,,,,,,,,,,,,,,,,,,,,,,,,,,,,,,,,,,,,,,,,,,,,,,,,,,,,,,,,,,,,,,,,,,,,,
,,,,,,,,,,,,,,,,,,,,,,,,,,,,,,,,,,,,,,,,,,,,,,,,,,,,,,,,,,,,,,,,,,,,,,,,,,,,,,,,,,,,,,,,,,,,,,,,,,,,,,,,,,,,,,,,,,,,,,,,,,,,,,,,,
,,,,,,,,,,,,,,,,,,,,,,,,,,,,,,,,,,,,,,,,,,,,,,,,,,,,,,,,,,,,,,,,,,,,,,,,,,,,,,,,,,,,,,,,,,,,,,,,,,,,,,,,,,,,,,,,,,,,,,,,,,,,,,,,,
,,,,,,,,,,,,,,,,,,,,,,,,,,,,,,,,,,,,,,,,,,,,,,,,,,,,,,,,,,,,,,,,,,,,,,,,,,,,,,,,,,,,,,,,,,,,,,,,,,,,,,,,,,,,,,,,,,,,,,,,,,,,,,,,,
,,,,,,,,,,,,,,,,,,,,,,,,,,,,,,,,,,,,,,,,,,,,,,,,,,,,,,,,,,,,,,,,,,,,,,,,,,,,,,,,,,,,,,,,,,,,,,,,,,,,,,,,,,,,,,,,,,,,,,,,,,,,,,,,,
,,,,,,,,,,,,,,,,,,,,,,,,,,,,,,,,,,,,,,,,,,,,,,,,,,,,,,,,,,,,,,,,,,,,,,,,,,,,,,,,,,,,,,,,,,,,,,,,,,,,,,,,,,,,,,,,,,,,,,,,,,,,,,,,,
,,,,,,,,,,,,,,,,,,,,,,,,,,,,,,,,,,,,,,,,,,,,,,,,,,,,,,,,,,,,,,,,,,,,,,,,,,,,,,,,,,,,,,,,,,,,,,,,,,,,,,,,,,,,,,,,,,,,,,,,,,,,,,,,,
,,,,,,,,,,,,,,,,,,,,,,,,,,,,,,,,,,,,,,,,,,,,,,,,,,,,,,,,,,,,,,,,,,,,,,,,,,,,,,,,,,,,,,,,,,,,,,,,,,,,,,,,,,,,,,,,,,,,,,,,,,,,,,,,,
,,,,,,,,,,,,,,,,,,,,,,,,,,,,,,,,,,,,,,,,,,,,,,,,,,,,,,,,,,,,,,,,,,,,,,,,,,,,,,,,,,,,,,,,,,,,,,,,,,,,,,,,,,,,,,,,,,,,,,,,,,,,,,,,,
,,,,,,,,,,,,,,,,,,,,,,,,,,,,,,,,,,,,,,,,,,,,,,,,,,,,,,,,,,,,,,,,,,,,,,,,,,,,,,,,,,,,,,,,,,,,,,,,,,,,,,,,,,,,,,,,,,,,,,,,,,,,,,,,,
,,,,,,,,,,,,,,,,,,,,,,,,,,,,,,,,,,,,,,,,,,,,,,,,,,,,,,,,,,,,,,,,,,,,,,,,,,,,,,,,,,,,,,,,,,,,,,,,,,,,,,,,,,,,,,,,,,,,,,,,,,,,,,,,,
,,,,,,,,,,,,,,,,,,,,,,,,,,,,,,,,,,,,,,,,,,,,,,,,,,,,,,,,,,,,,,,,,,,,,,,,,,,,,,,,,,,,,,,,,,,,,,,,,,,,,,,,,,,,,,,,,,,,,,,,,,,,,,,,,
,,,,,,,,,,,,,,,,,,,,,,,,,,,,,,,,,,,,,,,,,,,,,,,,,,,,,,,,,,,,,,,,,,,,,,,,,,,,,,,,,,,,,,,,,,,,,,,,,,,,,,,,,,,,,,,,,,,,,,,,,,,,,,,,,
,,,,,,,,,,,,,,,,,,,,,,,,,,,,,,,,,,,,,,,,,,,,,,,,,,,,,,,,,,,,,,,,,,,,,,,,,,,,,,,,,,,,,,,,,,,,,,,,,,,,,,,,,,,,,,,,,,,,,,,,,,,,,,,,,
,,,,,,,,,,,,,,,,,,,,,,,,,,,,,,,,,,,,,,,,,,,,,,,,,,,,,,,,,,,,,,,,,,,,,,,,,,,,,,,,,,,,,,,,,,,,,,,,,,,,,,,,,,,,,,,,,,,,,,,,,,,,,,,,,
,,,,,,,,,,,,,,,,,,,,,,,,,,,,,,,,,,,,,,,,,,,,,,,,,,,,,,,,,,,,,,,,,,,,,,,,,,,,,,,,,,,,,,,,,,,,,,,,,,,,,,,,,,,,,,,,,,,,,,,,,,,,,,,,,
,,,,,,,,,,,,,,,,,,,,,,,,,,,,,,,,,,,,,,,,,,,,,,,,,,,,,,,,,,,,,,,,,,,,,,,,,,,,,,,,,,,,,,,,,,,,,,,,,,,,,,,,,,,,,,,,,,,,,,,,,,,,,,,,,
,,,,,,,,,,,,,,,,,,,,,,,,,,,,,,,,,,,,,,,,,,,,,,,,,,,,,,,,,,,,,,,,,,,,,,,,,,,,,,,,,,,,,,,,,,,,,,,,,,,,,,,,,,,,,,,,,,,,,,,,,,,,,,,,,
,,,,,,,,,,,,,,,,,,,,,,,,,,,,,,,,,,,,,,,,,,,,,,,,,,,,,,,,,,,,,,,,,,,,,,,,,,,,,,,,,,,,,,,,,,,,,,,,,,,,,,,,,,,,,,,,,,,,,,,,,,,,,,,,,
,,,,,,,,,,,,,,,,,,,,,,,,,,,,,,,,,,,,,,,,,,,,,,,,,,,,,,,,,,,,,,,,,,,,,,,,,,,,,,,,,,,,,,,,,,,,,,,,,,,,,,,,,,,,,,,,,,,,,,,,,,,,,,,,,
,,,,,,,,,,,,,,,,,,,,,,,,,,,,,,,,,,,,,,,,,,,,,,,,,,,,,,,,,,,,,,,,,,,,,,,,,,,,,,,,,,,,,,,,,,,,,,,,,,,,,,,,,,,,,,,,,,,,,,,,,,,,,,,,,
,,,,,,,,,,,,,,,,,,,,,,,,,,,,,,,,,,,,,,,,,,,,,,,,,,,,,,,,,,,,,,,,,,,,,,,,,,,,,,,,,,,,,,,,,,,,,,,,,,,,,,,,,,,,,,,,,,,,,,,,,,,,,,,,,
,,,,,,,,,,,,,,,,,,,,,,,,,,,,,,,,,,,,,,,,,,,,,,,,,,,,,,,,,,,,,,,,,,,,,,,,,,,,,,,,,,,,,,,,,,,,,,,,,,,,,,,,,,,,,,,,,,,,,,,,,,,,,,,,,
,,,,,,,,,,,,,,,,,,,,,,,,,,,,,,,,,,,,,,,,,,,,,,,,,,,,,,,,,,,,,,,,,,,,,,,,,,,,,,,,,,,,,,,,,,,,,,,,,,,,,,,,,,,,,,,,,,,,,,,,,,,,,,,,,
,,,,,,,,,,,,,,,,,,,,,,,,,,,,,,,,,,,,,,,,,,,,,,,,,,,,,,,,,,,,,,,,,,,,,,,,,,,,,,,,,,,,,,,,,,,,,,,,,,,,,,,,,,,,,,,,,,,,,,,,,,,,,,,,,
,,,,,,,,,,,,,,,,,,,,,,,,,,,,,,,,,,,,,,,,,,,,,,,,,,,,,,,,,,,,,,,,,,,,,,,,,,,,,,,,,,,,,,,,,,,,,,,,,,,,,,,,,,,,,,,,,,,,,,,,,,,,,,,,,
,,,,,,,,,,,,,,,,,,,,,,,,,,,,,,,,,,,,,,,,,,,,,,,,,,,,,,,,,,,,,,,,,,,,,,,,,,,,,,,,,,,,,,,,,,,,,,,,,,,,,,,,,,,,,,,,,,,,,,,,,,,,,,,,,
,,,,,,,,,,,,,,,,,,,,,,,,,,,,,,,,,,,,,,,,,,,,,,,,,,,,,,,,,,,,,,,,,,,,,,,,,,,,,,,,,,,,,,,,,,,,,,,,,,,,,,,,,,,,,,,,,,,,,,,,,,,,,,,,,
,,,,,,,,,,,,,,,,,,,,,,,,,,,,,,,,,,,,,,,,,,,,,,,,,,,,,,,,,,,,,,,,,,,,,,,,,,,,,,,,,,,,,,,,,,,,,,,,,,,,,,,,,,,,,,,,,,,,,,,,,,,,,,,,,
,,,,,,,,,,,,,,,,,,,,,,,,,,,,,,,,,,,,,,,,,,,,,,,,,,,,,,,,,,,,,,,,,,,,,,,,,,,,,,,,,,,,,,,,,,,,,,,,,,,,,,,,,,,,,,,,,,,,,,,,,,,,,,,,,
,,,,,,,,,,,,,,,,,,,,,,,,,,,,,,,,,,,,,,,,,,,,,,,,,,,,,,,,,,,,,,,,,,,,,,,,,,,,,,,,,,,,,,,,,,,,,,,,,,,,,,,,,,,,,,,,,,,,,,,,,,,,,,,,,
,,,,,,,,,,,,,,,,,,,,,,,,,,,,,,,,,,,,,,,,,,,,,,,,,,,,,,,,,,,,,,,,,,,,,,,,,,,,,,,,,,,,,,,,,,,,,,,,,,,,,,,,,,,,,,,,,,,,,,,,,,,,,,,,,
,,,,,,,,,,,,,,,,,,,,,,,,,,,,,,,,,,,,,,,,,,,,,,,,,,,,,,,,,,,,,,,,,,,,,,,,,,,,,,,,,,,,,,,,,,,,,,,,,,,,,,,,,,,,,,,,,,,,,,,,,,,,,,,,,
,,,,,,,,,,,,,,,,,,,,,,,,,,,,,,,,,,,,,,,,,,,,,,,,,,,,,,,,,,,,,,,,,,,,,,,,,,,,,,,,,,,,,,,,,,,,,,,,,,,,,,,,,,,,,,,,,,,,,,,,,,,,,,,,,
,,,,,,,,,,,,,,,,,,,,,,,,,,,,,,,,,,,,,,,,,,,,,,,,,,,,,,,,,,,,,,,,,,,,,,,,,,,,,,,,,,,,,,,,,,,,,,,,,,,,,,,,,,,,,,,,,,,,,,,,,,,,,,,,,
,,,,,,,,,,,,,,,,,,,,,,,,,,,,,,,,,,,,,,,,,,,,,,,,,,,,,,,,,,,,,,,,,,,,,,,,,,,,,,,,,,,,,,,,,,,,,,,,,,,,,,,,,,,,,,,,,,,,,,,,,,,,,,,,,
,,,,,,,,,,,,,,,,,,,,,,,,,,,,,,,,,,,,,,,,,,,,,,,,,,,,,,,,,,,,,,,,,,,,,,,,,,,,,,,,,,,,,,,,,,,,,,,,,,,,,,,,,,,,,,,,,,,,,,,,,,,,,,,,,
,,,,,,,,,,,,,,,,,,,,,,,,,,,,,,,,,,,,,,,,,,,,,,,,,,,,,,,,,,,,,,,,,,,,,,,,,,,,,,,,,,,,,,,,,,,,,,,,,,,,,,,,,,,,,,,,,,,,,,,,,,,,,,,,,
,,,,,,,,,,,,,,,,,,,,,,,,,,,,,,,,,,,,,,,,,,,,,,,,,,,,,,,,,,,,,,,,,,,,,,,,,,,,,,,,,,,,,,,,,,,,,,,,,,,,,,,,,,,,,,,,,,,,,,,,,,,,,,,,,
,,,,,,,,,,,,,,,,,,,,,,,,,,,,,,,,,,,,,,,,,,,,,,,,,,,,,,,,,,,,,,,,,,,,,,,,,,,,,,,,,,,,,,,,,,,,,,,,,,,,,,,,,,,,,,,,,,,,,,,,,,,,,,,,,
,,,,,,,,,,,,,,,,,,,,,,,,,,,,,,,,,,,,,,,,,,,,,,,,,,,,,,,,,,,,,,,,,,,,,,,,,,,,,,,,,,,,,,,,,,,,,,,,,,,,,,,,,,,,,,,,,,,,,,,,,,,,,,,,,
,,,,,,,,,,,,,,,,,,,,,,,,,,,,,,,,,,,,,,,,,,,,,,,,,,,,,,,,,,,,,,,,,,,,,,,,,,,,,,,,,,,,,,,,,,,,,,,,,,,,,,,,,,,,,,,,,,,,,,,,,,,,,,,,,
,,,,,,,,,,,,,,,,,,,,,,,,,,,,,,,,,,,,,,,,,,,,,,,,,,,,,,,,,,,,,,,,,,,,,,,,,,,,,,,,,,,,,,,,,,,,,,,,,,,,,,,,,,,,,,,,,,,,,,,,,,,,,,,,,
,,,,,,,,,,,,,,,,,,,,,,,,,,,,,,,,,,,,,,,,,,,,,,,,,,,,,,,,,,,,,,,,,,,,,,,,,,,,,,,,,,,,,,,,,,,,,,,,,,,,,,,,,,,,,,,,,,,,,,,,,,,,,,,,,
,,,,,,,,,,,,,,,,,,,,,,,,,,,,,,,,,,,,,,,,,,,,,,,,,,,,,,,,,,,,,,,,,,,,,,,,,,,,,,,,,,,,,,,,,,,,,,,,,,,,,,,,,,,,,,,,,,,,,,,,,,,,,,,,,
,,,,,,,,,,,,,,,,,,,,,,,,,,,,,,,,,,,,,,,,,,,,,,,,,,,,,,,,,,,,,,,,,,,,,,,,,,,,,,,,,,,,,,,,,,,,,,,,,,,,,,,,,,,,,,,,,,,,,,,,,,,,,,,,,
,,,,,,,,,,,,,,,,,,,,,,,,,,,,,,,,,,,,,,,,,,,,,,,,,,,,,,,,,,,,,,,,,,,,,,,,,,,,,,,,,,,,,,,,,,,,,,,,,,,,,,,,,,,,,,,,,,,,,,,,,,,,,,,,,
,,,,,,,,,,,,,,,,,,,,,,,,,,,,,,,,,,,,,,,,,,,,,,,,,,,,,,,,,,,,,,,,,,,,,,,,,,,,,,,,,,,,,,,,,,,,,,,,,,,,,,,,,,,,,,,,,,,,,,,,,,,,,,,,,
,,,,,,,,,,,,,,,,,,,,,,,,,,,,,,,,,,,,,,,,,,,,,,,,,,,,,,,,,,,,,,,,,,,,,,,,,,,,,,,,,,,,,,,,,,,,,,,,,,,,,,,,,,,,,,,,,,,,,,,,,,,,,,,,,
,,,,,,,,,,,,,,,,,,,,,,,,,,,,,,,,,,,,,,,,,,,,,,,,,,,,,,,,,,,,,,,,,,,,,,,,,,,,,,,,,,,,,,,,,,,,,,,,,,,,,,,,,,,,,,,,,,,,,,,,,,,,,,,,,
,,,,,,,,,,,,,,,,,,,,,,,,,,,,,,,,,,,,,,,,,,,,,,,,,,,,,,,,,,,,,,,,,,,,,,,,,,,,,,,,,,,,,,,,,,,,,,,,,,,,,,,,,,,,,,,,,,,,,,,,,,,,,,,,,
,,,,,,,,,,,,,,,,,,,,,,,,,,,,,,,,,,,,,,,,,,,,,,,,,,,,,,,,,,,,,,,,,,,,,,,,,,,,,,,,,,,,,,,,,,,,,,,,,,,,,,,,,,,,,,,,,,,,,,,,,,,,,,,,,
,,,,,,,,,,,,,,,,,,,,,,,,,,,,,,,,,,,,,,,,,,,,,,,,,,,,,,,,,,,,,,,,,,,,,,,,,,,,,,,,,,,,,,,,,,,,,,,,,,,,,,,,,,,,,,,,,,,,,,,,,,,,,,,,,
,,,,,,,,,,,,,,,,,,,,,,,,,,,,,,,,,,,,,,,,,,,,,,,,,,,,,,,,,,,,,,,,,,,,,,,,,,,,,,,,,,,,,,,,,,,,,,,,,,,,,,,,,,,,,,,,,,,,,,,,,,,,,,,,,
,,,,,,,,,,,,,,,,,,,,,,,,,,,,,,,,,,,,,,,,,,,,,,,,,,,,,,,,,,,,,,,,,,,,,,,,,,,,,,,,,,,,,,,,,,,,,,,,,,,,,,,,,,,,,,,,,,,,,,,,,,,,,,,,,
,,,,,,,,,,,,,,,,,,,,,,,,,,,,,,,,,,,,,,,,,,,,,,,,,,,,,,,,,,,,,,,,,,,,,,,,,,,,,,,,,,,,,,,,,,,,,,,,,,,,,,,,,,,,,,,,,,,,,,,,,,,,,,,,,
,,,,,,,,,,,,,,,,,,,,,,,,,,,,,,,,,,,,,,,,,,,,,,,,,,,,,,,,,,,,,,,,,,,,,,,,,,,,,,,,,,,,,,,,,,,,,,,,,,,,,,,,,,,,,,,,,,,,,,,,,,,,,,,,,
,,,,,,,,,,,,,,,,,,,,,,,,,,,,,,,,,,,,,,,,,,,,,,,,,,,,,,,,,,,,,,,,,,,,,,,,,,,,,,,,,,,,,,,,,,,,,,,,,,,,,,,,,,,,,,,,,,,,,,,,,,,,,,,,,
,,,,,,,,,,,,,,,,,,,,,,,,,,,,,,,,,,,,,,,,,,,,,,,,,,,,,,,,,,,,,,,,,,,,,,,,,,,,,,,,,,,,,,,,,,,,,,,,,,,,,,,,,,,,,,,,,,,,,,,,,,,,,,,,,
,,,,,,,,,,,,,,,,,,,,,,,,,,,,,,,,,,,,,,,,,,,,,,,,,,,,,,,,,,,,,,,,,,,,,,,,,,,,,,,,,,,,,,,,,,,,,,,,,,,,,,,,,,,,,,,,,,,,,,,,,,,,,,,,,
,,,,,,,,,,,,,,,,,,,,,,,,,,,,,,,,,,,,,,,,,,,,,,,,,,,,,,,,,,,,,,,,,,,,,,,,,,,,,,,,,,,,,,,,,,,,,,,,,,,,,,,,,,,,,,,,,,,,,,,,,,,,,,,,,
,,,,,,,,,,,,,,,,,,,,,,,,,,,,,,,,,,,,,,,,,,,,,,,,,,,,,,,,,,,,,,,,,,,,,,,,,,,,,,,,,,,,,,,,,,,,,,,,,,,,,,,,,,,,,,,,,,,,,,,,,,,,,,,,,
,,,,,,,,,,,,,,,,,,,,,,,,,,,,,,,,,,,,,,,,,,,,,,,,,,,,,,,,,,,,,,,,,,,,,,,,,,,,,,,,,,,,,,,,,,,,,,,,,,,,,,,,,,,,,,,,,,,,,,,,,,,,,,,,,
,,,,,,,,,,,,,,,,,,,,,,,,,,,,,,,,,,,,,,,,,,,,,,,,,,,,,,,,,,,,,,,,,,,,,,,,,,,,,,,,,,,,,,,,,,,,,,,,,,,,,,,,,,,,,,,,,,,,,,,,,,,,,,,,,
,,,,,,,,,,,,,,,,,,,,,,,,,,,,,,,,,,,,,,,,,,,,,,,,,,,,,,,,,,,,,,,,,,,,,,,,,,,,,,,,,,,,,,,,,,,,,,,,,,,,,,,,,,,,,,,,,,,,,,,,,,,,,,,,,
,,,,,,,,,,,,,,,,,,,,,,,,,,,,,,,,,,,,,,,,,,,,,,,,,,,,,,,,,,,,,,,,,,,,,,,,,,,,,,,,,,,,,,,,,,,,,,,,,,,,,,,,,,,,,,,,,,,,,,,,,,,,,,,,,
,,,,,,,,,,,,,,,,,,,,,,,,,,,,,,,,,,,,,,,,,,,,,,,,,,,,,,,,,,,,,,,,,,,,,,,,,,,,,,,,,,,,,,,,,,,,,,,,,,,,,,,,,,,,,,,,,,,,,,,,,,,,,,,,,
,,,,,,,,,,,,,,,,,,,,,,,,,,,,,,,,,,,,,,,,,,,,,,,,,,,,,,,,,,,,,,,,,,,,,,,,,,,,,,,,,,,,,,,,,,,,,,,,,,,,,,,,,,,,,,,,,,,,,,,,,,,,,,,,,
,,,,,,,,,,,,,,,,,,,,,,,,,,,,,,,,,,,,,,,,,,,,,,,,,,,,,,,,,,,,,,,,,,,,,,,,,,,,,,,,,,,,,,,,,,,,,,,,,,,,,,,,,,,,,,,,,,,,,,,,,,,,,,,,,
,,,,,,,,,,,,,,,,,,,,,,,,,,,,,,,,,,,,,,,,,,,,,,,,,,,,,,,,,,,,,,,,,,,,,,,,,,,,,,,,,,,,,,,,,,,,,,,,,,,,,,,,,,,,,,,,,,,,,,,,,,,,,,,,,
,,,,,,,,,,,,,,,,,,,,,,,,,,,,,,,,,,,,,,,,,,,,,,,,,,,,,,,,,,,,,,,,,,,,,,,,,,,,,,,,,,,,,,,,,,,,,,,,,,,,,,,,,,,,,,,,,,,,,,,,,,,,,,,,,
,,,,,,,,,,,,,,,,,,,,,,,,,,,,,,,,,,,,,,,,,,,,,,,,,,,,,,,,,,,,,,,,,,,,,,,,,,,,,,,,,,,,,,,,,,,,,,,,,,,,,,,,,,,,,,,,,,,,,,,,,,,,,,,,,
,,,,,,,,,,,,,,,,,,,,,,,,,,,,,,,,,,,,,,,,,,,,,,,,,,,,,,,,,,,,,,,,,,,,,,,,,,,,,,,,,,,,,,,,,,,,,,,,,,,,,,,,,,,,,,,,,,,,,,,,,,,,,,,,,
,,,,,,,,,,,,,,,,,,,,,,,,,,,,,,,,,,,,,,,,,,,,,,,,,,,,,,,,,,,,,,,,,,,,,,,,,,,,,,,,,,,,,,,,,,,,,,,,,,,,,,,,,,,,,,,,,,,,,,,,,,,,,,,,,
,,,,,,,,,,,,,,,,,,,,,,,,,,,,,,,,,,,,,,,,,,,,,,,,,,,,,,,,,,,,,,,,,,,,,,,,,,,,,,,,,,,,,,,,,,,,,,,,,,,,,,,,,,,,,,,,,,,,,,,,,,,,,,,,,
,,,,,,,,,,,,,,,,,,,,,,,,,,,,,,,,,,,,,,,,,,,,,,,,,,,,,,,,,,,,,,,,,,,,,,,,,,,,,,,,,,,,,,,,,,,,,,,,,,,,,,,,,,,,,,,,,,,,,,,,,,,,,,,,,
,,,,,,,,,,,,,,,,,,,,,,,,,,,,,,,,,,,,,,,,,,,,,,,,,,,,,,,,,,,,,,,,,,,,,,,,,,,,,,,,,,,,,,,,,,,,,,,,,,,,,,,,,,,,,,,,,,,,,,,,,,,,,,,,,
,,,,,,,,,,,,,,,,,,,,,,,,,,,,,,,,,,,,,,,,,,,,,,,,,,,,,,,,,,,,,,,,,,,,,,,,,,,,,,,,,,,,,,,,,,,,,,,,,,,,,,,,,,,,,,,,,,,,,,,,,,,,,,,,,
,,,,,,,,,,,,,,,,,,,,,,,,,,,,,,,,,,,,,,,,,,,,,,,,,,,,,,,,,,,,,,,,,,,,,,,,,,,,,,,,,,,,,,,,,,,,,,,,,,,,,,,,,,,,,,,,,,,,,,,,,,,,,,,,,
,,,,,,,,,,,,,,,,,,,,,,,,,,,,,,,,,,,,,,,,,,,,,,,,,,,,,,,,,,,,,,,,,,,,,,,,,,,,,,,,,,,,,,,,,,,,,,,,,,,,,,,,,,,,,,,,,,,,,,,,,,,,,,,,,
,,,,,,,,,,,,,,,,,,,,,,,,,,,,,,,,,,,,,,,,,,,,,,,,,,,,,,,,,,,,,,,,,,,,,,,,,,,,,,,,,,,,,,,,,,,,,,,,,,,,,,,,,,,,,,,,,,,,,,,,,,,,,,,,,
,,,,,,,,,,,,,,,,,,,,,,,,,,,,,,,,,,,,,,,,,,,,,,,,,,,,,,,,,,,,,,,,,,,,,,,,,,,,,,,,,,,,,,,,,,,,,,,,,,,,,,,,,,,,,,,,,,,,,,,,,,,,,,,,,
,,,,,,,,,,,,,,,,,,,,,,,,,,,,,,,,,,,,,,,,,,,,,,,,,,,,,,,,,,,,,,,,,,,,,,,,,,,,,,,,,,,,,,,,,,,,,,,,,,,,,,,,,,,,,,,,,,,,,,,,,,,,,,,,,
,,,,,,,,,,,,,,,,,,,,,,,,,,,,,,,,,,,,,,,,,,,,,,,,,,,,,,,,,,,,,,,,,,,,,,,,,,,,,,,,,,,,,,,,,,,,,,,,,,,,,,,,,,,,,,,,,,,,,,,,,,,,,,,,,
,,,,,,,,,,,,,,,,,,,,,,,,,,,,,,,,,,,,,,,,,,,,,,,,,,,,,,,,,,,,,,,,,,,,,,,,,,,,,,,,,,,,,,,,,,,,,,,,,,,,,,,,,,,,,,,,,,,,,,,,,,,,,,,,,
,,,,,,,,,,,,,,,,,,,,,,,,,,,,,,,,,,,,,,,,,,,,,,,,,,,,,,,,,,,,,,,,,,,,,,,,,,,,,,,,,,,,,,,,,,,,,,,,,,,,,,,,,,,,,,,,,,,,,,,,,,,,,,,,,
,,,,,,,,,,,,,,,,,,,,,,,,,,,,,,,,,,,,,,,,,,,,,,,,,,,,,,,,,,,,,,,,,,,,,,,,,,,,,,,,,,,,,,,,,,,,,,,,,,,,,,,,,,,,,,,,,,,,,,,,,,,,,,,,,
,,,,,,,,,,,,,,,,,,,,,,,,,,,,,,,,,,,,,,,,,,,,,,,,,,,,,,,,,,,,,,,,,,,,,,,,,,,,,,,,,,,,,,,,,,,,,,,,,,,,,,,,,,,,,,,,,,,,,,,,,,,,,,,,,
,,,,,,,,,,,,,,,,,,,,,,,,,,,,,,,,,,,,,,,,,,,,,,,,,,,,,,,,,,,,,,,,,,,,,,,,,,,,,,,,,,,,,,,,,,,,,,,,,,,,,,,,,,,,,,,,,,,,,,,,,,,,,,,,,
,,,,,,,,,,,,,,,,,,,,,,,,,,,,,,,,,,,,,,,,,,,,,,,,,,,,,,,,,,,,,,,,,,,,,,,,,,,,,,,,,,,,,,,,,,,,,,,,,,,,,,,,,,,,,,,,,,,,,,,,,,,,,,,,,
,,,,,,,,,,,,,,,,,,,,,,,,,,,,,,,,,,,,,,,,,,,,,,,,,,,,,,,,,,,,,,,,,,,,,,,,,,,,,,,,,,,,,,,,,,,,,,,,,,,,,,,,,,,,,,,,,,,,,,,,,,,,,,,,,
,,,,,,,,,,,,,,,,,,,,,,,,,,,,,,,,,,,,,,,,,,,,,,,,,,,,,,,,,,,,,,,,,,,,,,,,,,,,,,,,,,,,,,,,,,,,,,,,,,,,,,,,,,,,,,,,,,,,,,,,,,,,,,,,,
,,,,,,,,,,,,,,,,,,,,,,,,,,,,,,,,,,,,,,,,,,,,,,,,,,,,,,,,,,,,,,,,,,,,,,,,,,,,,,,,,,,,,,,,,,,,,,,,,,,,,,,,,,,,,,,,,,,,,,,,,,,,,,,,,
,,,,,,,,,,,,,,,,,,,,,,,,,,,,,,,,,,,,,,,,,,,,,,,,,,,,,,,,,,,,,,,,,,,,,,,,,,,,,,,,,,,,,,,,,,,,,,,,,,,,,,,,,,,,,,,,,,,,,,,,,,,,,,,,,
,,,,,,,,,,,,,,,,,,,,,,,,,,,,,,,,,,,,,,,,,,,,,,,,,,,,,,,,,,,,,,,,,,,,,,,,,,,,,,,,,,,,,,,,,,,,,,,,,,,,,,,,,,,,,,,,,,,,,,,,,,,,,,,,,
,,,,,,,,,,,,,,,,,,,,,,,,,,,,,,,,,,,,,,,,,,,,,,,,,,,,,,,,,,,,,,,,,,,,,,,,,,,,,,,,,,,,,,,,,,,,,,,,,,,,,,,,,,,,,,,,,,,,,,,,,,,,,,,,,
,,,,,,,,,,,,,,,,,,,,,,,,,,,,,,,,,,,,,,,,,,,,,,,,,,,,,,,,,,,,,,,,,,,,,,,,,,,,,,,,,,,,,,,,,,,,,,,,,,,,,,,,,,,,,,,,,,,,,,,,,,,,,,,,,
,,,,,,,,,,,,,,,,,,,,,,,,,,,,,,,,,,,,,,,,,,,,,,,,,,,,,,,,,,,,,,,,,,,,,,,,,,,,,,,,,,,,,,,,,,,,,,,,,,,,,,,,,,,,,,,,,,,,,,,,,,,,,,,,,
,,,,,,,,,,,,,,,,,,,,,,,,,,,,,,,,,,,,,,,,,,,,,,,,,,,,,,,,,,,,,,,,,,,,,,,,,,,,,,,,,,,,,,,,,,,,,,,,,,,,,,,,,,,,,,,,,,,,,,,,,,,,,,,,,
,,,,,,,,,,,,,,,,,,,,,,,,,,,,,,,,,,,,,,,,,,,,,,,,,,,,,,,,,,,,,,,,,,,,,,,,,,,,,,,,,,,,,,,,,,,,,,,,,,,,,,,,,,,,,,,,,,,,,,,,,,,,,,,,,
,,,,,,,,,,,,,,,,,,,,,,,,,,,,,,,,,,,,,,,,,,,,,,,,,,,,,,,,,,,,,,,,,,,,,,,,,,,,,,,,,,,,,,,,,,,,,,,,,,,,,,,,,,,,,,,,,,,,,,,,,,,,,,,,,
,,,,,,,,,,,,,,,,,,,,,,,,,,,,,,,,,,,,,,,,,,,,,,,,,,,,,,,,,,,,,,,,,,,,,,,,,,,,,,,,,,,,,,,,,,,,,,,,,,,,,,,,,,,,,,,,,,,,,,,,,,,,,,,,,
,,,,,,,,,,,,,,,,,,,,,,,,,,,,,,,,,,,,,,,,,,,,,,,,,,,,,,,,,,,,,,,,,,,,,,,,,,,,,,,,,,,,,,,,,,,,,,,,,,,,,,,,,,,,,,,,,,,,,,,,,,,,,,,,,
,,,,,,,,,,,,,,,,,,,,,,,,,,,,,,,,,,,,,,,,,,,,,,,,,,,,,,,,,,,,,,,,,,,,,,,,,,,,,,,,,,,,,,,,,,,,,,,,,,,,,,,,,,,,,,,,,,,,,,,,,,,,,,,,,
,,,,,,,,,,,,,,,,,,,,,,,,,,,,,,,,,,,,,,,,,,,,,,,,,,,,,,,,,,,,,,,,,,,,,,,,,,,,,,,,,,,,,,,,,,,,,,,,,,,,,,,,,,,,,,,,,,,,,,,,,,,,,,,,,
,,,,,,,,,,,,,,,,,,,,,,,,,,,,,,,,,,,,,,,,,,,,,,,,,,,,,,,,,,,,,,,,,,,,,,,,,,,,,,,,,,,,,,,,,,,,,,,,,,,,,,,,,,,,,,,,,,,,,,,,,,,,,,,,,
,,,,,,,,,,,,,,,,,,,,,,,,,,,,,,,,,,,,,,,,,,,,,,,,,,,,,,,,,,,,,,,,,,,,,,,,,,,,,,,,,,,,,,,,,,,,,,,,,,,,,,,,,,,,,,,,,,,,,,,,,,,,,,,,,
,,,,,,,,,,,,,,,,,,,,,,,,,,,,,,,,,,,,,,,,,,,,,,,,,,,,,,,,,,,,,,,,,,,,,,,,,,,,,,,,,,,,,,,,,,,,,,,,,,,,,,,,,,,,,,,,,,,,,,,,,,,,,,,,,
,,,,,,,,,,,,,,,,,,,,,,,,,,,,,,,,,,,,,,,,,,,,,,,,,,,,,,,,,,,,,,,,,,,,,,,,,,,,,,,,,,,,,,,,,,,,,,,,,,,,,,,,,,,,,,,,,,,,,,,,,,,,,,,,,
,,,,,,,,,,,,,,,,,,,,,,,,,,,,,,,,,,,,,,,,,,,,,,,,,,,,,,,,,,,,,,,,,,,,,,,,,,,,,,,,,,,,,,,,,,,,,,,,,,,,,,,,,,,,,,,,,,,,,,,,,,,,,,,,,
,,,,,,,,,,,,,,,,,,,,,,,,,,,,,,,,,,,,,,,,,,,,,,,,,,,,,,,,,,,,,,,,,,,,,,,,,,,,,,,,,,,,,,,,,,,,,,,,,,,,,,,,,,,,,,,,,,,,,,,,,,,,,,,,,
,,,,,,,,,,,,,,,,,,,,,,,,,,,,,,,,,,,,,,,,,,,,,,,,,,,,,,,,,,,,,,,,,,,,,,,,,,,,,,,,,,,,,,,,,,,,,,,,,,,,,,,,,,,,,,,,,,,,,,,,,,,,,,,,,
,,,,,,,,,,,,,,,,,,,,,,,,,,,,,,,,,,,,,,,,,,,,,,,,,,,,,,,,,,,,,,,,,,,,,,,,,,,,,,,,,,,,,,,,,,,,,,,,,,,,,,,,,,,,,,,,,,,,,,,,,,,,,,,,,
,,,,,,,,,,,,,,,,,,,,,,,,,,,,,,,,,,,,,,,,,,,,,,,,,,,,,,,,,,,,,,,,,,,,,,,,,,,,,,,,,,,,,,,,,,,,,,,,,,,,,,,,,,,,,,,,,,,,,,,,,,,,,,,,,
,,,,,,,,,,,,,,,,,,,,,,,,,,,,,,,,,,,,,,,,,,,,,,,,,,,,,,,,,,,,,,,,,,,,,,,,,,,,,,,,,,,,,,,,,,,,,,,,,,,,,,,,,,,,,,,,,,,,,,,,,,,,,,,,,
,,,,,,,,,,,,,,,,,,,,,,,,,,,,,,,,,,,,,,,,,,,,,,,,,,,,,,,,,,,,,,,,,,,,,,,,,,,,,,,,,,,,,,,,,,,,,,,,,,,,,,,,,,,,,,,,,,,,,,,,,,,,,,,,,
,,,,,,,,,,,,,,,,,,,,,,,,,,,,,,,,,,,,,,,,,,,,,,,,,,,,,,,,,,,,,,,,,,,,,,,,,,,,,,,,,,,,,,,,,,,,,,,,,,,,,,,,,,,,,,,,,,,,,,,,,,,,,,,,,
,,,,,,,,,,,,,,,,,,,,,,,,,,,,,,,,,,,,,,,,,,,,,,,,,,,,,,,,,,,,,,,,,,,,,,,,,,,,,,,,,,,,,,,,,,,,,,,,,,,,,,,,,,,,,,,,,,,,,,,,,,,,,,,,,
,,,,,,,,,,,,,,,,,,,,,,,,,,,,,,,,,,,,,,,,,,,,,,,,,,,,,,,,,,,,,,,,,,,,,,,,,,,,,,,,,,,,,,,,,,,,,,,,,,,,,,,,,,,,,,,,,,,,,,,,,,,,,,,,,
,,,,,,,,,,,,,,,,,,,,,,,,,,,,,,,,,,,,,,,,,,,,,,,,,,,,,,,,,,,,,,,,,,,,,,,,,,,,,,,,,,,,,,,,,,,,,,,,,,,,,,,,,,,,,,,,,,,,,,,,,,,,,,,,,
,,,,,,,,,,,,,,,,,,,,,,,,,,,,,,,,,,,,,,,,,,,,,,,,,,,,,,,,,,,,,,,,,,,,,,,,,,,,,,,,,,,,,,,,,,,,,,,,,,,,,,,,,,,,,,,,,,,,,,,,,,,,,,,,,
,,,,,,,,,,,,,,,,,,,,,,,,,,,,,,,,,,,,,,,,,,,,,,,,,,,,,,,,,,,,,,,,,,,,,,,,,,,,,,,,,,,,,,,,,,,,,,,,,,,,,,,,,,,,,,,,,,,,,,,,,,,,,,,,,
,,,,,,,,,,,,,,,,,,,,,,,,,,,,,,,,,,,,,,,,,,,,,,,,,,,,,,,,,,,,,,,,,,,,,,,,,,,,,,,,,,,,,,,,,,,,,,,,,,,,,,,,,,,,,,,,,,,,,,,,,,,,,,,,,
,,,,,,,,,,,,,,,,,,,,,,,,,,,,,,,,,,,,,,,,,,,,,,,,,,,,,,,,,,,,,,,,,,,,,,,,,,,,,,,,,,,,,,,,,,,,,,,,,,,,,,,,,,,,,,,,,,,,,,,,,,,,,,,,,
,,,,,,,,,,,,,,,,,,,,,,,,,,,,,,,,,,,,,,,,,,,,,,,,,,,,,,,,,,,,,,,,,,,,,,,,,,,,,,,,,,,,,,,,,,,,,,,,,,,,,,,,,,,,,,,,,,,,,,,,,,,,,,,,,
,,,,,,,,,,,,,,,,,,,,,,,,,,,,,,,,,,,,,,,,,,,,,,,,,,,,,,,,,,,,,,,,,,,,,,,,,,,,,,,,,,,,,,,,,,,,,,,,,,,,,,,,,,,,,,,,,,,,,,,,,,,,,,,,,
,,,,,,,,,,,,,,,,,,,,,,,,,,,,,,,,,,,,,,,,,,,,,,,,,,,,,,,,,,,,,,,,,,,,,,,,,,,,,,,,,,,,,,,,,,,,,,,,,,,,,,,,,,,,,,,,,,,,,,,,,,,,,,,,,
,,,,,,,,,,,,,,,,,,,,,,,,,,,,,,,,,,,,,,,,,,,,,,,,,,,,,,,,,,,,,,,,,,,,,,,,,,,,,,,,,,,,,,,,,,,,,,,,,,,,,,,,,,,,,,,,,,,,,,,,,,,,,,,,,
,,,,,,,,,,,,,,,,,,,,,,,,,,,,,,,,,,,,,,,,,,,,,,,,,,,,,,,,,,,,,,,,,,,,,,,,,,,,,,,,,,,,,,,,,,,,,,,,,,,,,,,,,,,,,,,,,,,,,,,,,,,,,,,,,
,,,,,,,,,,,,,,,,,,,,,,,,,,,,,,,,,,,,,,,,,,,,,,,,,,,,,,,,,,,,,,,,,,,,,,,,,,,,,,,,,,,,,,,,,,,,,,,,,,,,,,,,,,,,,,,,,,,,,,,,,,,,,,,,,
,,,,,,,,,,,,,,,,,,,,,,,,,,,,,,,,,,,,,,,,,,,,,,,,,,,,,,,,,,,,,,,,,,,,,,,,,,,,,,,,,,,,,,,,,,,,,,,,,,,,,,,,,,,,,,,,,,,,,,,,,,,,,,,,,
,,,,,,,,,,,,,,,,,,,,,,,,,,,,,,,,,,,,,,,,,,,,,,,,,,,,,,,,,,,,,,,,,,,,,,,,,,,,,,,,,,,,,,,,,,,,,,,,,,,,,,,,,,,,,,,,,,,,,,,,,,,,,,,,,
,,,,,,,,,,,,,,,,,,,,,,,,,,,,,,,,,,,,,,,,,,,,,,,,,,,,,,,,,,,,,,,,,,,,,,,,,,,,,,,,,,,,,,,,,,,,,,,,,,,,,,,,,,,,,,,,,,,,,,,,,,,,,,,,,
,,,,,,,,,,,,,,,,,,,,,,,,,,,,,,,,,,,,,,,,,,,,,,,,,,,,,,,,,,,,,,,,,,,,,,,,,,,,,,,,,,,,,,,,,,,,,,,,,,,,,,,,,,,,,,,,,,,,,,,,,,,,,,,,,
,,,,,,,,,,,,,,,,,,,,,,,,,,,,,,,,,,,,,,,,,,,,,,,,,,,,,,,,,,,,,,,,,,,,,,,,,,,,,,,,,,,,,,,,,,,,,,,,,,,,,,,,,,,,,,,,,,,,,,,,,,,,,,,,,
,,,,,,,,,,,,,,,,,,,,,,,,,,,,,,,,,,,,,,,,,,,,,,,,,,,,,,,,,,,,,,,,,,,,,,,,,,,,,,,,,,,,,,,,,,,,,,,,,,,,,,,,,,,,,,,,,,,,,,,,,,,,,,,,,
,,,,,,,,,,,,,,,,,,,,,,,,,,,,,,,,,,,,,,,,,,,,,,,,,,,,,,,,,,,,,,,,,,,,,,,,,,,,,,,,,,,,,,,,,,,,,,,,,,,,,,,,,,,,,,,,,,,,,,,,,,,,,,,,,
,,,,,,,,,,,,,,,,,,,,,,,,,,,,,,,,,,,,,,,,,,,,,,,,,,,,,,,,,,,,,,,,,,,,,,,,,,,,,,,,,,,,,,,,,,,,,,,,,,,,,,,,,,,,,,,,,,,,,,,,,,,,,,,,,
,,,,,,,,,,,,,,,,,,,,,,,,,,,,,,,,,,,,,,,,,,,,,,,,,,,,,,,,,,,,,,,,,,,,,,,,,,,,,,,,,,,,,,,,,,,,,,,,,,,,,,,,,,,,,,,,,,,,,,,,,,,,,,,,,
,,,,,,,,,,,,,,,,,,,,,,,,,,,,,,,,,,,,,,,,,,,,,,,,,,,,,,,,,,,,,,,,,,,,,,,,,,,,,,,,,,,,,,,,,,,,,,,,,,,,,,,,,,,,,,,,,,,,,,,,,,,,,,,,,
,,,,,,,,,,,,,,,,,,,,,,,,,,,,,,,,,,,,,,,,,,,,,,,,,,,,,,,,,,,,,,,,,,,,,,,,,,,,,,,,,,,,,,,,,,,,,,,,,,,,,,,,,,,,,,,,,,,,,,,,,,,,,,,,,
,,,,,,,,,,,,,,,,,,,,,,,,,,,,,,,,,,,,,,,,,,,,,,,,,,,,,,,,,,,,,,,,,,,,,,,,,,,,,,,,,,,,,,,,,,,,,,,,,,,,,,,,,,,,,,,,,,,,,,,,,,,,,,,,,
,,,,,,,,,,,,,,,,,,,,,,,,,,,,,,,,,,,,,,,,,,,,,,,,,,,,,,,,,,,,,,,,,,,,,,,,,,,,,,,,,,,,,,,,,,,,,,,,,,,,,,,,,,,,,,,,,,,,,,,,,,,,,,,,,
,,,,,,,,,,,,,,,,,,,,,,,,,,,,,,,,,,,,,,,,,,,,,,,,,,,,,,,,,,,,,,,,,,,,,,,,,,,,,,,,,,,,,,,,,,,,,,,,,,,,,,,,,,,,,,,,,,,,,,,,,,,,,,,,,
,,,,,,,,,,,,,,,,,,,,,,,,,,,,,,,,,,,,,,,,,,,,,,,,,,,,,,,,,,,,,,,,,,,,,,,,,,,,,,,,,,,,,,,,,,,,,,,,,,,,,,,,,,,,,,,,,,,,,,,,,,,,,,,,,
,,,,,,,,,,,,,,,,,,,,,,,,,,,,,,,,,,,,,,,,,,,,,,,,,,,,,,,,,,,,,,,,,,,,,,,,,,,,,,,,,,,,,,,,,,,,,,,,,,,,,,,,,,,,,,,,,,,,,,,,,,,,,,,,,
,,,,,,,,,,,,,,,,,,,,,,,,,,,,,,,,,,,,,,,,,,,,,,,,,,,,,,,,,,,,,,,,,,,,,,,,,,,,,,,,,,,,,,,,,,,,,,,,,,,,,,,,,,,,,,,,,,,,,,,,,,,,,,,,,
,,,,,,,,,,,,,,,,,,,,,,,,,,,,,,,,,,,,,,,,,,,,,,,,,,,,,,,,,,,,,,,,,,,,,,,,,,,,,,,,,,,,,,,,,,,,,,,,,,,,,,,,,,,,,,,,,,,,,,,,,,,,,,,,,
,,,,,,,,,,,,,,,,,,,,,,,,,,,,,,,,,,,,,,,,,,,,,,,,,,,,,,,,,,,,,,,,,,,,,,,,,,,,,,,,,,,,,,,,,,,,,,,,,,,,,,,,,,,,,,,,,,,,,,,,,,,,,,,,,
,,,,,,,,,,,,,,,,,,,,,,,,,,,,,,,,,,,,,,,,,,,,,,,,,,,,,,,,,,,,,,,,,,,,,,,,,,,,,,,,,,,,,,,,,,,,,,,,,,,,,,,,,,,,,,,,,,,,,,,,,,,,,,,,,
,,,,,,,,,,,,,,,,,,,,,,,,,,,,,,,,,,,,,,,,,,,,,,,,,,,,,,,,,,,,,,,,,,,,,,,,,,,,,,,,,,,,,,,,,,,,,,,,,,,,,,,,,,,,,,,,,,,,,,,,,,,,,,,,,
,,,,,,,,,,,,,,,,,,,,,,,,,,,,,,,,,,,,,,,,,,,,,,,,,,,,,,,,,,,,,,,,,,,,,,,,,,,,,,,,,,,,,,,,,,,,,,,,,,,,,,,,,,,,,,,,,,,,,,,,,,,,,,,,,
,,,,,,,,,,,,,,,,,,,,,,,,,,,,,,,,,,,,,,,,,,,,,,,,,,,,,,,,,,,,,,,,,,,,,,,,,,,,,,,,,,,,,,,,,,,,,,,,,,,,,,,,,,,,,,,,,,,,,,,,,,,,,,,,,
,,,,,,,,,,,,,,,,,,,,,,,,,,,,,,,,,,,,,,,,,,,,,,,,,,,,,,,,,,,,,,,,,,,,,,,,,,,,,,,,,,,,,,,,,,,,,,,,,,,,,,,,,,,,,,,,,,,,,,,,,,,,,,,,,
,,,,,,,,,,,,,,,,,,,,,,,,,,,,,,,,,,,,,,,,,,,,,,,,,,,,,,,,,,,,,,,,,,,,,,,,,,,,,,,,,,,,,,,,,,,,,,,,,,,,,,,,,,,,,,,,,,,,,,,,,,,,,,,,,
,,,,,,,,,,,,,,,,,,,,,,,,,,,,,,,,,,,,,,,,,,,,,,,,,,,,,,,,,,,,,,,,,,,,,,,,,,,,,,,,,,,,,,,,,,,,,,,,,,,,,,,,,,,,,,,,,,,,,,,,,,,,,,,,,
,,,,,,,,,,,,,,,,,,,,,,,,,,,,,,,,,,,,,,,,,,,,,,,,,,,,,,,,,,,,,,,,,,,,,,,,,,,,,,,,,,,,,,,,,,,,,,,,,,,,,,,,,,,,,,,,,,,,,,,,,,,,,,,,,
,,,,,,,,,,,,,,,,,,,,,,,,,,,,,,,,,,,,,,,,,,,,,,,,,,,,,,,,,,,,,,,,,,,,,,,,,,,,,,,,,,,,,,,,,,,,,,,,,,,,,,,,,,,,,,,,,,,,,,,,,,,,,,,,,
,,,,,,,,,,,,,,,,,,,,,,,,,,,,,,,,,,,,,,,,,,,,,,,,,,,,,,,,,,,,,,,,,,,,,,,,,,,,,,,,,,,,,,,,,,,,,,,,,,,,,,,,,,,,,,,,,,,,,,,,,,,,,,,,,
,,,,,,,,,,,,,,,,,,,,,,,,,,,,,,,,,,,,,,,,,,,,,,,,,,,,,,,,,,,,,,,,,,,,,,,,,,,,,,,,,,,,,,,,,,,,,,,,,,,,,,,,,,,,,,,,,,,,,,,,,,,,,,,,,
,,,,,,,,,,,,,,,,,,,,,,,,,,,,,,,,,,,,,,,,,,,,,,,,,,,,,,,,,,,,,,,,,,,,,,,,,,,,,,,,,,,,,,,,,,,,,,,,,,,,,,,,,,,,,,,,,,,,,,,,,,,,,,,,,
,,,,,,,,,,,,,,,,,,,,,,,,,,,,,,,,,,,,,,,,,,,,,,,,,,,,,,,,,,,,,,,,,,,,,,,,,,,,,,,,,,,,,,,,,,,,,,,,,,,,,,,,,,,,,,,,,,,,,,,,,,,,,,,,,
,,,,,,,,,,,,,,,,,,,,,,,,,,,,,,,,,,,,,,,,,,,,,,,,,,,,,,,,,,,,,,,,,,,,,,,,,,,,,,,,,,,,,,,,,,,,,,,,,,,,,,,,,,,,,,,,,,,,,,,,,,,,,,,,,
,,,,,,,,,,,,,,,,,,,,,,,,,,,,,,,,,,,,,,,,,,,,,,,,,,,,,,,,,,,,,,,,,,,,,,,,,,,,,,,,,,,,,,,,,,,,,,,,,,,,,,,,,,,,,,,,,,,,,,,,,,,,,,,,,
,,,,,,,,,,,,,,,,,,,,,,,,,,,,,,,,,,,,,,,,,,,,,,,,,,,,,,,,,,,,,,,,,,,,,,,,,,,,,,,,,,,,,,,,,,,,,,,,,,,,,,,,,,,,,,,,,,,,,,,,,,,,,,,,,
,,,,,,,,,,,,,,,,,,,,,,,,,,,,,,,,,,,,,,,,,,,,,,,,,,,,,,,,,,,,,,,,,,,,,,,,,,,,,,,,,,,,,,,,,,,,,,,,,,,,,,,,,,,,,,,,,,,,,,,,,,,,,,,,,
,,,,,,,,,,,,,,,,,,,,,,,,,,,,,,,,,,,,,,,,,,,,,,,,,,,,,,,,,,,,,,,,,,,,,,,,,,,,,,,,,,,,,,,,,,,,,,,,,,,,,,,,,,,,,,,,,,,,,,,,,,,,,,,,,
,,,,,,,,,,,,,,,,,,,,,,,,,,,,,,,,,,,,,,,,,,,,,,,,,,,,,,,,,,,,,,,,,,,,,,,,,,,,,,,,,,,,,,,,,,,,,,,,,,,,,,,,,,,,,,,,,,,,,,,,,,,,,,,,,
,,,,,,,,,,,,,,,,,,,,,,,,,,,,,,,,,,,,,,,,,,,,,,,,,,,,,,,,,,,,,,,,,,,,,,,,,,,,,,,,,,,,,,,,,,,,,,,,,,,,,,,,,,,,,,,,,,,,,,,,,,,,,,,,,
,,,,,,,,,,,,,,,,,,,,,,,,,,,,,,,,,,,,,,,,,,,,,,,,,,,,,,,,,,,,,,,,,,,,,,,,,,,,,,,,,,,,,,,,,,,,,,,,,,,,,,,,,,,,,,,,,,,,,,,,,,,,,,,,,
,,,,,,,,,,,,,,,,,,,,,,,,,,,,,,,,,,,,,,,,,,,,,,,,,,,,,,,,,,,,,,,,,,,,,,,,,,,,,,,,,,,,,,,,,,,,,,,,,,,,,,,,,,,,,,,,,,,,,,,,,,,,,,,,,
,,,,,,,,,,,,,,,,,,,,,,,,,,,,,,,,,,,,,,,,,,,,,,,,,,,,,,,,,,,,,,,,,,,,,,,,,,,,,,,,,,,,,,,,,,,,,,,,,,,,,,,,,,,,,,,,,,,,,,,,,,,,,,,,,
,,,,,,,,,,,,,,,,,,,,,,,,,,,,,,,,,,,,,,,,,,,,,,,,,,,,,,,,,,,,,,,,,,,,,,,,,,,,,,,,,,,,,,,,,,,,,,,,,,,,,,,,,,,,,,,,,,,,,,,,,,,,,,,,,
,,,,,,,,,,,,,,,,,,,,,,,,,,,,,,,,,,,,,,,,,,,,,,,,,,,,,,,,,,,,,,,,,,,,,,,,,,,,,,,,,,,,,,,,,,,,,,,,,,,,,,,,,,,,,,,,,,,,,,,,,,,,,,,,,
,,,,,,,,,,,,,,,,,,,,,,,,,,,,,,,,,,,,,,,,,,,,,,,,,,,,,,,,,,,,,,,,,,,,,,,,,,,,,,,,,,,,,,,,,,,,,,,,,,,,,,,,,,,,,,,,,,,,,,,,,,,,,,,,,
,,,,,,,,,,,,,,,,,,,,,,,,,,,,,,,,,,,,,,,,,,,,,,,,,,,,,,,,,,,,,,,,,,,,,,,,,,,,,,,,,,,,,,,,,,,,,,,,,,,,,,,,,,,,,,,,,,,,,,,,,,,,,,,,,
,,,,,,,,,,,,,,,,,,,,,,,,,,,,,,,,,,,,,,,,,,,,,,,,,,,,,,,,,,,,,,,,,,,,,,,,,,,,,,,,,,,,,,,,,,,,,,,,,,,,,,,,,,,,,,,,,,,,,,,,,,,,,,,,,
,,,,,,,,,,,,,,,,,,,,,,,,,,,,,,,,,,,,,,,,,,,,,,,,,,,,,,,,,,,,,,,,,,,,,,,,,,,,,,,,,,,,,,,,,,,,,,,,,,,,,,,,,,,,,,,,,,,,,,,,,,,,,,,,,
,,,,,,,,,,,,,,,,,,,,,,,,,,,,,,,,,,,,,,,,,,,,,,,,,,,,,,,,,,,,,,,,,,,,,,,,,,,,,,,,,,,,,,,,,,,,,,,,,,,,,,,,,,,,,,,,,,,,,,,,,,,,,,,,,
,,,,,,,,,,,,,,,,,,,,,,,,,,,,,,,,,,,,,,,,,,,,,,,,,,,,,,,,,,,,,,,,,,,,,,,,,,,,,,,,,,,,,,,,,,,,,,,,,,,,,,,,,,,,,,,,,,,,,,,,,,,,,,,,,
,,,,,,,,,,,,,,,,,,,,,,,,,,,,,,,,,,,,,,,,,,,,,,,,,,,,,,,,,,,,,,,,,,,,,,,,,,,,,,,,,,,,,,,,,,,,,,,,,,,,,,,,,,,,,,,,,,,,,,,,,,,,,,,,,
,,,,,,,,,,,,,,,,,,,,,,,,,,,,,,,,,,,,,,,,,,,,,,,,,,,,,,,,,,,,,,,,,,,,,,,,,,,,,,,,,,,,,,,,,,,,,,,,,,,,,,,,,,,,,,,,,,,,,,,,,,,,,,,,,
,,,,,,,,,,,,,,,,,,,,,,,,,,,,,,,,,,,,,,,,,,,,,,,,,,,,,,,,,,,,,,,,,,,,,,,,,,,,,,,,,,,,,,,,,,,,,,,,,,,,,,,,,,,,,,,,,,,,,,,,,,,,,,,,,
,,,,,,,,,,,,,,,,,,,,,,,,,,,,,,,,,,,,,,,,,,,,,,,,,,,,,,,,,,,,,,,,,,,,,,,,,,,,,,,,,,,,,,,,,,,,,,,,,,,,,,,,,,,,,,,,,,,,,,,,,,,,,,,,,
,,,,,,,,,,,,,,,,,,,,,,,,,,,,,,,,,,,,,,,,,,,,,,,,,,,,,,,,,,,,,,,,,,,,,,,,,,,,,,,,,,,,,,,,,,,,,,,,,,,,,,,,,,,,,,,,,,,,,,,,,,,,,,,,,
,,,,,,,,,,,,,,,,,,,,,,,,,,,,,,,,,,,,,,,,,,,,,,,,,,,,,,,,,,,,,,,,,,,,,,,,,,,,,,,,,,,,,,,,,,,,,,,,,,,,,,,,,,,,,,,,,,,,,,,,,,,,,,,,,
,,,,,,,,,,,,,,,,,,,,,,,,,,,,,,,,,,,,,,,,,,,,,,,,,,,,,,,,,,,,,,,,,,,,,,,,,,,,,,,,,,,,,,,,,,,,,,,,,,,,,,,,,,,,,,,,,,,,,,,,,,,,,,,,,
,,,,,,,,,,,,,,,,,,,,,,,,,,,,,,,,,,,,,,,,,,,,,,,,,,,,,,,,,,,,,,,,,,,,,,,,,,,,,,,,,,,,,,,,,,,,,,,,,,,,,,,,,,,,,,,,,,,,,,,,,,,,,,,,,
,,,,,,,,,,,,,,,,,,,,,,,,,,,,,,,,,,,,,,,,,,,,,,,,,,,,,,,,,,,,,,,,,,,,,,,,,,,,,,,,,,,,,,,,,,,,,,,,,,,,,,,,,,,,,,,,,,,,,,,,,,,,,,,,,
,,,,,,,,,,,,,,,,,,,,,,,,,,,,,,,,,,,,,,,,,,,,,,,,,,,,,,,,,,,,,,,,,,,,,,,,,,,,,,,,,,,,,,,,,,,,,,,,,,,,,,,,,,,,,,,,,,,,,,,,,,,,,,,,,
,,,,,,,,,,,,,,,,,,,,,,,,,,,,,,,,,,,,,,,,,,,,,,,,,,,,,,,,,,,,,,,,,,,,,,,,,,,,,,,,,,,,,,,,,,,,,,,,,,,,,,,,,,,,,,,,,,,,,,,,,,,,,,,,,
,,,,,,,,,,,,,,,,,,,,,,,,,,,,,,,,,,,,,,,,,,,,,,,,,,,,,,,,,,,,,,,,,,,,,,,,,,,,,,,,,,,,,,,,,,,,,,,,,,,,,,,,,,,,,,,,,,,,,,,,,,,,,,,,,
,,,,,,,,,,,,,,,,,,,,,,,,,,,,,,,,,,,,,,,,,,,,,,,,,,,,,,,,,,,,,,,,,,,,,,,,,,,,,,,,,,,,,,,,,,,,,,,,,,,,,,,,,,,,,,,,,,,,,,,,,,,,,,,,,
,,,,,,,,,,,,,,,,,,,,,,,,,,,,,,,,,,,,,,,,,,,,,,,,,,,,,,,,,,,,,,,,,,,,,,,,,,,,,,,,,,,,,,,,,,,,,,,,,,,,,,,,,,,,,,,,,,,,,,,,,,,,,,,,,
,,,,,,,,,,,,,,,,,,,,,,,,,,,,,,,,,,,,,,,,,,,,,,,,,,,,,,,,,,,,,,,,,,,,,,,,,,,,,,,,,,,,,,,,,,,,,,,,,,,,,,,,,,,,,,,,,,,,,,,,,,,,,,,,,
,,,,,,,,,,,,,,,,,,,,,,,,,,,,,,,,,,,,,,,,,,,,,,,,,,,,,,,,,,,,,,,,,,,,,,,,,,,,,,,,,,,,,,,,,,,,,,,,,,,,,,,,,,,,,,,,,,,,,,,,,,,,,,,,,
,,,,,,,,,,,,,,,,,,,,,,,,,,,,,,,,,,,,,,,,,,,,,,,,,,,,,,,,,,,,,,,,,,,,,,,,,,,,,,,,,,,,,,,,,,,,,,,,,,,,,,,,,,,,,,,,,,,,,,,,,,,,,,,,,
,,,,,,,,,,,,,,,,,,,,,,,,,,,,,,,,,,,,,,,,,,,,,,,,,,,,,,,,,,,,,,,,,,,,,,,,,,,,,,,,,,,,,,,,,,,,,,,,,,,,,,,,,,,,,,,,,,,,,,,,,,,,,,,,,
,,,,,,,,,,,,,,,,,,,,,,,,,,,,,,,,,,,,,,,,,,,,,,,,,,,,,,,,,,,,,,,,,,,,,,,,,,,,,,,,,,,,,,,,,,,,,,,,,,,,,,,,,,,,,,,,,,,,,,,,,,,,,,,,,
,,,,,,,,,,,,,,,,,,,,,,,,,,,,,,,,,,,,,,,,,,,,,,,,,,,,,,,,,,,,,,,,,,,,,,,,,,,,,,,,,,,,,,,,,,,,,,,,,,,,,,,,,,,,,,,,,,,,,,,,,,,,,,,,,
,,,,,,,,,,,,,,,,,,,,,,,,,,,,,,,,,,,,,,,,,,,,,,,,,,,,,,,,,,,,,,,,,,,,,,,,,,,,,,,,,,,,,,,,,,,,,,,,,,,,,,,,,,,,,,,,,,,,,,,,,,,,,,,,,
,,,,,,,,,,,,,,,,,,,,,,,,,,,,,,,,,,,,,,,,,,,,,,,,,,,,,,,,,,,,,,,,,,,,,,,,,,,,,,,,,,,,,,,,,,,,,,,,,,,,,,,,,,,,,,,,,,,,,,,,,,,,,,,,,
,,,,,,,,,,,,,,,,,,,,,,,,,,,,,,,,,,,,,,,,,,,,,,,,,,,,,,,,,,,,,,,,,,,,,,,,,,,,,,,,,,,,,,,,,,,,,,,,,,,,,,,,,,,,,,,,,,,,,,,,,,,,,,,,,
,,,,,,,,,,,,,,,,,,,,,,,,,,,,,,,,,,,,,,,,,,,,,,,,,,,,,,,,,,,,,,,,,,,,,,,,,,,,,,,,,,,,,,,,,,,,,,,,,,,,,,,,,,,,,,,,,,,,,,,,,,,,,,,,,
,,,,,,,,,,,,,,,,,,,,,,,,,,,,,,,,,,,,,,,,,,,,,,,,,,,,,,,,,,,,,,,,,,,,,,,,,,,,,,,,,,,,,,,,,,,,,,,,,,,,,,,,,,,,,,,,,,,,,,,,,,,,,,,,,
,,,,,,,,,,,,,,,,,,,,,,,,,,,,,,,,,,,,,,,,,,,,,,,,,,,,,,,,,,,,,,,,,,,,,,,,,,,,,,,,,,,,,,,,,,,,,,,,,,,,,,,,,,,,,,,,,,,,,,,,,,,,,,,,,
,,,,,,,,,,,,,,,,,,,,,,,,,,,,,,,,,,,,,,,,,,,,,,,,,,,,,,,,,,,,,,,,,,,,,,,,,,,,,,,,,,,,,,,,,,,,,,,,,,,,,,,,,,,,,,,,,,,,,,,,,,,,,,,,,
,,,,,,,,,,,,,,,,,,,,,,,,,,,,,,,,,,,,,,,,,,,,,,,,,,,,,,,,,,,,,,,,,,,,,,,,,,,,,,,,,,,,,,,,,,,,,,,,,,,,,,,,,,,,,,,,,,,,,,,,,,,,,,,,,
,,,,,,,,,,,,,,,,,,,,,,,,,,,,,,,,,,,,,,,,,,,,,,,,,,,,,,,,,,,,,,,,,,,,,,,,,,,,,,,,,,,,,,,,,,,,,,,,,,,,,,,,,,,,,,,,,,,,,,,,,,,,,,,,,
,,,,,,,,,,,,,,,,,,,,,,,,,,,,,,,,,,,,,,,,,,,,,,,,,,,,,,,,,,,,,,,,,,,,,,,,,,,,,,,,,,,,,,,,,,,,,,,,,,,,,,,,,,,,,,,,,,,,,,,,,,,,,,,,,
,,,,,,,,,,,,,,,,,,,,,,,,,,,,,,,,,,,,,,,,,,,,,,,,,,,,,,,,,,,,,,,,,,,,,,,,,,,,,,,,,,,,,,,,,,,,,,,,,,,,,,,,,,,,,,,,,,,,,,,,,,,,,,,,,
,,,,,,,,,,,,,,,,,,,,,,,,,,,,,,,,,,,,,,,,,,,,,,,,,,,,,,,,,,,,,,,,,,,,,,,,,,,,,,,,,,,,,,,,,,,,,,,,,,,,,,,,,,,,,,,,,,,,,,,,,,,,,,,,,
,,,,,,,,,,,,,,,,,,,,,,,,,,,,,,,,,,,,,,,,,,,,,,,,,,,,,,,,,,,,,,,,,,,,,,,,,,,,,,,,,,,,,,,,,,,,,,,,,,,,,,,,,,,,,,,,,,,,,,,,,,,,,,,,,
,,,,,,,,,,,,,,,,,,,,,,,,,,,,,,,,,,,,,,,,,,,,,,,,,,,,,,,,,,,,,,,,,,,,,,,,,,,,,,,,,,,,,,,,,,,,,,,,,,,,,,,,,,,,,,,,,,,,,,,,,,,,,,,,,
,,,,,,,,,,,,,,,,,,,,,,,,,,,,,,,,,,,,,,,,,,,,,,,,,,,,,,,,,,,,,,,,,,,,,,,,,,,,,,,,,,,,,,,,,,,,,,,,,,,,,,,,,,,,,,,,,,,,,,,,,,,,,,,,,
,,,,,,,,,,,,,,,,,,,,,,,,,,,,,,,,,,,,,,,,,,,,,,,,,,,,,,,,,,,,,,,,,,,,,,,,,,,,,,,,,,,,,,,,,,,,,,,,,,,,,,,,,,,,,,,,,,,,,,,,,,,,,,,,,
,,,,,,,,,,,,,,,,,,,,,,,,,,,,,,,,,,,,,,,,,,,,,,,,,,,,,,,,,,,,,,,,,,,,,,,,,,,,,,,,,,,,,,,,,,,,,,,,,,,,,,,,,,,,,,,,,,,,,,,,,,,,,,,,,
,,,,,,,,,,,,,,,,,,,,,,,,,,,,,,,,,,,,,,,,,,,,,,,,,,,,,,,,,,,,,,,,,,,,,,,,,,,,,,,,,,,,,,,,,,,,,,,,,,,,,,,,,,,,,,,,,,,,,,,,,,,,,,,,,
,,,,,,,,,,,,,,,,,,,,,,,,,,,,,,,,,,,,,,,,,,,,,,,,,,,,,,,,,,,,,,,,,,,,,,,,,,,,,,,,,,,,,,,,,,,,,,,,,,,,,,,,,,,,,,,,,,,,,,,,,,,,,,,,,
,,,,,,,,,,,,,,,,,,,,,,,,,,,,,,,,,,,,,,,,,,,,,,,,,,,,,,,,,,,,,,,,,,,,,,,,,,,,,,,,,,,,,,,,,,,,,,,,,,,,,,,,,,,,,,,,,,,,,,,,,,,,,,,,,
,,,,,,,,,,,,,,,,,,,,,,,,,,,,,,,,,,,,,,,,,,,,,,,,,,,,,,,,,,,,,,,,,,,,,,,,,,,,,,,,,,,,,,,,,,,,,,,,,,,,,,,,,,,,,,,,,,,,,,,,,,,,,,,,,
,,,,,,,,,,,,,,,,,,,,,,,,,,,,,,,,,,,,,,,,,,,,,,,,,,,,,,,,,,,,,,,,,,,,,,,,,,,,,,,,,,,,,,,,,,,,,,,,,,,,,,,,,,,,,,,,,,,,,,,,,,,,,,,,,
,,,,,,,,,,,,,,,,,,,,,,,,,,,,,,,,,,,,,,,,,,,,,,,,,,,,,,,,,,,,,,,,,,,,,,,,,,,,,,,,,,,,,,,,,,,,,,,,,,,,,,,,,,,,,,,,,,,,,,,,,,,,,,,,,
,,,,,,,,,,,,,,,,,,,,,,,,,,,,,,,,,,,,,,,,,,,,,,,,,,,,,,,,,,,,,,,,,,,,,,,,,,,,,,,,,,,,,,,,,,,,,,,,,,,,,,,,,,,,,,,,,,,,,,,,,,,,,,,,,
,,,,,,,,,,,,,,,,,,,,,,,,,,,,,,,,,,,,,,,,,,,,,,,,,,,,,,,,,,,,,,,,,,,,,,,,,,,,,,,,,,,,,,,,,,,,,,,,,,,,,,,,,,,,,,,,,,,,,,,,,,,,,,,,,
,,,,,,,,,,,,,,,,,,,,,,,,,,,,,,,,,,,,,,,,,,,,,,,,,,,,,,,,,,,,,,,,,,,,,,,,,,,,,,,,,,,,,,,,,,,,,,,,,,,,,,,,,,,,,,,,,,,,,,,,,,,,,,,,,
,,,,,,,,,,,,,,,,,,,,,,,,,,,,,,,,,,,,,,,,,,,,,,,,,,,,,,,,,,,,,,,,,,,,,,,,,,,,,,,,,,,,,,,,,,,,,,,,,,,,,,,,,,,,,,,,,,,,,,,,,,,,,,,,,
,,,,,,,,,,,,,,,,,,,,,,,,,,,,,,,,,,,,,,,,,,,,,,,,,,,,,,,,,,,,,,,,,,,,,,,,,,,,,,,,,,,,,,,,,,,,,,,,,,,,,,,,,,,,,,,,,,,,,,,,,,,,,,,,,
,,,,,,,,,,,,,,,,,,,,,,,,,,,,,,,,,,,,,,,,,,,,,,,,,,,,,,,,,,,,,,,,,,,,,,,,,,,,,,,,,,,,,,,,,,,,,,,,,,,,,,,,,,,,,,,,,,,,,,,,,,,,,,,,,
,,,,,,,,,,,,,,,,,,,,,,,,,,,,,,,,,,,,,,,,,,,,,,,,,,,,,,,,,,,,,,,,,,,,,,,,,,,,,,,,,,,,,,,,,,,,,,,,,,,,,,,,,,,,,,,,,,,,,,,,,,,,,,,,,
,,,,,,,,,,,,,,,,,,,,,,,,,,,,,,,,,,,,,,,,,,,,,,,,,,,,,,,,,,,,,,,,,,,,,,,,,,,,,,,,,,,,,,,,,,,,,,,,,,,,,,,,,,,,,,,,,,,,,,,,,,,,,,,,,
,,,,,,,,,,,,,,,,,,,,,,,,,,,,,,,,,,,,,,,,,,,,,,,,,,,,,,,,,,,,,,,,,,,,,,,,,,,,,,,,,,,,,,,,,,,,,,,,,,,,,,,,,,,,,,,,,,,,,,,,,,,,,,,,,
,,,,,,,,,,,,,,,,,,,,,,,,,,,,,,,,,,,,,,,,,,,,,,,,,,,,,,,,,,,,,,,,,,,,,,,,,,,,,,,,,,,,,,,,,,,,,,,,,,,,,,,,,,,,,,,,,,,,,,,,,,,,,,,,,
,,,,,,,,,,,,,,,,,,,,,,,,,,,,,,,,,,,,,,,,,,,,,,,,,,,,,,,,,,,,,,,,,,,,,,,,,,,,,,,,,,,,,,,,,,,,,,,,,,,,,,,,,,,,,,,,,,,,,,,,,,,,,,,,,
,,,,,,,,,,,,,,,,,,,,,,,,,,,,,,,,,,,,,,,,,,,,,,,,,,,,,,,,,,,,,,,,,,,,,,,,,,,,,,,,,,,,,,,,,,,,,,,,,,,,,,,,,,,,,,,,,,,,,,,,,,,,,,,,,
,,,,,,,,,,,,,,,,,,,,,,,,,,,,,,,,,,,,,,,,,,,,,,,,,,,,,,,,,,,,,,,,,,,,,,,,,,,,,,,,,,,,,,,,,,,,,,,,,,,,,,,,,,,,,,,,,,,,,,,,,,,,,,,,,
,,,,,,,,,,,,,,,,,,,,,,,,,,,,,,,,,,,,,,,,,,,,,,,,,,,,,,,,,,,,,,,,,,,,,,,,,,,,,,,,,,,,,,,,,,,,,,,,,,,,,,,,,,,,,,,,,,,,,,,,,,,,,,,,,
,,,,,,,,,,,,,,,,,,,,,,,,,,,,,,,,,,,,,,,,,,,,,,,,,,,,,,,,,,,,,,,,,,,,,,,,,,,,,,,,,,,,,,,,,,,,,,,,,,,,,,,,,,,,,,,,,,,,,,,,,,,,,,,,,
,,,,,,,,,,,,,,,,,,,,,,,,,,,,,,,,,,,,,,,,,,,,,,,,,,,,,,,,,,,,,,,,,,,,,,,,,,,,,,,,,,,,,,,,,,,,,,,,,,,,,,,,,,,,,,,,,,,,,,,,,,,,,,,,,
,,,,,,,,,,,,,,,,,,,,,,,,,,,,,,,,,,,,,,,,,,,,,,,,,,,,,,,,,,,,,,,,,,,,,,,,,,,,,,,,,,,,,,,,,,,,,,,,,,,,,,,,,,,,,,,,,,,,,,,,,,,,,,,,,
,,,,,,,,,,,,,,,,,,,,,,,,,,,,,,,,,,,,,,,,,,,,,,,,,,,,,,,,,,,,,,,,,,,,,,,,,,,,,,,,,,,,,,,,,,,,,,,,,,,,,,,,,,,,,,,,,,,,,,,,,,,,,,,,,
,,,,,,,,,,,,,,,,,,,,,,,,,,,,,,,,,,,,,,,,,,,,,,,,,,,,,,,,,,,,,,,,,,,,,,,,,,,,,,,,,,,,,,,,,,,,,,,,,,,,,,,,,,,,,,,,,,,,,,,,,,,,,,,,,
,,,,,,,,,,,,,,,,,,,,,,,,,,,,,,,,,,,,,,,,,,,,,,,,,,,,,,,,,,,,,,,,,,,,,,,,,,,,,,,,,,,,,,,,,,,,,,,,,,,,,,,,,,,,,,,,,,,,,,,,,,,,,,,,,
,,,,,,,,,,,,,,,,,,,,,,,,,,,,,,,,,,,,,,,,,,,,,,,,,,,,,,,,,,,,,,,,,,,,,,,,,,,,,,,,,,,,,,,,,,,,,,,,,,,,,,,,,,,,,,,,,,,,,,,,,,,,,,,,,
,,,,,,,,,,,,,,,,,,,,,,,,,,,,,,,,,,,,,,,,,,,,,,,,,,,,,,,,,,,,,,,,,,,,,,,,,,,,,,,,,,,,,,,,,,,,,,,,,,,,,,,,,,,,,,,,,,,,,,,,,,,,,,,,,
,,,,,,,,,,,,,,,,,,,,,,,,,,,,,,,,,,,,,,,,,,,,,,,,,,,,,,,,,,,,,,,,,,,,,,,,,,,,,,,,,,,,,,,,,,,,,,,,,,,,,,,,,,,,,,,,,,,,,,,,,,,,,,,,,
,,,,,,,,,,,,,,,,,,,,,,,,,,,,,,,,,,,,,,,,,,,,,,,,,,,,,,,,,,,,,,,,,,,,,,,,,,,,,,,,,,,,,,,,,,,,,,,,,,,,,,,,,,,,,,,,,,,,,,,,,,,,,,,,,
,,,,,,,,,,,,,,,,,,,,,,,,,,,,,,,,,,,,,,,,,,,,,,,,,,,,,,,,,,,,,,,,,,,,,,,,,,,,,,,,,,,,,,,,,,,,,,,,,,,,,,,,,,,,,,,,,,,,,,,,,,,,,,,,,
,,,,,,,,,,,,,,,,,,,,,,,,,,,,,,,,,,,,,,,,,,,,,,,,,,,,,,,,,,,,,,,,,,,,,,,,,,,,,,,,,,,,,,,,,,,,,,,,,,,,,,,,,,,,,,,,,,,,,,,,,,,,,,,,,
,,,,,,,,,,,,,,,,,,,,,,,,,,,,,,,,,,,,,,,,,,,,,,,,,,,,,,,,,,,,,,,,,,,,,,,,,,,,,,,,,,,,,,,,,,,,,,,,,,,,,,,,,,,,,,,,,,,,,,,,,,,,,,,,,
,,,,,,,,,,,,,,,,,,,,,,,,,,,,,,,,,,,,,,,,,,,,,,,,,,,,,,,,,,,,,,,,,,,,,,,,,,,,,,,,,,,,,,,,,,,,,,,,,,,,,,,,,,,,,,,,,,,,,,,,,,,,,,,,,
,,,,,,,,,,,,,,,,,,,,,,,,,,,,,,,,,,,,,,,,,,,,,,,,,,,,,,,,,,,,,,,,,,,,,,,,,,,,,,,,,,,,,,,,,,,,,,,,,,,,,,,,,,,,,,,,,,,,,,,,,,,,,,,,,
,,,,,,,,,,,,,,,,,,,,,,,,,,,,,,,,,,,,,,,,,,,,,,,,,,,,,,,,,,,,,,,,,,,,,,,,,,,,,,,,,,,,,,,,,,,,,,,,,,,,,,,,,,,,,,,,,,,,,,,,,,,,,,,,,
,,,,,,,,,,,,,,,,,,,,,,,,,,,,,,,,,,,,,,,,,,,,,,,,,,,,,,,,,,,,,,,,,,,,,,,,,,,,,,,,,,,,,,,,,,,,,,,,,,,,,,,,,,,,,,,,,,,,,,,,,,,,,,,,,
,,,,,,,,,,,,,,,,,,,,,,,,,,,,,,,,,,,,,,,,,,,,,,,,,,,,,,,,,,,,,,,,,,,,,,,,,,,,,,,,,,,,,,,,,,,,,,,,,,,,,,,,,,,,,,,,,,,,,,,,,,,,,,,,,
,,,,,,,,,,,,,,,,,,,,,,,,,,,,,,,,,,,,,,,,,,,,,,,,,,,,,,,,,,,,,,,,,,,,,,,,,,,,,,,,,,,,,,,,,,,,,,,,,,,,,,,,,,,,,,,,,,,,,,,,,,,,,,,,,
,,,,,,,,,,,,,,,,,,,,,,,,,,,,,,,,,,,,,,,,,,,,,,,,,,,,,,,,,,,,,,,,,,,,,,,,,,,,,,,,,,,,,,,,,,,,,,,,,,,,,,,,,,,,,,,,,,,,,,,,,,,,,,,,,
,,,,,,,,,,,,,,,,,,,,,,,,,,,,,,,,,,,,,,,,,,,,,,,,,,,,,,,,,,,,,,,,,,,,,,,,,,,,,,,,,,,,,,,,,,,,,,,,,,,,,,,,,,,,,,,,,,,,,,,,,,,,,,,,,
,,,,,,,,,,,,,,,,,,,,,,,,,,,,,,,,,,,,,,,,,,,,,,,,,,,,,,,,,,,,,,,,,,,,,,,,,,,,,,,,,,,,,,,,,,,,,,,,,,,,,,,,,,,,,,,,,,,,,,,,,,,,,,,,,
,,,,,,,,,,,,,,,,,,,,,,,,,,,,,,,,,,,,,,,,,,,,,,,,,,,,,,,,,,,,,,,,,,,,,,,,,,,,,,,,,,,,,,,,,,,,,,,,,,,,,,,,,,,,,,,,,,,,,,,,,,,,,,,,,
,,,,,,,,,,,,,,,,,,,,,,,,,,,,,,,,,,,,,,,,,,,,,,,,,,,,,,,,,,,,,,,,,,,,,,,,,,,,,,,,,,,,,,,,,,,,,,,,,,,,,,,,,,,,,,,,,,,,,,,,,,,,,,,,,
,,,,,,,,,,,,,,,,,,,,,,,,,,,,,,,,,,,,,,,,,,,,,,,,,,,,,,,,,,,,,,,,,,,,,,,,,,,,,,,,,,,,,,,,,,,,,,,,,,,,,,,,,,,,,,,,,,,,,,,,,,,,,,,,,
,,,,,,,,,,,,,,,,,,,,,,,,,,,,,,,,,,,,,,,,,,,,,,,,,,,,,,,,,,,,,,,,,,,,,,,,,,,,,,,,,,,,,,,,,,,,,,,,,,,,,,,,,,,,,,,,,,,,,,,,,,,,,,,,,
,,,,,,,,,,,,,,,,,,,,,,,,,,,,,,,,,,,,,,,,,,,,,,,,,,,,,,,,,,,,,,,,,,,,,,,,,,,,,,,,,,,,,,,,,,,,,,,,,,,,,,,,,,,,,,,,,,,,,,,,,,,,,,,,,
,,,,,,,,,,,,,,,,,,,,,,,,,,,,,,,,,,,,,,,,,,,,,,,,,,,,,,,,,,,,,,,,,,,,,,,,,,,,,,,,,,,,,,,,,,,,,,,,,,,,,,,,,,,,,,,,,,,,,,,,,,,,,,,,,
,,,,,,,,,,,,,,,,,,,,,,,,,,,,,,,,,,,,,,,,,,,,,,,,,,,,,,,,,,,,,,,,,,,,,,,,,,,,,,,,,,,,,,,,,,,,,,,,,,,,,,,,,,,,,,,,,,,,,,,,,,,,,,,,,
,,,,,,,,,,,,,,,,,,,,,,,,,,,,,,,,,,,,,,,,,,,,,,,,,,,,,,,,,,,,,,,,,,,,,,,,,,,,,,,,,,,,,,,,,,,,,,,,,,,,,,,,,,,,,,,,,,,,,,,,,,,,,,,,,
,,,,,,,,,,,,,,,,,,,,,,,,,,,,,,,,,,,,,,,,,,,,,,,,,,,,,,,,,,,,,,,,,,,,,,,,,,,,,,,,,,,,,,,,,,,,,,,,,,,,,,,,,,,,,,,,,,,,,,,,,,,,,,,,,
,,,,,,,,,,,,,,,,,,,,,,,,,,,,,,,,,,,,,,,,,,,,,,,,,,,,,,,,,,,,,,,,,,,,,,,,,,,,,,,,,,,,,,,,,,,,,,,,,,,,,,,,,,,,,,,,,,,,,,,,,,,,,,,,,
,,,,,,,,,,,,,,,,,,,,,,,,,,,,,,,,,,,,,,,,,,,,,,,,,,,,,,,,,,,,,,,,,,,,,,,,,,,,,,,,,,,,,,,,,,,,,,,,,,,,,,,,,,,,,,,,,,,,,,,,,,,,,,,,,
,,,,,,,,,,,,,,,,,,,,,,,,,,,,,,,,,,,,,,,,,,,,,,,,,,,,,,,,,,,,,,,,,,,,,,,,,,,,,,,,,,,,,,,,,,,,,,,,,,,,,,,,,,,,,,,,,,,,,,,,,,,,,,,,,
,,,,,,,,,,,,,,,,,,,,,,,,,,,,,,,,,,,,,,,,,,,,,,,,,,,,,,,,,,,,,,,,,,,,,,,,,,,,,,,,,,,,,,,,,,,,,,,,,,,,,,,,,,,,,,,,,,,,,,,,,,,,,,,,,
,,,,,,,,,,,,,,,,,,,,,,,,,,,,,,,,,,,,,,,,,,,,,,,,,,,,,,,,,,,,,,,,,,,,,,,,,,,,,,,,,,,,,,,,,,,,,,,,,,,,,,,,,,,,,,,,,,,,,,,,,,,,,,,,,
,,,,,,,,,,,,,,,,,,,,,,,,,,,,,,,,,,,,,,,,,,,,,,,,,,,,,,,,,,,,,,,,,,,,,,,,,,,,,,,,,,,,,,,,,,,,,,,,,,,,,,,,,,,,,,,,,,,,,,,,,,,,,,,,,
,,,,,,,,,,,,,,,,,,,,,,,,,,,,,,,,,,,,,,,,,,,,,,,,,,,,,,,,,,,,,,,,,,,,,,,,,,,,,,,,,,,,,,,,,,,,,,,,,,,,,,,,,,,,,,,,,,,,,,,,,,,,,,,,,
,,,,,,,,,,,,,,,,,,,,,,,,,,,,,,,,,,,,,,,,,,,,,,,,,,,,,,,,,,,,,,,,,,,,,,,,,,,,,,,,,,,,,,,,,,,,,,,,,,,,,,,,,,,,,,,,,,,,,,,,,,,,,,,,,
,,,,,,,,,,,,,,,,,,,,,,,,,,,,,,,,,,,,,,,,,,,,,,,,,,,,,,,,,,,,,,,,,,,,,,,,,,,,,,,,,,,,,,,,,,,,,,,,,,,,,,,,,,,,,,,,,,,,,,,,,,,,,,,,,
,,,,,,,,,,,,,,,,,,,,,,,,,,,,,,,,,,,,,,,,,,,,,,,,,,,,,,,,,,,,,,,,,,,,,,,,,,,,,,,,,,,,,,,,,,,,,,,,,,,,,,,,,,,,,,,,,,,,,,,,,,,,,,,,,
,,,,,,,,,,,,,,,,,,,,,,,,,,,,,,,,,,,,,,,,,,,,,,,,,,,,,,,,,,,,,,,,,,,,,,,,,,,,,,,,,,,,,,,,,,,,,,,,,,,,,,,,,,,,,,,,,,,,,,,,,,,,,,,,,
,,,,,,,,,,,,,,,,,,,,,,,,,,,,,,,,,,,,,,,,,,,,,,,,,,,,,,,,,,,,,,,,,,,,,,,,,,,,,,,,,,,,,,,,,,,,,,,,,,,,,,,,,,,,,,,,,,,,,,,,,,,,,,,,,
,,,,,,,,,,,,,,,,,,,,,,,,,,,,,,,,,,,,,,,,,,,,,,,,,,,,,,,,,,,,,,,,,,,,,,,,,,,,,,,,,,,,,,,,,,,,,,,,,,,,,,,,,,,,,,,,,,,,,,,,,,,,,,,,,
,,,,,,,,,,,,,,,,,,,,,,,,,,,,,,,,,,,,,,,,,,,,,,,,,,,,,,,,,,,,,,,,,,,,,,,,,,,,,,,,,,,,,,,,,,,,,,,,,,,,,,,,,,,,,,,,,,,,,,,,,,,,,,,,,
,,,,,,,,,,,,,,,,,,,,,,,,,,,,,,,,,,,,,,,,,,,,,,,,,,,,,,,,,,,,,,,,,,,,,,,,,,,,,,,,,,,,,,,,,,,,,,,,,,,,,,,,,,,,,,,,,,,,,,,,,,,,,,,,,
,,,,,,,,,,,,,,,,,,,,,,,,,,,,,,,,,,,,,,,,,,,,,,,,,,,,,,,,,,,,,,,,,,,,,,,,,,,,,,,,,,,,,,,,,,,,,,,,,,,,,,,,,,,,,,,,,,,,,,,,,,,,,,,,,
,,,,,,,,,,,,,,,,,,,,,,,,,,,,,,,,,,,,,,,,,,,,,,,,,,,,,,,,,,,,,,,,,,,,,,,,,,,,,,,,,,,,,,,,,,,,,,,,,,,,,,,,,,,,,,,,,,,,,,,,,,,,,,,,,
,,,,,,,,,,,,,,,,,,,,,,,,,,,,,,,,,,,,,,,,,,,,,,,,,,,,,,,,,,,,,,,,,,,,,,,,,,,,,,,,,,,,,,,,,,,,,,,,,,,,,,,,,,,,,,,,,,,,,,,,,,,,,,,,,
,,,,,,,,,,,,,,,,,,,,,,,,,,,,,,,,,,,,,,,,,,,,,,,,,,,,,,,,,,,,,,,,,,,,,,,,,,,,,,,,,,,,,,,,,,,,,,,,,,,,,,,,,,,,,,,,,,,,,,,,,,,,,,,,,
,,,,,,,,,,,,,,,,,,,,,,,,,,,,,,,,,,,,,,,,,,,,,,,,,,,,,,,,,,,,,,,,,,,,,,,,,,,,,,,,,,,,,,,,,,,,,,,,,,,,,,,,,,,,,,,,,,,,,,,,,,,,,,,,,
,,,,,,,,,,,,,,,,,,,,,,,,,,,,,,,,,,,,,,,,,,,,,,,,,,,,,,,,,,,,,,,,,,,,,,,,,,,,,,,,,,,,,,,,,,,,,,,,,,,,,,,,,,,,,,,,,,,,,,,,,,,,,,,,,
,,,,,,,,,,,,,,,,,,,,,,,,,,,,,,,,,,,,,,,,,,,,,,,,,,,,,,,,,,,,,,,,,,,,,,,,,,,,,,,,,,,,,,,,,,,,,,,,,,,,,,,,,,,,,,,,,,,,,,,,,,,,,,,,,
,,,,,,,,,,,,,,,,,,,,,,,,,,,,,,,,,,,,,,,,,,,,,,,,,,,,,,,,,,,,,,,,,,,,,,,,,,,,,,,,,,,,,,,,,,,,,,,,,,,,,,,,,,,,,,,,,,,,,,,,,,,,,,,,,
,,,,,,,,,,,,,,,,,,,,,,,,,,,,,,,,,,,,,,,,,,,,,,,,,,,,,,,,,,,,,,,,,,,,,,,,,,,,,,,,,,,,,,,,,,,,,,,,,,,,,,,,,,,,,,,,,,,,,,,,,,,,,,,,,
,,,,,,,,,,,,,,,,,,,,,,,,,,,,,,,,,,,,,,,,,,,,,,,,,,,,,,,,,,,,,,,,,,,,,,,,,,,,,,,,,,,,,,,,,,,,,,,,,,,,,,,,,,,,,,,,,,,,,,,,,,,,,,,,,
,,,,,,,,,,,,,,,,,,,,,,,,,,,,,,,,,,,,,,,,,,,,,,,,,,,,,,,,,,,,,,,,,,,,,,,,,,,,,,,,,,,,,,,,,,,,,,,,,,,,,,,,,,,,,,,,,,,,,,,,,,,,,,,,,
,,,,,,,,,,,,,,,,,,,,,,,,,,,,,,,,,,,,,,,,,,,,,,,,,,,,,,,,,,,,,,,,,,,,,,,,,,,,,,,,,,,,,,,,,,,,,,,,,,,,,,,,,,,,,,,,,,,,,,,,,,,,,,,,,
,,,,,,,,,,,,,,,,,,,,,,,,,,,,,,,,,,,,,,,,,,,,,,,,,,,,,,,,,,,,,,,,,,,,,,,,,,,,,,,,,,,,,,,,,,,,,,,,,,,,,,,,,,,,,,,,,,,,,,,,,,,,,,,,,
,,,,,,,,,,,,,,,,,,,,,,,,,,,,,,,,,,,,,,,,,,,,,,,,,,,,,,,,,,,,,,,,,,,,,,,,,,,,,,,,,,,,,,,,,,,,,,,,,,,,,,,,,,,,,,,,,,,,,,,,,,,,,,,,,
,,,,,,,,,,,,,,,,,,,,,,,,,,,,,,,,,,,,,,,,,,,,,,,,,,,,,,,,,,,,,,,,,,,,,,,,,,,,,,,,,,,,,,,,,,,,,,,,,,,,,,,,,,,,,,,,,,,,,,,,,,,,,,,,,
,,,,,,,,,,,,,,,,,,,,,,,,,,,,,,,,,,,,,,,,,,,,,,,,,,,,,,,,,,,,,,,,,,,,,,,,,,,,,,,,,,,,,,,,,,,,,,,,,,,,,,,,,,,,,,,,,,,,,,,,,,,,,,,,,
,,,,,,,,,,,,,,,,,,,,,,,,,,,,,,,,,,,,,,,,,,,,,,,,,,,,,,,,,,,,,,,,,,,,,,,,,,,,,,,,,,,,,,,,,,,,,,,,,,,,,,,,,,,,,,,,,,,,,,,,,,,,,,,,,
,,,,,,,,,,,,,,,,,,,,,,,,,,,,,,,,,,,,,,,,,,,,,,,,,,,,,,,,,,,,,,,,,,,,,,,,,,,,,,,,,,,,,,,,,,,,,,,,,,,,,,,,,,,,,,,,,,,,,,,,,,,,,,,,,
,,,,,,,,,,,,,,,,,,,,,,,,,,,,,,,,,,,,,,,,,,,,,,,,,,,,,,,,,,,,,,,,,,,,,,,,,,,,,,,,,,,,,,,,,,,,,,,,,,,,,,,,,,,,,,,,,,,,,,,,,,,,,,,,,
,,,,,,,,,,,,,,,,,,,,,,,,,,,,,,,,,,,,,,,,,,,,,,,,,,,,,,,,,,,,,,,,,,,,,,,,,,,,,,,,,,,,,,,,,,,,,,,,,,,,,,,,,,,,,,,,,,,,,,,,,,,,,,,,,
,,,,,,,,,,,,,,,,,,,,,,,,,,,,,,,,,,,,,,,,,,,,,,,,,,,,,,,,,,,,,,,,,,,,,,,,,,,,,,,,,,,,,,,,,,,,,,,,,,,,,,,,,,,,,,,,,,,,,,,,,,,,,,,,,
,,,,,,,,,,,,,,,,,,,,,,,,,,,,,,,,,,,,,,,,,,,,,,,,,,,,,,,,,,,,,,,,,,,,,,,,,,,,,,,,,,,,,,,,,,,,,,,,,,,,,,,,,,,,,,,,,,,,,,,,,,,,,,,,,
,,,,,,,,,,,,,,,,,,,,,,,,,,,,,,,,,,,,,,,,,,,,,,,,,,,,,,,,,,,,,,,,,,,,,,,,,,,,,,,,,,,,,,,,,,,,,,,,,,,,,,,,,,,,,,,,,,,,,,,,,,,,,,,,,
,,,,,,,,,,,,,,,,,,,,,,,,,,,,,,,,,,,,,,,,,,,,,,,,,,,,,,,,,,,,,,,,,,,,,,,,,,,,,,,,,,,,,,,,,,,,,,,,,,,,,,,,,,,,,,,,,,,,,,,,,,,,,,,,,
,,,,,,,,,,,,,,,,,,,,,,,,,,,,,,,,,,,,,,,,,,,,,,,,,,,,,,,,,,,,,,,,,,,,,,,,,,,,,,,,,,,,,,,,,,,,,,,,,,,,,,,,,,,,,,,,,,,,,,,,,,,,,,,,,
,,,,,,,,,,,,,,,,,,,,,,,,,,,,,,,,,,,,,,,,,,,,,,,,,,,,,,,,,,,,,,,,,,,,,,,,,,,,,,,,,,,,,,,,,,,,,,,,,,,,,,,,,,,,,,,,,,,,,,,,,,,,,,,,,
,,,,,,,,,,,,,,,,,,,,,,,,,,,,,,,,,,,,,,,,,,,,,,,,,,,,,,,,,,,,,,,,,,,,,,,,,,,,,,,,,,,,,,,,,,,,,,,,,,,,,,,,,,,,,,,,,,,,,,,,,,,,,,,,,
,,,,,,,,,,,,,,,,,,,,,,,,,,,,,,,,,,,,,,,,,,,,,,,,,,,,,,,,,,,,,,,,,,,,,,,,,,,,,,,,,,,,,,,,,,,,,,,,,,,,,,,,,,,,,,,,,,,,,,,,,,,,,,,,,
,,,,,,,,,,,,,,,,,,,,,,,,,,,,,,,,,,,,,,,,,,,,,,,,,,,,,,,,,,,,,,,,,,,,,,,,,,,,,,,,,,,,,,,,,,,,,,,,,,,,,,,,,,,,,,,,,,,,,,,,,,,,,,,,,
,,,,,,,,,,,,,,,,,,,,,,,,,,,,,,,,,,,,,,,,,,,,,,,,,,,,,,,,,,,,,,,,,,,,,,,,,,,,,,,,,,,,,,,,,,,,,,,,,,,,,,,,,,,,,,,,,,,,,,,,,,,,,,,,,
,,,,,,,,,,,,,,,,,,,,,,,,,,,,,,,,,,,,,,,,,,,,,,,,,,,,,,,,,,,,,,,,,,,,,,,,,,,,,,,,,,,,,,,,,,,,,,,,,,,,,,,,,,,,,,,,,,,,,,,,,,,,,,,,,
,,,,,,,,,,,,,,,,,,,,,,,,,,,,,,,,,,,,,,,,,,,,,,,,,,,,,,,,,,,,,,,,,,,,,,,,,,,,,,,,,,,,,,,,,,,,,,,,,,,,,,,,,,,,,,,,,,,,,,,,,,,,,,,,,
,,,,,,,,,,,,,,,,,,,,,,,,,,,,,,,,,,,,,,,,,,,,,,,,,,,,,,,,,,,,,,,,,,,,,,,,,,,,,,,,,,,,,,,,,,,,,,,,,,,,,,,,,,,,,,,,,,,,,,,,,,,,,,,,,
,,,,,,,,,,,,,,,,,,,,,,,,,,,,,,,,,,,,,,,,,,,,,,,,,,,,,,,,,,,,,,,,,,,,,,,,,,,,,,,,,,,,,,,,,,,,,,,,,,,,,,,,,,,,,,,,,,,,,,,,,,,,,,,,,
,,,,,,,,,,,,,,,,,,,,,,,,,,,,,,,,,,,,,,,,,,,,,,,,,,,,,,,,,,,,,,,,,,,,,,,,,,,,,,,,,,,,,,,,,,,,,,,,,,,,,,,,,,,,,,,,,,,,,,,,,,,,,,,,,
,,,,,,,,,,,,,,,,,,,,,,,,,,,,,,,,,,,,,,,,,,,,,,,,,,,,,,,,,,,,,,,,,,,,,,,,,,,,,,,,,,,,,,,,,,,,,,,,,,,,,,,,,,,,,,,,,,,,,,,,,,,,,,,,,
,,,,,,,,,,,,,,,,,,,,,,,,,,,,,,,,,,,,,,,,,,,,,,,,,,,,,,,,,,,,,,,,,,,,,,,,,,,,,,,,,,,,,,,,,,,,,,,,,,,,,,,,,,,,,,,,,,,,,,,,,,,,,,,,,
,,,,,,,,,,,,,,,,,,,,,,,,,,,,,,,,,,,,,,,,,,,,,,,,,,,,,,,,,,,,,,,,,,,,,,,,,,,,,,,,,,,,,,,,,,,,,,,,,,,,,,,,,,,,,,,,,,,,,,,,,,,,,,,,,
,,,,,,,,,,,,,,,,,,,,,,,,,,,,,,,,,,,,,,,,,,,,,,,,,,,,,,,,,,,,,,,,,,,,,,,,,,,,,,,,,,,,,,,,,,,,,,,,,,,,,,,,,,,,,,,,,,,,,,,,,,,,,,,,,
,,,,,,,,,,,,,,,,,,,,,,,,,,,,,,,,,,,,,,,,,,,,,,,,,,,,,,,,,,,,,,,,,,,,,,,,,,,,,,,,,,,,,,,,,,,,,,,,,,,,,,,,,,,,,,,,,,,,,,,,,,,,,,,,,
,,,,,,,,,,,,,,,,,,,,,,,,,,,,,,,,,,,,,,,,,,,,,,,,,,,,,,,,,,,,,,,,,,,,,,,,,,,,,,,,,,,,,,,,,,,,,,,,,,,,,,,,,,,,,,,,,,,,,,,,,,,,,,,,,
,,,,,,,,,,,,,,,,,,,,,,,,,,,,,,,,,,,,,,,,,,,,,,,,,,,,,,,,,,,,,,,,,,,,,,,,,,,,,,,,,,,,,,,,,,,,,,,,,,,,,,,,,,,,,,,,,,,,,,,,,,,,,,,,,
,,,,,,,,,,,,,,,,,,,,,,,,,,,,,,,,,,,,,,,,,,,,,,,,,,,,,,,,,,,,,,,,,,,,,,,,,,,,,,,,,,,,,,,,,,,,,,,,,,,,,,,,,,,,,,,,,,,,,,,,,,,,,,,,,
,,,,,,,,,,,,,,,,,,,,,,,,,,,,,,,,,,,,,,,,,,,,,,,,,,,,,,,,,,,,,,,,,,,,,,,,,,,,,,,,,,,,,,,,,,,,,,,,,,,,,,,,,,,,,,,,,,,,,,,,,,,,,,,,,
,,,,,,,,,,,,,,,,,,,,,,,,,,,,,,,,,,,,,,,,,,,,,,,,,,,,,,,,,,,,,,,,,,,,,,,,,,,,,,,,,,,,,,,,,,,,,,,,,,,,,,,,,,,,,,,,,,,,,,,,,,,,,,,,,
,,,,,,,,,,,,,,,,,,,,,,,,,,,,,,,,,,,,,,,,,,,,,,,,,,,,,,,,,,,,,,,,,,,,,,,,,,,,,,,,,,,,,,,,,,,,,,,,,,,,,,,,,,,,,,,,,,,,,,,,,,,,,,,,,
,,,,,,,,,,,,,,,,,,,,,,,,,,,,,,,,,,,,,,,,,,,,,,,,,,,,,,,,,,,,,,,,,,,,,,,,,,,,,,,,,,,,,,,,,,,,,,,,,,,,,,,,,,,,,,,,,,,,,,,,,,,,,,,,,
,,,,,,,,,,,,,,,,,,,,,,,,,,,,,,,,,,,,,,,,,,,,,,,,,,,,,,,,,,,,,,,,,,,,,,,,,,,,,,,,,,,,,,,,,,,,,,,,,,,,,,,,,,,,,,,,,,,,,,,,,,,,,,,,,
,,,,,,,,,,,,,,,,,,,,,,,,,,,,,,,,,,,,,,,,,,,,,,,,,,,,,,,,,,,,,,,,,,,,,,,,,,,,,,,,,,,,,,,,,,,,,,,,,,,,,,,,,,,,,,,,,,,,,,,,,,,,,,,,,
,,,,,,,,,,,,,,,,,,,,,,,,,,,,,,,,,,,,,,,,,,,,,,,,,,,,,,,,,,,,,,,,,,,,,,,,,,,,,,,,,,,,,,,,,,,,,,,,,,,,,,,,,,,,,,,,,,,,,,,,,,,,,,,,,
,,,,,,,,,,,,,,,,,,,,,,,,,,,,,,,,,,,,,,,,,,,,,,,,,,,,,,,,,,,,,,,,,,,,,,,,,,,,,,,,,,,,,,,,,,,,,,,,,,,,,,,,,,,,,,,,,,,,,,,,,,,,,,,,,
,,,,,,,,,,,,,,,,,,,,,,,,,,,,,,,,,,,,,,,,,,,,,,,,,,,,,,,,,,,,,,,,,,,,,,,,,,,,,,,,,,,,,,,,,,,,,,,,,,,,,,,,,,,,,,,,,,,,,,,,,,,,,,,,,
,,,,,,,,,,,,,,,,,,,,,,,,,,,,,,,,,,,,,,,,,,,,,,,,,,,,,,,,,,,,,,,,,,,,,,,,,,,,,,,,,,,,,,,,,,,,,,,,,,,,,,,,,,,,,,,,,,,,,,,,,,,,,,,,,
,,,,,,,,,,,,,,,,,,,,,,,,,,,,,,,,,,,,,,,,,,,,,,,,,,,,,,,,,,,,,,,,,,,,,,,,,,,,,,,,,,,,,,,,,,,,,,,,,,,,,,,,,,,,,,,,,,,,,,,,,,,,,,,,,
,,,,,,,,,,,,,,,,,,,,,,,,,,,,,,,,,,,,,,,,,,,,,,,,,,,,,,,,,,,,,,,,,,,,,,,,,,,,,,,,,,,,,,,,,,,,,,,,,,,,,,,,,,,,,,,,,,,,,,,,,,,,,,,,,
,,,,,,,,,,,,,,,,,,,,,,,,,,,,,,,,,,,,,,,,,,,,,,,,,,,,,,,,,,,,,,,,,,,,,,,,,,,,,,,,,,,,,,,,,,,,,,,,,,,,,,,,,,,,,,,,,,,,,,,,,,,,,,,,,
,,,,,,,,,,,,,,,,,,,,,,,,,,,,,,,,,,,,,,,,,,,,,,,,,,,,,,,,,,,,,,,,,,,,,,,,,,,,,,,,,,,,,,,,,,,,,,,,,,,,,,,,,,,,,,,,,,,,,,,,,,,,,,,,,
,,,,,,,,,,,,,,,,,,,,,,,,,,,,,,,,,,,,,,,,,,,,,,,,,,,,,,,,,,,,,,,,,,,,,,,,,,,,,,,,,,,,,,,,,,,,,,,,,,,,,,,,,,,,,,,,,,,,,,,,,,,,,,,,,
,,,,,,,,,,,,,,,,,,,,,,,,,,,,,,,,,,,,,,,,,,,,,,,,,,,,,,,,,,,,,,,,,,,,,,,,,,,,,,,,,,,,,,,,,,,,,,,,,,,,,,,,,,,,,,,,,,,,,,,,,,,,,,,,,
,,,,,,,,,,,,,,,,,,,,,,,,,,,,,,,,,,,,,,,,,,,,,,,,,,,,,,,,,,,,,,,,,,,,,,,,,,,,,,,,,,,,,,,,,,,,,,,,,,,,,,,,,,,,,,,,,,,,,,,,,,,,,,,,,
,,,,,,,,,,,,,,,,,,,,,,,,,,,,,,,,,,,,,,,,,,,,,,,,,,,,,,,,,,,,,,,,,,,,,,,,,,,,,,,,,,,,,,,,,,,,,,,,,,,,,,,,,,,,,,,,,,,,,,,,,,,,,,,,,
,,,,,,,,,,,,,,,,,,,,,,,,,,,,,,,,,,,,,,,,,,,,,,,,,,,,,,,,,,,,,,,,,,,,,,,,,,,,,,,,,,,,,,,,,,,,,,,,,,,,,,,,,,,,,,,,,,,,,,,,,,,,,,,,,
,,,,,,,,,,,,,,,,,,,,,,,,,,,,,,,,,,,,,,,,,,,,,,,,,,,,,,,,,,,,,,,,,,,,,,,,,,,,,,,,,,,,,,,,,,,,,,,,,,,,,,,,,,,,,,,,,,,,,,,,,,,,,,,,,
,,,,,,,,,,,,,,,,,,,,,,,,,,,,,,,,,,,,,,,,,,,,,,,,,,,,,,,,,,,,,,,,,,,,,,,,,,,,,,,,,,,,,,,,,,,,,,,,,,,,,,,,,,,,,,,,,,,,,,,,,,,,,,,,,
,,,,,,,,,,,,,,,,,,,,,,,,,,,,,,,,,,,,,,,,,,,,,,,,,,,,,,,,,,,,,,,,,,,,,,,,,,,,,,,,,,,,,,,,,,,,,,,,,,,,,,,,,,,,,,,,,,,,,,,,,,,,,,,,,
,,,,,,,,,,,,,,,,,,,,,,,,,,,,,,,,,,,,,,,,,,,,,,,,,,,,,,,,,,,,,,,,,,,,,,,,,,,,,,,,,,,,,,,,,,,,,,,,,,,,,,,,,,,,,,,,,,,,,,,,,,,,,,,,,
,,,,,,,,,,,,,,,,,,,,,,,,,,,,,,,,,,,,,,,,,,,,,,,,,,,,,,,,,,,,,,,,,,,,,,,,,,,,,,,,,,,,,,,,,,,,,,,,,,,,,,,,,,,,,,,,,,,,,,,,,,,,,,,,,
,,,,,,,,,,,,,,,,,,,,,,,,,,,,,,,,,,,,,,,,,,,,,,,,,,,,,,,,,,,,,,,,,,,,,,,,,,,,,,,,,,,,,,,,,,,,,,,,,,,,,,,,,,,,,,,,,,,,,,,,,,,,,,,,,
,,,,,,,,,,,,,,,,,,,,,,,,,,,,,,,,,,,,,,,,,,,,,,,,,,,,,,,,,,,,,,,,,,,,,,,,,,,,,,,,,,,,,,,,,,,,,,,,,,,,,,,,,,,,,,,,,,,,,,,,,,,,,,,,,
,,,,,,,,,,,,,,,,,,,,,,,,,,,,,,,,,,,,,,,,,,,,,,,,,,,,,,,,,,,,,,,,,,,,,,,,,,,,,,,,,,,,,,,,,,,,,,,,,,,,,,,,,,,,,,,,,,,,,,,,,,,,,,,,,
,,,,,,,,,,,,,,,,,,,,,,,,,,,,,,,,,,,,,,,,,,,,,,,,,,,,,,,,,,,,,,,,,,,,,,,,,,,,,,,,,,,,,,,,,,,,,,,,,,,,,,,,,,,,,,,,,,,,,,,,,,,,,,,,,
,,,,,,,,,,,,,,,,,,,,,,,,,,,,,,,,,,,,,,,,,,,,,,,,,,,,,,,,,,,,,,,,,,,,,,,,,,,,,,,,,,,,,,,,,,,,,,,,,,,,,,,,,,,,,,,,,,,,,,,,,,,,,,,,,
,,,,,,,,,,,,,,,,,,,,,,,,,,,,,,,,,,,,,,,,,,,,,,,,,,,,,,,,,,,,,,,,,,,,,,,,,,,,,,,,,,,,,,,,,,,,,,,,,,,,,,,,,,,,,,,,,,,,,,,,,,,,,,,,,
,,,,,,,,,,,,,,,,,,,,,,,,,,,,,,,,,,,,,,,,,,,,,,,,,,,,,,,,,,,,,,,,,,,,,,,,,,,,,,,,,,,,,,,,,,,,,,,,,,,,,,,,,,,,,,,,,,,,,,,,,,,,,,,,,
,,,,,,,,,,,,,,,,,,,,,,,,,,,,,,,,,,,,,,,,,,,,,,,,,,,,,,,,,,,,,,,,,,,,,,,,,,,,,,,,,,,,,,,,,,,,,,,,,,,,,,,,,,,,,,,,,,,,,,,,,,,,,,,,,
,,,,,,,,,,,,,,,,,,,,,,,,,,,,,,,,,,,,,,,,,,,,,,,,,,,,,,,,,,,,,,,,,,,,,,,,,,,,,,,,,,,,,,,,,,,,,,,,,,,,,,,,,,,,,,,,,,,,,,,,,,,,,,,,,
,,,,,,,,,,,,,,,,,,,,,,,,,,,,,,,,,,,,,,,,,,,,,,,,,,,,,,,,,,,,,,,,,,,,,,,,,,,,,,,,,,,,,,,,,,,,,,,,,,,,,,,,,,,,,,,,,,,,,,,,,,,,,,,,,
,,,,,,,,,,,,,,,,,,,,,,,,,,,,,,,,,,,,,,,,,,,,,,,,,,,,,,,,,,,,,,,,,,,,,,,,,,,,,,,,,,,,,,,,,,,,,,,,,,,,,,,,,,,,,,,,,,,,,,,,,,,,,,,,,
,,,,,,,,,,,,,,,,,,,,,,,,,,,,,,,,,,,,,,,,,,,,,,,,,,,,,,,,,,,,,,,,,,,,,,,,,,,,,,,,,,,,,,,,,,,,,,,,,,,,,,,,,,,,,,,,,,,,,,,,,,,,,,,,,
,,,,,,,,,,,,,,,,,,,,,,,,,,,,,,,,,,,,,,,,,,,,,,,,,,,,,,,,,,,,,,,,,,,,,,,,,,,,,,,,,,,,,,,,,,,,,,,,,,,,,,,,,,,,,,,,,,,,,,,,,,,,,,,,,
,,,,,,,,,,,,,,,,,,,,,,,,,,,,,,,,,,,,,,,,,,,,,,,,,,,,,,,,,,,,,,,,,,,,,,,,,,,,,,,,,,,,,,,,,,,,,,,,,,,,,,,,,,,,,,,,,,,,,,,,,,,,,,,,,
,,,,,,,,,,,,,,,,,,,,,,,,,,,,,,,,,,,,,,,,,,,,,,,,,,,,,,,,,,,,,,,,,,,,,,,,,,,,,,,,,,,,,,,,,,,,,,,,,,,,,,,,,,,,,,,,,,,,,,,,,,,,,,,,,
,,,,,,,,,,,,,,,,,,,,,,,,,,,,,,,,,,,,,,,,,,,,,,,,,,,,,,,,,,,,,,,,,,,,,,,,,,,,,,,,,,,,,,,,,,,,,,,,,,,,,,,,,,,,,,,,,,,,,,,,,,,,,,,,,
,,,,,,,,,,,,,,,,,,,,,,,,,,,,,,,,,,,,,,,,,,,,,,,,,,,,,,,,,,,,,,,,,,,,,,,,,,,,,,,,,,,,,,,,,,,,,,,,,,,,,,,,,,,,,,,,,,,,,,,,,,,,,,,,,
,,,,,,,,,,,,,,,,,,,,,,,,,,,,,,,,,,,,,,,,,,,,,,,,,,,,,,,,,,,,,,,,,,,,,,,,,,,,,,,,,,,,,,,,,,,,,,,,,,,,,,,,,,,,,,,,,,,,,,,,,,,,,,,,,
,,,,,,,,,,,,,,,,,,,,,,,,,,,,,,,,,,,,,,,,,,,,,,,,,,,,,,,,,,,,,,,,,,,,,,,,,,,,,,,,,,,,,,,,,,,,,,,,,,,,,,,,,,,,,,,,,,,,,,,,,,,,,,,,,
,,,,,,,,,,,,,,,,,,,,,,,,,,,,,,,,,,,,,,,,,,,,,,,,,,,,,,,,,,,,,,,,,,,,,,,,,,,,,,,,,,,,,,,,,,,,,,,,,,,,,,,,,,,,,,,,,,,,,,,,,,,,,,,,,
,,,,,,,,,,,,,,,,,,,,,,,,,,,,,,,,,,,,,,,,,,,,,,,,,,,,,,,,,,,,,,,,,,,,,,,,,,,,,,,,,,,,,,,,,,,,,,,,,,,,,,,,,,,,,,,,,,,,,,,,,,,,,,,,,
,,,,,,,,,,,,,,,,,,,,,,,,,,,,,,,,,,,,,,,,,,,,,,,,,,,,,,,,,,,,,,,,,,,,,,,,,,,,,,,,,,,,,,,,,,,,,,,,,,,,,,,,,,,,,,,,,,,,,,,,,,,,,,,,,
,,,,,,,,,,,,,,,,,,,,,,,,,,,,,,,,,,,,,,,,,,,,,,,,,,,,,,,,,,,,,,,,,,,,,,,,,,,,,,,,,,,,,,,,,,,,,,,,,,,,,,,,,,,,,,,,,,,,,,,,,,,,,,,,,
,,,,,,,,,,,,,,,,,,,,,,,,,,,,,,,,,,,,,,,,,,,,,,,,,,,,,,,,,,,,,,,,,,,,,,,,,,,,,,,,,,,,,,,,,,,,,,,,,,,,,,,,,,,,,,,,,,,,,,,,,,,,,,,,,
,,,,,,,,,,,,,,,,,,,,,,,,,,,,,,,,,,,,,,,,,,,,,,,,,,,,,,,,,,,,,,,,,,,,,,,,,,,,,,,,,,,,,,,,,,,,,,,,,,,,,,,,,,,,,,,,,,,,,,,,,,,,,,,,,
,,,,,,,,,,,,,,,,,,,,,,,,,,,,,,,,,,,,,,,,,,,,,,,,,,,,,,,,,,,,,,,,,,,,,,,,,,,,,,,,,,,,,,,,,,,,,,,,,,,,,,,,,,,,,,,,,,,,,,,,,,,,,,,,,
,,,,,,,,,,,,,,,,,,,,,,,,,,,,,,,,,,,,,,,,,,,,,,,,,,,,,,,,,,,,,,,,,,,,,,,,,,,,,,,,,,,,,,,,,,,,,,,,,,,,,,,,,,,,,,,,,,,,,,,,,,,,,,,,,
,,,,,,,,,,,,,,,,,,,,,,,,,,,,,,,,,,,,,,,,,,,,,,,,,,,,,,,,,,,,,,,,,,,,,,,,,,,,,,,,,,,,,,,,,,,,,,,,,,,,,,,,,,,,,,,,,,,,,,,,,,,,,,,,,
,,,,,,,,,,,,,,,,,,,,,,,,,,,,,,,,,,,,,,,,,,,,,,,,,,,,,,,,,,,,,,,,,,,,,,,,,,,,,,,,,,,,,,,,,,,,,,,,,,,,,,,,,,,,,,,,,,,,,,,,,,,,,,,,,
,,,,,,,,,,,,,,,,,,,,,,,,,,,,,,,,,,,,,,,,,,,,,,,,,,,,,,,,,,,,,,,,,,,,,,,,,,,,,,,,,,,,,,,,,,,,,,,,,,,,,,,,,,,,,,,,,,,,,,,,,,,,,,,,,
,,,,,,,,,,,,,,,,,,,,,,,,,,,,,,,,,,,,,,,,,,,,,,,,,,,,,,,,,,,,,,,,,,,,,,,,,,,,,,,,,,,,,,,,,,,,,,,,,,,,,,,,,,,,,,,,,,,,,,,,,,,,,,,,,
,,,,,,,,,,,,,,,,,,,,,,,,,,,,,,,,,,,,,,,,,,,,,,,,,,,,,,,,,,,,,,,,,,,,,,,,,,,,,,,,,,,,,,,,,,,,,,,,,,,,,,,,,,,,,,,,,,,,,,,,,,,,,,,,,
,,,,,,,,,,,,,,,,,,,,,,,,,,,,,,,,,,,,,,,,,,,,,,,,,,,,,,,,,,,,,,,,,,,,,,,,,,,,,,,,,,,,,,,,,,,,,,,,,,,,,,,,,,,,,,,,,,,,,,,,,,,,,,,,,
,,,,,,,,,,,,,,,,,,,,,,,,,,,,,,,,,,,,,,,,,,,,,,,,,,,,,,,,,,,,,,,,,,,,,,,,,,,,,,,,,,,,,,,,,,,,,,,,,,,,,,,,,,,,,,,,,,,,,,,,,,,,,,,,,
,,,,,,,,,,,,,,,,,,,,,,,,,,,,,,,,,,,,,,,,,,,,,,,,,,,,,,,,,,,,,,,,,,,,,,,,,,,,,,,,,,,,,,,,,,,,,,,,,,,,,,,,,,,,,,,,,,,,,,,,,,,,,,,,,
,,,,,,,,,,,,,,,,,,,,,,,,,,,,,,,,,,,,,,,,,,,,,,,,,,,,,,,,,,,,,,,,,,,,,,,,,,,,,,,,,,,,,,,,,,,,,,,,,,,,,,,,,,,,,,,,,,,,,,,,,,,,,,,,,
,,,,,,,,,,,,,,,,,,,,,,,,,,,,,,,,,,,,,,,,,,,,,,,,,,,,,,,,,,,,,,,,,,,,,,,,,,,,,,,,,,,,,,,,,,,,,,,,,,,,,,,,,,,,,,,,,,,,,,,,,,,,,,,,,
,,,,,,,,,,,,,,,,,,,,,,,,,,,,,,,,,,,,,,,,,,,,,,,,,,,,,,,,,,,,,,,,,,,,,,,,,,,,,,,,,,,,,,,,,,,,,,,,,,,,,,,,,,,,,,,,,,,,,,,,,,,,,,,,,
,,,,,,,,,,,,,,,,,,,,,,,,,,,,,,,,,,,,,,,,,,,,,,,,,,,,,,,,,,,,,,,,,,,,,,,,,,,,,,,,,,,,,,,,,,,,,,,,,,,,,,,,,,,,,,,,,,,,,,,,,,,,,,,,,
,,,,,,,,,,,,,,,,,,,,,,,,,,,,,,,,,,,,,,,,,,,,,,,,,,,,,,,,,,,,,,,,,,,,,,,,,,,,,,,,,,,,,,,,,,,,,,,,,,,,,,,,,,,,,,,,,,,,,,,,,,,,,,,,,
,,,,,,,,,,,,,,,,,,,,,,,,,,,,,,,,,,,,,,,,,,,,,,,,,,,,,,,,,,,,,,,,,,,,,,,,,,,,,,,,,,,,,,,,,,,,,,,,,,,,,,,,,,,,,,,,,,,,,,,,,,,,,,,,,
,,,,,,,,,,,,,,,,,,,,,,,,,,,,,,,,,,,,,,,,,,,,,,,,,,,,,,,,,,,,,,,,,,,,,,,,,,,,,,,,,,,,,,,,,,,,,,,,,,,,,,,,,,,,,,,,,,,,,,,,,,,,,,,,,
,,,,,,,,,,,,,,,,,,,,,,,,,,,,,,,,,,,,,,,,,,,,,,,,,,,,,,,,,,,,,,,,,,,,,,,,,,,,,,,,,,,,,,,,,,,,,,,,,,,,,,,,,,,,,,,,,,,,,,,,,,,,,,,,,
,,,,,,,,,,,,,,,,,,,,,,,,,,,,,,,,,,,,,,,,,,,,,,,,,,,,,,,,,,,,,,,,,,,,,,,,,,,,,,,,,,,,,,,,,,,,,,,,,,,,,,,,,,,,,,,,,,,,,,,,,,,,,,,,,
,,,,,,,,,,,,,,,,,,,,,,,,,,,,,,,,,,,,,,,,,,,,,,,,,,,,,,,,,,,,,,,,,,,,,,,,,,,,,,,,,,,,,,,,,,,,,,,,,,,,,,,,,,,,,,,,,,,,,,,,,,,,,,,,,
,,,,,,,,,,,,,,,,,,,,,,,,,,,,,,,,,,,,,,,,,,,,,,,,,,,,,,,,,,,,,,,,,,,,,,,,,,,,,,,,,,,,,,,,,,,,,,,,,,,,,,,,,,,,,,,,,,,,,,,,,,,,,,,,,
,,,,,,,,,,,,,,,,,,,,,,,,,,,,,,,,,,,,,,,,,,,,,,,,,,,,,,,,,,,,,,,,,,,,,,,,,,,,,,,,,,,,,,,,,,,,,,,,,,,,,,,,,,,,,,,,,,,,,,,,,,,,,,,,,
,,,,,,,,,,,,,,,,,,,,,,,,,,,,,,,,,,,,,,,,,,,,,,,,,,,,,,,,,,,,,,,,,,,,,,,,,,,,,,,,,,,,,,,,,,,,,,,,,,,,,,,,,,,,,,,,,,,,,,,,,,,,,,,,,
,,,,,,,,,,,,,,,,,,,,,,,,,,,,,,,,,,,,,,,,,,,,,,,,,,,,,,,,,,,,,,,,,,,,,,,,,,,,,,,,,,,,,,,,,,,,,,,,,,,,,,,,,,,,,,,,,,,,,,,,,,,,,,,,,
,,,,,,,,,,,,,,,,,,,,,,,,,,,,,,,,,,,,,,,,,,,,,,,,,,,,,,,,,,,,,,,,,,,,,,,,,,,,,,,,,,,,,,,,,,,,,,,,,,,,,,,,,,,,,,,,,,,,,,,,,,,,,,,,,
,,,,,,,,,,,,,,,,,,,,,,,,,,,,,,,,,,,,,,,,,,,,,,,,,,,,,,,,,,,,,,,,,,,,,,,,,,,,,,,,,,,,,,,,,,,,,,,,,,,,,,,,,,,,,,,,,,,,,,,,,,,,,,,,,
,,,,,,,,,,,,,,,,,,,,,,,,,,,,,,,,,,,,,,,,,,,,,,,,,,,,,,,,,,,,,,,,,,,,,,,,,,,,,,,,,,,,,,,,,,,,,,,,,,,,,,,,,,,,,,,,,,,,,,,,,,,,,,,,,
,,,,,,,,,,,,,,,,,,,,,,,,,,,,,,,,,,,,,,,,,,,,,,,,,,,,,,,,,,,,,,,,,,,,,,,,,,,,,,,,,,,,,,,,,,,,,,,,,,,,,,,,,,,,,,,,,,,,,,,,,,,,,,,,,
,,,,,,,,,,,,,,,,,,,,,,,,,,,,,,,,,,,,,,,,,,,,,,,,,,,,,,,,,,,,,,,,,,,,,,,,,,,,,,,,,,,,,,,,,,,,,,,,,,,,,,,,,,,,,,,,,,,,,,,,,,,,,,,,,
,,,,,,,,,,,,,,,,,,,,,,,,,,,,,,,,,,,,,,,,,,,,,,,,,,,,,,,,,,,,,,,,,,,,,,,,,,,,,,,,,,,,,,,,,,,,,,,,,,,,,,,,,,,,,,,,,,,,,,,,,,,,,,,,,
,,,,,,,,,,,,,,,,,,,,,,,,,,,,,,,,,,,,,,,,,,,,,,,,,,,,,,,,,,,,,,,,,,,,,,,,,,,,,,,,,,,,,,,,,,,,,,,,,,,,,,,,,,,,,,,,,,,,,,,,,,,,,,,,,
,,,,,,,,,,,,,,,,,,,,,,,,,,,,,,,,,,,,,,,,,,,,,,,,,,,,,,,,,,,,,,,,,,,,,,,,,,,,,,,,,,,,,,,,,,,,,,,,,,,,,,,,,,,,,,,,,,,,,,,,,,,,,,,,,
,,,,,,,,,,,,,,,,,,,,,,,,,,,,,,,,,,,,,,,,,,,,,,,,,,,,,,,,,,,,,,,,,,,,,,,,,,,,,,,,,,,,,,,,,,,,,,,,,,,,,,,,,,,,,,,,,,,,,,,,,,,,,,,,,
,,,,,,,,,,,,,,,,,,,,,,,,,,,,,,,,,,,,,,,,,,,,,,,,,,,,,,,,,,,,,,,,,,,,,,,,,,,,,,,,,,,,,,,,,,,,,,,,,,,,,,,,,,,,,,,,,,,,,,,,,,,,,,,,,
,,,,,,,,,,,,,,,,,,,,,,,,,,,,,,,,,,,,,,,,,,,,,,,,,,,,,,,,,,,,,,,,,,,,,,,,,,,,,,,,,,,,,,,,,,,,,,,,,,,,,,,,,,,,,,,,,,,,,,,,,,,,,,,,,
,,,,,,,,,,,,,,,,,,,,,,,,,,,,,,,,,,,,,,,,,,,,,,,,,,,,,,,,,,,,,,,,,,,,,,,,,,,,,,,,,,,,,,,,,,,,,,,,,,,,,,,,,,,,,,,,,,,,,,,,,,,,,,,,,
,,,,,,,,,,,,,,,,,,,,,,,,,,,,,,,,,,,,,,,,,,,,,,,,,,,,,,,,,,,,,,,,,,,,,,,,,,,,,,,,,,,,,,,,,,,,,,,,,,,,,,,,,,,,,,,,,,,,,,,,,,,,,,,,,
,,,,,,,,,,,,,,,,,,,,,,,,,,,,,,,,,,,,,,,,,,,,,,,,,,,,,,,,,,,,,,,,,,,,,,,,,,,,,,,,,,,,,,,,,,,,,,,,,,,,,,,,,,,,,,,,,,,,,,,,,,,,,,,,,
,,,,,,,,,,,,,,,,,,,,,,,,,,,,,,,,,,,,,,,,,,,,,,,,,,,,,,,,,,,,,,,,,,,,,,,,,,,,,,,,,,,,,,,,,,,,,,,,,,,,,,,,,,,,,,,,,,,,,,,,,,,,,,,,,
,,,,,,,,,,,,,,,,,,,,,,,,,,,,,,,,,,,,,,,,,,,,,,,,,,,,,,,,,,,,,,,,,,,,,,,,,,,,,,,,,,,,,,,,,,,,,,,,,,,,,,,,,,,,,,,,,,,,,,,,,,,,,,,,,
,,,,,,,,,,,,,,,,,,,,,,,,,,,,,,,,,,,,,,,,,,,,,,,,,,,,,,,,,,,,,,,,,,,,,,,,,,,,,,,,,,,,,,,,,,,,,,,,,,,,,,,,,,,,,,,,,,,,,,,,,,,,,,,,,
,,,,,,,,,,,,,,,,,,,,,,,,,,,,,,,,,,,,,,,,,,,,,,,,,,,,,,,,,,,,,,,,,,,,,,,,,,,,,,,,,,,,,,,,,,,,,,,,,,,,,,,,,,,,,,,,,,,,,,,,,,,,,,,,,
,,,,,,,,,,,,,,,,,,,,,,,,,,,,,,,,,,,,,,,,,,,,,,,,,,,,,,,,,,,,,,,,,,,,,,,,,,,,,,,,,,,,,,,,,,,,,,,,,,,,,,,,,,,,,,,,,,,,,,,,,,,,,,,,,
,,,,,,,,,,,,,,,,,,,,,,,,,,,,,,,,,,,,,,,,,,,,,,,,,,,,,,,,,,,,,,,,,,,,,,,,,,,,,,,,,,,,,,,,,,,,,,,,,,,,,,,,,,,,,,,,,,,,,,,,,,,,,,,,,
,,,,,,,,,,,,,,,,,,,,,,,,,,,,,,,,,,,,,,,,,,,,,,,,,,,,,,,,,,,,,,,,,,,,,,,,,,,,,,,,,,,,,,,,,,,,,,,,,,,,,,,,,,,,,,,,,,,,,,,,,,,,,,,,,
,,,,,,,,,,,,,,,,,,,,,,,,,,,,,,,,,,,,,,,,,,,,,,,,,,,,,,,,,,,,,,,,,,,,,,,,,,,,,,,,,,,,,,,,,,,,,,,,,,,,,,,,,,,,,,,,,,,,,,,,,,,,,,,,,
,,,,,,,,,,,,,,,,,,,,,,,,,,,,,,,,,,,,,,,,,,,,,,,,,,,,,,,,,,,,,,,,,,,,,,,,,,,,,,,,,,,,,,,,,,,,,,,,,,,,,,,,,,,,,,,,,,,,,,,,,,,,,,,,,
,,,,,,,,,,,,,,,,,,,,,,,,,,,,,,,,,,,,,,,,,,,,,,,,,,,,,,,,,,,,,,,,,,,,,,,,,,,,,,,,,,,,,,,,,,,,,,,,,,,,,,,,,,,,,,,,,,,,,,,,,,,,,,,,,
,,,,,,,,,,,,,,,,,,,,,,,,,,,,,,,,,,,,,,,,,,,,,,,,,,,,,,,,,,,,,,,,,,,,,,,,,,,,,,,,,,,,,,,,,,,,,,,,,,,,,,,,,,,,,,,,,,,,,,,,,,,,,,,,,
,,,,,,,,,,,,,,,,,,,,,,,,,,,,,,,,,,,,,,,,,,,,,,,,,,,,,,,,,,,,,,,,,,,,,,,,,,,,,,,,,,,,,,,,,,,,,,,,,,,,,,,,,,,,,,,,,,,,,,,,,,,,,,,,,
,,,,,,,,,,,,,,,,,,,,,,,,,,,,,,,,,,,,,,,,,,,,,,,,,,,,,,,,,,,,,,,,,,,,,,,,,,,,,,,,,,,,,,,,,,,,,,,,,,,,,,,,,,,,,,,,,,,,,,,,,,,,,,,,,
,,,,,,,,,,,,,,,,,,,,,,,,,,,,,,,,,,,,,,,,,,,,,,,,,,,,,,,,,,,,,,,,,,,,,,,,,,,,,,,,,,,,,,,,,,,,,,,,,,,,,,,,,,,,,,,,,,,,,,,,,,,,,,,,,
,,,,,,,,,,,,,,,,,,,,,,,,,,,,,,,,,,,,,,,,,,,,,,,,,,,,,,,,,,,,,,,,,,,,,,,,,,,,,,,,,,,,,,,,,,,,,,,,,,,,,,,,,,,,,,,,,,,,,,,,,,,,,,,,,
,,,,,,,,,,,,,,,,,,,,,,,,,,,,,,,,,,,,,,,,,,,,,,,,,,,,,,,,,,,,,,,,,,,,,,,,,,,,,,,,,,,,,,,,,,,,,,,,,,,,,,,,,,,,,,,,,,,,,,,,,,,,,,,,,
,,,,,,,,,,,,,,,,,,,,,,,,,,,,,,,,,,,,,,,,,,,,,,,,,,,,,,,,,,,,,,,,,,,,,,,,,,,,,,,,,,,,,,,,,,,,,,,,,,,,,,,,,,,,,,,,,,,,,,,,,,,,,,,,,
,,,,,,,,,,,,,,,,,,,,,,,,,,,,,,,,,,,,,,,,,,,,,,,,,,,,,,,,,,,,,,,,,,,,,,,,,,,,,,,,,,,,,,,,,,,,,,,,,,,,,,,,,,,,,,,,,,,,,,,,,,,,,,,,,
,,,,,,,,,,,,,,,,,,,,,,,,,,,,,,,,,,,,,,,,,,,,,,,,,,,,,,,,,,,,,,,,,,,,,,,,,,,,,,,,,,,,,,,,,,,,,,,,,,,,,,,,,,,,,,,,,,,,,,,,,,,,,,,,,
,,,,,,,,,,,,,,,,,,,,,,,,,,,,,,,,,,,,,,,,,,,,,,,,,,,,,,,,,,,,,,,,,,,,,,,,,,,,,,,,,,,,,,,,,,,,,,,,,,,,,,,,,,,,,,,,,,,,,,,,,,,,,,,,,
,,,,,,,,,,,,,,,,,,,,,,,,,,,,,,,,,,,,,,,,,,,,,,,,,,,,,,,,,,,,,,,,,,,,,,,,,,,,,,,,,,,,,,,,,,,,,,,,,,,,,,,,,,,,,,,,,,,,,,,,,,,,,,,,,
,,,,,,,,,,,,,,,,,,,,,,,,,,,,,,,,,,,,,,,,,,,,,,,,,,,,,,,,,,,,,,,,,,,,,,,,,,,,,,,,,,,,,,,,,,,,,,,,,,,,,,,,,,,,,,,,,,,,,,,,,,,,,,,,,
,,,,,,,,,,,,,,,,,,,,,,,,,,,,,,,,,,,,,,,,,,,,,,,,,,,,,,,,,,,,,,,,,,,,,,,,,,,,,,,,,,,,,,,,,,,,,,,,,,,,,,,,,,,,,,,,,,,,,,,,,,,,,,,,,
,,,,,,,,,,,,,,,,,,,,,,,,,,,,,,,,,,,,,,,,,,,,,,,,,,,,,,,,,,,,,,,,,,,,,,,,,,,,,,,,,,,,,,,,,,,,,,,,,,,,,,,,,,,,,,,,,,,,,,,,,,,,,,,,,
,,,,,,,,,,,,,,,,,,,,,,,,,,,,,,,,,,,,,,,,,,,,,,,,,,,,,,,,,,,,,,,,,,,,,,,,,,,,,,,,,,,,,,,,,,,,,,,,,,,,,,,,,,,,,,,,,,,,,,,,,,,,,,,,,
,,,,,,,,,,,,,,,,,,,,,,,,,,,,,,,,,,,,,,,,,,,,,,,,,,,,,,,,,,,,,,,,,,,,,,,,,,,,,,,,,,,,,,,,,,,,,,,,,,,,,,,,,,,,,,,,,,,,,,,,,,,,,,,,,
,,,,,,,,,,,,,,,,,,,,,,,,,,,,,,,,,,,,,,,,,,,,,,,,,,,,,,,,,,,,,,,,,,,,,,,,,,,,,,,,,,,,,,,,,,,,,,,,,,,,,,,,,,,,,,,,,,,,,,,,,,,,,,,,,
,,,,,,,,,,,,,,,,,,,,,,,,,,,,,,,,,,,,,,,,,,,,,,,,,,,,,,,,,,,,,,,,,,,,,,,,,,,,,,,,,,,,,,,,,,,,,,,,,,,,,,,,,,,,,,,,,,,,,,,,,,,,,,,,,
,,,,,,,,,,,,,,,,,,,,,,,,,,,,,,,,,,,,,,,,,,,,,,,,,,,,,,,,,,,,,,,,,,,,,,,,,,,,,,,,,,,,,,,,,,,,,,,,,,,,,,,,,,,,,,,,,,,,,,,,,,,,,,,,,
,,,,,,,,,,,,,,,,,,,,,,,,,,,,,,,,,,,,,,,,,,,,,,,,,,,,,,,,,,,,,,,,,,,,,,,,,,,,,,,,,,,,,,,,,,,,,,,,,,,,,,,,,,,,,,,,,,,,,,,,,,,,,,,,,
,,,,,,,,,,,,,,,,,,,,,,,,,,,,,,,,,,,,,,,,,,,,,,,,,,,,,,,,,,,,,,,,,,,,,,,,,,,,,,,,,,,,,,,,,,,,,,,,,,,,,,,,,,,,,,,,,,,,,,,,,,,,,,,,,
,,,,,,,,,,,,,,,,,,,,,,,,,,,,,,,,,,,,,,,,,,,,,,,,,,,,,,,,,,,,,,,,,,,,,,,,,,,,,,,,,,,,,,,,,,,,,,,,,,,,,,,,,,,,,,,,,,,,,,,,,,,,,,,,,
,,,,,,,,,,,,,,,,,,,,,,,,,,,,,,,,,,,,,,,,,,,,,,,,,,,,,,,,,,,,,,,,,,,,,,,,,,,,,,,,,,,,,,,,,,,,,,,,,,,,,,,,,,,,,,,,,,,,,,,,,,,,,,,,,
,,,,,,,,,,,,,,,,,,,,,,,,,,,,,,,,,,,,,,,,,,,,,,,,,,,,,,,,,,,,,,,,,,,,,,,,,,,,,,,,,,,,,,,,,,,,,,,,,,,,,,,,,,,,,,,,,,,,,,,,,,,,,,,,,
,,,,,,,,,,,,,,,,,,,,,,,,,,,,,,,,,,,,,,,,,,,,,,,,,,,,,,,,,,,,,,,,,,,,,,,,,,,,,,,,,,,,,,,,,,,,,,,,,,,,,,,,,,,,,,,,,,,,,,,,,,,,,,,,,
,,,,,,,,,,,,,,,,,,,,,,,,,,,,,,,,,,,,,,,,,,,,,,,,,,,,,,,,,,,,,,,,,,,,,,,,,,,,,,,,,,,,,,,,,,,,,,,,,,,,,,,,,,,,,,,,,,,,,,,,,,,,,,,,,
,,,,,,,,,,,,,,,,,,,,,,,,,,,,,,,,,,,,,,,,,,,,,,,,,,,,,,,,,,,,,,,,,,,,,,,,,,,,,,,,,,,,,,,,,,,,,,,,,,,,,,,,,,,,,,,,,,,,,,,,,,,,,,,,,
,,,,,,,,,,,,,,,,,,,,,,,,,,,,,,,,,,,,,,,,,,,,,,,,,,,,,,,,,,,,,,,,,,,,,,,,,,,,,,,,,,,,,,,,,,,,,,,,,,,,,,,,,,,,,,,,,,,,,,,,,,,,,,,,,
,,,,,,,,,,,,,,,,,,,,,,,,,,,,,,,,,,,,,,,,,,,,,,,,,,,,,,,,,,,,,,,,,,,,,,,,,,,,,,,,,,,,,,,,,,,,,,,,,,,,,,,,,,,,,,,,,,,,,,,,,,,,,,,,,
,,,,,,,,,,,,,,,,,,,,,,,,,,,,,,,,,,,,,,,,,,,,,,,,,,,,,,,,,,,,,,,,,,,,,,,,,,,,,,,,,,,,,,,,,,,,,,,,,,,,,,,,,,,,,,,,,,,,,,,,,,,,,,,,,
,,,,,,,,,,,,,,,,,,,,,,,,,,,,,,,,,,,,,,,,,,,,,,,,,,,,,,,,,,,,,,,,,,,,,,,,,,,,,,,,,,,,,,,,,,,,,,,,,,,,,,,,,,,,,,,,,,,,,,,,,,,,,,,,,
,,,,,,,,,,,,,,,,,,,,,,,,,,,,,,,,,,,,,,,,,,,,,,,,,,,,,,,,,,,,,,,,,,,,,,,,,,,,,,,,,,,,,,,,,,,,,,,,,,,,,,,,,,,,,,,,,,,,,,,,,,,,,,,,,
,,,,,,,,,,,,,,,,,,,,,,,,,,,,,,,,,,,,,,,,,,,,,,,,,,,,,,,,,,,,,,,,,,,,,,,,,,,,,,,,,,,,,,,,,,,,,,,,,,,,,,,,,,,,,,,,,,,,,,,,,,,,,,,,,
,,,,,,,,,,,,,,,,,,,,,,,,,,,,,,,,,,,,,,,,,,,,,,,,,,,,,,,,,,,,,,,,,,,,,,,,,,,,,,,,,,,,,,,,,,,,,,,,,,,,,,,,,,,,,,,,,,,,,,,,,,,,,,,,,
,,,,,,,,,,,,,,,,,,,,,,,,,,,,,,,,,,,,,,,,,,,,,,,,,,,,,,,,,,,,,,,,,,,,,,,,,,,,,,,,,,,,,,,,,,,,,,,,,,,,,,,,,,,,,,,,,,,,,,,,,,,,,,,,,
,,,,,,,,,,,,,,,,,,,,,,,,,,,,,,,,,,,,,,,,,,,,,,,,,,,,,,,,,,,,,,,,,,,,,,,,,,,,,,,,,,,,,,,,,,,,,,,,,,,,,,,,,,,,,,,,,,,,,,,,,,,,,,,,,
,,,,,,,,,,,,,,,,,,,,,,,,,,,,,,,,,,,,,,,,,,,,,,,,,,,,,,,,,,,,,,,,,,,,,,,,,,,,,,,,,,,,,,,,,,,,,,,,,,,,,,,,,,,,,,,,,,,,,,,,,,,,,,,,,
,,,,,,,,,,,,,,,,,,,,,,,,,,,,,,,,,,,,,,,,,,,,,,,,,,,,,,,,,,,,,,,,,,,,,,,,,,,,,,,,,,,,,,,,,,,,,,,,,,,,,,,,,,,,,,,,,,,,,,,,,,,,,,,,,
,,,,,,,,,,,,,,,,,,,,,,,,,,,,,,,,,,,,,,,,,,,,,,,,,,,,,,,,,,,,,,,,,,,,,,,,,,,,,,,,,,,,,,,,,,,,,,,,,,,,,,,,,,,,,,,,,,,,,,,,,,,,,,,,,
,,,,,,,,,,,,,,,,,,,,,,,,,,,,,,,,,,,,,,,,,,,,,,,,,,,,,,,,,,,,,,,,,,,,,,,,,,,,,,,,,,,,,,,,,,,,,,,,,,,,,,,,,,,,,,,,,,,,,,,,,,,,,,,,,
,,,,,,,,,,,,,,,,,,,,,,,,,,,,,,,,,,,,,,,,,,,,,,,,,,,,,,,,,,,,,,,,,,,,,,,,,,,,,,,,,,,,,,,,,,,,,,,,,,,,,,,,,,,,,,,,,,,,,,,,,,,,,,,,,
,,,,,,,,,,,,,,,,,,,,,,,,,,,,,,,,,,,,,,,,,,,,,,,,,,,,,,,,,,,,,,,,,,,,,,,,,,,,,,,,,,,,,,,,,,,,,,,,,,,,,,,,,,,,,,,,,,,,,,,,,,,,,,,,,
,,,,,,,,,,,,,,,,,,,,,,,,,,,,,,,,,,,,,,,,,,,,,,,,,,,,,,,,,,,,,,,,,,,,,,,,,,,,,,,,,,,,,,,,,,,,,,,,,,,,,,,,,,,,,,,,,,,,,,,,,,,,,,,,,
,,,,,,,,,,,,,,,,,,,,,,,,,,,,,,,,,,,,,,,,,,,,,,,,,,,,,,,,,,,,,,,,,,,,,,,,,,,,,,,,,,,,,,,,,,,,,,,,,,,,,,,,,,,,,,,,,,,,,,,,,,,,,,,,,
,,,,,,,,,,,,,,,,,,,,,,,,,,,,,,,,,,,,,,,,,,,,,,,,,,,,,,,,,,,,,,,,,,,,,,,,,,,,,,,,,,,,,,,,,,,,,,,,,,,,,,,,,,,,,,,,,,,,,,,,,,,,,,,,,
,,,,,,,,,,,,,,,,,,,,,,,,,,,,,,,,,,,,,,,,,,,,,,,,,,,,,,,,,,,,,,,,,,,,,,,,,,,,,,,,,,,,,,,,,,,,,,,,,,,,,,,,,,,,,,,,,,,,,,,,,,,,,,,,,
,,,,,,,,,,,,,,,,,,,,,,,,,,,,,,,,,,,,,,,,,,,,,,,,,,,,,,,,,,,,,,,,,,,,,,,,,,,,,,,,,,,,,,,,,,,,,,,,,,,,,,,,,,,,,,,,,,,,,,,,,,,,,,,,,
,,,,,,,,,,,,,,,,,,,,,,,,,,,,,,,,,,,,,,,,,,,,,,,,,,,,,,,,,,,,,,,,,,,,,,,,,,,,,,,,,,,,,,,,,,,,,,,,,,,,,,,,,,,,,,,,,,,,,,,,,,,,,,,,,
,,,,,,,,,,,,,,,,,,,,,,,,,,,,,,,,,,,,,,,,,,,,,,,,,,,,,,,,,,,,,,,,,,,,,,,,,,,,,,,,,,,,,,,,,,,,,,,,,,,,,,,,,,,,,,,,,,,,,,,,,,,,,,,,,
,,,,,,,,,,,,,,,,,,,,,,,,,,,,,,,,,,,,,,,,,,,,,,,,,,,,,,,,,,,,,,,,,,,,,,,,,,,,,,,,,,,,,,,,,,,,,,,,,,,,,,,,,,,,,,,,,,,,,,,,,,,,,,,,,
,,,,,,,,,,,,,,,,,,,,,,,,,,,,,,,,,,,,,,,,,,,,,,,,,,,,,,,,,,,,,,,,,,,,,,,,,,,,,,,,,,,,,,,,,,,,,,,,,,,,,,,,,,,,,,,,,,,,,,,,,,,,,,,,,
,,,,,,,,,,,,,,,,,,,,,,,,,,,,,,,,,,,,,,,,,,,,,,,,,,,,,,,,,,,,,,,,,,,,,,,,,,,,,,,,,,,,,,,,,,,,,,,,,,,,,,,,,,,,,,,,,,,,,,,,,,,,,,,,,
,,,,,,,,,,,,,,,,,,,,,,,,,,,,,,,,,,,,,,,,,,,,,,,,,,,,,,,,,,,,,,,,,,,,,,,,,,,,,,,,,,,,,,,,,,,,,,,,,,,,,,,,,,,,,,,,,,,,,,,,,,,,,,,,,
,,,,,,,,,,,,,,,,,,,,,,,,,,,,,,,,,,,,,,,,,,,,,,,,,,,,,,,,,,,,,,,,,,,,,,,,,,,,,,,,,,,,,,,,,,,,,,,,,,,,,,,,,,,,,,,,,,,,,,,,,,,,,,,,,
,,,,,,,,,,,,,,,,,,,,,,,,,,,,,,,,,,,,,,,,,,,,,,,,,,,,,,,,,,,,,,,,,,,,,,,,,,,,,,,,,,,,,,,,,,,,,,,,,,,,,,,,,,,,,,,,,,,,,,,,,,,,,,,,,
,,,,,,,,,,,,,,,,,,,,,,,,,,,,,,,,,,,,,,,,,,,,,,,,,,,,,,,,,,,,,,,,,,,,,,,,,,,,,,,,,,,,,,,,,,,,,,,,,,,,,,,,,,,,,,,,,,,,,,,,,,,,,,,,,
,,,,,,,,,,,,,,,,,,,,,,,,,,,,,,,,,,,,,,,,,,,,,,,,,,,,,,,,,,,,,,,,,,,,,,,,,,,,,,,,,,,,,,,,,,,,,,,,,,,,,,,,,,,,,,,,,,,,,,,,,,,,,,,,,
,,,,,,,,,,,,,,,,,,,,,,,,,,,,,,,,,,,,,,,,,,,,,,,,,,,,,,,,,,,,,,,,,,,,,,,,,,,,,,,,,,,,,,,,,,,,,,,,,,,,,,,,,,,,,,,,,,,,,,,,,,,,,,,,,
,,,,,,,,,,,,,,,,,,,,,,,,,,,,,,,,,,,,,,,,,,,,,,,,,,,,,,,,,,,,,,,,,,,,,,,,,,,,,,,,,,,,,,,,,,,,,,,,,,,,,,,,,,,,,,,,,,,,,,,,,,,,,,,,,
,,,,,,,,,,,,,,,,,,,,,,,,,,,,,,,,,,,,,,,,,,,,,,,,,,,,,,,,,,,,,,,,,,,,,,,,,,,,,,,,,,,,,,,,,,,,,,,,,,,,,,,,,,,,,,,,,,,,,,,,,,,,,,,,,
,,,,,,,,,,,,,,,,,,,,,,,,,,,,,,,,,,,,,,,,,,,,,,,,,,,,,,,,,,,,,,,,,,,,,,,,,,,,,,,,,,,,,,,,,,,,,,,,,,,,,,,,,,,,,,,,,,,,,,,,,,,,,,,,,
,,,,,,,,,,,,,,,,,,,,,,,,,,,,,,,,,,,,,,,,,,,,,,,,,,,,,,,,,,,,,,,,,,,,,,,,,,,,,,,,,,,,,,,,,,,,,,,,,,,,,,,,,,,,,,,,,,,,,,,,,,,,,,,,,
,,,,,,,,,,,,,,,,,,,,,,,,,,,,,,,,,,,,,,,,,,,,,,,,,,,,,,,,,,,,,,,,,,,,,,,,,,,,,,,,,,,,,,,,,,,,,,,,,,,,,,,,,,,,,,,,,,,,,,,,,,,,,,,,,
,,,,,,,,,,,,,,,,,,,,,,,,,,,,,,,,,,,,,,,,,,,,,,,,,,,,,,,,,,,,,,,,,,,,,,,,,,,,,,,,,,,,,,,,,,,,,,,,,,,,,,,,,,,,,,,,,,,,,,,,,,,,,,,,,
,,,,,,,,,,,,,,,,,,,,,,,,,,,,,,,,,,,,,,,,,,,,,,,,,,,,,,,,,,,,,,,,,,,,,,,,,,,,,,,,,,,,,,,,,,,,,,,,,,,,,,,,,,,,,,,,,,,,,,,,,,,,,,,,,
,,,,,,,,,,,,,,,,,,,,,,,,,,,,,,,,,,,,,,,,,,,,,,,,,,,,,,,,,,,,,,,,,,,,,,,,,,,,,,,,,,,,,,,,,,,,,,,,,,,,,,,,,,,,,,,,,,,,,,,,,,,,,,,,,
,,,,,,,,,,,,,,,,,,,,,,,,,,,,,,,,,,,,,,,,,,,,,,,,,,,,,,,,,,,,,,,,,,,,,,,,,,,,,,,,,,,,,,,,,,,,,,,,,,,,,,,,,,,,,,,,,,,,,,,,,,,,,,,,,
,,,,,,,,,,,,,,,,,,,,,,,,,,,,,,,,,,,,,,,,,,,,,,,,,,,,,,,,,,,,,,,,,,,,,,,,,,,,,,,,,,,,,,,,,,,,,,,,,,,,,,,,,,,,,,,,,,,,,,,,,,,,,,,,,
,,,,,,,,,,,,,,,,,,,,,,,,,,,,,,,,,,,,,,,,,,,,,,,,,,,,,,,,,,,,,,,,,,,,,,,,,,,,,,,,,,,,,,,,,,,,,,,,,,,,,,,,,,,,,,,,,,,,,,,,,,,,,,,,,
,,,,,,,,,,,,,,,,,,,,,,,,,,,,,,,,,,,,,,,,,,,,,,,,,,,,,,,,,,,,,,,,,,,,,,,,,,,,,,,,,,,,,,,,,,,,,,,,,,,,,,,,,,,,,,,,,,,,,,,,,,,,,,,,,
,,,,,,,,,,,,,,,,,,,,,,,,,,,,,,,,,,,,,,,,,,,,,,,,,,,,,,,,,,,,,,,,,,,,,,,,,,,,,,,,,,,,,,,,,,,,,,,,,,,,,,,,,,,,,,,,,,,,,,,,,,,,,,,,,
,,,,,,,,,,,,,,,,,,,,,,,,,,,,,,,,,,,,,,,,,,,,,,,,,,,,,,,,,,,,,,,,,,,,,,,,,,,,,,,,,,,,,,,,,,,,,,,,,,,,,,,,,,,,,,,,,,,,,,,,,,,,,,,,,
,,,,,,,,,,,,,,,,,,,,,,,,,,,,,,,,,,,,,,,,,,,,,,,,,,,,,,,,,,,,,,,,,,,,,,,,,,,,,,,,,,,,,,,,,,,,,,,,,,,,,,,,,,,,,,,,,,,,,,,,,,,,,,,,,
,,,,,,,,,,,,,,,,,,,,,,,,,,,,,,,,,,,,,,,,,,,,,,,,,,,,,,,,,,,,,,,,,,,,,,,,,,,,,,,,,,,,,,,,,,,,,,,,,,,,,,,,,,,,,,,,,,,,,,,,,,,,,,,,,
,,,,,,,,,,,,,,,,,,,,,,,,,,,,,,,,,,,,,,,,,,,,,,,,,,,,,,,,,,,,,,,,,,,,,,,,,,,,,,,,,,,,,,,,,,,,,,,,,,,,,,,,,,,,,,,,,,,,,,,,,,,,,,,,,
,,,,,,,,,,,,,,,,,,,,,,,,,,,,,,,,,,,,,,,,,,,,,,,,,,,,,,,,,,,,,,,,,,,,,,,,,,,,,,,,,,,,,,,,,,,,,,,,,,,,,,,,,,,,,,,,,,,,,,,,,,,,,,,,,
,,,,,,,,,,,,,,,,,,,,,,,,,,,,,,,,,,,,,,,,,,,,,,,,,,,,,,,,,,,,,,,,,,,,,,,,,,,,,,,,,,,,,,,,,,,,,,,,,,,,,,,,,,,,,,,,,,,,,,,,,,,,,,,,,
,,,,,,,,,,,,,,,,,,,,,,,,,,,,,,,,,,,,,,,,,,,,,,,,,,,,,,,,,,,,,,,,,,,,,,,,,,,,,,,,,,,,,,,,,,,,,,,,,,,,,,,,,,,,,,,,,,,,,,,,,,,,,,,,,
,,,,,,,,,,,,,,,,,,,,,,,,,,,,,,,,,,,,,,,,,,,,,,,,,,,,,,,,,,,,,,,,,,,,,,,,,,,,,,,,,,,,,,,,,,,,,,,,,,,,,,,,,,,,,,,,,,,,,,,,,,,,,,,,,
,,,,,,,,,,,,,,,,,,,,,,,,,,,,,,,,,,,,,,,,,,,,,,,,,,,,,,,,,,,,,,,,,,,,,,,,,,,,,,,,,,,,,,,,,,,,,,,,,,,,,,,,,,,,,,,,,,,,,,,,,,,,,,,,,
,,,,,,,,,,,,,,,,,,,,,,,,,,,,,,,,,,,,,,,,,,,,,,,,,,,,,,,,,,,,,,,,,,,,,,,,,,,,,,,,,,,,,,,,,,,,,,,,,,,,,,,,,,,,,,,,,,,,,,,,,,,,,,,,,
,,,,,,,,,,,,,,,,,,,,,,,,,,,,,,,,,,,,,,,,,,,,,,,,,,,,,,,,,,,,,,,,,,,,,,,,,,,,,,,,,,,,,,,,,,,,,,,,,,,,,,,,,,,,,,,,,,,,,,,,,,,,,,,,,
,,,,,,,,,,,,,,,,,,,,,,,,,,,,,,,,,,,,,,,,,,,,,,,,,,,,,,,,,,,,,,,,,,,,,,,,,,,,,,,,,,,,,,,,,,,,,,,,,,,,,,,,,,,,,,,,,,,,,,,,,,,,,,,,,
,,,,,,,,,,,,,,,,,,,,,,,,,,,,,,,,,,,,,,,,,,,,,,,,,,,,,,,,,,,,,,,,,,,,,,,,,,,,,,,,,,,,,,,,,,,,,,,,,,,,,,,,,,,,,,,,,,,,,,,,,,,,,,,,,
,,,,,,,,,,,,,,,,,,,,,,,,,,,,,,,,,,,,,,,,,,,,,,,,,,,,,,,,,,,,,,,,,,,,,,,,,,,,,,,,,,,,,,,,,,,,,,,,,,,,,,,,,,,,,,,,,,,,,,,,,,,,,,,,,
,,,,,,,,,,,,,,,,,,,,,,,,,,,,,,,,,,,,,,,,,,,,,,,,,,,,,,,,,,,,,,,,,,,,,,,,,,,,,,,,,,,,,,,,,,,,,,,,,,,,,,,,,,,,,,,,,,,,,,,,,,,,,,,,,
,,,,,,,,,,,,,,,,,,,,,,,,,,,,,,,,,,,,,,,,,,,,,,,,,,,,,,,,,,,,,,,,,,,,,,,,,,,,,,,,,,,,,,,,,,,,,,,,,,,,,,,,,,,,,,,,,,,,,,,,,,,,,,,,,
,,,,,,,,,,,,,,,,,,,,,,,,,,,,,,,,,,,,,,,,,,,,,,,,,,,,,,,,,,,,,,,,,,,,,,,,,,,,,,,,,,,,,,,,,,,,,,,,,,,,,,,,,,,,,,,,,,,,,,,,,,,,,,,,,
,,,,,,,,,,,,,,,,,,,,,,,,,,,,,,,,,,,,,,,,,,,,,,,,,,,,,,,,,,,,,,,,,,,,,,,,,,,,,,,,,,,,,,,,,,,,,,,,,,,,,,,,,,,,,,,,,,,,,,,,,,,,,,,,,
,,,,,,,,,,,,,,,,,,,,,,,,,,,,,,,,,,,,,,,,,,,,,,,,,,,,,,,,,,,,,,,,,,,,,,,,,,,,,,,,,,,,,,,,,,,,,,,,,,,,,,,,,,,,,,,,,,,,,,,,,,,,,,,,,
,,,,,,,,,,,,,,,,,,,,,,,,,,,,,,,,,,,,,,,,,,,,,,,,,,,,,,,,,,,,,,,,,,,,,,,,,,,,,,,,,,,,,,,,,,,,,,,,,,,,,,,,,,,,,,,,,,,,,,,,,,,,,,,,,
,,,,,,,,,,,,,,,,,,,,,,,,,,,,,,,,,,,,,,,,,,,,,,,,,,,,,,,,,,,,,,,,,,,,,,,,,,,,,,,,,,,,,,,,,,,,,,,,,,,,,,,,,,,,,,,,,,,,,,,,,,,,,,,,,
,,,,,,,,,,,,,,,,,,,,,,,,,,,,,,,,,,,,,,,,,,,,,,,,,,,,,,,,,,,,,,,,,,,,,,,,,,,,,,,,,,,,,,,,,,,,,,,,,,,,,,,,,,,,,,,,,,,,,,,,,,,,,,,,,
,,,,,,,,,,,,,,,,,,,,,,,,,,,,,,,,,,,,,,,,,,,,,,,,,,,,,,,,,,,,,,,,,,,,,,,,,,,,,,,,,,,,,,,,,,,,,,,,,,,,,,,,,,,,,,,,,,,,,,,,,,,,,,,,,
,,,,,,,,,,,,,,,,,,,,,,,,,,,,,,,,,,,,,,,,,,,,,,,,,,,,,,,,,,,,,,,,,,,,,,,,,,,,,,,,,,,,,,,,,,,,,,,,,,,,,,,,,,,,,,,,,,,,,,,,,,,,,,,,,
,,,,,,,,,,,,,,,,,,,,,,,,,,,,,,,,,,,,,,,,,,,,,,,,,,,,,,,,,,,,,,,,,,,,,,,,,,,,,,,,,,,,,,,,,,,,,,,,,,,,,,,,,,,,,,,,,,,,,,,,,,,,,,,,,
,,,,,,,,,,,,,,,,,,,,,,,,,,,,,,,,,,,,,,,,,,,,,,,,,,,,,,,,,,,,,,,,,,,,,,,,,,,,,,,,,,,,,,,,,,,,,,,,,,,,,,,,,,,,,,,,,,,,,,,,,,,,,,,,,
,,,,,,,,,,,,,,,,,,,,,,,,,,,,,,,,,,,,,,,,,,,,,,,,,,,,,,,,,,,,,,,,,,,,,,,,,,,,,,,,,,,,,,,,,,,,,,,,,,,,,,,,,,,,,,,,,,,,,,,,,,,,,,,,,
,,,,,,,,,,,,,,,,,,,,,,,,,,,,,,,,,,,,,,,,,,,,,,,,,,,,,,,,,,,,,,,,,,,,,,,,,,,,,,,,,,,,,,,,,,,,,,,,,,,,,,,,,,,,,,,,,,,,,,,,,,,,,,,,,
,,,,,,,,,,,,,,,,,,,,,,,,,,,,,,,,,,,,,,,,,,,,,,,,,,,,,,,,,,,,,,,,,,,,,,,,,,,,,,,,,,,,,,,,,,,,,,,,,,,,,,,,,,,,,,,,,,,,,,,,,,,,,,,,,
,,,,,,,,,,,,,,,,,,,,,,,,,,,,,,,,,,,,,,,,,,,,,,,,,,,,,,,,,,,,,,,,,,,,,,,,,,,,,,,,,,,,,,,,,,,,,,,,,,,,,,,,,,,,,,,,,,,,,,,,,,,,,,,,,
,,,,,,,,,,,,,,,,,,,,,,,,,,,,,,,,,,,,,,,,,,,,,,,,,,,,,,,,,,,,,,,,,,,,,,,,,,,,,,,,,,,,,,,,,,,,,,,,,,,,,,,,,,,,,,,,,,,,,,,,,,,,,,,,,
,,,,,,,,,,,,,,,,,,,,,,,,,,,,,,,,,,,,,,,,,,,,,,,,,,,,,,,,,,,,,,,,,,,,,,,,,,,,,,,,,,,,,,,,,,,,,,,,,,,,,,,,,,,,,,,,,,,,,,,,,,,,,,,,,
,,,,,,,,,,,,,,,,,,,,,,,,,,,,,,,,,,,,,,,,,,,,,,,,,,,,,,,,,,,,,,,,,,,,,,,,,,,,,,,,,,,,,,,,,,,,,,,,,,,,,,,,,,,,,,,,,,,,,,,,,,,,,,,,,
,,,,,,,,,,,,,,,,,,,,,,,,,,,,,,,,,,,,,,,,,,,,,,,,,,,,,,,,,,,,,,,,,,,,,,,,,,,,,,,,,,,,,,,,,,,,,,,,,,,,,,,,,,,,,,,,,,,,,,,,,,,,,,,,,
,,,,,,,,,,,,,,,,,,,,,,,,,,,,,,,,,,,,,,,,,,,,,,,,,,,,,,,,,,,,,,,,,,,,,,,,,,,,,,,,,,,,,,,,,,,,,,,,,,,,,,,,,,,,,,,,,,,,,,,,,,,,,,,,,
,,,,,,,,,,,,,,,,,,,,,,,,,,,,,,,,,,,,,,,,,,,,,,,,,,,,,,,,,,,,,,,,,,,,,,,,,,,,,,,,,,,,,,,,,,,,,,,,,,,,,,,,,,,,,,,,,,,,,,,,,,,,,,,,,
,,,,,,,,,,,,,,,,,,,,,,,,,,,,,,,,,,,,,,,,,,,,,,,,,,,,,,,,,,,,,,,,,,,,,,,,,,,,,,,,,,,,,,,,,,,,,,,,,,,,,,,,,,,,,,,,,,,,,,,,,,,,,,,,,
,,,,,,,,,,,,,,,,,,,,,,,,,,,,,,,,,,,,,,,,,,,,,,,,,,,,,,,,,,,,,,,,,,,,,,,,,,,,,,,,,,,,,,,,,,,,,,,,,,,,,,,,,,,,,,,,,,,,,,,,,,,,,,,,,
,,,,,,,,,,,,,,,,,,,,,,,,,,,,,,,,,,,,,,,,,,,,,,,,,,,,,,,,,,,,,,,,,,,,,,,,,,,,,,,,,,,,,,,,,,,,,,,,,,,,,,,,,,,,,,,,,,,,,,,,,,,,,,,,,
,,,,,,,,,,,,,,,,,,,,,,,,,,,,,,,,,,,,,,,,,,,,,,,,,,,,,,,,,,,,,,,,,,,,,,,,,,,,,,,,,,,,,,,,,,,,,,,,,,,,,,,,,,,,,,,,,,,,,,,,,,,,,,,,,
,,,,,,,,,,,,,,,,,,,,,,,,,,,,,,,,,,,,,,,,,,,,,,,,,,,,,,,,,,,,,,,,,,,,,,,,,,,,,,,,,,,,,,,,,,,,,,,,,,,,,,,,,,,,,,,,,,,,,,,,,,,,,,,,,
,,,,,,,,,,,,,,,,,,,,,,,,,,,,,,,,,,,,,,,,,,,,,,,,,,,,,,,,,,,,,,,,,,,,,,,,,,,,,,,,,,,,,,,,,,,,,,,,,,,,,,,,,,,,,,,,,,,,,,,,,,,,,,,,,
,,,,,,,,,,,,,,,,,,,,,,,,,,,,,,,,,,,,,,,,,,,,,,,,,,,,,,,,,,,,,,,,,,,,,,,,,,,,,,,,,,,,,,,,,,,,,,,,,,,,,,,,,,,,,,,,,,,,,,,,,,,,,,,,,
,,,,,,,,,,,,,,,,,,,,,,,,,,,,,,,,,,,,,,,,,,,,,,,,,,,,,,,,,,,,,,,,,,,,,,,,,,,,,,,,,,,,,,,,,,,,,,,,,,,,,,,,,,,,,,,,,,,,,,,,,,,,,,,,,
,,,,,,,,,,,,,,,,,,,,,,,,,,,,,,,,,,,,,,,,,,,,,,,,,,,,,,,,,,,,,,,,,,,,,,,,,,,,,,,,,,,,,,,,,,,,,,,,,,,,,,,,,,,,,,,,,,,,,,,,,,,,,,,,,
,,,,,,,,,,,,,,,,,,,,,,,,,,,,,,,,,,,,,,,,,,,,,,,,,,,,,,,,,,,,,,,,,,,,,,,,,,,,,,,,,,,,,,,,,,,,,,,,,,,,,,,,,,,,,,,,,,,,,,,,,,,,,,,,,
,,,,,,,,,,,,,,,,,,,,,,,,,,,,,,,,,,,,,,,,,,,,,,,,,,,,,,,,,,,,,,,,,,,,,,,,,,,,,,,,,,,,,,,,,,,,,,,,,,,,,,,,,,,,,,,,,,,,,,,,,,,,,,,,,
,,,,,,,,,,,,,,,,,,,,,,,,,,,,,,,,,,,,,,,,,,,,,,,,,,,,,,,,,,,,,,,,,,,,,,,,,,,,,,,,,,,,,,,,,,,,,,,,,,,,,,,,,,,,,,,,,,,,,,,,,,,,,,,,,
,,,,,,,,,,,,,,,,,,,,,,,,,,,,,,,,,,,,,,,,,,,,,,,,,,,,,,,,,,,,,,,,,,,,,,,,,,,,,,,,,,,,,,,,,,,,,,,,,,,,,,,,,,,,,,,,,,,,,,,,,,,,,,,,,
,,,,,,,,,,,,,,,,,,,,,,,,,,,,,,,,,,,,,,,,,,,,,,,,,,,,,,,,,,,,,,,,,,,,,,,,,,,,,,,,,,,,,,,,,,,,,,,,,,,,,,,,,,,,,,,,,,,,,,,,,,,,,,,,,
,,,,,,,,,,,,,,,,,,,,,,,,,,,,,,,,,,,,,,,,,,,,,,,,,,,,,,,,,,,,,,,,,,,,,,,,,,,,,,,,,,,,,,,,,,,,,,,,,,,,,,,,,,,,,,,,,,,,,,,,,,,,,,,,,
,,,,,,,,,,,,,,,,,,,,,,,,,,,,,,,,,,,,,,,,,,,,,,,,,,,,,,,,,,,,,,,,,,,,,,,,,,,,,,,,,,,,,,,,,,,,,,,,,,,,,,,,,,,,,,,,,,,,,,,,,,,,,,,,,
,,,,,,,,,,,,,,,,,,,,,,,,,,,,,,,,,,,,,,,,,,,,,,,,,,,,,,,,,,,,,,,,,,,,,,,,,,,,,,,,,,,,,,,,,,,,,,,,,,,,,,,,,,,,,,,,,,,,,,,,,,,,,,,,,
,,,,,,,,,,,,,,,,,,,,,,,,,,,,,,,,,,,,,,,,,,,,,,,,,,,,,,,,,,,,,,,,,,,,,,,,,,,,,,,,,,,,,,,,,,,,,,,,,,,,,,,,,,,,,,,,,,,,,,,,,,,,,,,,,
,,,,,,,,,,,,,,,,,,,,,,,,,,,,,,,,,,,,,,,,,,,,,,,,,,,,,,,,,,,,,,,,,,,,,,,,,,,,,,,,,,,,,,,,,,,,,,,,,,,,,,,,,,,,,,,,,,,,,,,,,,,,,,,,,
,,,,,,,,,,,,,,,,,,,,,,,,,,,,,,,,,,,,,,,,,,,,,,,,,,,,,,,,,,,,,,,,,,,,,,,,,,,,,,,,,,,,,,,,,,,,,,,,,,,,,,,,,,,,,,,,,,,,,,,,,,,,,,,,,
,,,,,,,,,,,,,,,,,,,,,,,,,,,,,,,,,,,,,,,,,,,,,,,,,,,,,,,,,,,,,,,,,,,,,,,,,,,,,,,,,,,,,,,,,,,,,,,,,,,,,,,,,,,,,,,,,,,,,,,,,,,,,,,,,
,,,,,,,,,,,,,,,,,,,,,,,,,,,,,,,,,,,,,,,,,,,,,,,,,,,,,,,,,,,,,,,,,,,,,,,,,,,,,,,,,,,,,,,,,,,,,,,,,,,,,,,,,,,,,,,,,,,,,,,,,,,,,,,,,
,,,,,,,,,,,,,,,,,,,,,,,,,,,,,,,,,,,,,,,,,,,,,,,,,,,,,,,,,,,,,,,,,,,,,,,,,,,,,,,,,,,,,,,,,,,,,,,,,,,,,,,,,,,,,,,,,,,,,,,,,,,,,,,,,
,,,,,,,,,,,,,,,,,,,,,,,,,,,,,,,,,,,,,,,,,,,,,,,,,,,,,,,,,,,,,,,,,,,,,,,,,,,,,,,,,,,,,,,,,,,,,,,,,,,,,,,,,,,,,,,,,,,,,,,,,,,,,,,,,
,,,,,,,,,,,,,,,,,,,,,,,,,,,,,,,,,,,,,,,,,,,,,,,,,,,,,,,,,,,,,,,,,,,,,,,,,,,,,,,,,,,,,,,,,,,,,,,,,,,,,,,,,,,,,,,,,,,,,,,,,,,,,,,,,
,,,,,,,,,,,,,,,,,,,,,,,,,,,,,,,,,,,,,,,,,,,,,,,,,,,,,,,,,,,,,,,,,,,,,,,,,,,,,,,,,,,,,,,,,,,,,,,,,,,,,,,,,,,,,,,,,,,,,,,,,,,,,,,,,
,,,,,,,,,,,,,,,,,,,,,,,,,,,,,,,,,,,,,,,,,,,,,,,,,,,,,,,,,,,,,,,,,,,,,,,,,,,,,,,,,,,,,,,,,,,,,,,,,,,,,,,,,,,,,,,,,,,,,,,,,,,,,,,,,
,,,,,,,,,,,,,,,,,,,,,,,,,,,,,,,,,,,,,,,,,,,,,,,,,,,,,,,,,,,,,,,,,,,,,,,,,,,,,,,,,,,,,,,,,,,,,,,,,,,,,,,,,,,,,,,,,,,,,,,,,,,,,,,,,
,,,,,,,,,,,,,,,,,,,,,,,,,,,,,,,,,,,,,,,,,,,,,,,,,,,,,,,,,,,,,,,,,,,,,,,,,,,,,,,,,,,,,,,,,,,,,,,,,,,,,,,,,,,,,,,,,,,,,,,,,,,,,,,,,
,,,,,,,,,,,,,,,,,,,,,,,,,,,,,,,,,,,,,,,,,,,,,,,,,,,,,,,,,,,,,,,,,,,,,,,,,,,,,,,,,,,,,,,,,,,,,,,,,,,,,,,,,,,,,,,,,,,,,,,,,,,,,,,,,
,,,,,,,,,,,,,,,,,,,,,,,,,,,,,,,,,,,,,,,,,,,,,,,,,,,,,,,,,,,,,,,,,,,,,,,,,,,,,,,,,,,,,,,,,,,,,,,,,,,,,,,,,,,,,,,,,,,,,,,,,,,,,,,,,
,,,,,,,,,,,,,,,,,,,,,,,,,,,,,,,,,,,,,,,,,,,,,,,,,,,,,,,,,,,,,,,,,,,,,,,,,,,,,,,,,,,,,,,,,,,,,,,,,,,,,,,,,,,,,,,,,,,,,,,,,,,,,,,,,
,,,,,,,,,,,,,,,,,,,,,,,,,,,,,,,,,,,,,,,,,,,,,,,,,,,,,,,,,,,,,,,,,,,,,,,,,,,,,,,,,,,,,,,,,,,,,,,,,,,,,,,,,,,,,,,,,,,,,,,,,,,,,,,,,
,,,,,,,,,,,,,,,,,,,,,,,,,,,,,,,,,,,,,,,,,,,,,,,,,,,,,,,,,,,,,,,,,,,,,,,,,,,,,,,,,,,,,,,,,,,,,,,,,,,,,,,,,,,,,,,,,,,,,,,,,,,,,,,,,
,,,,,,,,,,,,,,,,,,,,,,,,,,,,,,,,,,,,,,,,,,,,,,,,,,,,,,,,,,,,,,,,,,,,,,,,,,,,,,,,,,,,,,,,,,,,,,,,,,,,,,,,,,,,,,,,,,,,,,,,,,,,,,,,,
,,,,,,,,,,,,,,,,,,,,,,,,,,,,,,,,,,,,,,,,,,,,,,,,,,,,,,,,,,,,,,,,,,,,,,,,,,,,,,,,,,,,,,,,,,,,,,,,,,,,,,,,,,,,,,,,,,,,,,,,,,,,,,,,,
,,,,,,,,,,,,,,,,,,,,,,,,,,,,,,,,,,,,,,,,,,,,,,,,,,,,,,,,,,,,,,,,,,,,,,,,,,,,,,,,,,,,,,,,,,,,,,,,,,,,,,,,,,,,,,,,,,,,,,,,,,,,,,,,,
,,,,,,,,,,,,,,,,,,,,,,,,,,,,,,,,,,,,,,,,,,,,,,,,,,,,,,,,,,,,,,,,,,,,,,,,,,,,,,,,,,,,,,,,,,,,,,,,,,,,,,,,,,,,,,,,,,,,,,,,,,,,,,,,,
,,,,,,,,,,,,,,,,,,,,,,,,,,,,,,,,,,,,,,,,,,,,,,,,,,,,,,,,,,,,,,,,,,,,,,,,,,,,,,,,,,,,,,,,,,,,,,,,,,,,,,,,,,,,,,,,,,,,,,,,,,,,,,,,,
,,,,,,,,,,,,,,,,,,,,,,,,,,,,,,,,,,,,,,,,,,,,,,,,,,,,,,,,,,,,,,,,,,,,,,,,,,,,,,,,,,,,,,,,,,,,,,,,,,,,,,,,,,,,,,,,,,,,,,,,,,,,,,,,,
,,,,,,,,,,,,,,,,,,,,,,,,,,,,,,,,,,,,,,,,,,,,,,,,,,,,,,,,,,,,,,,,,,,,,,,,,,,,,,,,,,,,,,,,,,,,,,,,,,,,,,,,,,,,,,,,,,,,,,,,,,,,,,,,,
,,,,,,,,,,,,,,,,,,,,,,,,,,,,,,,,,,,,,,,,,,,,,,,,,,,,,,,,,,,,,,,,,,,,,,,,,,,,,,,,,,,,,,,,,,,,,,,,,,,,,,,,,,,,,,,,,,,,,,,,,,,,,,,,,
,,,,,,,,,,,,,,,,,,,,,,,,,,,,,,,,,,,,,,,,,,,,,,,,,,,,,,,,,,,,,,,,,,,,,,,,,,,,,,,,,,,,,,,,,,,,,,,,,,,,,,,,,,,,,,,,,,,,,,,,,,,,,,,,,
,,,,,,,,,,,,,,,,,,,,,,,,,,,,,,,,,,,,,,,,,,,,,,,,,,,,,,,,,,,,,,,,,,,,,,,,,,,,,,,,,,,,,,,,,,,,,,,,,,,,,,,,,,,,,,,,,,,,,,,,,,,,,,,,,
,,,,,,,,,,,,,,,,,,,,,,,,,,,,,,,,,,,,,,,,,,,,,,,,,,,,,,,,,,,,,,,,,,,,,,,,,,,,,,,,,,,,,,,,,,,,,,,,,,,,,,,,,,,,,,,,,,,,,,,,,,,,,,,,,
,,,,,,,,,,,,,,,,,,,,,,,,,,,,,,,,,,,,,,,,,,,,,,,,,,,,,,,,,,,,,,,,,,,,,,,,,,,,,,,,,,,,,,,,,,,,,,,,,,,,,,,,,,,,,,,,,,,,,,,,,,,,,,,,,
,,,,,,,,,,,,,,,,,,,,,,,,,,,,,,,,,,,,,,,,,,,,,,,,,,,,,,,,,,,,,,,,,,,,,,,,,,,,,,,,,,,,,,,,,,,,,,,,,,,,,,,,,,,,,,,,,,,,,,,,,,,,,,,,,
,,,,,,,,,,,,,,,,,,,,,,,,,,,,,,,,,,,,,,,,,,,,,,,,,,,,,,,,,,,,,,,,,,,,,,,,,,,,,,,,,,,,,,,,,,,,,,,,,,,,,,,,,,,,,,,,,,,,,,,,,,,,,,,,,
,,,,,,,,,,,,,,,,,,,,,,,,,,,,,,,,,,,,,,,,,,,,,,,,,,,,,,,,,,,,,,,,,,,,,,,,,,,,,,,,,,,,,,,,,,,,,,,,,,,,,,,,,,,,,,,,,,,,,,,,,,,,,,,,,
,,,,,,,,,,,,,,,,,,,,,,,,,,,,,,,,,,,,,,,,,,,,,,,,,,,,,,,,,,,,,,,,,,,,,,,,,,,,,,,,,,,,,,,,,,,,,,,,,,,,,,,,,,,,,,,,,,,,,,,,,,,,,,,,,
,,,,,,,,,,,,,,,,,,,,,,,,,,,,,,,,,,,,,,,,,,,,,,,,,,,,,,,,,,,,,,,,,,,,,,,,,,,,,,,,,,,,,,,,,,,,,,,,,,,,,,,,,,,,,,,,,,,,,,,,,,,,,,,,,
,,,,,,,,,,,,,,,,,,,,,,,,,,,,,,,,,,,,,,,,,,,,,,,,,,,,,,,,,,,,,,,,,,,,,,,,,,,,,,,,,,,,,,,,,,,,,,,,,,,,,,,,,,,,,,,,,,,,,,,,,,,,,,,,,
20260304_135106,1772603542.9293654,0.3,0.127,0.105,0.0,0.603,0.638,0.479,0.424,0.0,0.955,0.0,0.0,0.0,0.082,0.414,0.362,0.344,-1.0,0.993,0.0,0.0,0,0.532,0.557,0.605,0.557,-0.031,-0.294,0.296,0.14,low,0.0,0.0,0.0,0.714,0.0,au7_eye_squeeze,0.638,4,11,disgust,0.677,neutral,1,0.128,0.21,1.0,0.237,0.267,1.0,-0.031,0.356,1.0,-0.303,0.3,1.0,-0.112,0.1,0.335,-0.062,0.038,0.021,-0.035,1.0,1.0,0.018,0.145,1.0,-0.267,0.218,1.0,0.938,1.0,1.0,0.018,0.145,1.0,-0.151,0.363,1.0,0.006,0.086,0.824,0.03,0.434,1.0,0.112,0.121,0.403,-0.155,0.222,0.709,-0.017,0.063,1.0,0.018,0.013,0.039,-0.073,0.106,1.0,0.0,0.0,0.0,0.0,0.0,0.0,-0.025,0.016,0.021,0.15,0.083,0.108,-0.016,0.011,0.056,0.148,0.088,0.17,0.068,0.409,0.312,-0.707,1.0,1.0,0.705,0.295,1.0
20260304_135106,1772603542.9784045,0.3,0.199,0.18,0.0,0.501,0.582,0.472,0.491,0.0,1.0,0.0,0.0,0.831,0.0,0.0,0.418,0.287,-0.999,0.993,0.0,0.0,0,0.522,0.517,0.598,0.515,0.04,-0.404,0.406,0.655,high,0.0,1.0,0.0,0.714,0.265,au7_eye_squeeze,0.582,5,10,anxiety,0.663,neutral,1,0.121,0.214,0.715,0.218,0.276,1.0,-0.034,0.37,1.0,-0.285,0.301,0.817,-0.103,0.099,0.129,-0.062,0.038,0.05,-0.006,1.0,1.0,0.018,0.145,1.0,-0.237,0.228,1.0,0.909,1.0,1.0,0.018,0.145,1.0,-0.135,0.363,0.275,0.006,0.086,1.0,0.03,0.434,1.0,0.103,0.119,0.155,-0.148,0.221,0.257,-0.016,0.061,1.0,0.017,0.013,0.038,-0.145,0.151,1.0,0.0,0.0,0.0,0.0,0.0,0.0,-0.025,0.016,0.059,0.142,0.083,0.245,-0.018,0.012,0.076,0.14,0.089,0.305,0.071,0.414,0.399,-0.661,1.0,1.0,0.659,0.299,0.999
20260304_135106,1772603543.0109353,0.3,0.181,0.18,0.0,0.53,0.679,0.489,0.504,0.0,1.0,0.0,0.0,0.672,0.0,0.0,0.321,0.306,-1.0,0.994,0.0,0.0,0,0.526,0.512,0.604,0.517,-0.004,-0.393,0.393,0.593,medium,0.0,0.874,0.0,0.714,0.235,au7_eye_squeeze,0.679,6,9,anxiety,0.588,neutral,1,0.111,0.219,0.826,0.199,0.285,1.0,-0.037,0.384,1.0,-0.265,0.304,0.978,-0.086,0.1,0.49,-0.06,0.038,0.022,0.024,1.0,1.0,0.017,0.145,1.0,-0.206,0.237,1.0,0.88,1.0,1.0,0.017,0.145,1.0,-0.127,0.363,0.158,0.006,0.086,1.0,0.029,0.434,1.0,0.086,0.121,0.588,-0.141,0.221,0.41,-0.015,0.058,1.0,0.017,0.013,0.039,-0.215,0.186,1.0,0.0,0.0,0.0,0.0,0.0,0.0,-0.025,0.016,0.042,0.134,0.084,0.26,-0.018,0.012,0.059,0.132,0.091,0.296,0.071,0.414,0.037,-0.615,1.0,1.0,0.613,0.303,1.0
20260304_135106,1772603543.0444677,0.3,0.204,0.226,0.0,0.546,0.648,0.491,0.49,0.0,0.979,0.0,0.0,0.834,0.0,0.101,0.352,0.31,-0.998,0.979,0.0,0.0,0,0.534,0.51,0.614,0.524,-0.009,-0.394,0.394,0.654,high,0.0,1.0,0.0,0.715,0.264,au7_eye_squeeze,0.648,6,9,anxiety,0.66,neutral,1,0.104,0.223,0.667,0.184,0.291,0.968,-0.041,0.399,1.0,-0.244,0.306,1.0,-0.071,0.1,0.374,-0.059,0.038,0.033,0.052,1.0,1.0,0.017,0.145,1.0,-0.177,0.244,1.0,0.851,1.0,1.0,0.017,0.145,1.0,-0.107,0.363,0.295,0.006,0.086,1.0,0.036,0.446,1.0,0.071,0.121,0.45,-0.133,0.221,0.436,-0.014,0.055,1.0,0.015,0.013,0.008,-0.283,0.216,1.0,0.0,0.0,0.0,0.0,0.0,0.0,-0.025,0.016,0.011,0.126,0.086,0.267,-0.018,0.012,0.025,0.125,0.092,0.273,0.071,0.413,0.092,-0.569,1.0,1.0,0.567,0.308,1.0
20260304_135106,1772603543.0909505,0.3,0.22,0.271,0.0,0.543,0.714,0.495,0.477,0.0,0.91,0.0,0.0,0.366,0.0,0.005,0.286,0.288,-0.995,0.963,0.0,0.0,0,0.542,0.509,0.622,0.531,0.009,-0.399,0.399,0.394,medium,0.0,0.475,0.0,0.714,0.135,au7_eye_squeeze,0.714,6,9,disgust,0.662,neutral,1,0.098,0.225,0.559,0.173,0.295,0.759,-0.043,0.412,1.0,-0.223,0.309,1.0,-0.053,0.104,0.613,-0.056,0.038,0.049,0.079,1.0,1.0,0.016,0.145,1.0,-0.155,0.249,1.0,0.822,1.0,1.0,0.016,0.145,1.0,-0.12,0.369,0.993,0.005,0.086,1.0,0.035,0.445,0.29,0.053,0.127,0.739,-0.126,0.221,0.269,-0.013,0.051,1.0,0.013,0.012,0.024,-0.35,0.243,1.0,0.0,0.0,0.0,0.0,0.0,0.0,-0.023,0.016,0.02,0.118,0.087,0.267,-0.018,0.012,0.001,0.118,0.093,0.247,0.071,0.413,0.091,-0.524,1.0,1.0,0.522,0.312,1.0
20260304_135106,1772603543.1234705,0.3,0.242,0.309,0.0,0.547,0.664,0.495,0.454,0.0,0.909,0.0,0.0,0.868,0.0,0.042,0.336,0.294,-0.992,0.955,0.0,0.0,0,0.548,0.511,0.628,0.537,0.006,-0.405,0.405,0.661,high,0.0,1.0,0.0,0.714,0.271,au7_eye_squeeze,0.664,5,10,anxiety,0.678,neutral,1,0.094,0.227,0.412,0.165,0.298,0.577,-0.045,0.425,1.0,-0.203,0.312,1.0,-0.037,0.105,0.428,-0.054,0.038,0.048,0.102,1.0,1.0,0.016,0.145,1.0,-0.134,0.252,0.984,0.793,1.0,1.0,0.016,0.145,1.0,-0.106,0.369,0.405,0.005,0.086,1.0,0.037,0.447,1.0,0.037,0.127,0.517,-0.119,0.22,0.318,-0.011,0.048,1.0,0.009,0.012,0.042,-0.415,0.267,1.0,0.0,0.0,0.0,0.0,0.0,0.0,-0.022,0.016,0.04,0.111,0.088,0.261,-0.017,0.012,0.021,0.112,0.094,0.225,0.072,0.414,0.057,-0.481,1.0,1.0,0.479,0.316,0.99
20260304_135106,1772603543.152006,0.3,0.251,0.321,0.0,0.543,0.649,0.495,0.448,0.0,0.891,0.0,0.0,0.933,0.0,0.084,0.351,0.295,-0.992,0.956,0.0,0.0,0,0.549,0.511,0.628,0.537,0.012,-0.418,0.418,0.662,high,0.0,1.0,0.0,0.715,0.272,au7_eye_squeeze,0.649,6,9,anxiety,0.68,neutral,1,0.091,0.228,0.347,0.157,0.3,0.516,-0.048,0.44,1.0,-0.184,0.314,1.0,-0.021,0.104,0.37,-0.052,0.038,0.05,0.125,1.0,1.0,0.015,0.145,1.0,-0.113,0.256,0.911,0.763,1.0,1.0,0.015,0.145,1.0,-0.089,0.369,0.581,0.005,0.086,1.0,0.043,0.454,1.0,0.021,0.127,0.447,-0.112,0.22,0.324,-0.01,0.045,1.0,0.006,0.012,0.04,-0.478,0.29,1.0,0.0,0.0,0.0,0.0,0.0,0.0,-0.02,0.016,0.045,0.103,0.089,0.258,-0.016,0.012,0.021,0.106,0.094,0.225,0.073,0.415,0.123,-0.439,1.0,1.0,0.437,0.32,0.954
20260304_135106,1772603543.1760905,0.3,0.256,0.338,0.02,0.537,0.663,0.495,0.433,0.0,0.79,0.0,0.0,0.877,0.0,0.0,0.337,0.297,-0.99,0.951,0.0,0.0,0,0.553,0.512,0.63,0.538,-0.008,-0.426,0.426,0.67,high,0.027,1.0,0.0,0.715,0.273,au7_eye_squeeze,0.663,4,11,anxiety,0.683,neutral,1,0.088,0.229,0.312,0.151,0.302,0.435,-0.049,0.449,1.0,-0.165,0.317,0.974,-0.007,0.105,0.423,-0.05,0.038,0.05,0.145,1.0,1.0,0.015,0.145,1.0,-0.099,0.257,0.568,0.734,1.0,1.0,0.015,0.145,1.0,-0.073,0.369,0.42,0.005,0.086,1.0,0.042,0.454,1.0,0.007,0.128,0.511,-0.105,0.22,0.339,-0.009,0.043,1.0,0.002,0.012,0.051,-0.54,0.312,1.0,0.0,0.0,0.0,0.0,0.0,0.0,-0.019,0.016,0.057,0.096,0.089,0.253,-0.015,0.012,0.028,0.1,0.095,0.217,0.073,0.415,0.083,-0.399,1.0,1.0,0.396,0.324,0.933
20260304_135106,1772603543.2066116,0.3,0.26,0.354,0.039,0.527,0.62,0.497,0.408,0.0,0.85,0.0,0.0,0.764,0.0,0.0,0.38,0.291,-0.99,0.952,0.0,0.0,0,0.555,0.514,0.633,0.542,-0.003,-0.445,0.445,0.661,high,0.05,0.993,0.0,0.714,0.26,,,,,anxiety,0.651,neutral,1,0.085,0.23,0.284,0.146,0.303,0.356,-0.049,0.457,1.0,-0.147,0.319,0.907,0.005,0.105,0.264,-0.048,0.038,0.057,0.161,1.0,1.0,0.014,0.145,1.0,-0.083,0.258,0.754,0.705,1.0,1.0,0.014,0.145,1.0,-0.059,0.369,0.107,0.005,0.086,1.0,0.041,0.454,1.0,-0.005,0.128,0.32,-0.099,0.22,0.291,-0.008,0.041,1.0,-0.001,0.012,0.048,-0.6,0.333,1.0,0.0,0.0,0.0,0.0,0.0,0.0,-0.017,0.016,0.067,0.089,0.09,0.244,-0.014,0.012,0.036,0.095,0.096,0.202,0.073,0.415,0.025,-0.36,1.0,1.0,0.357,0.327,0.882
20260304_135106,1772603543.2381275,0.3,0.261,0.346,0.031,0.523,0.619,0.498,0.38,0.0,0.892,0.0,0.0,0.769,0.0,0.0,0.381,0.281,-0.99,0.951,0.0,0.0,0,0.556,0.516,0.634,0.544,0.009,-0.453,0.453,0.664,high,0.041,1.0,0.0,0.714,0.264,,,,,anxiety,0.66,neutral,1,0.082,0.231,0.269,0.14,0.304,0.388,-0.05,0.466,1.0,-0.13,0.32,0.877,0.016,0.105,0.259,-0.046,0.038,0.062,0.175,1.0,1.0,0.014,0.145,1.0,-0.066,0.261,0.876,0.676,1.0,1.0,0.014,0.145,1.0,-0.047,0.369,0.124,0.005,0.086,1.0,0.039,0.454,1.0,-0.016,0.127,0.314,-0.094,0.219,0.216,-0.006,0.039,1.0,-0.004,0.012,0.051,-0.659,0.354,1.0,0.0,0.0,0.0,0.0,0.0,0.0,-0.015,0.017,0.069,0.082,0.091,0.237,-0.013,0.013,0.04,0.09,0.096,0.194,0.075,0.416,0.088,-0.323,1.0,1.0,0.32,0.33,0.858
20260304_135106,1772603543.2699363,0.3,0.269,0.356,0.059,0.517,0.596,0.498,0.345,0.0,0.824,0.0,0.0,0.944,0.0,0.0,0.404,0.287,-0.989,0.948,0.0,0.0,0,0.557,0.518,0.637,0.547,0.0,-0.471,0.471,0.691,high,0.077,1.0,0.0,0.714,0.282,,,,,anxiety,0.704,neutral,1,0.08,0.232,0.219,0.135,0.305,0.34,-0.049,0.47,1.0,-0.114,0.322,0.835,0.027,0.103,0.178,-0.043,0.038,0.063,0.185,1.0,1.0,0.014,0.145,1.0,-0.052,0.262,0.642,0.647,1.0,1.0,0.014,0.145,1.0,-0.032,0.369,0.605,0.005,0.086,1.0,0.038,0.454,1.0,-0.027,0.125,0.215,-0.089,0.219,0.267,-0.005,0.037,1.0,-0.008,0.012,0.056,-0.715,0.373,1.0,0.0,0.0,0.0,0.0,0.0,0.0,-0.013,0.017,0.074,0.076,0.092,0.228,-0.012,0.013,0.048,0.085,0.097,0.182,0.076,0.417,0.002,-0.287,1.0,1.0,0.284,0.333,0.81
20260304_135106,1772603543.3004549,0.3,0.268,0.367,0.044,0.506,0.584,0.498,0.335,0.0,0.798,0.0,0.0,0.869,0.0,0.0,0.416,0.286,-0.989,0.948,0.0,0.0,0,0.558,0.519,0.637,0.549,0.002,-0.482,0.482,0.686,high,0.057,1.0,0.0,0.713,0.282,,,,,anxiety,0.706,neutral,1,0.077,0.232,0.221,0.131,0.306,0.285,-0.048,0.477,1.0,-0.1,0.323,0.771,0.039,0.101,0.138,-0.041,0.038,0.062,0.194,1.0,1.0,0.013,0.145,1.0,-0.04,0.263,0.548,0.618,1.0,1.0,0.013,0.145,1.0,-0.008,0.369,0.396,0.005,0.086,1.0,0.037,0.454,1.0,-0.039,0.122,0.167,-0.084,0.219,0.255,-0.004,0.034,1.0,-0.011,0.013,0.056,-0.77,0.392,1.0,0.0,0.0,0.0,0.0,0.0,0.0,-0.012,0.017,0.074,0.069,0.093,0.223,-0.01,0.013,0.05,0.08,0.097,0.176,0.076,0.417,0.018,-0.255,1.0,1.0,0.251,0.336,0.778
20260304_135106,1772603543.344501,0.3,0.284,0.391,0.04,0.491,0.598,0.499,0.304,0.0,0.871,0.0,0.0,0.891,0.0,0.0,0.402,0.269,-0.989,0.945,0.0,0.0,0,0.56,0.523,0.641,0.555,0.023,-0.501,0.501,0.688,high,0.052,1.0,0.0,0.714,0.286,,,,,anxiety,0.714,neutral,1,0.076,0.232,0.111,0.128,0.307,0.167,-0.048,0.484,1.0,-0.088,0.324,0.679,0.05,0.1,0.19,-0.039,0.038,0.068,0.2,1.0,1.0,0.013,0.145,1.0,-0.023,0.265,0.773,0.589,1.0,1.0,0.013,0.145,1.0,0.016,0.369,0.458,0.004,0.086,1.0,0.036,0.454,1.0,-0.05,0.12,0.228,-0.08,0.219,0.118,-0.002,0.033,1.0,-0.015,0.013,0.062,-0.824,0.411,1.0,0.0,0.0,0.0,0.0,0.0,0.0,-0.01,0.018,0.08,0.063,0.093,0.207,-0.009,0.013,0.061,0.075,0.098,0.153,0.076,0.418,0.234,-0.225,1.0,1.0,0.222,0.338,0.727
20260304_135106,1772603543.3857212,0.3,0.292,0.416,0.069,0.497,0.579,0.5,0.276,0.0,0.746,0.0,0.0,0.737,0.0,0.0,0.421,0.269,-0.987,0.94,0.0,0.0,0,0.562,0.526,0.643,0.559,0.015,-0.519,0.52,0.672,high,0.09,0.958,0.0,0.713,0.27,,,,,anxiety,0.675,neutral,1,0.074,0.232,0.058,0.127,0.307,0.05,-0.046,0.487,0.924,-0.076,0.325,0.701,0.058,0.099,0.123,-0.036,0.038,0.07,0.203,1.0,1.0,0.012,0.145,1.0,-0.017,0.265,0.364,0.56,1.0,1.0,0.012,0.145,1.0,0.02,0.369,0.029,0.004,0.086,1.0,0.035,0.454,1.0,-0.058,0.119,0.148,-0.076,0.219,0.121,-0.001,0.032,1.0,-0.018,0.013,0.071,-0.876,0.429,1.0,0.0,0.0,0.0,0.0,0.0,0.0,-0.009,0.018,0.088,0.057,0.094,0.197,-0.008,0.014,0.068,0.071,0.098,0.139,0.076,0.417,0.15,-0.198,1.0,1.0,0.195,0.341,0.677
20260304_135106,1772603543.4139714,0.3,0.312,0.453,0.08,0.469,0.598,0.5,0.241,0.0,0.755,0.0,0.0,0.956,0.0,0.0,0.402,0.256,-0.985,0.941,0.0,0.0,0,0.564,0.529,0.644,0.563,0.022,-0.556,0.556,0.708,high,0.104,1.0,0.0,0.713,0.292,,,,,anxiety,0.73,neutral,1,0.074,0.232,0.075,0.129,0.307,0.122,-0.043,0.489,0.745,-0.067,0.326,0.544,0.066,0.099,0.195,-0.034,0.038,0.071,0.204,1.0,1.0,0.012,0.145,1.0,-0.01,0.265,0.386,0.53,1.0,1.0,0.012,0.145,1.0,0.048,0.37,0.638,0.004,0.086,1.0,0.034,0.454,1.0,-0.066,0.119,0.234,-0.074,0.219,0.024,0.0,0.033,1.0,-0.022,0.014,0.071,-0.926,0.447,1.0,0.0,0.0,0.0,0.0,0.0,0.0,-0.007,0.019,0.093,0.051,0.094,0.184,-0.006,0.014,0.071,0.067,0.098,0.126,0.076,0.417,0.217,-0.175,1.0,1.0,0.171,0.342,0.58
20260304_135106,1772603543.443083,0.3,0.323,0.469,0.127,0.476,0.571,0.5,0.195,0.013,0.604,0.0,0.013,0.893,0.0,0.0,0.429,0.253,-0.982,0.934,0.0,0.0,0,0.568,0.534,0.648,0.571,0.017,-0.57,0.571,0.728,high,0.166,1.0,0.0,0.713,0.297,au4_frown,0.127,4,11,anxiety,0.742,neutral,1,0.074,0.232,0.145,0.13,0.306,0.199,-0.037,0.488,0.025,-0.056,0.326,0.577,0.071,0.099,0.093,-0.031,0.038,0.07,0.201,1.0,1.0,0.012,0.145,1.0,-0.013,0.265,0.096,0.501,1.0,1.0,0.012,0.145,1.0,0.068,0.37,0.459,0.004,0.086,1.0,0.033,0.454,1.0,-0.071,0.119,0.111,-0.072,0.219,0.002,0.002,0.034,1.0,-0.026,0.014,0.083,-0.975,0.465,1.0,0.0,0.0,0.0,0.0,0.0,0.0,-0.005,0.02,0.107,0.046,0.095,0.166,-0.005,0.015,0.08,0.063,0.098,0.099,0.076,0.417,0.167,-0.152,1.0,1.0,0.148,0.344,0.542
20260304_135106,1772603543.4746833,0.3,0.325,0.486,0.153,0.46,0.577,0.5,0.161,0.027,0.615,0.0,0.027,0.97,0.0,0.0,0.423,0.249,-0.98,0.933,0.0,0.0,0,0.569,0.536,0.65,0.576,0.012,-0.6,0.6,0.741,high,0.199,1.0,0.0,0.715,0.301,au4_frown,0.153,5,10,anxiety,0.752,neutral,1,0.074,0.231,0.154,0.133,0.306,0.271,-0.03,0.487,0.448,-0.046,0.327,0.484,0.077,0.099,0.118,-0.029,0.038,0.069,0.195,1.0,0.656,0.014,0.147,1.0,-0.016,0.265,0.059,0.472,1.0,1.0,0.014,0.147,1.0,0.092,0.37,0.669,0.004,0.086,1.0,0.032,0.454,1.0,-0.077,0.118,0.142,-0.071,0.219,0.032,0.003,0.037,1.0,-0.03,0.015,0.085,-1.0,0.483,1.0,0.0,0.0,0.0,0.0,0.0,0.0,-0.003,0.021,0.109,0.041,0.095,0.157,-0.003,0.016,0.085,0.06,0.098,0.082,0.076,0.417,0.124,-0.131,1.0,1.0,0.127,0.345,0.464
20260304_135106,1772603543.529972,0.3,0.335,0.496,0.179,0.449,0.578,0.5,0.128,0.01,0.604,0.0,0.01,0.622,0.0,0.0,0.422,0.26,-0.98,0.935,0.0,0.0,0,0.569,0.54,0.65,0.578,-0.004,-0.627,0.627,0.68,high,0.233,0.809,0.0,0.715,0.279,au4_frown,0.179,6,9,anxiety,0.697,neutral,1,0.075,0.231,0.219,0.136,0.306,0.316,-0.022,0.487,0.876,-0.038,0.327,0.423,0.081,0.099,0.12,-0.027,0.038,0.068,0.186,1.0,0.072,0.014,0.147,1.0,-0.017,0.265,0.093,0.443,1.0,1.0,0.014,0.147,1.0,0.1,0.371,0.289,0.004,0.086,1.0,0.031,0.454,1.0,-0.081,0.118,0.144,-0.069,0.219,0.058,0.005,0.039,1.0,-0.033,0.016,0.08,-1.0,0.5,1.0,0.0,0.0,0.0,0.0,0.0,0.0,-0.002,0.021,0.11,0.036,0.095,0.145,-0.002,0.016,0.086,0.057,0.098,0.075,0.076,0.417,0.041,-0.113,1.0,1.0,0.109,0.345,0.394
20260304_135106,1772603543.5669637,0.3,0.331,0.496,0.19,0.455,0.558,0.5,0.097,0.0,0.633,0.0,0.0,0.762,0.0,0.0,0.442,0.267,-0.981,0.939,0.0,0.0,0,0.569,0.544,0.65,0.582,-0.009,-0.63,0.63,0.85,high,0.248,0.99,0.0,0.715,0.4,au4_frown,0.19,6,9,anxiety,1.0,neutral,1,0.076,0.231,0.188,0.14,0.305,0.308,-0.015,0.488,1.0,-0.029,0.327,0.453,0.082,0.099,0.045,-0.025,0.038,0.068,0.175,1.0,0.446,0.013,0.147,1.0,-0.016,0.265,0.001,0.414,1.0,1.0,0.013,0.147,1.0,0.12,0.371,0.105,0.004,0.086,1.0,0.03,0.454,1.0,-0.082,0.119,0.054,-0.068,0.219,0.115,0.006,0.042,1.0,-0.036,0.016,0.072,-1.0,0.517,1.0,0.0,0.0,0.0,0.0,0.0,0.0,0.0,0.022,0.108,0.031,0.095,0.13,0.0,0.017,0.086,0.054,0.098,0.061,0.077,0.417,0.088,-0.095,1.0,1.0,0.091,0.346,0.384
20260304_135106,1772603543.5969915,0.3,0.33,0.499,0.208,0.451,0.548,0.5,0.089,0.0,0.64,0.0,0.0,0.708,0.0,0.0,0.452,0.271,-0.979,0.94,0.0,0.0,0,0.57,0.545,0.65,0.581,-0.017,-0.64,0.64,0.838,high,0.27,0.921,0.0,0.716,0.4,au4_frown,0.208,6,9,anxiety,1.0,neutral,1,0.078,0.231,0.176,0.145,0.305,0.319,-0.008,0.489,1.0,-0.022,0.327,0.428,0.083,0.099,0.009,-0.023,0.038,0.069,0.163,1.0,0.58,0.013,0.147,1.0,-0.016,0.265,0.02,0.385,1.0,1.0,0.013,0.147,1.0,0.132,0.371,0.038,0.003,0.086,1.0,0.029,0.454,1.0,-0.083,0.118,0.011,-0.067,0.219,0.143,0.007,0.045,1.0,-0.039,0.016,0.069,-1.0,0.535,1.0,0.0,0.0,0.0,0.0,0.0,0.0,0.002,0.023,0.11,0.027,0.096,0.126,0.002,0.017,0.084,0.051,0.098,0.063,0.078,0.417,0.174,-0.08,1.0,1.0,0.076,0.347,0.357
20260304_135106,1772603543.6280644,0.3,0.331,0.499,0.22,0.459,0.529,0.499,0.058,0.0,0.574,0.0,0.0,0.722,0.0,0.0,0.471,0.274,-0.978,0.945,0.0,0.0,0,0.569,0.551,0.649,0.585,-0.02,-0.653,0.653,0.847,high,0.286,0.939,0.0,0.716,0.4,au4_frown,0.22,6,9,anxiety,1.0,neutral,1,0.079,0.231,0.183,0.149,0.305,0.315,0.002,0.492,1.0,-0.014,0.327,0.462,0.08,0.099,0.063,-0.021,0.038,0.065,0.149,1.0,1.0,0.012,0.147,1.0,-0.02,0.266,0.188,0.358,1.0,1.0,0.012,0.147,1.0,0.15,0.371,0.008,0.003,0.086,1.0,0.028,0.454,1.0,-0.08,0.118,0.075,-0.067,0.218,0.162,0.008,0.048,1.0,-0.042,0.017,0.057,-1.0,0.552,1.0,0.0,0.0,0.0,0.0,0.0,0.0,0.004,0.023,0.103,0.024,0.096,0.105,0.004,0.018,0.081,0.049,0.098,0.051,0.08,0.416,0.199,-0.067,1.0,1.0,0.063,0.347,0.321
20260304_135106,1772603543.6595905,0.3,0.339,0.505,0.235,0.427,0.532,0.498,0.003,0.0,0.562,0.0,0.0,0.706,0.0,0.0,0.468,0.271,-0.977,0.949,0.0,0.0,0,0.567,0.557,0.649,0.589,-0.028,-0.701,0.702,0.669,high,0.306,0.918,0.0,0.716,0.222,au4_frown,0.235,6,9,anxiety,0.556,neutral,1,0.081,0.23,0.23,0.154,0.305,0.337,0.011,0.496,1.0,-0.01,0.327,0.288,0.077,0.098,0.05,-0.019,0.038,0.061,0.13,1.0,1.0,0.012,0.147,1.0,-0.027,0.266,0.225,0.331,1.0,1.0,0.012,0.147,1.0,0.162,0.371,0.032,0.003,0.086,1.0,0.027,0.454,1.0,-0.077,0.118,0.06,-0.067,0.218,0.14,0.009,0.051,1.0,-0.044,0.017,0.049,-1.0,0.569,1.0,0.0,0.0,0.0,0.0,0.0,0.0,0.006,0.024,0.095,0.021,0.096,0.085,0.006,0.018,0.077,0.047,0.098,0.037,0.082,0.414,0.275,-0.059,1.0,1.0,0.054,0.348,0.193
20260304_135106,1772603543.693983,0.3,0.349,0.532,0.252,0.386,0.479,0.497,0.0,0.0,0.501,0.0,0.0,0.705,0.0,0.0,0.521,0.272,-0.974,0.951,0.0,0.0,0,0.565,0.563,0.647,0.595,-0.03,-0.766,0.767,0.675,high,0.328,0.916,0.0,0.717,0.223,au4_frown,0.252,6,9,anxiety,0.558,neutral,1,0.083,0.23,0.293,0.16,0.305,0.459,0.019,0.5,1.0,-0.009,0.327,0.063,0.072,0.099,0.243,-0.017,0.038,0.058,0.111,1.0,1.0,0.011,0.147,1.0,-0.041,0.267,0.415,0.304,1.0,1.0,0.011,0.147,1.0,0.171,0.371,0.03,0.003,0.086,1.0,0.026,0.454,1.0,-0.072,0.119,0.292,-0.067,0.218,0.143,0.011,0.055,1.0,-0.046,0.017,0.044,-1.0,0.586,1.0,0.0,0.0,0.0,0.0,0.0,0.0,0.008,0.024,0.087,0.018,0.096,0.061,0.008,0.019,0.072,0.045,0.098,0.019,0.084,0.411,0.305,-0.055,1.0,1.0,0.05,0.347,0.025
20260304_135106,1772603543.7268555,0.3,0.343,0.531,0.247,0.363,0.495,0.495,0.0,0.0,0.514,0.056,0.0,0.882,0.0,0.0,0.505,0.264,-0.976,0.956,0.0,0.0,0,0.562,0.571,0.645,0.6,-0.031,-0.812,0.812,0.674,high,0.321,1.0,0.0,0.717,0.203,au4_frown,0.247,6,9,anxiety,0.507,neutral,1,0.086,0.23,0.25,0.166,0.305,0.443,0.026,0.503,1.0,-0.01,0.327,0.061,0.069,0.1,0.184,-0.015,0.038,0.048,0.093,1.0,1.0,0.011,0.147,1.0,-0.05,0.268,0.37,0.281,1.0,1.0,0.011,0.147,1.0,0.201,0.371,0.474,0.003,0.086,1.0,0.025,0.454,1.0,-0.069,0.119,0.221,-0.067,0.217,0.073,0.012,0.058,1.0,-0.047,0.017,0.034,-1.0,0.603,1.0,0.0,0.0,0.0,0.0,0.0,0.0,0.011,0.025,0.077,0.017,0.096,0.033,0.01,0.019,0.064,0.044,0.098,0.003,0.087,0.408,0.315,-0.054,1.0,1.0,0.049,0.347,0.091
20260304_135106,1772603543.7582004,0.3,0.322,0.507,0.233,0.348,0.526,0.49,0.0,0.0,0.44,0.096,0.0,0.776,0.0,0.0,0.474,0.24,-0.982,0.955,0.0,0.0,0,0.552,0.577,0.64,0.606,-0.013,-0.83,0.83,0.665,high,0.304,1.0,0.0,0.716,0.198,au4_frown,0.233,6,9,anxiety,0.496,neutral,1,0.086,0.23,0.109,0.169,0.305,0.328,0.03,0.502,1.0,-0.01,0.328,0.141,0.067,0.1,0.069,-0.014,0.038,0.029,0.074,1.0,1.0,0.01,0.147,1.0,-0.063,0.271,0.602,0.259,1.0,1.0,0.01,0.147,1.0,0.152,0.351,0.148,0.003,0.086,1.0,0.024,0.454,1.0,-0.067,0.119,0.082,-0.069,0.217,0.113,0.013,0.059,1.0,-0.048,0.017,0.035,-1.0,0.62,1.0,0.0,0.0,0.0,0.0,0.0,0.0,0.012,0.025,0.04,0.015,0.096,0.015,0.012,0.019,0.048,0.043,0.098,0.018,0.091,0.404,0.13,-0.052,1.0,1.0,0.047,0.346,0.132
20260304_135106,1772603543.7874758,0.3,0.335,0.491,0.159,0.342,0.555,0.489,0.0,0.09,0.415,0.087,0.09,0.0,0.0,0.0,0.445,0.207,-0.986,0.953,0.0,0.0,0,0.547,0.577,0.635,0.602,0.028,-0.814,0.814,0.24,low,0.206,0.0,0.0,0.725,0.041,,,,,startled_anxiety,0.898,neutral,1,0.087,0.23,0.189,0.17,0.304,0.249,0.031,0.5,0.387,-0.01,0.328,0.165,0.064,0.099,0.037,-0.013,0.038,0.025,0.055,1.0,1.0,0.016,0.173,1.0,-0.077,0.275,0.678,0.236,1.0,1.0,0.016,0.173,1.0,0.115,0.37,1.0,0.003,0.086,1.0,0.022,0.454,1.0,-0.064,0.119,0.045,-0.072,0.219,0.375,0.013,0.059,1.0,-0.05,0.017,0.039,-1.0,0.637,1.0,0.0,0.0,0.0,0.0,0.0,0.0,0.013,0.025,0.018,0.013,0.096,0.014,0.014,0.019,0.032,0.041,0.098,0.004,0.097,0.406,0.283,-0.049,1.0,1.0,0.044,0.346,0.089
20260304_135106,1772603543.8125834,0.3,0.321,0.487,0.115,0.372,0.568,0.486,0.0,0.113,0.479,0.058,0.113,0.0,0.0,0.0,0.432,0.174,-0.992,0.945,0.0,0.0,0,0.537,0.571,0.63,0.602,0.063,-0.77,0.773,0.217,low,0.149,0.0,0.0,0.738,0.023,,,,,startled_anxiety,0.7,neutral,1,0.087,0.23,0.095,0.171,0.303,0.222,0.029,0.501,0.277,-0.008,0.328,0.005,0.062,0.099,0.083,-0.011,0.038,0.012,0.037,1.0,1.0,0.024,0.207,1.0,-0.083,0.276,0.465,0.211,1.0,1.0,0.024,0.207,1.0,0.077,0.389,1.0,0.003,0.086,1.0,0.021,0.454,1.0,-0.062,0.119,0.1,-0.077,0.222,0.625,0.013,0.059,1.0,-0.051,0.018,0.055,-1.0,0.655,1.0,0.0,0.0,0.0,0.0,0.0,0.0,0.014,0.025,0.018,0.011,0.096,0.036,0.015,0.019,0.016,0.039,0.098,0.002,0.104,0.415,0.633,-0.042,1.0,1.0,0.036,0.345,0.022
20260304_135106,1772603543.8536375,0.3,0.29,0.423,0.013,0.382,0.522,0.481,0.0,0.105,0.62,0.01,0.105,0.768,0.0,0.0,0.478,0.106,-0.997,0.948,0.0,0.0,0,0.527,0.565,0.621,0.585,0.15,-0.732,0.747,0.58,medium,0.018,0.999,0.0,0.752,0.161,,,,,anxiety,0.402,neutral,1,0.085,0.23,0.11,0.166,0.303,0.075,0.018,0.514,1.0,-0.005,0.329,0.052,0.056,0.098,0.088,-0.011,0.038,0.009,0.018,1.0,1.0,0.031,0.231,1.0,-0.079,0.277,0.006,0.182,1.0,1.0,0.031,0.231,1.0,0.099,0.389,0.194,0.002,0.086,1.0,0.02,0.454,1.0,-0.056,0.118,0.106,-0.086,0.232,1.0,0.013,0.059,1.0,-0.053,0.018,0.049,-1.0,0.672,1.0,0.0,0.0,0.0,0.0,0.0,0.0,0.014,0.025,0.051,0.008,0.095,0.056,0.016,0.019,0.013,0.036,0.098,0.054,0.118,0.45,1.0,-0.031,1.0,1.0,0.026,0.344,0.09
20260304_135106,1772603543.8790057,0.5,0.319,0.432,0.0,0.386,0.538,0.474,0.0,0.066,0.683,0.0,0.066,0.734,0.0,0.0,0.462,0.032,-0.999,0.941,0.0,0.0,0,0.521,0.559,0.608,0.585,0.233,-0.683,0.722,0.807,high,0.0,0.954,0.0,0.766,0.4,,,,,anxiety,1.0,neutral,1,0.085,0.23,0.082,0.162,0.302,0.034,0.007,0.529,1.0,-0.001,0.329,0.077,0.052,0.098,0.033,-0.01,0.038,0.038,0.0,1.0,1.0,0.034,0.239,1.0,-0.072,0.277,0.196,0.153,1.0,1.0,0.034,0.239,1.0,0.119,0.389,0.101,0.002,0.086,1.0,0.019,0.454,1.0,-0.052,0.118,0.04,-0.101,0.252,1.0,0.013,0.06,1.0,-0.055,0.018,0.062,-1.0,0.689,1.0,0.0,0.0,0.0,0.0,0.0,0.0,0.013,0.025,0.076,0.005,0.095,0.079,0.016,0.019,0.053,0.033,0.098,0.055,0.138,0.52,1.0,-0.016,1.0,1.0,0.014,0.344,0.156
20260304_135106,1772603543.9085793,0.8,0.277,0.37,0.0,0.428,0.506,0.473,0.065,0.056,0.629,0.0,0.056,0.5,0.0,0.0,0.494,-0.008,-0.999,0.944,0.0,0.0,0,0.513,0.554,0.601,0.578,0.32,-0.599,0.679,0.735,high,0.0,0.65,0.0,0.786,0.4,,,,,anxiety,1.0,neutral,1,0.082,0.23,0.194,0.153,0.303,0.317,-0.004,0.544,1.0,0.006,0.329,0.302,0.045,0.098,0.152,-0.01,0.038,0.039,-0.012,1.0,0.977,0.037,0.244,1.0,-0.062,0.276,0.025,0.123,1.0,1.0,0.037,0.244,1.0,0.122,0.391,0.565,0.002,0.086,1.0,0.018,0.454,1.0,-0.045,0.118,0.183,-0.118,0.277,1.0,0.012,0.06,1.0,-0.057,0.018,0.055,-1.0,0.707,1.0,0.0,0.0,0.0,0.0,0.0,0.0,0.012,0.025,0.102,0.001,0.096,0.095,0.015,0.019,0.075,0.03,0.098,0.08,0.163,0.627,1.0,0.005,1.0,1.0,-0.002,0.344,0.267
20260304_135106,1772603543.9512954,0.5,0.295,0.381,0.0,0.412,0.515,0.467,0.083,0.019,0.723,0.0,0.019,0.352,0.0,0.0,0.485,-0.04,-1.0,0.946,0.0,0.0,0,0.506,0.548,0.593,0.572,0.386,-0.608,0.72,0.69,high,0.0,0.458,0.0,0.807,0.4,,,,,anxiety,1.0,neutral,1,0.079,0.23,0.078,0.144,0.303,0.266,-0.013,0.56,1.0,0.013,0.329,0.216,0.037,0.097,0.119,-0.01,0.038,0.063,-0.019,1.0,0.699,0.037,0.244,1.0,-0.05,0.276,0.33,0.094,1.0,1.0,0.037,0.244,1.0,0.053,0.383,0.995,0.002,0.086,1.0,0.017,0.454,1.0,-0.037,0.117,0.144,-0.135,0.307,1.0,0.012,0.06,1.0,-0.058,0.018,0.05,-1.0,0.725,1.0,0.0,0.0,0.0,0.0,0.0,0.0,0.01,0.026,0.127,-0.003,0.096,0.117,0.014,0.02,0.098,0.025,0.098,0.101,0.191,0.752,1.0,0.028,1.0,1.0,-0.016,0.343,0.162
20260304_135106,1772603543.990534,0.3,0.292,0.356,0.0,0.404,0.52,0.451,0.123,0.0,0.986,0.0,0.0,0.898,0.0,0.0,0.48,-0.125,-1.0,0.95,0.0,0.0,0,0.499,0.545,0.581,0.567,0.504,-0.57,0.761,0.741,high,0.0,1.0,0.0,0.835,0.311,,,,,anxiety,0.777,neutral,1,0.076,0.229,0.098,0.132,0.303,0.383,-0.024,0.576,1.0,0.021,0.328,0.18,0.03,0.096,0.102,-0.011,0.038,0.126,-0.02,1.0,0.059,0.036,0.244,1.0,-0.011,0.281,1.0,0.064,1.0,1.0,0.036,0.244,1.0,0.015,0.364,0.549,0.002,0.086,1.0,0.016,0.454,1.0,-0.03,0.116,0.124,-0.159,0.351,1.0,0.011,0.061,1.0,-0.059,0.019,0.041,-1.0,0.743,1.0,0.0,0.0,0.0,0.0,0.0,0.0,0.008,0.027,0.151,-0.008,0.096,0.127,0.012,0.021,0.135,0.02,0.097,0.116,0.227,0.922,1.0,0.054,1.0,1.0,-0.029,0.342,0.062
20260304_135106,1772603544.0204108,0.3,0.279,0.341,0.0,0.424,0.505,0.457,0.136,0.0,0.905,0.0,0.0,0.586,0.0,0.0,0.495,-0.111,-1.0,0.951,0.0,0.0,0,0.499,0.544,0.582,0.564,0.49,-0.552,0.738,0.663,high,0.0,0.762,0.0,0.848,0.29,,,,,anxiety,0.725,neutral,1,0.07,0.229,0.183,0.118,0.303,0.451,-0.033,0.592,1.0,0.032,0.328,0.29,0.024,0.096,0.158,-0.011,0.038,0.103,-0.016,1.0,0.15,0.035,0.244,1.0,0.019,0.283,0.909,0.035,1.0,1.0,0.035,0.244,1.0,0.013,0.365,0.339,0.002,0.086,1.0,0.015,0.454,1.0,-0.024,0.116,0.192,-0.178,0.39,1.0,0.01,0.061,1.0,-0.06,0.019,0.038,-1.0,0.761,1.0,0.0,0.0,0.0,0.0,0.0,0.0,0.006,0.028,0.148,-0.014,0.096,0.128,0.009,0.022,0.133,0.014,0.097,0.126,0.257,1.0,1.0,0.084,1.0,1.0,-0.046,0.34,0.123
20260304_135106,1772603544.0485017,0.3,0.249,0.297,0.0,0.459,0.461,0.427,0.176,0.0,1.0,0.0,0.0,0.777,0.0,0.0,0.539,-0.216,-0.999,0.953,0.0,0.0,0,0.492,0.541,0.576,0.564,0.664,-0.492,0.826,0.739,high,0.0,1.0,0.0,0.848,0.307,,,,,anxiety,0.768,neutral,1,0.063,0.229,0.38,0.1,0.304,0.651,-0.046,0.603,1.0,0.045,0.328,0.479,0.017,0.098,0.318,-0.014,0.04,0.226,-0.002,1.0,0.83,0.034,0.244,1.0,0.066,0.286,1.0,0.006,1.0,1.0,0.034,0.244,1.0,0.031,0.365,0.211,0.002,0.086,1.0,0.014,0.454,1.0,-0.017,0.118,0.385,-0.205,0.449,1.0,0.01,0.061,1.0,-0.06,0.019,0.034,-1.0,0.779,1.0,0.0,0.0,0.0,0.0,0.0,0.0,0.003,0.03,0.171,-0.02,0.096,0.142,0.006,0.023,0.151,0.007,0.097,0.129,0.3,1.0,1.0,0.119,1.0,1.0,-0.057,0.338,0.096
20260304_135106,1772603544.0644262,0.3,0.254,0.295,0.0,0.445,0.455,0.401,0.198,0.0,1.0,0.0,0.0,0.768,0.0,0.0,0.545,-0.283,-0.999,0.95,0.0,0.0,0,0.486,0.537,0.563,0.56,0.73,-0.493,0.881,0.739,high,0.0,0.998,0.0,0.848,0.308,,,,,anxiety,0.769,neutral,1,0.054,0.229,0.35,0.079,0.304,0.659,-0.058,0.616,1.0,0.059,0.328,0.407,0.011,0.099,0.337,-0.018,0.043,0.329,0.017,1.0,1.0,0.032,0.244,1.0,0.105,0.291,1.0,-0.024,1.0,1.0,0.032,0.244,1.0,0.002,0.356,0.168,0.001,0.086,1.0,0.013,0.454,1.0,-0.011,0.119,0.406,-0.236,0.52,1.0,0.009,0.062,1.0,-0.06,0.019,0.039,-1.0,0.798,1.0,0.0,0.0,0.0,0.0,0.0,0.0,-0.0,0.031,0.191,-0.027,0.096,0.155,0.002,0.025,0.189,-0.001,0.097,0.14,0.345,1.0,1.0,0.156,1.0,1.0,-0.067,0.336,0.228
20260304_135106,1772603544.1028476,0.3,0.243,0.281,0.0,0.484,0.42,0.366,0.236,0.0,1.0,0.0,0.0,0.661,0.0,0.0,0.58,-0.368,-1.0,0.945,0.0,0.0,0,0.482,0.533,0.556,0.559,0.822,-0.445,0.934,0.696,high,0.0,0.86,0.0,0.848,0.299,,,,,anxiety,0.748,neutral,1,0.043,0.228,0.425,0.055,0.304,0.725,-0.07,0.629,1.0,0.076,0.328,0.62,0.005,0.102,0.458,-0.025,0.05,0.473,0.04,1.0,1.0,0.031,0.244,1.0,0.153,0.293,1.0,-0.053,1.0,1.0,0.031,0.244,1.0,-0.027,0.35,0.145,0.001,0.086,1.0,0.012,0.454,1.0,-0.005,0.122,0.549,-0.271,0.61,1.0,0.008,0.062,1.0,-0.061,0.019,0.049,-1.0,0.816,1.0,0.0,0.0,0.0,0.0,0.0,0.0,-0.004,0.033,0.207,-0.034,0.095,0.17,-0.003,0.028,0.211,-0.009,0.096,0.146,0.396,1.0,1.0,0.198,1.0,1.0,-0.076,0.333,0.351
20260304_135106,1772603544.1549447,0.3,0.249,0.288,0.0,0.463,0.455,0.331,0.261,0.0,1.0,0.0,0.0,0.926,0.0,0.0,0.545,-0.432,-1.0,0.946,0.0,0.0,0,0.475,0.532,0.544,0.553,0.847,-0.449,0.959,0.741,high,0.0,1.0,0.0,0.848,0.309,,,,,anxiety,0.772,neutral,1,0.032,0.226,0.387,0.032,0.304,0.692,-0.083,0.64,1.0,0.092,0.327,0.508,-0.0,0.104,0.326,-0.034,0.059,0.612,0.066,1.0,1.0,0.03,0.244,1.0,0.195,0.297,1.0,-0.083,1.0,1.0,0.03,0.244,1.0,-0.049,0.34,0.579,0.001,0.086,1.0,0.011,0.454,1.0,0.0,0.123,0.388,-0.309,0.714,1.0,0.007,0.062,1.0,-0.061,0.019,0.045,-1.0,0.836,1.0,0.0,0.0,0.0,0.0,0.0,0.0,-0.008,0.035,0.231,-0.042,0.095,0.172,-0.008,0.031,0.248,-0.018,0.096,0.167,0.447,1.0,1.0,0.241,1.0,1.0,-0.084,0.329,0.398
20260304_135106,1772603544.1888938,0.3,0.255,0.289,0.0,0.478,0.379,0.344,0.246,0.0,1.0,0.0,0.0,0.795,0.0,0.0,0.621,-0.411,-1.0,0.942,0.0,0.0,0,0.472,0.532,0.54,0.557,0.817,-0.443,0.929,0.741,high,0.0,1.0,0.0,0.848,0.309,,,,,anxiety,0.772,neutral,1,0.021,0.225,0.346,0.008,0.302,0.688,-0.096,0.651,1.0,0.109,0.327,0.593,-0.011,0.109,0.602,-0.042,0.066,0.552,0.092,1.0,1.0,0.028,0.244,1.0,0.233,0.301,1.0,-0.112,1.0,1.0,0.028,0.244,1.0,-0.032,0.339,0.212,0.001,0.086,1.0,0.01,0.454,1.0,0.011,0.128,0.714,-0.345,0.81,1.0,0.007,0.062,1.0,-0.061,0.019,0.052,-1.0,0.855,1.0,0.0,0.0,0.0,0.0,0.0,0.0,-0.012,0.037,0.238,-0.05,0.095,0.171,-0.014,0.033,0.255,-0.026,0.096,0.155,0.494,1.0,1.0,0.284,1.0,1.0,-0.095,0.326,0.311
20260304_135106,1772603544.2267873,0.3,0.259,0.309,0.0,0.47,0.392,0.368,0.239,0.0,0.84,0.0,0.0,0.463,0.0,0.0,0.608,-0.367,-1.0,0.943,0.0,0.0,0,0.471,0.535,0.539,0.562,0.74,-0.457,0.87,0.598,medium,0.0,0.602,0.0,0.848,0.265,,,,,anxiety,0.662,neutral,1,0.01,0.222,0.327,-0.016,0.3,0.6,-0.108,0.664,1.0,0.126,0.326,0.549,-0.021,0.113,0.548,-0.048,0.07,0.448,0.117,1.0,1.0,0.027,0.244,1.0,0.26,0.302,0.653,-0.142,1.0,1.0,0.027,0.244,1.0,-0.05,0.343,0.712,0.001,0.086,1.0,0.009,0.454,1.0,0.021,0.132,0.644,-0.376,0.897,1.0,0.006,0.062,1.0,-0.061,0.019,0.05,-1.0,0.874,1.0,0.0,0.0,0.0,0.0,0.0,0.0,-0.016,0.04,0.24,-0.057,0.095,0.162,-0.019,0.036,0.259,-0.034,0.095,0.139,0.534,1.0,1.0,0.325,1.0,1.0,-0.11,0.323,0.152
20260304_135106,1772603544.2531261,0.3,0.302,0.358,0.0,0.416,0.389,0.403,0.183,0.0,1.0,0.0,0.0,0.766,0.0,0.0,0.611,-0.285,-0.999,0.944,0.0,0.0,0,0.47,0.538,0.542,0.562,0.642,-0.544,0.842,0.741,high,0.0,0.995,0.0,0.848,0.31,,,,,anxiety,0.774,neutral,1,0.002,0.219,0.052,-0.036,0.297,0.377,-0.12,0.676,1.0,0.138,0.325,0.259,-0.03,0.117,0.554,-0.051,0.072,0.293,0.139,1.0,1.0,0.026,0.244,1.0,0.297,0.306,1.0,-0.171,1.0,1.0,0.026,0.244,1.0,-0.039,0.343,0.141,0.001,0.086,1.0,0.008,0.454,1.0,0.03,0.136,0.646,-0.4,0.966,1.0,0.005,0.063,1.0,-0.061,0.019,0.046,-1.0,0.894,1.0,0.0,0.0,0.0,0.0,0.0,0.0,-0.02,0.042,0.242,-0.064,0.095,0.152,-0.024,0.038,0.245,-0.043,0.094,0.14,0.565,1.0,1.0,0.359,1.0,1.0,-0.128,0.32,0.072
20260304_135106,1772603544.2869668,0.3,0.293,0.354,0.0,0.429,0.46,0.428,0.142,0.0,0.912,0.0,0.0,0.827,0.0,0.0,0.54,-0.217,-0.999,0.945,0.0,0.0,0,0.472,0.541,0.548,0.571,0.569,-0.525,0.774,0.753,high,0.0,1.0,0.0,0.914,0.311,,,,,anxiety,0.778,neutral,1,-0.006,0.216,0.114,-0.055,0.294,0.402,-0.131,0.689,1.0,0.151,0.325,0.331,-0.034,0.118,0.288,-0.052,0.072,0.183,0.156,1.0,0.456,0.025,0.244,1.0,0.325,0.308,0.865,-0.201,1.0,1.0,0.025,0.244,1.0,-0.085,0.322,0.285,0.001,0.086,1.0,0.007,0.454,1.0,0.034,0.136,0.333,-0.419,1.0,1.0,0.004,0.063,1.0,-0.061,0.019,0.044,-1.0,0.915,1.0,0.0,0.0,0.0,0.0,0.0,0.0,-0.024,0.043,0.231,-0.071,0.095,0.141,-0.029,0.04,0.222,-0.05,0.094,0.11,0.589,1.0,1.0,0.393,1.0,1.0,-0.148,0.317,0.101
20260304_135106,1772603544.3189647,0.3,0.284,0.359,0.0,0.432,0.525,0.447,0.107,0.0,0.762,0.0,0.0,0.645,0.0,0.0,0.475,-0.111,-1.0,0.953,0.0,0.0,0,0.476,0.546,0.56,0.573,0.479,-0.565,0.741,0.705,high,0.0,0.839,0.0,0.914,0.303,,,,,anxiety,0.758,neutral,1,-0.014,0.214,0.177,-0.074,0.292,0.38,-0.141,0.703,1.0,0.163,0.324,0.355,-0.032,0.118,0.039,-0.052,0.072,0.099,0.171,1.0,0.113,0.023,0.244,1.0,0.341,0.308,0.386,-0.23,1.0,1.0,0.023,0.244,1.0,-0.101,0.322,0.224,0.0,0.086,1.0,0.005,0.454,1.0,0.032,0.136,0.045,-0.428,1.0,1.0,0.003,0.063,1.0,-0.06,0.019,0.026,-1.0,0.935,1.0,0.0,0.0,0.0,0.0,0.0,0.0,-0.028,0.045,0.214,-0.077,0.095,0.124,-0.033,0.041,0.18,-0.057,0.093,0.106,0.606,1.0,1.0,0.423,1.0,1.0,-0.172,0.315,0.188
20260304_135106,1772603544.3441384,0.5,0.299,0.384,0.0,0.424,0.562,0.48,0.068,0.0,0.646,0.0,0.0,0.546,0.0,0.0,0.438,0.049,-0.999,0.948,0.0,0.0,0,0.484,0.55,0.574,0.581,0.284,-0.589,0.654,0.769,high,0.0,0.71,0.0,0.914,0.4,,,,,anxiety,1.0,neutral,1,-0.022,0.211,0.086,-0.091,0.288,0.275,-0.152,0.717,1.0,0.176,0.324,0.315,-0.028,0.118,0.102,-0.049,0.072,0.041,0.182,1.0,0.774,0.022,0.244,1.0,0.345,0.308,0.021,-0.259,1.0,1.0,0.022,0.244,1.0,-0.108,0.324,0.493,0.0,0.086,1.0,0.004,0.454,1.0,0.028,0.136,0.118,-0.425,1.0,1.0,0.003,0.063,1.0,-0.059,0.019,0.036,-1.0,0.957,1.0,0.0,0.0,0.0,0.0,0.0,0.0,-0.03,0.046,0.181,-0.083,0.094,0.111,-0.035,0.042,0.135,-0.064,0.093,0.078,0.607,1.0,1.0,0.452,1.0,1.0,-0.201,0.314,0.403
20260304_135106,1772603544.3960614,0.3,0.283,0.384,0.025,0.419,0.562,0.49,0.04,0.029,0.54,0.0,0.029,0.673,0.0,0.0,0.438,0.172,-0.998,0.957,0.0,0.0,0,0.493,0.552,0.578,0.574,0.116,-0.651,0.662,0.819,high,0.033,0.874,0.0,0.914,0.4,au7_eye_squeeze,0.562,2,13,anxiety,1.0,neutral,1,-0.031,0.209,0.194,-0.108,0.285,0.277,-0.159,0.727,1.0,0.188,0.323,0.286,-0.025,0.118,0.1,-0.045,0.072,0.086,0.19,1.0,1.0,0.023,0.245,1.0,0.34,0.309,0.31,-0.289,1.0,1.0,0.023,0.245,1.0,-0.112,0.324,0.139,0.0,0.086,1.0,0.003,0.454,1.0,0.025,0.136,0.115,-0.412,1.0,0.084,0.002,0.063,1.0,-0.058,0.018,0.015,-1.0,0.978,1.0,0.0,0.0,0.0,0.0,0.0,0.0,-0.032,0.046,0.143,-0.088,0.094,0.103,-0.037,0.042,0.119,-0.07,0.092,0.104,0.594,1.0,0.539,0.476,1.0,1.0,-0.231,0.313,0.386
20260304_135106,1772603544.4341075,0.3,0.308,0.413,0.146,0.417,0.496,0.498,0.0,0.043,0.581,0.0,0.043,0.577,0.0,0.0,0.504,0.254,-0.991,0.96,0.0,0.0,0,0.507,0.556,0.589,0.582,-0.015,-0.665,0.665,0.828,high,0.189,0.75,0.0,0.915,0.4,au4_frown,0.146,2,13,anxiety,1.0,neutral,1,-0.036,0.207,0.035,-0.12,0.283,0.152,-0.156,0.726,0.523,0.198,0.323,0.282,-0.028,0.118,0.145,-0.041,0.072,0.12,0.19,1.0,1.0,0.025,0.247,1.0,0.338,0.309,0.178,-0.318,1.0,1.0,0.025,0.247,1.0,-0.122,0.325,0.402,0.0,0.086,1.0,0.002,0.454,1.0,0.028,0.136,0.168,-0.394,1.0,1.0,0.002,0.063,1.0,-0.056,0.018,0.01,-1.0,1.0,1.0,0.0,0.0,0.0,0.0,0.0,0.0,-0.033,0.047,0.088,-0.093,0.094,0.09,-0.038,0.043,0.082,-0.076,0.092,0.077,0.573,1.0,1.0,0.495,1.0,1.0,-0.256,0.313,0.379
20260304_135106,1772603544.481301,0.3,0.315,0.427,0.145,0.409,0.518,0.497,0.0,0.048,0.54,0.0,0.048,0.596,0.0,0.0,0.482,0.256,-0.99,0.959,0.0,0.0,0,0.507,0.557,0.593,0.583,-0.007,-0.683,0.683,0.842,high,0.188,0.775,0.0,0.969,0.4,au4_frown,0.145,3,12,anxiety,1.0,neutral,1,-0.041,0.205,0.008,-0.131,0.28,0.094,-0.154,0.724,0.499,0.207,0.323,0.239,-0.031,0.118,0.064,-0.037,0.072,0.117,0.188,1.0,1.0,0.027,0.25,1.0,0.329,0.31,0.305,-0.348,1.0,1.0,0.027,0.25,1.0,-0.121,0.327,0.343,-0.0,0.086,1.0,0.001,0.454,1.0,0.031,0.136,0.073,-0.376,1.0,1.0,0.002,0.063,1.0,-0.054,0.018,0.01,-1.0,1.0,1.0,0.0,0.0,0.0,0.0,0.0,0.0,-0.034,0.047,0.087,-0.097,0.094,0.089,-0.039,0.043,0.067,-0.081,0.091,0.074,0.551,1.0,1.0,0.512,1.0,1.0,-0.28,0.312,0.337
20260304_135106,1772603544.5338464,0.3,0.301,0.411,0.202,0.446,0.552,0.5,0.0,0.0,0.578,0.0,0.0,0.0,0.0,0.0,0.448,0.314,-0.986,0.962,0.0,0.0,0,0.52,0.558,0.608,0.589,-0.075,-0.61,0.615,0.667,high,0.263,0.0,0.0,0.969,0.4,au4_frown,0.202,4,11,anxiety,1.0,neutral,1,-0.047,0.204,0.087,-0.143,0.278,0.17,-0.147,0.723,1.0,0.218,0.323,0.44,-0.031,0.118,0.061,-0.033,0.072,0.129,0.183,1.0,1.0,0.025,0.25,1.0,0.326,0.311,0.181,-0.377,1.0,1.0,0.025,0.25,1.0,-0.228,0.327,1.0,-0.0,0.086,1.0,0.0,0.454,1.0,0.031,0.136,0.07,-0.354,1.0,1.0,0.002,0.063,1.0,-0.053,0.018,0.004,-1.0,1.0,1.0,0.0,0.0,0.0,0.0,0.0,0.0,-0.034,0.047,0.039,-0.1,0.094,0.083,-0.039,0.043,0.018,-0.085,0.091,0.057,0.526,1.0,1.0,0.533,1.0,1.0,-0.306,0.313,0.502
20260304_135106,1772603544.5674696,0.3,0.322,0.439,0.273,0.435,0.464,0.5,0.0,0.0,0.562,0.0,0.0,0.841,0.0,0.0,0.536,0.362,-0.976,0.966,0.0,0.0,0,0.536,0.56,0.619,0.585,-0.124,-0.644,0.656,0.94,high,0.355,1.0,0.0,0.969,0.4,au4_frown,0.273,5,10,anxiety,1.0,neutral,1,-0.051,0.202,0.044,-0.152,0.276,0.046,-0.135,0.726,1.0,0.226,0.323,0.378,-0.038,0.119,0.269,-0.029,0.072,0.128,0.176,1.0,1.0,0.024,0.25,1.0,0.32,0.311,0.23,-0.407,1.0,1.0,0.024,0.25,1.0,-0.204,0.326,0.35,-0.0,0.086,1.0,-0.001,0.454,1.0,0.038,0.137,0.311,-0.329,1.0,1.0,0.003,0.066,1.0,-0.05,0.017,0.007,-1.0,1.0,1.0,0.0,0.0,0.0,0.0,0.0,0.0,-0.032,0.047,0.023,-0.103,0.094,0.077,-0.038,0.043,0.02,-0.089,0.091,0.071,0.498,1.0,1.0,0.549,1.0,1.0,-0.328,0.313,0.4
20260304_135106,1772603544.5983171,0.3,0.315,0.423,0.37,0.434,0.45,0.499,0.0,0.0,0.624,0.0,0.0,0.827,0.0,0.0,0.55,0.401,-0.971,0.966,0.0,0.0,0,0.548,0.56,0.624,0.588,-0.175,-0.648,0.671,0.855,high,0.481,1.0,0.0,0.97,0.284,au4_frown,0.37,6,9,anxiety,0.709,neutral,1,-0.055,0.201,0.006,-0.161,0.275,0.125,-0.115,0.743,1.0,0.233,0.323,0.37,-0.043,0.12,0.318,-0.025,0.072,0.123,0.165,1.0,1.0,0.022,0.25,1.0,0.319,0.311,0.033,-0.436,1.0,1.0,0.022,0.25,1.0,-0.235,0.314,0.288,-0.0,0.086,1.0,-0.002,0.454,1.0,0.043,0.138,0.365,-0.302,1.0,1.0,0.005,0.07,1.0,-0.048,0.017,0.006,-1.0,1.0,1.0,0.0,0.0,0.0,0.0,0.0,0.0,-0.03,0.047,0.069,-0.106,0.094,0.078,-0.037,0.043,0.036,-0.093,0.091,0.059,0.466,1.0,1.0,0.562,1.0,1.0,-0.346,0.314,0.363
20260304_135106,1772603544.6268597,0.3,0.315,0.428,0.407,0.485,0.403,0.49,0.0,0.0,0.561,0.0,0.0,0.84,0.0,0.0,0.597,0.433,-0.965,0.959,0.0,0.0,0,0.558,0.56,0.634,0.591,-0.217,-0.586,0.625,0.869,high,0.529,1.0,0.0,0.97,0.285,au4_frown,0.407,6,9,anxiety,0.712,neutral,1,-0.059,0.2,0.008,-0.169,0.274,0.104,-0.092,0.765,1.0,0.243,0.324,0.645,-0.054,0.123,0.49,-0.022,0.072,0.087,0.151,1.0,1.0,0.021,0.25,1.0,0.311,0.312,0.232,-0.466,1.0,1.0,0.021,0.25,1.0,-0.235,0.313,0.316,-0.001,0.086,1.0,-0.003,0.454,1.0,0.054,0.14,0.561,-0.273,1.0,1.0,0.007,0.075,1.0,-0.046,0.017,0.008,-1.0,1.0,1.0,0.0,0.0,0.0,0.0,0.0,0.0,-0.027,0.047,0.107,-0.108,0.094,0.077,-0.035,0.043,0.066,-0.096,0.091,0.049,0.43,1.0,1.0,0.577,1.0,1.0,-0.365,0.315,0.473
20260304_135106,1772603544.6632092,0.3,0.317,0.446,0.437,0.5,0.391,0.484,0.0,0.0,0.595,0.009,0.0,0.929,0.0,0.0,0.609,0.447,-0.96,0.955,0.0,0.0,0,0.563,0.563,0.637,0.595,-0.221,-0.572,0.613,0.877,high,0.568,1.0,0.0,0.971,0.283,au4_frown,0.437,7,8,anxiety,0.707,neutral,1,-0.064,0.198,0.004,-0.175,0.273,0.026,-0.068,0.788,1.0,0.254,0.325,0.72,-0.062,0.127,0.529,-0.019,0.072,0.058,0.136,1.0,1.0,0.019,0.25,1.0,0.306,0.312,0.126,-0.494,1.0,1.0,0.019,0.25,1.0,-0.206,0.313,0.566,-0.001,0.086,1.0,-0.004,0.454,1.0,0.062,0.143,0.602,-0.243,1.0,1.0,0.009,0.083,1.0,-0.045,0.017,0.015,-1.0,1.0,1.0,0.0,0.0,0.0,0.0,0.0,0.0,-0.024,0.047,0.126,-0.11,0.094,0.067,-0.033,0.043,0.077,-0.098,0.091,0.039,0.396,1.0,1.0,0.595,1.0,1.0,-0.386,0.316,0.5
20260304_135106,1772603544.6948063,0.3,0.332,0.456,0.455,0.487,0.332,0.477,0.0,0.0,0.574,0.014,0.0,0.727,0.0,0.0,0.668,0.459,-0.958,0.95,0.0,0.0,0,0.569,0.56,0.639,0.598,-0.228,-0.597,0.639,0.873,high,0.591,0.945,0.0,0.972,0.287,au4_frown,0.455,6,9,anxiety,0.718,neutral,1,-0.065,0.198,0.091,-0.18,0.272,0.014,-0.042,0.812,1.0,0.263,0.325,0.638,-0.075,0.133,0.746,-0.017,0.072,0.031,0.121,1.0,1.0,0.018,0.25,1.0,0.301,0.312,0.191,-0.523,1.0,1.0,0.018,0.25,1.0,-0.203,0.314,0.003,-0.001,0.086,1.0,-0.005,0.454,1.0,0.075,0.149,0.842,-0.213,1.0,1.0,0.011,0.09,1.0,-0.044,0.017,0.025,-1.0,1.0,1.0,0.0,0.0,0.0,0.0,0.0,0.0,-0.021,0.048,0.147,-0.112,0.094,0.077,-0.03,0.043,0.083,-0.1,0.091,0.028,0.361,1.0,1.0,0.609,1.0,1.0,-0.403,0.318,0.434
20260304_135106,1772603544.721418,0.3,0.321,0.456,0.461,0.506,0.342,0.477,0.0,0.0,0.544,0.02,0.0,0.267,0.0,0.0,0.658,0.458,-0.96,0.942,0.0,0.0,0,0.571,0.561,0.642,0.6,-0.232,-0.566,0.612,0.658,high,0.599,0.347,0.0,0.973,0.219,au4_frown,0.461,6,9,anger,0.548,neutral,1,-0.069,0.196,0.016,-0.185,0.271,0.01,-0.017,0.831,1.0,0.274,0.326,0.735,-0.088,0.139,0.704,-0.015,0.072,0.03,0.106,1.0,1.0,0.016,0.25,1.0,0.297,0.313,0.281,-0.551,1.0,1.0,0.016,0.25,1.0,-0.24,0.322,1.0,-0.001,0.086,1.0,-0.006,0.454,1.0,0.088,0.154,0.788,-0.184,1.0,1.0,0.014,0.096,1.0,-0.044,0.016,0.041,-1.0,1.0,1.0,0.0,0.0,0.0,0.0,0.0,0.0,-0.017,0.049,0.154,-0.114,0.095,0.071,-0.028,0.043,0.093,-0.102,0.091,0.023,0.328,1.0,1.0,0.625,1.0,1.0,-0.423,0.319,0.497
20260304_135106,1772603544.740216,0.3,0.331,0.463,0.473,0.509,0.326,0.472,0.0,0.0,0.538,0.025,0.0,0.376,0.0,0.0,0.674,0.466,-0.961,0.937,0.0,0.0,0,0.573,0.559,0.644,0.602,-0.242,-0.571,0.62,0.7,high,0.614,0.488,0.0,0.974,0.222,au4_frown,0.473,6,9,anxiety,0.556,neutral,1,-0.072,0.196,0.073,-0.188,0.27,0.04,0.007,0.848,1.0,0.285,0.327,0.737,-0.099,0.145,0.758,-0.014,0.072,0.009,0.091,1.0,1.0,0.015,0.25,1.0,0.288,0.314,0.297,-0.578,1.0,1.0,0.015,0.25,1.0,-0.264,0.328,0.958,-0.001,0.086,1.0,-0.007,0.454,1.0,0.099,0.159,0.839,-0.157,1.0,1.0,0.016,0.101,1.0,-0.044,0.017,0.049,-1.0,1.0,1.0,0.0,0.0,0.0,0.0,0.0,0.0,-0.013,0.049,0.158,-0.115,0.095,0.076,-0.025,0.044,0.097,-0.102,0.091,0.015,0.295,1.0,1.0,0.641,1.0,1.0,-0.442,0.321,0.474
20260304_135106,1772603544.761998,0.3,0.324,0.46,0.48,0.521,0.346,0.477,0.0,0.0,0.567,0.021,0.0,0.348,0.0,0.0,0.654,0.453,-0.962,0.933,0.0,0.0,0,0.576,0.559,0.645,0.605,-0.231,-0.567,0.612,0.683,high,0.624,0.452,0.0,0.974,0.211,au4_frown,0.48,6,9,anxiety,0.528,neutral,1,-0.074,0.195,0.027,-0.191,0.27,0.023,0.031,0.862,1.0,0.296,0.329,0.791,-0.109,0.149,0.677,-0.012,0.072,0.034,0.076,1.0,1.0,0.013,0.25,1.0,0.282,0.314,0.204,-0.605,1.0,1.0,0.013,0.25,1.0,-0.306,0.332,1.0,-0.001,0.086,1.0,-0.008,0.454,1.0,0.109,0.162,0.741,-0.13,1.0,1.0,0.018,0.105,1.0,-0.044,0.017,0.057,-1.0,1.0,1.0,0.0,0.0,0.0,0.0,0.0,0.0,-0.01,0.05,0.167,-0.116,0.095,0.076,-0.023,0.044,0.1,-0.103,0.091,0.007,0.264,1.0,1.0,0.656,1.0,1.0,-0.461,0.322,0.492
20260304_135106,1772603544.7849252,0.3,0.35,0.484,0.478,0.505,0.368,0.475,0.0,0.0,0.561,0.026,0.0,0.399,0.0,0.113,0.632,0.456,-0.962,0.93,0.0,0.0,0,0.575,0.558,0.645,0.605,-0.254,-0.583,0.636,0.712,high,0.621,0.519,0.0,0.977,0.224,au4_frown,0.478,5,10,anxiety,0.56,neutral,1,-0.075,0.194,0.189,-0.192,0.269,0.126,0.053,0.871,1.0,0.305,0.329,0.697,-0.114,0.152,0.586,-0.01,0.072,0.023,0.062,1.0,1.0,0.012,0.25,1.0,0.279,0.315,0.222,-0.631,1.0,1.0,0.012,0.25,1.0,-0.32,0.337,0.882,-0.001,0.086,1.0,-0.001,0.468,1.0,0.114,0.164,0.635,-0.104,1.0,1.0,0.019,0.11,1.0,-0.045,0.017,0.063,-1.0,1.0,1.0,0.0,0.0,0.0,0.0,0.0,0.0,-0.006,0.051,0.161,-0.118,0.095,0.078,-0.02,0.044,0.099,-0.103,0.091,0.004,0.232,1.0,1.0,0.669,1.0,1.0,-0.478,0.323,0.43
20260304_135106,1772603544.8209333,0.3,0.343,0.49,0.476,0.518,0.401,0.48,0.0,0.0,0.525,0.025,0.0,0.252,0.0,0.0,0.599,0.44,-0.962,0.926,0.0,0.0,0,0.574,0.558,0.649,0.611,-0.232,-0.564,0.61,0.672,high,0.618,0.327,0.0,0.977,0.233,,,,,anger,0.582,neutral,1,-0.076,0.194,0.14,-0.193,0.269,0.149,0.076,0.88,1.0,0.312,0.33,0.748,-0.12,0.155,0.451,-0.008,0.072,0.045,0.047,1.0,1.0,0.01,0.25,1.0,0.27,0.316,0.332,-0.654,1.0,1.0,0.01,0.25,1.0,-0.338,0.346,1.0,-0.002,0.086,1.0,-0.002,0.468,1.0,0.12,0.165,0.484,-0.08,1.0,1.0,0.021,0.113,1.0,-0.046,0.017,0.07,-1.0,1.0,1.0,0.0,0.0,0.0,0.0,0.0,0.0,-0.003,0.051,0.158,-0.118,0.095,0.078,-0.017,0.045,0.111,-0.103,0.091,0.014,0.2,1.0,1.0,0.678,1.0,1.0,-0.491,0.325,0.49
20260304_135106,1772603544.8495064,0.3,0.333,0.479,0.479,0.515,0.368,0.48,0.0,0.0,0.525,0.028,0.0,0.49,0.0,0.075,0.632,0.439,-0.965,0.928,0.0,0.0,0,0.576,0.556,0.646,0.607,-0.242,-0.572,0.621,0.763,high,0.623,0.637,0.0,0.978,0.246,,,,,anxiety,0.614,neutral,1,-0.078,0.193,0.074,-0.193,0.268,0.096,0.099,0.886,1.0,0.319,0.33,0.72,-0.124,0.157,0.572,-0.006,0.071,0.045,0.032,1.0,1.0,0.009,0.25,1.0,0.261,0.317,0.33,-0.675,1.0,1.0,0.009,0.25,1.0,-0.332,0.348,0.601,-0.002,0.086,1.0,0.002,0.473,1.0,0.124,0.166,0.609,-0.055,1.0,1.0,0.023,0.116,1.0,-0.046,0.017,0.065,-1.0,1.0,1.0,0.0,0.0,0.0,0.0,0.0,0.0,0.0,0.052,0.161,-0.119,0.095,0.082,-0.014,0.045,0.1,-0.102,0.091,0.002,0.169,1.0,1.0,0.688,1.0,1.0,-0.504,0.327,0.458
20260304_135106,1772603544.8829753,0.3,0.338,0.493,0.486,0.511,0.414,0.48,0.0,0.0,0.55,0.025,0.0,0.266,0.0,0.055,0.586,0.434,-0.961,0.925,0.0,0.0,0,0.576,0.556,0.647,0.61,-0.235,-0.58,0.626,0.675,high,0.632,0.345,0.0,0.979,0.228,,,,,anger,0.569,neutral,1,-0.079,0.192,0.098,-0.191,0.268,0.157,0.121,0.891,1.0,0.323,0.329,0.681,-0.127,0.158,0.388,-0.004,0.071,0.046,0.017,1.0,1.0,0.008,0.25,1.0,0.256,0.318,0.248,-0.697,1.0,1.0,0.008,0.25,1.0,-0.344,0.355,1.0,-0.002,0.086,1.0,0.004,0.475,1.0,0.127,0.166,0.409,-0.032,1.0,1.0,0.025,0.12,1.0,-0.047,0.017,0.069,-1.0,1.0,1.0,0.0,0.0,0.0,0.0,0.0,0.0,0.003,0.053,0.16,-0.12,0.095,0.082,-0.012,0.045,0.101,-0.102,0.091,0.013,0.139,1.0,1.0,0.694,1.0,1.0,-0.515,0.329,0.441
20260304_135106,1772603544.9136345,0.3,0.34,0.485,0.474,0.523,0.44,0.477,0.0,0.0,0.51,0.034,0.0,0.492,0.0,0.073,0.56,0.442,-0.966,0.921,0.0,0.0,0,0.578,0.556,0.646,0.611,-0.237,-0.559,0.607,0.759,high,0.617,0.64,0.0,1.0,0.239,,,,,anxiety,0.597,neutral,1,-0.078,0.192,0.109,-0.19,0.268,0.119,0.14,0.892,1.0,0.329,0.329,0.728,-0.128,0.159,0.281,-0.003,0.071,0.033,0.002,1.0,1.0,0.006,0.25,1.0,0.245,0.319,0.373,-0.716,1.0,1.0,0.006,0.25,1.0,-0.339,0.357,0.567,-0.002,0.086,1.0,0.008,1.0,1.0,0.128,0.166,0.294,-0.01,1.0,1.0,0.026,0.122,1.0,-0.048,0.018,0.075,-1.0,1.0,1.0,0.0,0.0,0.0,0.0,0.0,0.0,0.006,0.053,0.166,-0.12,0.095,0.079,-0.009,0.045,0.097,-0.101,0.091,0.015,0.109,1.0,1.0,0.702,1.0,1.0,-0.526,0.331,0.483
20260304_135106,1772603544.950766,0.3,0.321,0.463,0.452,0.534,0.431,0.475,0.0,0.0,0.453,0.045,0.0,0.417,0.0,0.041,0.569,0.45,-0.969,0.92,0.0,0.0,0,0.578,0.558,0.647,0.612,-0.235,-0.528,0.578,0.711,high,0.588,0.543,0.0,1.0,0.222,,,,,anxiety,0.556,neutral,1,-0.079,0.192,0.008,-0.19,0.268,0.022,0.161,0.893,1.0,0.333,0.328,0.767,-0.13,0.16,0.31,-0.001,0.071,0.024,-0.013,1.0,1.0,0.005,0.25,1.0,0.225,0.32,0.554,-0.732,1.0,1.0,0.005,0.25,1.0,-0.342,0.36,0.777,-0.002,0.086,1.0,0.01,1.0,1.0,0.13,0.166,0.323,0.013,1.0,1.0,0.027,0.124,1.0,-0.049,0.018,0.076,-1.0,1.0,1.0,0.0,0.0,0.0,0.0,0.0,0.0,0.009,0.054,0.164,-0.12,0.096,0.072,-0.007,0.046,0.101,-0.1,0.091,0.018,0.079,1.0,1.0,0.706,1.0,1.0,-0.534,0.333,0.551
20260304_135106,1772603544.9773831,0.3,0.326,0.482,0.461,0.512,0.41,0.477,0.0,0.0,0.496,0.034,0.0,0.447,0.0,0.003,0.59,0.439,-0.964,0.922,0.0,0.0,0,0.575,0.557,0.644,0.609,-0.235,-0.568,0.615,0.733,high,0.599,0.581,0.0,1.0,0.232,,,,,anxiety,0.58,neutral,1,-0.082,0.192,0.018,-0.189,0.268,0.105,0.18,0.893,1.0,0.338,0.328,0.638,-0.136,0.162,0.388,0.0,0.071,0.036,-0.028,1.0,1.0,0.003,0.25,1.0,0.21,0.321,0.416,-0.748,1.0,1.0,0.003,0.25,1.0,-0.349,0.364,0.681,-0.002,0.086,1.0,0.008,1.0,1.0,0.136,0.167,0.402,0.034,1.0,1.0,0.028,0.127,1.0,-0.049,0.018,0.071,-1.0,1.0,1.0,0.0,0.0,0.0,0.0,0.0,0.0,0.012,0.054,0.149,-0.12,0.096,0.074,-0.005,0.046,0.087,-0.099,0.091,0.008,0.051,1.0,1.0,0.711,1.0,1.0,-0.543,0.335,0.452
20260304_135106,1772603545.0136526,0.3,0.324,0.481,0.468,0.519,0.363,0.48,0.0,0.0,0.49,0.021,0.0,0.288,0.0,0.0,0.637,0.432,-0.959,0.922,0.0,0.0,0,0.572,0.553,0.642,0.607,-0.233,-0.573,0.619,0.664,high,0.608,0.375,0.0,1.0,0.212,,,,,anger,0.531,neutral,1,-0.082,0.192,0.007,-0.187,0.268,0.101,0.202,0.894,1.0,0.343,0.328,0.663,-0.144,0.165,0.569,0.002,0.071,0.048,-0.043,1.0,1.0,0.002,0.25,1.0,0.193,0.322,0.433,-0.764,1.0,1.0,0.002,0.25,1.0,-0.359,0.37,1.0,-0.002,0.086,1.0,0.007,1.0,1.0,0.144,0.169,0.586,0.056,1.0,1.0,0.03,0.13,1.0,-0.05,0.018,0.07,-1.0,1.0,1.0,0.0,0.0,0.0,0.0,0.0,0.0,0.014,0.055,0.139,-0.12,0.096,0.085,-0.004,0.046,0.08,-0.097,0.091,0.004,0.022,1.0,1.0,0.717,1.0,1.0,-0.554,0.337,0.438
20260304_135106,1772603545.0461636,0.3,0.323,0.474,0.452,0.516,0.423,0.482,0.0,0.0,0.485,0.021,0.0,0.281,0.0,0.0,0.577,0.43,-0.96,0.923,0.0,0.0,0,0.57,0.554,0.64,0.606,-0.227,-0.58,0.623,0.668,high,0.588,0.366,0.0,1.0,0.223,au7_eye_squeeze,0.423,3,12,anger,0.557,neutral,1,-0.08,0.191,0.0,-0.177,0.267,0.073,0.226,0.896,1.0,0.346,0.327,0.63,-0.151,0.166,0.329,0.004,0.071,0.058,-0.058,1.0,1.0,0.0,0.25,1.0,0.178,0.323,0.449,-0.777,1.0,1.0,0.0,0.25,1.0,-0.377,0.378,1.0,-0.003,0.086,1.0,0.005,1.0,1.0,0.151,0.169,0.337,0.075,1.0,1.0,0.032,0.133,1.0,-0.051,0.019,0.067,-1.0,1.0,1.0,0.0,0.0,0.0,0.0,0.0,0.0,0.016,0.055,0.127,-0.12,0.096,0.081,-0.003,0.046,0.074,-0.094,0.09,0.0,-0.007,1.0,1.0,0.72,1.0,1.0,-0.562,0.339,0.423
20260304_135106,1772603545.0743115,0.3,0.315,0.464,0.453,0.511,0.407,0.485,0.0,0.0,0.528,0.01,0.0,0.34,0.0,0.0,0.593,0.425,-0.96,0.93,0.0,0.0,0,0.564,0.554,0.637,0.602,-0.227,-0.591,0.633,0.665,high,0.589,0.442,0.0,1.0,0.201,,,,,anxiety,0.503,neutral,1,-0.08,0.192,0.049,-0.173,0.267,0.032,0.249,0.898,1.0,0.348,0.325,0.589,-0.157,0.168,0.388,0.006,0.071,0.069,-0.072,1.0,1.0,-0.001,0.25,1.0,0.162,0.322,0.309,-0.788,1.0,1.0,-0.001,0.25,1.0,-0.381,0.383,0.97,-0.003,0.086,1.0,0.003,1.0,1.0,0.157,0.17,0.395,0.094,1.0,1.0,0.034,0.136,1.0,-0.052,0.019,0.052,-1.0,1.0,1.0,0.0,0.0,0.0,0.0,0.0,0.0,0.018,0.055,0.103,-0.119,0.096,0.079,-0.002,0.046,0.063,-0.091,0.09,0.011,-0.034,1.0,1.0,0.723,1.0,1.0,-0.569,0.34,0.391
20260304_135106,1772603545.1075664,0.3,0.323,0.466,0.433,0.495,0.423,0.487,0.0,0.0,0.585,0.001,0.0,0.642,0.0,0.0,0.577,0.419,-0.959,0.931,0.0,0.0,0,0.562,0.552,0.635,0.599,-0.217,-0.595,0.633,0.825,high,0.562,0.835,0.0,1.0,0.269,,,,,anxiety,0.673,neutral,1,-0.076,0.191,0.009,-0.163,0.266,0.043,0.274,0.899,1.0,0.345,0.322,0.487,-0.167,0.168,0.322,0.008,0.071,0.076,-0.087,1.0,1.0,-0.003,0.25,1.0,0.15,0.321,0.128,-0.796,1.0,1.0,-0.003,0.25,1.0,-0.384,0.383,0.043,-0.003,0.086,1.0,0.002,1.0,1.0,0.167,0.171,0.328,0.112,1.0,1.0,0.035,0.139,1.0,-0.052,0.019,0.048,-1.0,1.0,1.0,0.0,0.0,0.0,0.0,0.0,0.0,0.019,0.055,0.095,-0.118,0.096,0.082,-0.001,0.046,0.055,-0.089,0.09,0.018,-0.059,1.0,1.0,0.713,1.0,1.0,-0.564,0.341,0.383
20260304_135106,1772603545.1448228,0.3,0.337,0.488,0.414,0.478,0.497,0.488,0.0,0.0,0.587,0.0,0.0,0.72,0.0,0.0,0.503,0.411,-0.956,0.935,0.0,0.0,0,0.559,0.553,0.634,0.597,-0.203,-0.598,0.631,0.848,high,0.539,0.936,0.0,1.0,0.274,,,,,anxiety,0.684,neutral,1,-0.072,0.191,0.097,-0.155,0.266,0.144,0.291,0.897,1.0,0.34,0.319,0.386,-0.17,0.168,0.03,0.009,0.071,0.083,-0.102,1.0,1.0,-0.004,0.25,1.0,0.132,0.318,0.128,-0.802,1.0,1.0,-0.004,0.25,1.0,-0.37,0.383,0.199,-0.003,0.086,1.0,0.0,1.0,1.0,0.17,0.171,0.03,0.13,1.0,1.0,0.037,0.143,1.0,-0.051,0.019,0.038,-1.0,1.0,1.0,0.0,0.0,0.0,0.0,0.0,0.0,0.02,0.056,0.084,-0.116,0.096,0.075,0.0,0.046,0.051,-0.087,0.09,0.024,-0.084,1.0,1.0,0.697,1.0,1.0,-0.554,0.342,0.377
20260304_135106,1772603545.1743526,0.3,0.336,0.481,0.406,0.473,0.483,0.488,0.0,0.0,0.671,0.0,0.0,0.779,0.0,0.0,0.517,0.413,-0.958,0.938,0.0,0.0,0,0.56,0.55,0.631,0.593,-0.191,-0.604,0.633,0.865,high,0.528,1.0,0.0,1.0,0.277,au7_eye_squeeze,0.483,2,13,anxiety,0.692,neutral,1,-0.069,0.191,0.09,-0.149,0.266,0.117,0.306,0.893,1.0,0.335,0.316,0.349,-0.174,0.168,0.083,0.01,0.072,0.081,-0.117,1.0,1.0,-0.006,0.25,1.0,0.119,0.315,0.133,-0.808,1.0,1.0,-0.006,0.25,1.0,-0.355,0.383,0.38,-0.003,0.086,1.0,-0.002,1.0,1.0,0.174,0.17,0.085,0.148,1.0,1.0,0.039,0.146,1.0,-0.05,0.018,0.032,-1.0,1.0,1.0,0.0,0.0,0.0,0.0,0.0,0.0,0.021,0.056,0.085,-0.115,0.096,0.083,0.001,0.046,0.04,-0.086,0.09,0.035,-0.107,1.0,1.0,0.683,1.0,1.0,-0.545,0.342,0.363
20260304_135106,1772603545.2337298,0.3,0.345,0.486,0.4,0.461,0.494,0.492,0.0,0.0,0.645,0.0,0.0,0.778,0.0,0.0,0.506,0.4,-0.958,0.942,0.0,0.0,0,0.556,0.552,0.629,0.591,-0.182,-0.626,0.652,0.863,high,0.52,1.0,0.0,1.0,0.276,au7_eye_squeeze,0.494,3,12,anxiety,0.691,neutral,1,-0.063,0.19,0.149,-0.137,0.265,0.145,0.321,0.889,1.0,0.326,0.31,0.272,-0.178,0.167,0.043,0.012,0.072,0.097,-0.132,1.0,1.0,-0.007,0.25,1.0,0.104,0.312,0.041,-0.807,1.0,1.0,-0.007,0.25,1.0,-0.331,0.382,0.379,-0.003,0.086,1.0,-0.003,1.0,1.0,0.178,0.17,0.044,0.163,1.0,1.0,0.04,0.148,1.0,-0.049,0.018,0.022,-1.0,1.0,1.0,0.0,0.0,0.0,0.0,0.0,0.0,0.022,0.056,0.067,-0.113,0.095,0.076,0.002,0.046,0.032,-0.084,0.09,0.042,-0.127,1.0,1.0,0.66,1.0,1.0,-0.529,0.342,0.303
20260304_135106,1772603545.2830343,0.3,0.332,0.466,0.34,0.46,0.538,0.494,0.002,0.0,0.664,0.0,0.0,0.749,0.0,0.0,0.462,0.38,-0.963,0.945,0.0,0.0,0,0.55,0.55,0.625,0.587,-0.153,-0.608,0.626,0.838,high,0.442,0.974,0.0,1.0,0.278,au7_eye_squeeze,0.538,4,11,anxiety,0.694,neutral,1,-0.058,0.19,0.068,-0.127,0.264,0.058,0.332,0.884,1.0,0.314,0.304,0.251,-0.18,0.167,0.129,0.013,0.072,0.103,-0.147,1.0,1.0,-0.009,0.25,1.0,0.088,0.307,0.094,-0.802,1.0,1.0,-0.009,0.25,1.0,-0.301,0.381,0.3,-0.003,0.086,1.0,-0.005,1.0,1.0,0.18,0.17,0.132,0.176,1.0,1.0,0.041,0.15,1.0,-0.047,0.018,0.015,-1.0,1.0,1.0,0.0,0.0,0.0,0.0,0.0,0.0,0.022,0.056,0.044,-0.11,0.095,0.079,0.003,0.046,0.02,-0.082,0.09,0.053,-0.146,1.0,1.0,0.635,1.0,1.0,-0.511,0.341,0.357
20260304_135106,1772603545.3158748,0.3,0.327,0.452,0.353,0.464,0.529,0.495,0.002,0.015,0.623,0.0,0.015,0.782,0.0,0.0,0.471,0.388,-0.965,0.944,0.0,0.0,0,0.549,0.549,0.625,0.587,-0.163,-0.607,0.628,0.942,high,0.459,1.0,0.0,1.0,0.278,au7_eye_squeeze,0.529,5,10,anxiety,0.694,neutral,1,-0.052,0.189,0.044,-0.115,0.263,0.004,0.342,0.879,1.0,0.299,0.294,0.251,-0.18,0.167,0.094,0.013,0.072,0.104,-0.161,1.0,1.0,-0.009,1.0,0.94,0.066,0.302,0.046,-0.791,1.0,1.0,-0.009,1.0,0.94,-0.282,0.381,0.4,-0.003,0.086,1.0,-0.007,1.0,1.0,0.18,0.171,0.096,0.188,1.0,1.0,0.042,0.151,1.0,-0.046,0.018,0.016,-1.0,1.0,1.0,0.0,0.0,0.0,0.0,0.0,0.0,0.023,0.056,0.039,-0.108,0.095,0.079,0.003,0.046,0.02,-0.08,0.089,0.049,-0.163,1.0,1.0,0.602,1.0,1.0,-0.485,0.338,0.337
20260304_135106,1772603545.3559132,0.3,0.325,0.459,0.323,0.461,0.559,0.497,0.021,0.0,0.65,0.0,0.0,0.175,0.0,0.0,0.441,0.371,-0.966,0.944,0.0,0.0,0,0.54,0.547,0.62,0.583,-0.151,-0.611,0.63,0.755,high,0.42,0.228,0.0,1.0,0.293,au7_eye_squeeze,0.559,6,9,anger,0.732,neutral,1,-0.048,0.188,0.036,-0.106,0.262,0.042,0.351,0.875,1.0,0.284,0.285,0.221,-0.177,0.167,0.21,0.014,0.072,0.111,-0.175,1.0,1.0,-0.011,1.0,1.0,0.046,0.297,0.028,-0.777,1.0,1.0,-0.011,1.0,1.0,-0.292,0.39,1.0,-0.004,0.086,1.0,-0.008,1.0,1.0,0.177,0.171,0.215,0.199,1.0,1.0,0.042,0.152,1.0,-0.044,0.017,0.015,-1.0,1.0,1.0,0.0,0.0,0.0,0.0,0.0,0.0,0.022,0.056,0.007,-0.104,0.094,0.085,0.004,0.046,0.004,-0.077,0.089,0.061,-0.18,1.0,1.0,0.571,1.0,1.0,-0.46,0.335,0.32
20260304_135106,1772603545.3889437,0.3,0.299,0.423,0.216,0.469,0.577,0.5,0.069,0.035,0.599,0.0,0.035,0.0,0.0,0.0,0.423,0.311,-0.983,0.948,0.0,0.0,0,0.527,0.544,0.611,0.577,-0.069,-0.598,0.602,0.77,high,0.281,0.0,0.0,1.0,0.4,au7_eye_squeeze,0.577,6,9,anxiety,1.0,neutral,1,-0.045,0.188,0.127,-0.098,0.261,0.111,0.353,0.874,0.246,0.271,0.277,0.242,-0.174,0.167,0.278,0.015,0.072,0.122,-0.185,1.0,0.653,-0.01,1.0,1.0,0.023,0.293,0.139,-0.758,1.0,1.0,-0.01,1.0,1.0,-0.335,0.409,1.0,-0.004,0.086,1.0,-0.01,1.0,1.0,0.174,0.172,0.286,0.205,1.0,0.919,0.042,0.151,1.0,-0.042,0.017,0.005,-1.0,1.0,1.0,0.0,0.0,0.0,0.0,0.0,0.0,0.021,0.056,0.043,-0.101,0.093,0.09,0.003,0.046,0.025,-0.075,0.089,0.078,-0.192,1.0,1.0,0.541,1.0,1.0,-0.438,0.333,0.38
20260304_135106,1772603545.4086292,0.3,0.292,0.404,0.145,0.467,0.554,0.5,0.081,0.089,0.707,0.0,0.089,0.0,0.0,0.079,0.446,0.277,-0.989,0.948,0.0,0.0,0,0.519,0.541,0.605,0.573,-0.021,-0.591,0.591,0.747,high,0.189,0.0,0.0,1.0,0.4,au7_eye_squeeze,0.554,5,10,anxiety,1.0,neutral,1,-0.041,0.187,0.162,-0.089,0.26,0.187,0.349,0.876,0.494,0.258,0.27,0.215,-0.173,0.167,0.18,0.017,0.072,0.119,-0.194,1.0,0.431,-0.005,1.0,1.0,0.009,0.289,0.188,-0.737,1.0,1.0,-0.005,1.0,1.0,-0.378,0.427,1.0,-0.004,0.086,1.0,-0.006,1.0,1.0,0.173,0.173,0.186,0.208,1.0,0.583,0.04,0.151,1.0,-0.041,0.017,0.005,-0.975,1.0,1.0,0.0,0.0,0.0,0.0,0.0,0.0,0.019,0.056,0.071,-0.097,0.093,0.096,0.002,0.047,0.042,-0.072,0.088,0.087,-0.198,1.0,1.0,0.513,1.0,1.0,-0.418,0.331,0.395
20260304_135106,1772603545.4513922,0.3,0.289,0.391,0.044,0.462,0.552,0.499,0.102,0.052,0.814,0.0,0.052,0.624,0.0,0.06,0.448,0.238,-0.994,0.95,0.0,0.0,0,0.513,0.539,0.602,0.57,0.041,-0.585,0.586,0.789,high,0.058,0.811,0.0,1.0,0.272,au7_eye_squeeze,0.552,6,9,anxiety,0.679,neutral,1,-0.035,0.184,0.171,-0.078,0.257,0.238,0.339,0.888,1.0,0.239,0.258,0.175,-0.171,0.167,0.169,0.017,0.072,0.113,-0.202,1.0,0.039,-0.003,1.0,1.0,0.004,0.286,0.507,-0.711,1.0,1.0,-0.003,1.0,1.0,-0.356,0.426,0.004,-0.004,0.086,1.0,-0.003,1.0,1.0,0.171,0.173,0.175,0.207,0.999,0.206,0.039,0.151,1.0,-0.039,0.017,0.001,-0.926,1.0,1.0,0.0,0.0,0.0,0.0,0.0,0.0,0.016,0.056,0.093,-0.094,0.092,0.099,0.001,0.047,0.055,-0.069,0.088,0.096,-0.2,1.0,0.082,0.473,1.0,1.0,-0.386,0.325,0.391
20260304_135106,1772603545.4815779,0.3,0.265,0.352,0.0,0.465,0.598,0.499,0.134,0.018,0.884,0.0,0.018,0.415,0.0,0.013,0.402,0.214,-0.996,0.956,0.0,0.0,0,0.507,0.538,0.597,0.566,0.087,-0.548,0.555,0.636,high,0.0,0.539,0.0,1.0,0.202,au7_eye_squeeze,0.598,5,10,anxiety,0.504,neutral,1,-0.031,0.182,0.315,-0.068,0.255,0.399,0.324,0.904,1.0,0.224,0.249,0.17,-0.166,0.167,0.348,0.018,0.072,0.111,-0.207,1.0,0.565,-0.003,1.0,0.983,0.006,0.284,0.705,-0.685,1.0,1.0,-0.003,1.0,0.983,-0.355,0.429,0.667,-0.004,0.086,1.0,-0.004,1.0,0.097,0.166,0.174,0.362,0.203,0.997,0.028,0.037,0.151,1.0,-0.037,0.017,0.012,-0.876,1.0,1.0,0.0,0.0,0.0,0.0,0.0,0.0,0.014,0.056,0.116,-0.09,0.091,0.098,-0.0,0.047,0.07,-0.065,0.087,0.106,-0.197,1.0,1.0,0.443,1.0,1.0,-0.364,0.322,0.462
20260304_135106,1772603545.50635,0.3,0.242,0.321,0.0,0.461,0.581,0.498,0.148,0.042,0.957,0.0,0.042,0.0,0.0,0.102,0.419,0.188,-0.999,0.959,0.0,0.0,0,0.501,0.536,0.589,0.559,0.118,-0.545,0.557,0.3,medium,0.0,0.0,0.0,1.0,0.0,au7_eye_squeeze,0.581,3,12,disgust,1.0,neutral,1,-0.027,0.181,0.454,-0.061,0.253,0.529,0.312,0.922,1.0,0.207,0.239,0.135,-0.161,0.168,0.275,0.019,0.072,0.105,-0.212,1.0,0.777,-0.002,1.0,1.0,0.012,0.283,0.905,-0.656,1.0,1.0,-0.002,1.0,1.0,-0.393,0.447,1.0,-0.004,0.086,1.0,0.002,1.0,1.0,0.161,0.175,0.287,0.198,0.996,0.27,0.035,0.151,1.0,-0.036,0.016,0.019,-0.824,1.0,1.0,0.0,0.0,0.0,0.0,0.0,0.0,0.01,0.057,0.136,-0.086,0.09,0.102,-0.002,0.047,0.092,-0.061,0.086,0.122,-0.193,1.0,1.0,0.411,1.0,1.0,-0.339,0.318,0.44
20260304_135106,1772603545.5408866,0.3,0.226,0.279,0.0,0.482,0.528,0.498,0.175,0.0,1.0,0.0,0.0,0.832,0.0,0.0,0.472,0.181,-0.999,0.964,0.0,0.0,0,0.496,0.537,0.584,0.555,0.14,-0.518,0.537,0.845,high,0.0,1.0,0.0,1.0,0.295,,,,,anxiety,0.738,neutral,1,-0.025,0.18,0.543,-0.054,0.251,0.711,0.303,0.941,1.0,0.191,0.229,0.215,-0.161,0.168,0.065,0.02,0.073,0.105,-0.215,1.0,1.0,-0.004,1.0,1.0,0.019,0.283,1.0,-0.623,1.0,1.0,-0.004,1.0,1.0,-0.37,0.448,0.723,-0.004,0.086,1.0,-0.001,1.0,1.0,0.161,0.176,0.068,0.193,0.997,0.328,0.033,0.152,1.0,-0.033,0.016,0.03,-0.77,1.0,1.0,0.0,0.0,0.0,0.0,0.0,0.0,0.007,0.058,0.155,-0.081,0.089,0.094,-0.005,0.047,0.108,-0.058,0.085,0.131,-0.19,1.0,1.0,0.379,1.0,1.0,-0.315,0.313,0.483
20260304_135106,1772603545.5668516,0.3,0.214,0.257,0.0,0.489,0.534,0.499,0.191,0.0,1.0,0.0,0.0,0.933,0.0,0.171,0.466,0.135,-1.0,0.968,0.0,0.0,0,0.492,0.536,0.58,0.55,0.225,-0.481,0.531,0.848,high,0.0,1.0,0.0,1.0,0.298,,,,,anxiety,0.744,neutral,1,-0.023,0.18,0.613,-0.05,0.251,0.802,0.293,0.959,1.0,0.177,0.22,0.231,-0.162,0.167,0.084,0.02,0.073,0.106,-0.217,1.0,1.0,-0.006,1.0,1.0,0.026,0.283,0.981,-0.588,1.0,1.0,-0.006,1.0,1.0,-0.326,0.448,1.0,-0.005,0.086,1.0,0.01,1.0,1.0,0.162,0.176,0.089,0.185,1.0,0.751,0.032,0.152,1.0,-0.03,0.016,0.039,-0.715,1.0,1.0,0.0,0.0,0.0,0.0,0.0,0.0,0.003,0.058,0.169,-0.076,0.087,0.093,-0.007,0.048,0.12,-0.054,0.084,0.145,-0.18,1.0,1.0,0.354,1.0,1.0,-0.294,0.31,0.483
20260304_135106,1772603545.6036015,0.5,0.192,0.209,0.0,0.488,0.52,0.494,0.203,0.0,1.0,0.0,0.0,0.742,0.0,0.137,0.48,0.073,-0.999,0.983,0.0,0.0,0,0.487,0.537,0.572,0.54,0.294,-0.491,0.572,0.821,high,0.0,0.965,0.0,1.0,0.28,,,,,anxiety,0.7,neutral,1,-0.025,0.183,0.748,-0.053,0.256,1.0,0.28,0.976,1.0,0.168,0.215,0.214,-0.163,0.167,0.027,0.021,0.073,0.082,-0.218,1.0,1.0,-0.007,1.0,1.0,0.032,0.282,0.953,-0.554,1.0,1.0,-0.007,1.0,1.0,-0.292,0.447,0.432,-0.005,0.086,1.0,0.018,1.0,1.0,0.163,0.176,0.029,0.172,1.0,1.0,0.03,0.153,1.0,-0.027,0.017,0.071,-0.659,1.0,1.0,0.0,0.0,0.0,0.0,0.0,0.0,-0.001,0.059,0.186,-0.07,0.086,0.084,-0.011,0.048,0.146,-0.05,0.083,0.174,-0.165,1.0,1.0,0.333,1.0,1.0,-0.276,0.308,0.351
20260304_135106,1772603545.6451006,0.8,0.175,0.183,0.0,0.492,0.507,0.491,0.215,0.0,1.0,0.0,0.0,0.169,0.0,0.138,0.493,-0.003,-0.998,0.993,0.0,0.0,0,0.482,0.538,0.565,0.54,0.423,-0.468,0.631,0.355,medium,0.0,0.22,0.0,1.0,0.0,,,,,disgust,1.0,neutral,1,-0.028,0.187,0.847,-0.057,0.261,1.0,0.268,0.994,1.0,0.152,0.205,0.216,-0.163,0.167,0.023,0.021,0.073,0.07,-0.219,1.0,1.0,-0.009,1.0,1.0,0.038,0.281,0.926,-0.516,1.0,1.0,-0.009,1.0,1.0,-0.31,0.457,1.0,-0.005,0.086,1.0,0.025,1.0,1.0,0.163,0.176,0.025,0.151,1.0,1.0,0.028,0.153,1.0,-0.022,0.017,0.09,-0.6,1.0,1.0,0.0,0.0,0.0,0.0,0.0,0.0,-0.005,0.06,0.2,-0.065,0.084,0.075,-0.014,0.049,0.166,-0.047,0.082,0.169,-0.138,1.0,1.0,0.302,1.0,1.0,-0.241,0.3,0.164
20260304_135106,1772603545.681018,0.3,0.175,0.169,0.0,0.5,0.457,0.479,0.22,0.0,1.0,0.0,0.0,0.01,0.0,0.1,0.543,-0.129,-0.997,0.996,0.0,0.0,0,0.478,0.539,0.56,0.539,0.606,-0.457,0.759,0.449,medium,0.0,0.013,0.0,1.0,0.146,,,,,disgust,0.636,neutral,1,-0.032,0.192,0.841,-0.066,0.269,1.0,0.253,1.0,1.0,0.139,0.196,0.235,-0.167,0.168,0.217,0.019,0.072,0.017,-0.22,1.0,1.0,-0.011,1.0,1.0,0.046,0.281,0.902,-0.476,1.0,1.0,-0.011,1.0,1.0,-0.329,0.473,1.0,-0.005,0.086,1.0,0.03,1.0,1.0,0.167,0.176,0.228,0.123,1.0,1.0,0.026,0.152,1.0,-0.017,0.018,0.097,-0.54,1.0,1.0,0.0,0.0,0.0,0.0,0.0,0.0,-0.01,0.061,0.215,-0.058,0.082,0.068,-0.019,0.05,0.182,-0.044,0.081,0.166,-0.101,1.0,1.0,0.272,1.0,1.0,-0.198,0.292,0.229
20260304_135106,1772603545.7114203,0.3,0.163,0.145,0.0,0.498,0.45,0.482,0.231,0.0,1.0,0.0,0.0,0.604,0.0,0.117,0.55,-0.216,-0.995,0.99,0.0,0.0,0,0.474,0.541,0.553,0.534,0.755,-0.441,0.874,0.774,high,0.0,0.786,0.0,1.0,0.277,,,,,anxiety,0.693,neutral,1,-0.036,0.197,0.912,-0.074,0.278,1.0,0.239,1.0,1.0,0.122,0.184,0.21,-0.171,0.168,0.242,0.018,0.072,0.028,-0.221,1.0,1.0,-0.011,1.0,1.0,0.047,0.279,0.874,-0.429,1.0,1.0,-0.011,1.0,1.0,-0.313,0.473,0.04,-0.005,0.086,1.0,0.035,1.0,1.0,0.171,0.176,0.253,0.087,1.0,1.0,0.024,0.152,1.0,-0.013,0.018,0.084,-0.478,1.0,1.0,0.0,0.0,0.0,0.0,0.0,0.0,-0.015,0.062,0.227,-0.051,0.079,0.057,-0.023,0.051,0.201,-0.041,0.08,0.179,-0.053,1.0,1.0,0.238,1.0,1.0,-0.142,0.282,0.589
20260304_135106,1772603545.7437642,0.3,0.177,0.162,0.0,0.495,0.437,0.464,0.228,0.0,1.0,0.0,0.0,0.75,0.0,0.039,0.563,-0.216,-0.995,0.992,0.0,0.0,0,0.474,0.54,0.552,0.534,0.75,-0.469,0.885,0.841,high,0.0,0.975,0.0,1.0,0.297,,,,,anxiety,0.743,neutral,1,-0.04,0.202,0.811,-0.081,0.286,1.0,0.226,1.0,1.0,0.106,0.173,0.178,-0.175,0.169,0.291,0.015,0.072,0.051,-0.222,1.0,1.0,-0.013,1.0,1.0,0.055,0.279,0.851,-0.38,1.0,1.0,-0.013,1.0,1.0,-0.298,0.473,0.535,-0.005,0.086,1.0,0.035,1.0,1.0,0.175,0.176,0.304,0.052,1.0,1.0,0.022,0.152,1.0,-0.008,0.019,0.088,-0.415,1.0,1.0,0.0,0.0,0.0,0.0,0.0,0.0,-0.02,0.063,0.225,-0.043,0.076,0.052,-0.027,0.053,0.204,-0.036,0.078,0.172,-0.006,1.0,1.0,0.205,1.0,1.0,-0.087,0.273,0.634
20260304_135106,1772603545.7762804,0.3,0.185,0.161,0.0,0.493,0.381,0.321,0.212,0.0,1.0,0.0,0.0,0.345,0.0,0.0,0.619,-0.5,-0.992,0.987,0.0,0.0,0,0.47,0.545,0.544,0.536,1.039,-0.467,1.139,0.656,high,0.0,0.448,0.0,1.0,0.244,,,,,anxiety,0.61,neutral,1,-0.041,0.205,0.747,-0.088,0.293,1.0,0.212,1.0,1.0,0.091,0.162,0.156,-0.183,0.172,0.505,0.001,0.079,0.65,-0.225,1.0,1.0,-0.007,1.0,1.0,0.065,0.28,0.831,-0.329,1.0,1.0,-0.007,1.0,1.0,-0.36,0.46,0.851,-0.005,0.086,1.0,0.032,1.0,1.0,0.183,0.178,0.526,-0.004,1.0,1.0,0.02,0.151,1.0,-0.004,0.019,0.076,-0.35,1.0,1.0,0.0,0.0,0.0,0.0,0.0,0.0,-0.026,0.065,0.241,-0.035,0.072,0.03,-0.032,0.054,0.227,-0.031,0.075,0.16,0.062,1.0,1.0,0.175,1.0,1.0,-0.019,0.273,1.0
20260304_135106,1772603545.8060465,0.3,0.184,0.162,0.0,0.486,0.346,0.251,0.2,0.0,1.0,0.0,0.0,0.71,0.0,0.0,0.654,-0.591,-0.99,0.989,0.0,0.0,0,0.468,0.547,0.542,0.538,1.156,-0.474,1.249,0.855,high,0.0,0.922,0.0,1.0,0.324,,,,,anxiety,0.81,neutral,1,-0.046,0.209,0.742,-0.096,0.301,1.0,0.198,1.0,1.0,0.076,0.152,0.111,-0.194,0.176,0.638,-0.017,0.094,0.942,-0.229,1.0,1.0,-0.006,1.0,1.0,0.07,0.279,0.809,-0.275,1.0,1.0,-0.006,1.0,1.0,-0.337,0.46,0.384,-0.005,0.086,1.0,0.028,1.0,1.0,0.194,0.18,0.659,-0.065,1.0,1.0,0.019,0.15,1.0,0.001,0.019,0.08,-0.283,1.0,1.0,0.0,0.0,0.0,0.0,0.0,0.0,-0.032,0.066,0.243,-0.025,0.068,0.017,-0.038,0.055,0.232,-0.025,0.073,0.147,0.134,1.0,1.0,0.144,1.0,1.0,0.057,0.279,1.0
20260304_135106,1772603545.8362246,0.3,0.188,0.154,0.0,0.489,0.325,0.0,0.193,0.0,1.0,0.0,0.0,0.421,0.0,0.0,0.675,-0.947,-0.989,0.986,0.0,0.0,0,0.469,0.548,0.541,0.538,1.635,-0.471,1.701,0.837,high,0.0,0.547,0.0,1.0,0.4,,,,,anxiety,1.0,neutral,1,-0.046,0.211,0.709,-0.102,0.308,1.0,0.182,1.0,1.0,0.058,0.139,0.108,-0.207,0.181,0.718,-0.054,0.142,1.0,-0.233,1.0,0.996,-0.003,1.0,1.0,0.072,0.277,0.785,-0.214,1.0,1.0,-0.003,1.0,1.0,-0.34,0.463,0.586,-0.006,0.086,1.0,0.025,1.0,1.0,0.207,0.184,0.737,-0.152,1.0,1.0,0.017,0.15,1.0,0.005,0.019,0.073,-0.215,1.0,1.0,0.0,0.0,0.0,0.0,0.0,0.0,-0.037,0.067,0.241,-0.016,0.063,0.007,-0.043,0.057,0.232,-0.019,0.07,0.144,0.241,1.0,1.0,0.106,1.0,1.0,0.172,0.308,1.0
20260304_135106,1772603545.8694606,0.3,0.199,0.166,0.0,0.485,0.325,0.092,0.181,0.0,1.0,0.0,0.0,0.34,0.0,0.0,0.675,-0.779,-0.991,0.991,0.0,0.0,0,0.469,0.551,0.543,0.541,1.394,-0.471,1.472,0.714,high,0.0,0.443,0.0,1.0,0.4,,,,,anxiety,1.0,neutral,1,-0.046,0.212,0.618,-0.102,0.312,1.0,0.174,1.0,1.0,0.042,0.127,0.081,-0.215,0.185,0.71,-0.083,0.166,1.0,-0.239,1.0,0.764,-0.001,0.239,1.0,0.076,0.276,0.763,-0.145,1.0,1.0,-0.001,0.239,1.0,-0.355,0.468,0.851,-0.006,0.086,1.0,0.022,1.0,1.0,0.215,0.186,0.72,-0.225,1.0,1.0,0.016,0.149,1.0,0.008,0.02,0.082,-0.145,1.0,1.0,0.0,0.0,0.0,0.0,0.0,0.0,-0.042,0.068,0.237,-0.004,0.057,0.007,-0.047,0.058,0.223,-0.011,0.065,0.125,0.33,1.0,1.0,0.069,1.0,1.0,0.267,0.321,1.0
20260304_135106,1772603545.9041023,0.3,0.198,0.18,0.0,0.488,0.326,0.138,0.18,0.0,1.0,0.0,0.0,0.284,0.0,0.0,0.674,-0.714,-0.992,0.994,0.0,0.0,0,0.471,0.551,0.543,0.544,1.241,-0.477,1.329,0.696,high,0.0,0.369,0.0,1.0,0.4,,,,,anxiety,1.0,neutral,1,-0.04,0.208,0.614,-0.094,0.31,1.0,0.166,1.0,1.0,0.025,0.114,0.078,-0.221,0.189,0.699,-0.109,0.183,1.0,-0.246,1.0,0.703,-0.002,0.239,1.0,0.068,0.27,0.736,-0.075,1.0,1.0,-0.002,0.239,1.0,-0.383,0.473,1.0,-0.006,0.086,1.0,0.019,1.0,1.0,0.221,0.188,0.701,-0.291,1.0,1.0,0.014,0.149,1.0,0.012,0.02,0.088,-0.073,1.0,1.0,0.0,0.0,0.0,0.0,0.0,0.0,-0.047,0.07,0.228,0.008,0.047,0.014,-0.052,0.059,0.221,0.0,0.057,0.106,0.405,1.0,1.0,0.032,1.0,1.0,0.35,0.327,1.0
20260304_135106,1772603545.934199,0.3,0.209,0.184,0.0,0.476,0.324,0.252,0.172,0.0,1.0,0.0,0.0,0.423,0.0,0.0,0.676,-0.583,-0.992,0.993,0.0,0.0,0,0.471,0.553,0.545,0.546,1.115,-0.48,1.214,0.619,high,0.0,0.55,0.0,0.94,0.287,,,,,anxiety,0.717,neutral,1,-0.028,0.194,0.521,-0.081,0.302,1.0,0.159,1.0,1.0,0.008,0.101,0.016,-0.226,0.192,0.696,-0.124,0.19,0.907,-0.253,1.0,0.543,-0.003,0.239,1.0,0.055,0.263,0.706,-0.002,0.177,1.0,-0.003,0.239,1.0,-0.416,0.47,0.566,-0.006,0.086,1.0,0.016,1.0,1.0,0.226,0.189,0.689,-0.343,1.0,1.0,0.013,0.149,1.0,0.014,0.021,0.085,0.0,0.0,0.0,0.0,0.0,0.0,0.0,0.0,0.0,-0.051,0.071,0.225,0.023,0.029,0.029,-0.056,0.06,0.21,0.013,0.044,0.09,0.467,1.0,1.0,-0.006,1.0,1.0,0.423,0.329,1.0
20260304_135106,1772603545.9588008,0.3,0.202,0.176,0.0,0.48,0.346,0.187,0.171,0.0,1.0,0.0,0.0,0.451,0.0,0.0,0.654,-0.656,-0.992,0.995,0.0,0.0,0,0.473,0.553,0.544,0.545,1.161,-0.483,1.257,0.75,high,0.0,0.587,0.0,1.0,0.4,,,,,anxiety,1.0,neutral,1,-0.046,0.187,0.573,-0.116,0.297,1.0,0.136,1.0,1.0,0.019,0.097,0.037,-0.226,0.193,0.6,-0.142,0.201,1.0,-0.229,1.0,0.58,-0.005,0.239,1.0,0.089,0.263,0.705,-0.003,0.177,1.0,-0.005,0.239,1.0,-0.47,0.454,0.484,0.0,0.0,0.0,0.043,1.0,1.0,0.226,0.188,0.586,-0.387,1.0,1.0,0.011,0.148,1.0,0.02,0.021,0.09,0.0,0.0,0.0,0.0,0.0,0.0,0.0,0.0,0.0,-0.055,0.072,0.215,0.024,0.029,0.03,-0.061,0.061,0.214,0.01,0.045,0.094,0.526,1.0,1.0,0.019,0.964,1.0,0.436,0.329,1.0
20260304_135106,1772603545.995121,0.3,0.204,0.18,0.0,0.485,0.344,0.128,0.175,0.0,1.0,0.0,0.0,0.155,0.0,0.0,0.656,-0.729,-0.992,0.994,0.0,0.0,0,0.475,0.554,0.546,0.545,1.258,-0.47,1.343,0.654,high,0.0,0.201,0.0,1.0,0.4,,,,,anxiety,1.0,neutral,1,-0.058,0.186,0.559,-0.145,0.298,1.0,0.112,1.0,1.0,0.022,0.097,0.06,-0.231,0.196,0.6,-0.165,0.217,1.0,-0.199,1.0,0.724,-0.006,0.239,1.0,0.128,0.263,0.705,-0.005,0.177,1.0,-0.006,0.239,1.0,-0.485,0.465,1.0,0.0,0.0,0.0,0.041,1.0,1.0,0.231,0.188,0.579,-0.438,1.0,1.0,0.01,0.147,1.0,0.026,0.021,0.087,0.0,0.0,0.0,0.0,0.0,0.0,0.0,0.0,0.0,-0.06,0.073,0.208,0.023,0.028,0.033,-0.066,0.062,0.206,0.004,0.044,0.096,0.595,1.0,1.0,0.038,0.955,1.0,0.461,0.335,1.0
20260304_135106,1772603546.0221198,0.3,0.199,0.172,0.0,0.467,0.356,0.169,0.168,0.0,1.0,0.0,0.0,0.526,0.0,0.0,0.644,-0.681,-0.99,0.992,0.0,0.0,0,0.474,0.553,0.545,0.542,1.22,-0.489,1.314,0.775,high,0.0,0.684,0.0,1.0,0.4,,,,,anxiety,1.0,neutral,1,-0.072,0.185,0.598,-0.174,0.298,1.0,0.088,1.0,1.0,0.026,0.096,0.014,-0.226,0.195,0.54,-0.183,0.228,1.0,-0.168,1.0,0.685,-0.008,0.239,1.0,0.166,0.263,0.705,-0.006,0.177,1.0,-0.008,0.239,1.0,-0.483,0.466,0.201,0.0,0.0,0.0,0.038,1.0,1.0,0.226,0.185,0.514,-0.484,1.0,1.0,0.008,0.147,1.0,0.032,0.021,0.084,0.0,0.0,0.0,0.0,0.0,0.0,0.0,0.0,0.0,-0.064,0.073,0.206,0.021,0.028,0.027,-0.071,0.063,0.206,-0.003,0.043,0.106,0.657,1.0,1.0,0.055,0.942,1.0,0.482,0.339,1.0
20260304_135106,1772603546.0567563,0.3,0.203,0.179,0.0,0.484,0.323,0.094,0.174,0.0,1.0,0.0,0.0,0.42,0.0,0.0,0.677,-0.783,-0.992,0.991,0.0,0.0,0,0.475,0.553,0.546,0.543,1.381,-0.466,1.458,0.74,high,0.0,0.545,0.0,1.0,0.4,,,,,anxiety,1.0,neutral,1,-0.083,0.185,0.571,-0.2,0.301,1.0,0.065,1.0,1.0,0.033,0.095,0.063,-0.226,0.196,0.666,-0.205,0.245,1.0,-0.137,1.0,0.864,-0.009,0.239,1.0,0.202,0.264,0.704,-0.007,0.177,1.0,-0.009,0.239,1.0,-0.476,0.468,0.557,0.0,0.0,0.0,0.043,1.0,1.0,0.226,0.183,0.625,-0.535,1.0,1.0,0.006,0.146,1.0,0.037,0.021,0.08,0.0,0.0,0.0,0.0,0.0,0.0,0.0,0.0,0.0,-0.067,0.074,0.203,0.019,0.027,0.027,-0.075,0.064,0.202,-0.009,0.042,0.104,0.727,1.0,1.0,0.074,0.931,1.0,0.512,0.346,1.0
20260304_135106,1772603546.0904582,0.3,0.198,0.174,0.0,0.498,0.312,0.0,0.183,0.0,1.0,0.0,0.0,0.414,0.018,0.0,0.688,-0.938,-0.995,0.99,0.0,0.0,0,0.474,0.554,0.546,0.545,1.641,-0.443,1.7,0.726,high,0.0,0.538,0.0,0.92,0.4,,,,,anxiety,1.0,neutral,1,-0.094,0.186,0.605,-0.223,0.305,1.0,0.041,1.0,1.0,0.04,0.094,0.128,-0.221,0.195,0.7,-0.234,0.269,1.0,-0.106,1.0,1.0,-0.011,0.239,1.0,0.234,0.265,0.7,-0.008,0.177,1.0,-0.011,0.239,1.0,-0.504,0.467,0.579,0.001,0.019,0.177,0.041,1.0,1.0,0.221,0.179,0.646,-0.597,1.0,1.0,0.005,0.146,1.0,0.041,0.021,0.079,0.0,0.0,0.0,0.0,0.0,0.0,0.0,0.0,0.0,-0.07,0.075,0.201,0.017,0.026,0.029,-0.078,0.065,0.197,-0.014,0.042,0.099,0.816,1.0,1.0,0.095,0.923,1.0,0.558,0.363,1.0
20260304_135106,1772603546.1258974,0.3,0.2,0.168,0.0,0.489,0.287,0.0,0.183,0.0,1.0,0.0,0.0,0.354,0.0,0.0,0.713,-1.208,-0.993,0.987,0.0,0.0,0,0.474,0.555,0.545,0.541,1.993,-0.448,2.043,0.707,high,0.0,0.46,0.0,0.919,0.4,,,,,anxiety,1.0,neutral,1,-0.103,0.189,0.585,-0.243,0.312,1.0,0.018,1.0,1.0,0.048,0.092,0.091,-0.221,0.197,0.795,-0.261,0.292,1.0,-0.076,1.0,1.0,-0.012,0.239,1.0,0.265,0.266,0.696,-0.009,0.177,1.0,-0.012,0.239,1.0,-0.499,0.471,0.774,0.001,0.019,0.011,0.042,1.0,1.0,0.221,0.177,0.722,-0.676,1.0,1.0,0.003,0.146,1.0,0.043,0.022,0.07,0.0,0.0,0.0,0.0,0.0,0.0,0.0,0.0,0.0,-0.072,0.076,0.2,0.015,0.025,0.031,-0.081,0.066,0.197,-0.019,0.042,0.111,0.928,1.0,1.0,0.115,0.916,1.0,0.628,0.394,1.0
20260304_135106,1772603546.167918,0.3,0.179,0.148,0.0,0.508,0.328,0.0,0.2,0.0,1.0,0.0,0.0,0.538,0.0,0.0,0.672,-1.306,-0.994,0.985,0.0,0.0,0,0.474,0.556,0.545,0.542,2.174,-0.434,2.216,0.758,high,0.0,0.7,0.0,0.86,0.4,,,,,anxiety,1.0,neutral,1,-0.113,0.193,0.733,-0.263,0.319,1.0,-0.006,1.0,1.0,0.056,0.091,0.173,-0.219,0.197,0.61,-0.288,0.314,1.0,-0.045,1.0,1.0,-0.013,0.239,1.0,0.295,0.267,0.692,-0.01,0.177,1.0,-0.013,0.239,1.0,-0.475,0.47,0.114,0.001,0.019,1.0,0.046,1.0,1.0,0.219,0.175,0.545,-0.76,1.0,1.0,0.002,0.146,1.0,0.046,0.022,0.065,0.0,0.0,0.0,0.0,0.0,0.0,0.0,0.0,0.0,-0.075,0.076,0.199,0.013,0.024,0.03,-0.083,0.067,0.196,-0.024,0.041,0.109,1.0,1.0,1.0,0.135,0.914,1.0,0.709,0.427,1.0
20260304_135106,1772603546.2157972,0.3,0.175,0.136,0.0,0.505,0.281,0.0,0.196,0.0,1.0,0.0,0.0,0.862,0.0,0.0,0.719,-1.407,-0.993,0.982,0.0,0.0,0,0.473,0.557,0.544,0.54,2.312,-0.434,2.352,0.833,high,0.0,1.0,0.0,0.86,0.4,,,,,anxiety,1.0,neutral,1,-0.123,0.197,0.76,-0.282,0.328,1.0,-0.028,1.0,1.0,0.064,0.09,0.164,-0.218,0.198,0.801,-0.314,0.335,1.0,-0.015,0.98,1.0,-0.015,0.239,1.0,0.317,0.268,0.683,-0.011,0.177,1.0,-0.015,0.239,1.0,-0.431,0.47,1.0,0.001,0.019,1.0,0.044,1.0,1.0,0.218,0.173,0.705,-0.849,1.0,1.0,0.001,0.146,1.0,0.047,0.022,0.059,0.0,0.0,0.0,0.0,0.0,0.0,0.0,0.0,0.0,-0.076,0.077,0.197,0.011,0.023,0.032,-0.086,0.067,0.195,-0.029,0.041,0.115,1.0,1.0,1.0,0.155,0.912,1.0,0.797,0.461,1.0
20260304_135106,1772603546.2399898,0.3,0.16,0.12,0.0,0.511,0.349,0.0,0.189,0.0,1.0,0.0,0.0,0.485,0.0,0.011,0.651,-1.061,-0.993,0.983,0.0,0.0,0,0.473,0.558,0.545,0.543,1.885,-0.433,1.934,0.74,high,0.0,0.63,0.0,0.86,0.4,,,,,anxiety,1.0,neutral,1,-0.133,0.203,0.859,-0.302,0.338,1.0,-0.049,1.0,1.0,0.072,0.09,0.188,-0.215,0.198,0.496,-0.339,0.355,1.0,0.013,0.961,1.0,-0.016,0.239,1.0,0.343,0.27,0.677,-0.012,0.177,1.0,-0.016,0.239,1.0,-0.422,0.471,0.293,0.001,0.019,1.0,0.042,1.0,0.476,0.215,0.171,0.43,-0.91,1.0,1.0,-0.0,0.147,1.0,0.049,0.022,0.06,0.0,0.0,0.0,0.0,0.0,0.0,0.0,0.0,0.0,-0.078,0.078,0.194,0.009,0.022,0.036,-0.088,0.068,0.189,-0.033,0.041,0.105,1.0,1.0,1.0,0.173,0.914,1.0,0.853,0.472,1.0
20260304_135106,1772603546.274982,0.3,0.176,0.148,0.0,0.494,0.309,0.0,0.176,0.0,1.0,0.0,0.0,0.202,0.0,0.0,0.691,-1.092,-0.991,0.985,0.0,0.0,0,0.475,0.557,0.547,0.544,1.892,-0.453,1.946,0.648,high,0.0,0.262,0.0,0.86,0.4,,,,,anxiety,1.0,neutral,1,-0.142,0.207,0.741,-0.319,0.346,1.0,-0.07,1.0,1.0,0.078,0.089,0.116,-0.215,0.2,0.661,-0.364,0.374,1.0,0.038,0.946,1.0,-0.018,0.239,1.0,0.372,0.271,0.673,-0.013,0.177,1.0,-0.018,0.239,1.0,-0.434,0.48,1.0,0.001,0.019,1.0,0.04,1.0,1.0,0.215,0.17,0.566,-0.971,1.0,1.0,-0.001,0.147,1.0,0.051,0.023,0.064,0.0,0.0,0.0,0.0,0.0,0.0,0.0,0.0,0.0,-0.079,0.078,0.184,0.007,0.021,0.031,-0.089,0.069,0.18,-0.037,0.041,0.102,1.0,1.0,1.0,0.189,0.914,1.0,0.908,0.481,1.0
20260304_135106,1772603546.3032935,0.3,0.187,0.171,0.0,0.501,0.279,0.0,0.177,0.0,1.0,0.0,0.0,0.119,0.009,0.0,0.721,-0.933,-0.992,0.987,0.0,0.0,0,0.478,0.557,0.551,0.543,1.606,-0.458,1.671,0.622,high,0.0,0.155,0.0,0.861,0.4,,,,,anxiety,1.0,neutral,1,-0.15,0.211,0.655,-0.334,0.352,1.0,-0.089,1.0,1.0,0.084,0.089,0.149,-0.218,0.203,0.781,-0.387,0.393,1.0,0.061,0.935,1.0,-0.019,0.239,1.0,0.395,0.272,0.666,-0.014,0.177,1.0,-0.019,0.239,1.0,-0.438,0.489,1.0,0.002,0.021,1.0,0.038,1.0,1.0,0.218,0.17,0.66,-1.0,1.0,1.0,-0.002,0.147,1.0,0.053,0.023,0.067,0.0,0.0,0.0,0.0,0.0,0.0,0.0,0.0,0.0,-0.08,0.078,0.169,0.005,0.02,0.026,-0.09,0.069,0.164,-0.041,0.042,0.104,1.0,1.0,1.0,0.204,0.916,1.0,0.941,0.482,1.0
20260304_135106,1772603546.3380105,0.3,0.193,0.185,0.0,0.483,0.41,0.273,0.161,0.0,1.0,0.0,0.0,0.0,0.028,0.0,0.59,-0.526,-0.994,0.992,0.0,0.0,0,0.482,0.556,0.553,0.545,0.981,-0.497,1.099,0.375,medium,0.0,0.0,0.0,0.863,0.192,,,,,disgust,0.52,neutral,1,-0.156,0.214,0.61,-0.346,0.358,0.978,-0.109,1.0,1.0,0.088,0.089,0.073,-0.212,0.202,0.194,-0.39,0.397,0.645,0.083,0.924,1.0,-0.021,0.239,1.0,0.417,0.274,0.658,-0.016,0.177,1.0,-0.021,0.239,1.0,-0.454,0.505,1.0,0.004,0.036,1.0,0.036,1.0,1.0,0.212,0.168,0.162,-1.0,1.0,1.0,-0.003,0.147,1.0,0.055,0.023,0.077,0.0,0.0,0.0,0.0,0.0,0.0,0.0,0.0,0.0,-0.08,0.079,0.152,0.004,0.019,0.023,-0.091,0.069,0.156,-0.045,0.042,0.098,1.0,1.0,1.0,0.214,0.914,1.0,0.932,0.477,0.573
20260304_135106,1772603546.3656676,0.3,0.21,0.207,0.0,0.439,0.429,0.408,0.127,0.0,1.0,0.0,0.0,0.186,0.0,0.0,0.571,-0.271,-0.992,0.995,0.0,0.0,0,0.484,0.555,0.557,0.543,0.663,-0.556,0.865,0.415,medium,0.0,0.242,0.0,0.862,0.171,au7_eye_squeeze,0.429,2,13,disgust,0.572,neutral,1,-0.161,0.216,0.483,-0.355,0.362,0.845,-0.129,1.0,1.0,0.088,0.089,0.119,-0.203,0.2,0.103,-0.382,0.397,0.037,0.1,0.917,0.547,-0.022,0.239,1.0,0.443,0.275,0.653,-0.017,0.177,1.0,-0.022,0.239,1.0,-0.454,0.512,1.0,0.004,0.036,1.0,0.034,1.0,1.0,0.203,0.165,0.085,-1.0,1.0,1.0,-0.004,0.147,1.0,0.057,0.024,0.081,0.0,0.0,0.0,0.0,0.0,0.0,0.0,0.0,0.0,-0.08,0.079,0.139,0.002,0.019,0.017,-0.091,0.069,0.139,-0.049,0.042,0.105,1.0,1.0,1.0,0.219,0.912,1.0,0.906,0.473,0.009
20260304_135106,1772603546.3927186,0.3,0.214,0.231,0.0,0.416,0.47,0.447,0.1,0.0,1.0,0.0,0.0,0.366,0.0,0.0,0.53,-0.114,-0.994,0.993,0.0,0.0,0,0.488,0.555,0.57,0.547,0.512,-0.59,0.782,0.551,medium,0.0,0.476,0.0,0.862,0.248,au7_eye_squeeze,0.47,3,12,anxiety,0.621,neutral,1,-0.164,0.218,0.443,-0.36,0.366,0.706,-0.147,1.0,1.0,0.087,0.089,0.215,-0.192,0.198,0.084,-0.371,0.397,0.238,0.113,0.916,0.053,-0.023,0.239,1.0,0.46,0.276,0.643,-0.018,0.177,1.0,-0.023,0.239,1.0,-0.451,0.516,0.623,0.004,0.036,1.0,0.032,1.0,1.0,0.192,0.163,0.069,-1.0,1.0,1.0,-0.005,0.148,1.0,0.059,0.024,0.076,0.0,0.0,0.0,0.0,0.0,0.0,0.0,0.0,0.0,-0.079,0.079,0.12,0.001,0.018,0.017,-0.089,0.069,0.092,-0.052,0.042,0.091,1.0,1.0,0.642,0.22,0.911,1.0,0.874,0.47,0.193
20260304_135106,1772603546.4330318,0.8,0.199,0.228,0.0,0.428,0.502,0.47,0.104,0.0,1.0,0.0,0.0,0.44,0.0,0.0,0.498,-0.017,-0.997,0.992,0.0,0.0,0,0.492,0.554,0.575,0.548,0.349,-0.577,0.674,0.548,medium,0.0,0.571,0.0,0.862,0.222,au7_eye_squeeze,0.502,4,11,anxiety,0.556,neutral,1,-0.167,0.22,0.553,-0.362,0.369,0.713,-0.165,1.0,1.0,0.084,0.09,0.161,-0.177,0.196,0.236,-0.358,0.397,0.354,0.124,0.917,0.168,-0.025,0.239,1.0,0.478,0.277,0.633,-0.019,0.177,1.0,-0.025,0.239,1.0,-0.426,0.515,0.326,0.004,0.036,1.0,0.029,1.0,1.0,0.177,0.16,0.193,-0.993,1.0,0.173,-0.006,0.148,1.0,0.06,0.024,0.073,0.0,0.0,0.0,0.0,0.0,0.0,0.0,0.0,0.0,-0.077,0.078,0.102,-0.001,0.018,0.011,-0.087,0.069,0.073,-0.054,0.042,0.085,1.0,1.0,0.225,0.22,0.911,1.0,0.837,0.468,0.447
20260304_135106,1772603546.459573,0.8,0.204,0.242,0.0,0.435,0.48,0.478,0.091,0.0,1.0,0.0,0.0,0.875,0.0,0.0,0.52,0.028,-0.998,0.989,0.0,0.0,0,0.497,0.554,0.584,0.555,0.308,-0.571,0.649,0.833,high,0.0,1.0,0.0,0.863,0.4,au7_eye_squeeze,0.48,5,10,anxiety,1.0,neutral,1,-0.168,0.222,0.509,-0.361,0.372,0.623,-0.178,1.0,1.0,0.083,0.09,0.125,-0.166,0.194,0.138,-0.345,0.396,0.397,0.131,0.922,0.08,-0.025,0.239,1.0,0.483,0.276,0.618,-0.02,0.177,1.0,-0.025,0.239,1.0,-0.373,0.514,1.0,0.003,0.036,1.0,0.027,1.0,1.0,0.166,0.158,0.113,-0.967,1.0,0.275,-0.007,0.149,1.0,0.061,0.024,0.066,0.0,0.0,0.0,0.0,0.0,0.0,0.0,0.0,0.0,-0.075,0.078,0.079,-0.002,0.017,0.011,-0.084,0.068,0.04,-0.055,0.042,0.061,1.0,1.0,0.449,0.219,0.911,1.0,0.799,0.467,0.507
20260304_135106,1772603546.4943628,0.3,0.209,0.266,0.0,0.407,0.549,0.487,0.076,0.0,0.95,0.0,0.0,0.884,0.0,0.0,0.451,0.101,-1.0,0.983,0.0,0.0,0,0.5,0.552,0.591,0.554,0.222,-0.618,0.657,0.833,high,0.0,1.0,0.0,0.863,0.4,au7_eye_squeeze,0.549,6,9,anxiety,1.0,neutral,1,-0.169,0.223,0.459,-0.357,0.373,0.477,-0.189,1.0,1.0,0.078,0.091,0.248,-0.149,0.194,0.455,-0.331,0.396,0.444,0.135,0.928,0.401,-0.025,0.239,1.0,0.485,0.275,0.473,-0.021,0.177,1.0,-0.025,0.239,1.0,-0.313,0.513,1.0,0.003,0.036,1.0,0.025,1.0,1.0,0.149,0.158,0.369,-0.936,1.0,1.0,-0.008,0.15,1.0,0.061,0.024,0.051,0.0,0.0,0.0,0.0,0.0,0.0,0.0,0.0,0.0,-0.073,0.077,0.064,-0.003,0.017,0.003,-0.081,0.068,0.012,-0.057,0.043,0.064,1.0,1.0,0.889,0.212,0.912,1.0,0.764,0.466,0.489
20260304_135106,1772603546.5258152,0.3,0.225,0.3,0.0,0.408,0.54,0.487,0.065,0.0,0.931,0.0,0.0,0.849,0.0,0.0,0.46,0.11,-1.0,0.979,0.0,0.0,0,0.503,0.553,0.597,0.558,0.2,-0.622,0.653,0.833,high,0.0,1.0,0.0,0.863,0.4,au7_eye_squeeze,0.54,7,8,anxiety,1.0,neutral,1,-0.167,0.224,0.335,-0.35,0.373,0.265,-0.198,1.0,1.0,0.073,0.092,0.242,-0.133,0.193,0.415,-0.317,0.396,0.445,0.135,0.935,0.609,-0.025,0.239,1.0,0.485,0.274,0.411,-0.022,0.177,1.0,-0.025,0.239,1.0,-0.282,0.514,1.0,0.003,0.036,1.0,0.023,1.0,1.0,0.133,0.157,0.336,-0.903,1.0,1.0,-0.009,0.151,1.0,0.06,0.024,0.042,0.0,0.0,0.0,0.0,0.0,0.0,0.0,0.0,0.0,-0.07,0.077,0.053,-0.004,0.017,0.007,-0.076,0.067,0.009,-0.057,0.043,0.049,1.0,1.0,1.0,0.203,0.912,1.0,0.73,0.466,0.499
20260304_135106,1772603546.5548344,0.3,0.24,0.332,0.0,0.387,0.54,0.485,0.036,0.0,0.826,0.0,0.0,0.857,0.0,0.0,0.46,0.114,-1.0,0.974,0.0,0.0,0,0.508,0.553,0.602,0.561,0.179,-0.671,0.694,0.833,high,0.0,1.0,0.0,0.864,0.4,au7_eye_squeeze,0.54,6,9,anxiety,1.0,neutral,1,-0.165,0.223,0.214,-0.339,0.372,0.068,-0.206,1.0,1.0,0.067,0.094,0.327,-0.118,0.192,0.417,-0.304,0.396,0.437,0.131,0.944,1.0,-0.027,0.239,1.0,0.478,0.272,0.13,-0.023,0.177,1.0,-0.027,0.239,1.0,-0.24,0.515,1.0,0.003,0.036,1.0,0.021,1.0,1.0,0.118,0.156,0.337,-0.869,1.0,1.0,-0.01,0.151,1.0,0.06,0.024,0.03,0.0,0.0,0.0,0.0,0.0,0.0,0.0,0.0,0.0,-0.066,0.076,0.031,-0.004,0.017,0.005,-0.071,0.066,0.03,-0.057,0.043,0.037,1.0,1.0,1.0,0.191,0.916,1.0,0.7,0.465,0.404
20260304_135106,1772603546.5766807,0.3,0.283,0.393,0.0,0.364,0.569,0.482,0.001,0.0,0.667,0.0,0.0,0.797,0.0,0.0,0.431,0.125,-0.999,0.968,0.0,0.0,0,0.512,0.555,0.605,0.571,0.136,-0.727,0.739,0.834,high,0.0,1.0,0.0,0.866,0.4,au7_eye_squeeze,0.569,5,10,anxiety,1.0,neutral,1,-0.159,0.223,0.109,-0.324,0.37,0.299,-0.213,1.0,1.0,0.059,0.097,0.427,-0.101,0.193,0.547,-0.29,0.396,0.425,0.124,0.96,1.0,-0.028,0.239,1.0,0.46,0.272,0.286,-0.024,0.177,1.0,-0.028,0.239,1.0,-0.206,0.516,1.0,0.003,0.036,1.0,0.018,1.0,1.0,0.101,0.157,0.442,-0.834,1.0,1.0,-0.01,0.152,1.0,0.059,0.024,0.017,0.0,0.0,0.0,0.0,0.0,0.0,0.0,0.0,0.0,-0.063,0.075,0.012,-0.004,0.017,0.013,-0.066,0.066,0.041,-0.056,0.043,0.001,1.0,1.0,1.0,0.173,0.929,1.0,0.673,0.464,0.302
20260304_135106,1772603546.6160443,0.3,0.295,0.423,0.043,0.358,0.595,0.484,0.0,0.008,0.577,0.0,0.008,0.955,0.0,0.0,0.405,0.152,-0.998,0.967,0.0,0.0,0,0.517,0.56,0.609,0.573,0.106,-0.765,0.772,0.848,high,0.056,1.0,0.0,0.869,0.4,au7_eye_squeeze,0.595,5,10,anxiety,1.0,neutral,1,-0.153,0.222,0.21,-0.306,0.369,0.482,-0.215,1.0,1.0,0.051,0.1,0.45,-0.085,0.195,0.659,-0.276,0.396,0.436,0.115,0.972,1.0,-0.029,0.239,0.171,0.43,0.272,0.517,-0.025,0.177,1.0,-0.029,0.239,0.171,-0.16,0.519,1.0,0.003,0.036,1.0,0.016,1.0,1.0,0.085,0.159,0.533,-0.796,1.0,1.0,-0.011,0.152,1.0,0.058,0.024,0.014,0.0,0.0,0.0,0.0,0.0,0.0,0.0,0.0,0.0,-0.058,0.075,0.012,-0.004,0.017,0.03,-0.061,0.065,0.056,-0.055,0.043,0.006,1.0,1.0,1.0,0.152,0.948,1.0,0.65,0.462,0.229
20260304_135106,1772603546.6431983,0.3,0.29,0.419,0.065,0.365,0.565,0.487,0.0,0.051,0.545,0.021,0.051,0.915,0.0,0.0,0.435,0.178,-0.996,0.969,0.0,0.0,0,0.52,0.563,0.614,0.573,0.086,-0.764,0.769,0.856,high,0.085,1.0,0.0,0.871,0.4,au7_eye_squeeze,0.565,4,11,anxiety,1.0,neutral,1,-0.146,0.221,0.174,-0.288,0.367,0.468,-0.213,1.0,1.0,0.042,0.102,0.417,-0.07,0.195,0.52,-0.262,0.396,0.452,0.102,0.972,1.0,-0.026,0.242,1.0,0.397,0.272,0.601,-0.025,0.177,1.0,-0.026,0.242,1.0,-0.119,0.521,1.0,0.003,0.036,1.0,0.014,1.0,1.0,0.07,0.159,0.422,-0.756,1.0,1.0,-0.011,0.153,1.0,0.058,0.024,0.019,0.0,0.0,0.0,0.0,0.0,0.0,0.0,0.0,0.0,-0.054,0.074,0.026,-0.003,0.017,0.04,-0.055,0.064,0.073,-0.054,0.042,0.006,1.0,1.0,1.0,0.127,0.96,1.0,0.63,0.462,0.238
20260304_135106,1772603546.6828365,0.3,0.327,0.466,0.078,0.349,0.584,0.489,0.0,0.0,0.505,0.051,0.0,0.861,0.0,0.0,0.416,0.193,-0.993,0.963,0.0,0.0,0,0.524,0.568,0.614,0.585,0.062,-0.785,0.788,0.861,high,0.101,1.0,0.0,0.873,0.4,au7_eye_squeeze,0.584,3,12,anxiety,1.0,neutral,1,-0.135,0.22,0.458,-0.265,0.365,0.753,-0.21,1.0,0.89,0.028,0.104,0.485,-0.058,0.197,0.601,-0.248,0.396,0.46,0.088,0.972,1.0,-0.028,0.242,1.0,0.356,0.272,0.704,-0.022,0.183,1.0,-0.028,0.242,1.0,-0.082,0.522,1.0,0.003,0.036,1.0,0.012,1.0,1.0,0.058,0.162,0.49,-0.715,1.0,1.0,-0.011,0.152,1.0,0.058,0.024,0.005,0.0,0.0,0.0,0.0,0.0,0.0,0.0,0.0,0.0,-0.049,0.073,0.042,-0.0,0.017,0.058,-0.049,0.064,0.077,-0.051,0.042,0.051,1.0,1.0,1.0,0.096,0.964,1.0,0.616,0.462,0.194
20260304_135106,1772603546.7132924,0.3,0.321,0.48,0.116,0.369,0.579,0.49,0.0,0.0,0.487,0.079,0.0,0.855,0.0,0.0,0.421,0.204,-0.991,0.959,0.0,0.0,0,0.527,0.571,0.619,0.596,0.047,-0.755,0.757,0.873,high,0.151,1.0,0.0,0.872,0.4,au4_frown,0.116,4,11,anxiety,1.0,neutral,1,-0.125,0.219,0.416,-0.24,0.364,0.843,-0.204,1.0,0.323,0.014,0.103,0.396,-0.045,0.199,0.573,-0.234,0.396,0.469,0.075,0.972,1.0,-0.029,0.242,1.0,0.315,0.273,0.75,-0.014,0.191,1.0,-0.029,0.242,1.0,-0.032,0.522,1.0,0.003,0.036,1.0,0.01,1.0,1.0,0.045,0.164,0.469,-0.674,1.0,1.0,-0.01,0.152,1.0,0.057,0.024,0.004,0.0,0.0,0.0,0.0,0.0,0.0,0.0,0.0,0.0,-0.045,0.073,0.056,0.002,0.017,0.07,-0.044,0.063,0.093,-0.047,0.042,0.089,0.946,1.0,1.0,0.064,0.95,1.0,0.603,0.462,0.265
20260304_135106,1772603546.7413473,0.3,0.327,0.49,0.133,0.365,0.596,0.492,0.0,0.006,0.58,0.091,0.006,0.883,0.0,0.0,0.404,0.216,-0.989,0.955,0.0,0.0,0,0.529,0.574,0.621,0.604,0.025,-0.758,0.758,0.878,high,0.173,1.0,0.0,0.869,0.4,au4_frown,0.133,5,10,anxiety,1.0,neutral,1,-0.117,0.219,0.459,-0.217,0.363,0.902,-0.197,1.0,0.062,-0.001,0.102,0.413,-0.029,0.201,0.644,-0.221,0.396,0.474,0.061,0.972,1.0,-0.03,0.242,0.733,0.276,0.27,0.511,-0.001,0.189,1.0,-0.03,0.242,0.733,0.011,0.523,1.0,0.003,0.036,1.0,0.008,1.0,1.0,0.029,0.166,0.528,-0.634,1.0,1.0,-0.01,0.152,1.0,0.056,0.024,0.013,0.0,0.0,0.0,0.0,0.0,0.0,0.0,0.0,0.0,-0.041,0.072,0.065,0.006,0.017,0.08,-0.038,0.063,0.102,-0.042,0.042,0.117,0.886,1.0,1.0,0.031,0.931,1.0,0.592,0.463,0.26
20260304_135106,1772603546.7747948,0.3,0.332,0.502,0.161,0.375,0.589,0.491,0.0,0.0,0.621,0.095,0.0,0.593,0.0,0.0,0.411,0.213,-0.987,0.958,0.0,0.0,0,0.532,0.577,0.62,0.61,0.018,-0.747,0.747,0.826,high,0.209,0.771,0.0,0.862,0.4,au4_frown,0.161,6,9,anxiety,1.0,neutral,1,-0.107,0.219,0.5,-0.193,0.363,0.976,-0.193,1.0,0.351,-0.016,0.101,0.37,-0.011,0.202,0.613,-0.207,0.396,0.47,0.047,0.972,1.0,-0.025,0.227,1.0,0.237,0.265,0.411,0.011,0.192,1.0,-0.025,0.227,1.0,-0.025,0.506,0.193,0.003,0.036,1.0,0.005,1.0,1.0,0.011,0.167,0.503,-0.596,1.0,1.0,-0.01,0.152,1.0,0.056,0.024,0.006,0.0,0.0,0.0,0.0,0.0,0.0,0.0,0.0,0.0,-0.037,0.072,0.077,0.01,0.017,0.092,-0.032,0.063,0.098,-0.037,0.042,0.14,0.829,1.0,1.0,-0.001,0.914,1.0,0.578,0.463,0.284
20260304_135106,1772603546.8038685,0.3,0.33,0.495,0.184,0.38,0.563,0.492,0.0,0.004,0.561,0.108,0.004,0.649,0.0,0.0,0.437,0.229,-0.985,0.957,0.0,0.0,0,0.534,0.58,0.626,0.605,0.007,-0.765,0.765,0.844,high,0.239,0.844,0.0,0.857,0.4,au4_frown,0.184,6,9,anxiety,1.0,neutral,1,-0.098,0.219,0.476,-0.171,0.364,0.932,-0.192,1.0,0.679,-0.028,0.1,0.349,0.006,0.201,0.497,-0.194,0.396,0.476,0.034,0.972,1.0,-0.018,0.199,0.887,0.199,0.263,0.569,0.022,0.213,1.0,-0.018,0.199,0.887,-0.057,0.488,0.371,0.002,0.036,1.0,0.003,1.0,1.0,-0.006,0.166,0.409,-0.559,1.0,1.0,-0.011,0.152,1.0,0.054,0.024,0.009,0.0,0.0,0.0,0.0,0.0,0.0,0.0,0.0,0.0,-0.033,0.072,0.086,0.013,0.018,0.101,-0.027,0.063,0.118,-0.032,0.042,0.122,0.774,1.0,1.0,-0.031,0.913,1.0,0.564,0.463,0.241
20260304_135106,1772603546.8394203,0.3,0.342,0.504,0.183,0.369,0.584,0.492,0.0,0.0,0.549,0.123,0.0,0.777,0.0,0.0,0.416,0.235,-0.984,0.959,0.0,0.0,0,0.535,0.582,0.624,0.608,-0.003,-0.776,0.776,0.893,high,0.237,1.0,0.0,0.967,0.4,au4_frown,0.183,7,8,anxiety,1.0,neutral,1,-0.091,0.221,0.568,-0.153,0.365,0.976,-0.198,1.0,0.619,-0.041,0.101,0.397,0.021,0.203,0.588,-0.181,0.396,0.477,0.02,0.972,1.0,-0.011,0.17,1.0,0.17,0.265,0.596,0.031,1.0,1.0,-0.011,0.17,1.0,-0.024,0.488,0.845,0.002,0.036,1.0,0.001,1.0,1.0,-0.021,0.168,0.484,-0.527,1.0,1.0,-0.011,0.151,1.0,0.053,0.024,0.004,0.0,0.0,0.0,0.0,0.0,0.0,0.0,0.0,0.0,-0.03,0.072,0.09,0.016,0.018,0.108,-0.022,0.063,0.113,-0.028,0.043,0.131,0.724,1.0,1.0,-0.059,0.922,1.0,0.548,0.463,0.219
20260304_135106,1772603546.8684533,0.3,0.335,0.509,0.174,0.369,0.586,0.492,0.0,0.0,0.58,0.125,0.0,0.725,0.0,0.0,0.414,0.233,-0.985,0.957,0.0,0.0,0,0.536,0.582,0.622,0.612,-0.025,-0.771,0.771,0.873,high,0.226,0.942,0.0,0.966,0.4,au4_frown,0.174,6,9,anxiety,1.0,neutral,1,-0.082,0.221,0.509,-0.134,0.367,0.999,-0.206,1.0,0.461,-0.053,0.102,0.398,0.037,0.204,0.593,-0.168,0.396,0.473,0.007,0.972,1.0,-0.007,0.158,1.0,0.148,0.266,0.514,0.038,1.0,1.0,-0.007,0.158,1.0,0.003,0.488,0.65,0.002,0.036,1.0,-0.001,1.0,1.0,-0.037,0.169,0.49,-0.501,1.0,1.0,-0.012,0.151,1.0,0.051,0.024,0.008,0.0,0.0,0.0,0.0,0.0,0.0,0.0,0.0,0.0,-0.028,0.072,0.092,0.019,0.019,0.11,-0.019,0.063,0.104,-0.024,0.043,0.143,0.68,1.0,1.0,-0.083,0.939,1.0,0.529,0.463,0.23
20260304_135106,1772603546.922237,0.3,0.327,0.495,0.175,0.378,0.597,0.493,0.0,0.0,0.596,0.138,0.0,0.899,0.0,0.0,0.403,0.237,-0.986,0.958,0.0,0.0,0,0.538,0.585,0.624,0.614,-0.016,-0.748,0.748,0.885,high,0.228,1.0,0.0,0.966,0.4,au4_frown,0.175,6,9,anxiety,1.0,neutral,1,-0.077,0.222,0.443,-0.12,0.368,0.904,-0.214,1.0,0.445,-0.061,0.103,0.358,0.051,0.206,0.635,-0.156,0.396,0.48,-0.002,0.985,1.0,-0.003,0.149,1.0,0.123,0.267,0.474,0.047,1.0,1.0,-0.003,0.149,1.0,0.025,0.489,1.0,0.002,0.036,1.0,-0.003,1.0,1.0,-0.051,0.172,0.527,-0.478,1.0,1.0,-0.013,0.15,1.0,0.05,0.023,0.007,0.0,0.0,0.0,0.0,0.0,0.0,0.0,0.0,0.0,-0.026,0.072,0.097,0.022,0.02,0.119,-0.016,0.063,0.112,-0.02,0.044,0.15,0.643,1.0,1.0,-0.099,0.958,1.0,0.506,0.462,0.285
20260304_135106,1772603546.9547677,0.3,0.324,0.491,0.187,0.389,0.563,0.493,0.0,0.012,0.542,0.145,0.012,0.828,0.0,0.0,0.437,0.246,-0.984,0.961,0.0,0.0,0,0.54,0.588,0.626,0.615,-0.029,-0.754,0.754,0.894,high,0.243,1.0,0.0,1.0,0.4,au4_frown,0.187,6,9,anxiety,1.0,neutral,1,-0.071,0.223,0.415,-0.106,0.37,0.87,-0.222,1.0,0.575,-0.07,0.104,0.305,0.064,0.207,0.479,-0.144,0.396,0.475,-0.009,1.0,1.0,-0.002,0.148,1.0,0.102,0.269,0.61,0.055,1.0,1.0,-0.002,0.148,1.0,0.03,0.485,0.979,0.002,0.036,1.0,-0.006,1.0,1.0,-0.064,0.173,0.399,-0.457,1.0,1.0,-0.014,0.149,1.0,0.049,0.023,0.001,0.0,0.0,0.0,0.0,0.0,0.0,0.0,0.0,0.0,-0.025,0.073,0.103,0.024,0.021,0.128,-0.013,0.063,0.115,-0.017,0.045,0.15,0.61,1.0,1.0,-0.115,0.977,1.0,0.486,0.461,0.271
20260304_135106,1772603546.976562,0.3,0.325,0.492,0.206,0.371,0.554,0.493,0.0,0.0,0.534,0.159,0.0,0.944,0.0,0.0,0.446,0.253,-0.982,0.965,0.0,0.0,0,0.54,0.59,0.624,0.617,-0.043,-0.77,0.771,0.801,high,0.268,1.0,0.0,1.0,0.301,au4_frown,0.206,4,11,anxiety,0.752,neutral,1,-0.065,0.223,0.421,-0.095,0.371,0.863,-0.228,1.0,0.793,-0.081,0.105,0.384,0.076,0.207,0.436,-0.133,0.396,0.47,-0.013,1.0,1.0,-0.003,0.148,1.0,0.1,0.271,0.62,0.065,1.0,1.0,-0.003,0.148,1.0,0.083,0.486,1.0,0.002,0.036,1.0,-0.008,1.0,1.0,-0.076,0.173,0.363,-0.443,1.0,1.0,-0.015,0.149,1.0,0.048,0.023,0.007,0.0,0.0,0.0,0.0,0.0,0.0,0.0,0.0,0.0,-0.024,0.073,0.102,0.026,0.022,0.133,-0.012,0.063,0.108,-0.014,0.045,0.157,0.586,1.0,1.0,-0.13,0.999,1.0,0.471,0.461,0.233
20260304_135106,1772603547.0129917,0.3,0.32,0.476,0.248,0.356,0.56,0.494,0.0,0.0,0.51,0.166,0.0,0.887,0.0,0.0,0.44,0.285,-0.979,0.969,0.0,0.0,0,0.54,0.592,0.624,0.616,-0.075,-0.788,0.791,0.805,high,0.322,1.0,0.0,1.0,0.292,au4_frown,0.248,2,13,anxiety,0.729,neutral,1,-0.061,0.224,0.38,-0.085,0.371,0.756,-0.232,1.0,1.0,-0.091,0.108,0.449,0.087,0.208,0.462,-0.122,0.396,0.477,-0.016,1.0,1.0,-0.003,0.148,1.0,0.091,0.275,0.675,0.075,1.0,1.0,-0.003,0.148,1.0,0.109,0.487,1.0,0.002,0.036,1.0,-0.01,1.0,1.0,-0.087,0.175,0.386,-0.426,1.0,1.0,-0.016,0.148,1.0,0.048,0.023,0.015,0.0,0.0,0.0,0.0,0.0,0.0,0.0,0.0,0.0,-0.023,0.073,0.1,0.028,0.023,0.137,-0.01,0.064,0.105,-0.012,0.046,0.149,0.56,1.0,1.0,-0.144,1.0,1.0,0.455,0.461,0.187
20260304_135106,1772603547.044043,0.3,0.328,0.51,0.274,0.326,0.554,0.497,0.0,0.0,0.596,0.165,0.0,0.804,0.0,0.0,0.446,0.293,-0.977,0.968,0.0,0.0,0,0.542,0.595,0.625,0.619,-0.082,-0.807,0.811,0.809,high,0.356,1.0,0.0,1.0,0.287,au4_frown,0.274,3,12,anxiety,0.717,neutral,1,-0.058,0.224,0.436,-0.077,0.372,0.936,-0.234,1.0,1.0,-0.1,0.112,0.575,0.094,0.209,0.429,-0.113,0.396,0.486,-0.016,1.0,1.0,-0.004,0.148,1.0,0.095,0.275,0.44,0.084,1.0,1.0,-0.004,0.148,1.0,0.143,0.487,0.871,0.002,0.036,1.0,-0.012,1.0,1.0,-0.094,0.176,0.36,-0.417,1.0,1.0,-0.016,0.147,1.0,0.048,0.023,0.013,0.0,0.0,0.0,0.0,0.0,0.0,0.0,0.0,0.0,-0.023,0.073,0.106,0.03,0.024,0.146,-0.009,0.064,0.107,-0.009,0.047,0.159,0.547,1.0,1.0,-0.155,1.0,1.0,0.447,0.461,0.14
20260304_135106,1772603547.0773664,0.3,0.348,0.511,0.286,0.32,0.637,0.496,0.0,0.0,0.582,0.171,0.0,0.848,0.0,0.0,0.363,0.299,-0.976,0.973,0.0,0.0,0,0.546,0.602,0.626,0.617,-0.077,-0.817,0.821,0.81,high,0.372,1.0,0.0,1.0,0.284,au4_frown,0.286,3,12,anxiety,0.709,neutral,1,-0.054,0.225,0.571,-0.069,0.372,0.924,-0.236,1.0,1.0,-0.111,0.117,0.597,0.107,0.212,0.785,-0.106,0.396,0.472,-0.013,1.0,1.0,-0.005,0.148,1.0,0.1,0.276,0.467,0.093,1.0,1.0,-0.005,0.148,1.0,0.179,0.488,1.0,0.002,0.036,1.0,-0.014,1.0,1.0,-0.107,0.18,0.661,-0.413,1.0,1.0,-0.017,0.147,1.0,0.048,0.023,0.022,0.0,0.0,0.0,0.0,0.0,0.0,0.0,0.0,0.0,-0.023,0.073,0.121,0.032,0.026,0.171,-0.009,0.064,0.107,-0.007,0.047,0.148,0.54,1.0,1.0,-0.166,1.0,1.0,0.444,0.461,0.116
20260304_135106,1772603547.1239858,0.3,0.348,0.511,0.232,0.337,0.65,0.496,0.0,0.0,0.591,0.18,0.0,0.787,0.0,0.0,0.35,0.297,-0.979,0.977,0.0,0.0,0,0.548,0.609,0.625,0.618,-0.066,-0.775,0.778,0.8,high,0.302,1.0,0.0,1.0,0.292,au4_frown,0.232,4,11,anxiety,0.729,neutral,1,-0.05,0.226,0.565,-0.063,0.372,0.898,-0.242,1.0,0.923,-0.117,0.12,0.516,0.118,0.215,0.827,-0.102,0.395,0.465,-0.008,1.0,1.0,-0.006,0.148,1.0,0.106,0.277,0.436,0.103,1.0,1.0,-0.006,0.148,1.0,0.203,0.488,0.799,0.002,0.036,1.0,-0.017,1.0,1.0,-0.118,0.184,0.704,-0.416,1.0,1.0,-0.017,0.146,1.0,0.047,0.023,0.031,0.0,0.0,0.0,0.0,0.0,0.0,0.0,0.0,0.0,-0.023,0.073,0.125,0.034,0.027,0.191,-0.01,0.063,0.101,-0.005,0.048,0.151,0.543,1.0,1.0,-0.17,1.0,1.0,0.442,0.462,0.213
20260304_135106,1772603547.1725001,0.3,0.377,0.518,0.282,0.334,0.584,0.495,0.0,0.0,0.6,0.179,0.0,0.688,0.0,0.0,0.416,0.306,-0.974,0.981,0.0,0.0,0,0.548,0.611,0.624,0.621,-0.082,-0.804,0.808,0.77,high,0.367,0.894,0.0,1.0,0.271,au4_frown,0.282,5,10,anxiety,0.678,neutral,1,-0.044,0.228,0.762,-0.056,0.372,0.921,-0.245,1.0,1.0,-0.125,0.124,0.525,0.127,0.216,0.528,-0.1,0.394,0.448,-0.0,1.0,1.0,-0.006,0.148,1.0,0.113,0.277,0.402,0.113,1.0,1.0,-0.006,0.148,1.0,0.239,0.486,0.451,0.002,0.036,1.0,-0.019,1.0,1.0,-0.127,0.186,0.453,-0.425,1.0,1.0,-0.018,0.146,1.0,0.047,0.023,0.038,0.0,0.0,0.0,0.0,0.0,0.0,0.0,0.0,0.0,-0.023,0.072,0.122,0.036,0.029,0.195,-0.011,0.063,0.094,-0.004,0.048,0.159,0.547,1.0,1.0,-0.176,1.0,1.0,0.444,0.463,0.139
20260304_135106,1772603547.2021484,0.3,0.351,0.497,0.274,0.352,0.595,0.497,0.0,0.0,0.613,0.185,0.0,0.619,0.0,0.0,0.405,0.306,-0.976,0.977,0.0,0.0,0,0.549,0.61,0.623,0.622,-0.089,-0.784,0.789,0.734,high,0.356,0.805,0.0,1.0,0.26,au4_frown,0.274,6,9,anxiety,0.65,neutral,1,-0.04,0.229,0.559,-0.051,0.371,0.783,-0.249,1.0,1.0,-0.131,0.126,0.44,0.13,0.216,0.563,-0.098,0.392,0.446,0.007,1.0,1.0,-0.007,0.148,1.0,0.122,0.277,0.356,0.123,1.0,1.0,-0.007,0.148,1.0,0.26,0.486,0.212,0.001,0.036,1.0,-0.021,1.0,1.0,-0.13,0.188,0.488,-0.433,1.0,1.0,-0.018,0.145,1.0,0.047,0.023,0.028,0.0,0.0,0.0,0.0,0.0,0.0,0.0,0.0,0.0,-0.024,0.072,0.122,0.038,0.03,0.189,-0.014,0.062,0.089,-0.002,0.049,0.158,0.551,1.0,1.0,-0.179,1.0,1.0,0.443,0.464,0.18
20260304_135106,1772603547.2272654,0.3,0.352,0.506,0.264,0.336,0.592,0.495,0.0,0.0,0.649,0.197,0.0,0.624,0.0,0.0,0.408,0.29,-0.978,0.972,0.0,0.0,0,0.547,0.609,0.632,0.631,-0.064,-0.78,0.782,0.732,high,0.344,0.812,0.0,1.0,0.26,au4_frown,0.264,5,10,anxiety,0.649,neutral,1,-0.035,0.23,0.561,-0.044,0.371,0.814,-0.254,1.0,1.0,-0.138,0.129,0.506,0.134,0.216,0.538,-0.095,0.392,0.432,0.014,1.0,1.0,-0.008,0.148,1.0,0.122,0.278,0.255,0.133,1.0,1.0,-0.008,0.148,1.0,0.258,0.484,0.224,0.001,0.036,1.0,-0.023,1.0,1.0,-0.134,0.19,0.471,-0.441,1.0,1.0,-0.019,0.144,1.0,0.046,0.023,0.018,0.0,0.0,0.0,0.0,0.0,0.0,0.0,0.0,0.0,-0.026,0.071,0.112,0.04,0.031,0.182,-0.015,0.062,0.115,0.001,0.05,0.187,0.552,1.0,1.0,-0.182,1.0,1.0,0.437,0.465,0.194
20260304_135106,1772603547.2564678,0.3,0.338,0.491,0.255,0.323,0.578,0.496,0.0,0.0,0.611,0.197,0.0,0.688,0.0,0.0,0.422,0.293,-0.974,0.976,0.0,0.0,0,0.543,0.606,0.631,0.629,-0.073,-0.809,0.812,0.762,high,0.332,0.895,0.0,1.0,0.272,au15_mouth_down,0.197,5,10,anxiety,0.679,neutral,1,-0.029,0.23,0.452,-0.034,0.371,0.721,-0.261,1.0,0.992,-0.149,0.132,0.56,0.136,0.216,0.464,-0.089,0.391,0.427,0.017,1.0,1.0,-0.009,0.148,1.0,0.132,0.277,0.349,0.143,1.0,1.0,-0.009,0.148,1.0,0.282,0.484,0.458,0.001,0.036,1.0,-0.025,1.0,1.0,-0.136,0.191,0.41,-0.443,1.0,1.0,-0.02,0.143,1.0,0.045,0.023,0.024,0.0,0.0,0.0,0.0,0.0,0.0,0.0,0.0,0.0,-0.028,0.071,0.093,0.042,0.032,0.167,-0.017,0.061,0.107,0.004,0.05,0.176,0.546,1.0,1.0,-0.194,1.0,1.0,0.431,0.465,0.123
20260304_135106,1772603547.2898788,0.3,0.341,0.506,0.282,0.32,0.556,0.496,0.0,0.0,0.623,0.202,0.0,0.634,0.0,0.0,0.444,0.289,-0.973,0.973,0.0,0.0,0,0.544,0.605,0.63,0.63,-0.073,-0.82,0.824,0.739,high,0.366,0.824,0.0,1.0,0.258,au4_frown,0.282,3,12,anxiety,0.645,neutral,1,-0.023,0.231,0.472,-0.024,0.372,0.792,-0.266,1.0,1.0,-0.16,0.136,0.572,0.142,0.216,0.367,-0.081,0.391,0.422,0.017,1.0,1.0,-0.009,0.148,1.0,0.136,0.278,0.307,0.153,1.0,1.0,-0.009,0.148,1.0,0.308,0.484,0.271,0.001,0.036,1.0,-0.027,1.0,1.0,-0.142,0.193,0.325,-0.442,1.0,1.0,-0.02,0.142,1.0,0.045,0.023,0.018,0.0,0.0,0.0,0.0,0.0,0.0,0.0,0.0,0.0,-0.029,0.07,0.094,0.044,0.033,0.163,-0.019,0.06,0.103,0.007,0.051,0.18,0.536,1.0,1.0,-0.205,1.0,1.0,0.421,0.464,0.098
20260304_135106,1772603547.3189137,0.3,0.339,0.504,0.267,0.321,0.538,0.496,0.0,0.0,0.639,0.202,0.0,0.736,0.0,0.0,0.462,0.289,-0.976,0.973,0.0,0.0,0,0.544,0.606,0.63,0.632,-0.072,-0.803,0.806,0.785,high,0.347,0.957,0.0,1.0,0.276,au15_mouth_down,0.202,4,11,anxiety,0.69,neutral,1,-0.018,0.232,0.448,-0.014,0.372,0.765,-0.272,1.0,1.0,-0.17,0.14,0.564,0.151,0.216,0.289,-0.072,0.391,0.422,0.015,1.0,1.0,-0.01,0.148,1.0,0.131,0.279,0.26,0.162,1.0,1.0,-0.01,0.148,1.0,0.327,0.484,0.637,0.001,0.036,1.0,-0.03,1.0,1.0,-0.151,0.193,0.257,-0.433,1.0,1.0,-0.021,0.142,1.0,0.044,0.023,0.017,0.0,0.0,0.0,0.0,0.0,0.0,0.0,0.0,0.0,-0.031,0.069,0.091,0.046,0.034,0.163,-0.019,0.06,0.098,0.01,0.052,0.182,0.52,1.0,1.0,-0.216,1.0,1.0,0.408,0.464,0.141
20260304_135106,1772603547.3518093,0.3,0.333,0.505,0.252,0.328,0.56,0.496,0.0,0.0,0.661,0.199,0.0,0.769,0.0,0.0,0.44,0.28,-0.977,0.973,0.0,0.0,0,0.545,0.606,0.633,0.634,-0.049,-0.782,0.784,0.793,high,0.327,1.0,0.0,0.971,0.283,au15_mouth_down,0.199,5,10,anxiety,0.707,neutral,1,-0.012,0.232,0.403,-0.003,0.373,0.764,-0.28,1.0,0.8,-0.181,0.143,0.53,0.164,0.216,0.381,-0.06,0.391,0.419,0.01,1.0,1.0,-0.011,0.148,1.0,0.119,0.279,0.199,0.171,1.0,1.0,-0.011,0.148,1.0,0.341,0.483,0.744,0.001,0.036,1.0,-0.032,1.0,1.0,-0.164,0.193,0.338,-0.414,1.0,1.0,-0.022,0.141,1.0,0.044,0.023,0.017,0.0,0.0,0.0,0.0,0.0,0.0,0.0,0.0,0.0,-0.032,0.069,0.092,0.049,0.035,0.161,-0.019,0.06,0.108,0.014,0.053,0.188,0.493,1.0,1.0,-0.228,1.0,1.0,0.386,0.463,0.195
20260304_135106,1772603547.3828986,0.3,0.326,0.496,0.263,0.326,0.562,0.496,0.0,0.0,0.622,0.201,0.0,0.588,0.0,0.0,0.438,0.285,-0.976,0.97,0.0,0.0,0,0.545,0.605,0.63,0.629,-0.06,-0.807,0.809,0.707,high,0.342,0.764,0.0,0.97,0.252,au15_mouth_down,0.201,6,9,anxiety,0.631,neutral,1,-0.008,0.232,0.35,0.008,0.373,0.703,-0.285,0.982,0.887,-0.191,0.146,0.531,0.177,0.216,0.39,-0.048,0.391,0.422,0.003,1.0,1.0,-0.009,0.146,1.0,0.097,0.277,0.309,0.18,1.0,1.0,-0.009,0.146,1.0,0.351,0.484,0.094,0.001,0.036,1.0,-0.034,1.0,1.0,-0.177,0.193,0.346,-0.385,1.0,1.0,-0.023,0.14,1.0,0.044,0.023,0.01,0.0,0.0,0.0,0.0,0.0,0.0,0.0,0.0,0.0,-0.032,0.069,0.087,0.051,0.035,0.153,-0.019,0.06,0.096,0.018,0.053,0.166,0.452,1.0,1.0,-0.246,1.0,1.0,0.366,0.461,0.14
20260304_135106,1772603547.4158633,0.3,0.326,0.494,0.269,0.335,0.562,0.496,0.0,0.0,0.633,0.206,0.0,0.634,0.0,0.0,0.438,0.28,-0.978,0.965,0.0,0.0,0,0.545,0.604,0.63,0.636,-0.063,-0.788,0.791,0.729,high,0.349,0.824,0.0,0.968,0.259,au15_mouth_down,0.206,5,10,anxiety,0.648,neutral,1,-0.003,0.233,0.344,0.02,0.374,0.683,-0.282,0.976,0.928,-0.201,0.148,0.49,0.186,0.217,0.387,-0.035,0.391,0.419,-0.006,1.0,1.0,-0.007,0.14,1.0,0.078,0.277,0.282,0.189,1.0,1.0,-0.007,0.14,1.0,0.358,0.483,0.257,0.001,0.036,1.0,-0.036,1.0,1.0,-0.186,0.194,0.344,-0.351,1.0,1.0,-0.023,0.139,1.0,0.043,0.023,0.0,0.0,0.0,0.0,0.0,0.0,0.0,0.0,0.0,0.0,-0.032,0.069,0.088,0.054,0.036,0.149,-0.017,0.06,0.094,0.022,0.054,0.189,0.402,1.0,1.0,-0.263,1.0,1.0,0.345,0.46,0.185
20260304_135106,1772603547.454656,0.3,0.317,0.486,0.271,0.333,0.569,0.496,0.0,0.0,0.636,0.197,0.0,0.713,0.0,0.0,0.431,0.283,-0.978,0.965,0.0,0.0,0,0.545,0.602,0.628,0.628,-0.067,-0.823,0.825,0.767,high,0.352,0.927,0.0,0.966,0.273,,,,,anxiety,0.682,neutral,1,0.003,0.233,0.277,0.033,0.374,0.637,-0.279,0.969,0.93,-0.211,0.15,0.495,0.197,0.217,0.415,-0.023,0.391,0.42,-0.016,1.0,1.0,-0.004,0.133,1.0,0.056,0.275,0.276,0.197,1.0,1.0,-0.004,0.133,1.0,0.371,0.483,0.536,0.001,0.036,1.0,-0.038,1.0,1.0,-0.197,0.195,0.371,-0.316,1.0,1.0,-0.023,0.139,1.0,0.043,0.023,0.001,0.0,0.0,0.0,0.0,0.0,0.0,0.0,0.0,0.0,-0.031,0.069,0.084,0.056,0.037,0.139,-0.016,0.06,0.085,0.025,0.055,0.159,0.352,1.0,1.0,-0.284,1.0,1.0,0.328,0.458,0.109
20260304_135106,1772603547.5002701,0.3,0.322,0.5,0.289,0.335,0.568,0.496,0.0,0.0,0.605,0.199,0.0,0.879,0.0,0.0,0.432,0.277,-0.975,0.961,0.0,0.0,0,0.546,0.602,0.633,0.636,-0.056,-0.791,0.793,0.797,high,0.375,1.0,0.0,0.966,0.278,,,,,anxiety,0.695,neutral,1,0.008,0.233,0.312,0.046,0.375,0.708,-0.27,0.966,1.0,-0.219,0.153,0.482,0.209,0.218,0.407,-0.01,0.391,0.419,-0.026,1.0,1.0,-0.005,0.133,1.0,0.034,0.275,0.361,0.205,1.0,1.0,-0.005,0.133,1.0,0.352,0.466,1.0,0.001,0.036,1.0,-0.041,1.0,1.0,-0.209,0.195,0.364,-0.278,1.0,1.0,-0.023,0.139,1.0,0.042,0.023,0.01,0.0,0.0,0.0,0.0,0.0,0.0,0.0,0.0,0.0,-0.03,0.069,0.086,0.059,0.038,0.137,-0.014,0.061,0.1,0.03,0.056,0.186,0.298,1.0,1.0,-0.297,1.0,1.0,0.302,0.456,0.187
20260304_135106,1772603547.5244777,0.3,0.32,0.507,0.268,0.34,0.566,0.495,0.0,0.0,0.636,0.187,0.0,0.646,0.0,0.0,0.434,0.264,-0.976,0.964,0.0,0.0,0,0.545,0.6,0.631,0.629,-0.041,-0.818,0.819,0.737,high,0.349,0.839,0.0,0.966,0.265,,,,,anxiety,0.662,neutral,1,0.014,0.233,0.302,0.061,0.376,0.737,-0.257,0.966,0.888,-0.227,0.155,0.455,0.216,0.218,0.395,0.003,0.391,0.413,-0.035,1.0,1.0,-0.005,0.133,1.0,0.014,0.274,0.279,0.212,1.0,1.0,-0.005,0.133,1.0,0.377,0.466,0.263,0.001,0.036,1.0,-0.043,1.0,1.0,-0.216,0.196,0.354,-0.237,1.0,1.0,-0.022,0.139,1.0,0.042,0.023,0.002,0.0,0.0,0.0,0.0,0.0,0.0,0.0,0.0,0.0,-0.028,0.069,0.082,0.061,0.038,0.127,-0.01,0.061,0.093,0.033,0.056,0.161,0.242,1.0,1.0,-0.314,1.0,1.0,0.282,0.455,0.132
20260304_135106,1772603547.5539956,0.3,0.334,0.504,0.292,0.36,0.595,0.494,0.0,0.0,0.602,0.193,0.0,0.665,0.0,0.0,0.405,0.271,-0.974,0.967,0.0,0.0,0,0.553,0.61,0.634,0.632,-0.018,-0.794,0.794,0.75,high,0.38,0.865,0.0,0.966,0.264,,,,,anxiety,0.659,neutral,1,0.021,0.233,0.396,0.074,0.377,0.717,-0.236,0.967,1.0,-0.233,0.156,0.36,0.223,0.219,0.509,0.016,0.391,0.413,-0.045,1.0,1.0,-0.006,0.133,1.0,-0.005,0.274,0.371,0.218,1.0,1.0,-0.006,0.133,1.0,0.403,0.465,0.34,0.0,0.036,1.0,-0.045,1.0,1.0,-0.223,0.198,0.459,-0.192,1.0,1.0,-0.021,0.139,1.0,0.042,0.023,0.005,0.0,0.0,0.0,0.0,0.0,0.0,0.0,0.0,0.0,-0.024,0.069,0.113,0.064,0.039,0.162,-0.006,0.061,0.103,0.037,0.057,0.167,0.183,1.0,1.0,-0.33,1.0,1.0,0.261,0.453,0.193
20260304_135106,1772603547.5860078,0.3,0.328,0.476,0.279,0.368,0.679,0.495,0.0,0.0,0.612,0.193,0.0,0.813,0.0,0.0,0.321,0.283,-0.974,0.968,0.0,0.0,0,0.548,0.613,0.627,0.634,-0.056,-0.764,0.766,0.796,high,0.362,1.0,0.0,0.966,0.281,,,,,anxiety,0.702,neutral,1,0.027,0.234,0.359,0.086,0.377,0.56,-0.213,0.968,1.0,-0.235,0.157,0.32,0.232,0.221,0.853,0.028,0.391,0.415,-0.055,1.0,1.0,-0.006,0.133,1.0,-0.027,0.273,0.343,0.225,1.0,1.0,-0.006,0.133,1.0,0.441,0.465,0.868,0.0,0.036,1.0,-0.047,1.0,1.0,-0.232,0.203,0.776,-0.144,1.0,1.0,-0.019,0.138,1.0,0.042,0.023,0.005,0.0,0.0,0.0,0.0,0.0,0.0,0.0,0.0,0.0,-0.019,0.069,0.096,0.067,0.04,0.172,-0.002,0.061,0.081,0.041,0.058,0.173,0.118,1.0,1.0,-0.338,1.0,1.0,0.234,0.452,0.26
20260304_135106,1772603547.6217973,0.3,0.359,0.526,0.298,0.357,0.658,0.494,0.0,0.0,0.531,0.213,0.0,0.845,0.0,0.0,0.342,0.285,-0.972,0.961,0.0,0.0,0,0.549,0.615,0.627,0.64,-0.048,-0.782,0.783,0.796,high,0.387,1.0,0.0,0.966,0.274,au4_frown,0.298,3,12,anxiety,0.685,neutral,1,0.036,0.235,0.573,0.103,0.378,0.822,-0.185,0.967,1.0,-0.236,0.158,0.365,0.239,0.223,0.743,0.039,0.391,0.408,-0.065,1.0,1.0,-0.007,0.133,1.0,-0.053,0.274,0.565,0.233,1.0,1.0,-0.007,0.133,1.0,0.489,0.464,0.991,0.0,0.036,1.0,-0.049,1.0,1.0,-0.239,0.207,0.684,-0.095,1.0,1.0,-0.017,0.137,1.0,0.041,0.023,0.009,0.0,0.0,0.0,0.0,0.0,0.0,0.0,0.0,0.0,-0.014,0.069,0.101,0.071,0.041,0.174,0.002,0.061,0.081,0.046,0.058,0.191,0.053,1.0,1.0,-0.346,1.0,1.0,0.207,0.45,0.224
20260304_135106,1772603547.6537318,0.3,0.38,0.545,0.27,0.336,0.626,0.494,0.0,0.0,0.586,0.226,0.0,0.688,0.0,0.0,0.374,0.272,-0.974,0.958,0.0,0.0,0,0.546,0.615,0.624,0.641,-0.049,-0.809,0.811,0.75,high,0.351,0.894,0.0,0.966,0.264,au7_eye_squeeze,0.626,4,11,anxiety,0.66,neutral,1,0.047,0.236,0.726,0.121,0.379,0.918,-0.159,0.966,1.0,-0.239,0.16,0.453,0.238,0.221,0.591,0.05,0.391,0.409,-0.074,1.0,1.0,-0.007,0.133,1.0,-0.076,0.274,0.414,0.242,1.0,1.0,-0.007,0.133,1.0,0.509,0.464,0.429,0.0,0.036,1.0,-0.052,1.0,1.0,-0.238,0.208,0.553,-0.045,1.0,1.0,-0.014,0.135,1.0,0.039,0.023,0.014,0.0,0.0,0.0,0.0,0.0,0.0,0.0,0.0,0.0,-0.009,0.068,0.088,0.074,0.042,0.174,0.006,0.06,0.072,0.051,0.059,0.195,-0.013,1.0,1.0,-0.358,1.0,1.0,0.183,0.448,0.165
20260304_135106,1772603547.6782377,0.3,0.382,0.549,0.24,0.34,0.629,0.494,0.0,0.0,0.522,0.263,0.0,0.935,0.0,0.0,0.371,0.274,-0.977,0.964,0.0,0.0,0,0.547,0.622,0.626,0.641,-0.027,-0.815,0.816,0.778,high,0.311,1.0,0.0,0.965,0.276,au7_eye_squeeze,0.629,5,10,anxiety,0.689,neutral,1,0.058,0.238,0.732,0.14,0.381,0.933,-0.134,0.966,0.694,-0.241,0.162,0.431,0.238,0.219,0.585,0.061,0.391,0.405,-0.084,1.0,1.0,-0.008,0.133,1.0,-0.106,0.274,0.587,0.254,1.0,1.0,-0.008,0.133,1.0,0.514,0.459,1.0,0.0,0.036,1.0,-0.054,1.0,1.0,-0.238,0.209,0.554,0.005,1.0,1.0,-0.012,0.133,1.0,0.038,0.023,0.002,0.0,0.0,0.0,0.0,0.0,0.0,0.0,0.0,0.0,-0.004,0.068,0.095,0.078,0.043,0.196,0.011,0.06,0.079,0.057,0.06,0.191,-0.078,1.0,1.0,-0.367,1.0,1.0,0.158,0.446,0.159
20260304_135106,1772603547.7157605,0.3,0.372,0.538,0.257,0.33,0.643,0.487,0.0,0.0,0.509,0.313,0.0,0.795,0.0,0.0,0.357,0.258,-0.977,0.963,0.0,0.0,0,0.548,0.628,0.624,0.651,-0.019,-0.855,0.856,0.773,high,0.335,1.0,0.0,0.965,0.264,au7_eye_squeeze,0.643,6,9,anxiety,0.661,neutral,1,0.068,0.24,0.656,0.158,0.382,0.866,-0.106,0.964,0.938,-0.242,0.163,0.471,0.237,0.217,0.627,0.071,0.391,0.373,-0.094,1.0,1.0,-0.008,0.133,1.0,-0.138,0.275,0.623,0.27,1.0,1.0,-0.008,0.133,1.0,0.515,0.456,0.751,0.0,0.036,1.0,-0.056,1.0,1.0,-0.237,0.21,0.602,0.055,1.0,1.0,-0.01,0.131,1.0,0.035,0.022,0.007,0.0,0.0,0.0,0.0,0.0,0.0,0.0,0.0,0.0,0.002,0.067,0.097,0.082,0.044,0.214,0.016,0.06,0.074,0.063,0.061,0.225,-0.143,1.0,1.0,-0.38,1.0,1.0,0.136,0.443,0.073
20260304_135106,1772603547.7417805,0.3,0.394,0.575,0.265,0.29,0.596,0.485,0.0,0.0,0.424,0.377,0.0,0.538,0.0,0.0,0.404,0.25,-0.978,0.972,0.0,0.0,0,0.545,0.634,0.623,0.648,-0.005,-0.937,0.937,0.646,high,0.344,0.7,0.0,0.965,0.21,au15_mouth_down,0.377,5,10,anxiety,0.526,neutral,1,0.08,0.242,0.808,0.179,0.384,1.0,-0.076,0.962,1.0,-0.246,0.166,0.65,0.234,0.215,0.419,0.082,0.391,0.36,-0.104,1.0,1.0,-0.009,0.133,1.0,-0.173,0.278,0.852,0.289,1.0,1.0,-0.009,0.133,1.0,0.494,0.452,0.153,-0.0,0.036,1.0,-0.058,1.0,1.0,-0.234,0.21,0.407,0.104,1.0,1.0,-0.008,0.129,1.0,0.033,0.022,0.013,0.0,0.0,0.0,0.0,0.0,0.0,0.0,0.0,0.0,0.007,0.067,0.088,0.086,0.046,0.232,0.02,0.059,0.069,0.069,0.062,0.211,-0.207,1.0,1.0,-0.398,1.0,1.0,0.119,0.44,0.103
20260304_135106,1772603547.7823606,0.3,0.426,0.623,0.264,0.27,0.602,0.484,0.0,0.0,0.515,0.424,0.0,0.751,0.0,0.0,0.398,0.223,-0.977,0.964,0.0,0.0,0,0.544,0.64,0.62,0.658,0.011,-0.976,0.976,0.747,high,0.343,0.976,0.0,0.964,0.243,au15_mouth_down,0.424,6,9,anxiety,0.607,neutral,1,0.095,0.246,1.0,0.205,0.387,1.0,-0.047,0.958,1.0,-0.252,0.17,0.736,0.232,0.213,0.429,0.092,0.391,0.354,-0.113,1.0,1.0,-0.009,0.133,1.0,-0.203,0.279,0.602,0.312,1.0,1.0,-0.009,0.133,1.0,0.493,0.449,0.571,-0.0,0.036,1.0,-0.052,1.0,1.0,-0.232,0.211,0.422,0.151,1.0,1.0,-0.006,0.127,1.0,0.03,0.022,0.005,0.0,0.0,0.0,0.0,0.0,0.0,0.0,0.0,0.0,0.013,0.066,0.087,0.09,0.048,0.251,0.025,0.059,0.061,0.075,0.063,0.245,-0.272,1.0,1.0,-0.419,1.0,1.0,0.106,0.438,0.184
20260304_135106,1772603547.8203802,0.3,0.423,0.656,0.281,0.246,0.622,0.48,0.0,0.0,0.467,0.511,0.0,0.732,0.0,0.0,0.378,0.203,-0.968,0.956,0.0,0.0,0,0.544,0.644,0.625,0.676,0.025,-1.002,1.002,0.731,high,0.365,0.952,0.0,0.964,0.227,au15_mouth_down,0.511,6,9,anxiety,0.568,neutral,1,0.11,0.25,0.995,0.233,0.391,1.0,-0.016,0.954,1.0,-0.258,0.176,0.839,0.234,0.213,0.499,0.102,0.391,0.337,-0.123,1.0,1.0,-0.01,0.133,1.0,-0.238,0.28,0.733,0.34,1.0,1.0,-0.01,0.133,1.0,0.479,0.441,0.482,-0.0,0.036,1.0,-0.054,1.0,1.0,-0.234,0.212,0.495,0.196,1.0,1.0,-0.004,0.126,1.0,0.027,0.021,0.022,0.0,0.0,0.0,0.0,0.0,0.0,0.0,0.0,0.0,0.018,0.065,0.086,0.095,0.049,0.261,0.03,0.059,0.08,0.084,0.065,0.302,-0.335,1.0,1.0,-0.44,1.0,1.0,0.093,0.434,0.231
20260304_135106,1772603547.8575094,0.3,0.452,0.714,0.308,0.178,0.568,0.476,0.0,0.0,0.499,0.602,0.0,0.921,0.0,0.0,0.432,0.195,-0.962,0.951,0.0,0.0,0,0.544,0.65,0.622,0.683,0.011,-1.135,1.135,0.66,high,0.4,1.0,0.0,0.964,0.135,au4_frown,0.308,2,13,anxiety,0.338,neutral,1,0.126,0.255,1.0,0.265,0.398,1.0,0.017,0.949,1.0,-0.269,0.186,1.0,0.23,0.211,0.27,0.111,0.391,0.315,-0.133,1.0,1.0,-0.011,0.133,1.0,-0.271,0.281,0.643,0.375,1.0,1.0,-0.011,0.133,1.0,0.495,0.441,1.0,-0.0,0.036,1.0,-0.05,1.0,1.0,-0.23,0.212,0.271,0.241,1.0,1.0,-0.001,0.127,1.0,0.022,0.021,0.035,0.0,0.0,0.0,0.0,0.0,0.0,0.0,0.0,0.0,0.024,0.065,0.089,0.1,0.051,0.278,0.035,0.058,0.07,0.092,0.067,0.326,-0.4,1.0,1.0,-0.47,1.0,1.0,0.089,0.431,0.516
20260304_135106,1772603547.8851013,0.3,0.415,0.647,0.299,0.269,0.535,0.479,0.0,0.0,0.475,0.614,0.0,0.817,0.0,0.0,0.465,0.214,-0.969,0.95,0.0,0.0,0,0.536,0.649,0.632,0.692,-0.005,-1.03,1.03,0.68,high,0.389,1.0,0.0,0.964,0.158,au4_frown,0.299,2,13,anxiety,0.396,neutral,1,0.14,0.258,0.919,0.292,0.402,1.0,0.051,0.943,1.0,-0.273,0.189,0.708,0.226,0.209,0.13,0.121,0.391,0.332,-0.143,1.0,1.0,-0.011,0.133,1.0,-0.303,0.282,0.71,0.409,1.0,1.0,-0.011,0.133,1.0,0.487,0.435,0.725,-0.0,0.036,1.0,-0.048,1.0,1.0,-0.226,0.212,0.132,0.287,1.0,1.0,0.002,0.126,1.0,0.018,0.02,0.037,0.0,0.0,0.0,0.0,0.0,0.0,0.0,0.0,0.0,0.029,0.064,0.059,0.104,0.053,0.271,0.041,0.058,0.105,0.101,0.069,0.351,-0.465,1.0,1.0,-0.493,1.0,1.0,0.077,0.428,0.269
20260304_135106,1772603547.9086423,0.3,0.481,0.727,0.264,0.204,0.533,0.47,0.0,0.014,0.448,0.698,0.014,0.853,0.0,0.0,0.467,0.208,-0.973,0.95,0.0,0.0,0,0.536,0.653,0.635,0.691,0.003,-1.185,1.185,0.666,high,0.343,1.0,0.0,0.964,0.156,au15_mouth_down,0.698,6,9,anxiety,0.39,neutral,1,0.158,0.266,1.0,0.325,0.409,1.0,0.081,0.937,1.0,-0.28,0.196,1.0,0.223,0.209,0.118,0.131,0.391,0.289,-0.152,1.0,1.0,-0.011,0.133,1.0,-0.341,0.284,0.781,0.449,1.0,1.0,-0.011,0.133,1.0,0.497,0.433,0.828,-0.001,0.036,1.0,-0.044,1.0,1.0,-0.223,0.212,0.12,0.334,1.0,1.0,0.004,0.125,1.0,0.013,0.02,0.037,0.0,0.0,0.0,0.0,0.0,0.0,0.0,0.0,0.0,0.035,0.063,0.06,0.109,0.055,0.28,0.046,0.058,0.113,0.11,0.071,0.345,-0.531,1.0,1.0,-0.525,1.0,1.0,0.075,0.425,0.595
20260304_135106,1772603547.9544253,0.3,0.498,0.763,0.296,0.168,0.539,0.47,0.0,0.0,0.513,0.743,0.0,0.801,0.0,0.0,0.461,0.197,-0.967,0.949,0.0,0.0,0,0.538,0.66,0.633,0.699,0.01,-1.228,1.229,0.672,high,0.385,1.0,0.0,0.964,0.152,au15_mouth_down,0.743,6,9,anxiety,0.379,neutral,1,0.176,0.275,1.0,0.358,0.417,1.0,0.113,0.932,1.0,-0.289,0.206,1.0,0.22,0.208,0.137,0.14,0.391,0.286,-0.162,1.0,1.0,-0.011,0.133,1.0,-0.378,0.282,0.605,0.492,1.0,1.0,-0.011,0.133,1.0,0.497,0.43,0.634,-0.001,0.036,1.0,-0.043,1.0,1.0,-0.22,0.212,0.14,0.38,1.0,1.0,0.006,0.125,1.0,0.008,0.019,0.041,0.0,0.0,0.0,0.0,0.0,0.0,0.0,0.0,0.0,0.04,0.062,0.069,0.114,0.057,0.3,0.052,0.057,0.107,0.12,0.073,0.368,-0.597,1.0,1.0,-0.556,1.0,1.0,0.072,0.421,0.671
20260304_135106,1772603547.9799323,0.3,0.496,0.767,0.301,0.185,0.502,0.474,0.0,0.0,0.471,0.787,0.0,0.781,0.0,0.0,0.498,0.231,-0.955,0.948,0.0,0.0,0,0.536,0.664,0.626,0.705,-0.028,-1.211,1.211,0.652,high,0.392,1.0,0.0,0.964,0.13,au4_frown,0.301,4,11,anxiety,0.325,neutral,1,0.194,0.283,1.0,0.392,0.425,1.0,0.145,0.926,1.0,-0.297,0.213,1.0,0.213,0.206,0.016,0.149,0.391,0.307,-0.172,1.0,1.0,-0.012,0.133,1.0,-0.415,0.283,0.718,0.537,1.0,1.0,-0.012,0.133,1.0,0.497,0.428,0.551,-0.001,0.036,1.0,-0.044,1.0,1.0,-0.213,0.211,0.016,0.429,1.0,1.0,0.01,0.127,1.0,0.003,0.019,0.042,0.0,0.0,0.0,0.0,0.0,0.0,0.0,0.0,0.0,0.046,0.061,0.064,0.119,0.059,0.31,0.057,0.057,0.086,0.129,0.076,0.384,-0.665,1.0,1.0,-0.588,1.0,1.0,0.07,0.418,0.614
20260304_135106,1772603548.0136805,0.3,0.504,0.78,0.244,0.191,0.46,0.47,0.0,0.0,0.524,0.789,0.0,0.8,0.0,0.0,0.54,0.205,-0.97,0.95,0.0,0.0,0,0.536,0.665,0.62,0.708,0.005,-1.2,1.2,0.656,high,0.318,1.0,0.0,0.964,0.152,au15_mouth_down,0.789,6,9,anxiety,0.38,neutral,1,0.212,0.291,1.0,0.427,0.433,1.0,0.175,0.919,1.0,-0.304,0.22,1.0,0.199,0.204,0.188,0.158,0.391,0.29,-0.181,1.0,1.0,-0.012,0.133,1.0,-0.448,0.282,0.574,0.579,1.0,1.0,-0.012,0.133,1.0,0.486,0.421,0.589,-0.001,0.036,1.0,-0.046,1.0,1.0,-0.199,0.21,0.193,0.476,1.0,1.0,0.012,0.125,1.0,-0.001,0.018,0.04,0.0,0.0,0.0,0.0,0.0,0.0,0.0,0.0,0.0,0.051,0.06,0.066,0.124,0.061,0.307,0.062,0.057,0.066,0.139,0.078,0.389,-0.732,1.0,1.0,-0.618,1.0,1.0,0.067,0.415,0.57
20260304_135106,1772603548.04263,0.3,0.503,0.809,0.268,0.21,0.535,0.478,0.0,0.0,0.51,0.852,0.0,0.888,0.0,0.0,0.465,0.194,-0.948,0.939,0.0,0.0,0,0.535,0.669,0.628,0.717,0.012,-1.184,1.184,0.659,high,0.348,1.0,0.0,0.964,0.148,au15_mouth_down,0.852,7,8,anxiety,0.369,neutral,1,0.229,0.298,1.0,0.462,0.441,1.0,0.205,0.913,1.0,-0.31,0.226,0.949,0.194,0.203,0.104,0.169,0.391,0.326,-0.191,1.0,1.0,-0.013,0.133,1.0,-0.483,0.282,0.613,0.625,1.0,1.0,-0.013,0.133,1.0,0.481,0.415,0.846,-0.001,0.036,1.0,-0.047,1.0,1.0,-0.194,0.21,0.107,0.523,1.0,1.0,0.017,0.128,1.0,-0.007,0.018,0.063,0.0,0.0,0.0,0.0,0.0,0.0,0.0,0.0,0.0,0.056,0.059,0.065,0.129,0.063,0.316,0.067,0.057,0.093,0.149,0.081,0.416,-0.798,1.0,1.0,-0.647,1.0,1.0,0.062,0.411,0.519
20260304_135106,1772603548.070267,0.3,0.525,0.823,0.321,0.239,0.552,0.478,0.0,0.0,0.488,0.915,0.0,0.874,0.0,0.0,0.448,0.186,-0.94,0.941,0.0,0.0,0,0.537,0.682,0.629,0.735,0.018,-1.106,1.107,0.652,high,0.417,1.0,0.0,0.965,0.123,au4_frown,0.321,2,13,anxiety,0.308,neutral,1,0.248,0.306,1.0,0.498,0.45,1.0,0.239,0.906,1.0,-0.313,0.229,0.795,0.19,0.201,0.167,0.179,0.391,0.329,-0.201,1.0,1.0,-0.014,0.133,1.0,-0.516,0.283,0.674,0.673,1.0,1.0,-0.014,0.133,1.0,0.477,0.411,0.774,-0.001,0.036,1.0,-0.049,1.0,1.0,-0.19,0.209,0.174,0.568,1.0,1.0,0.022,0.134,1.0,-0.012,0.018,0.059,0.0,0.0,0.0,0.0,0.0,0.0,0.0,0.0,0.0,0.061,0.059,0.073,0.134,0.065,0.356,0.072,0.057,0.097,0.16,0.085,0.473,-0.864,1.0,1.0,-0.67,1.0,1.0,0.05,0.408,0.339
20260304_135106,1772603548.1110592,0.3,0.458,0.73,0.318,0.187,0.584,0.472,0.0,0.0,0.432,0.922,0.0,0.874,0.0,0.0,0.416,0.211,-0.957,0.957,0.0,0.0,0,0.537,0.685,0.629,0.718,0.0,-1.195,1.195,0.65,high,0.413,1.0,0.0,0.965,0.122,au4_frown,0.318,2,13,anxiety,0.306,neutral,1,0.261,0.31,1.0,0.526,0.454,1.0,0.272,0.9,1.0,-0.32,0.236,1.0,0.189,0.2,0.286,0.189,0.391,0.299,-0.211,1.0,1.0,-0.014,0.133,1.0,-0.549,0.286,0.823,0.719,1.0,1.0,-0.014,0.133,1.0,0.496,0.411,0.762,-0.001,0.036,1.0,-0.051,1.0,1.0,-0.189,0.21,0.299,0.616,1.0,1.0,0.025,0.134,1.0,-0.016,0.017,0.025,0.0,0.0,0.0,0.0,0.0,0.0,0.0,0.0,0.0,0.065,0.058,0.074,0.14,0.068,0.362,0.076,0.056,0.097,0.169,0.087,0.407,-0.931,1.0,1.0,-0.699,1.0,1.0,0.045,0.405,0.513
20260304_135106,1772603548.15943,0.3,0.469,0.713,0.324,0.144,0.518,0.467,0.0,0.001,0.449,0.904,0.001,0.772,0.0,0.0,0.482,0.22,-0.965,0.962,0.0,0.0,0,0.539,0.683,0.619,0.704,-0.012,-1.284,1.284,0.654,high,0.421,1.0,0.0,0.965,0.124,au4_frown,0.324,3,12,anxiety,0.31,neutral,1,0.277,0.314,1.0,0.554,0.458,1.0,0.304,0.895,1.0,-0.332,0.246,1.0,0.188,0.2,0.025,0.199,0.391,0.279,-0.22,1.0,1.0,-0.015,0.133,1.0,-0.581,0.288,0.775,0.763,1.0,1.0,-0.015,0.133,1.0,0.512,0.411,0.434,-0.001,0.036,1.0,-0.052,1.0,1.0,-0.188,0.21,0.026,0.663,1.0,1.0,0.029,0.132,1.0,-0.019,0.017,0.017,0.0,0.0,0.0,0.0,0.0,0.0,0.0,0.0,0.0,0.07,0.058,0.084,0.145,0.07,0.349,0.08,0.056,0.064,0.177,0.089,0.357,-0.998,1.0,1.0,-0.734,1.0,1.0,0.045,0.401,0.682
20260304_135106,1772603548.1921341,0.3,0.446,0.691,0.322,0.133,0.485,0.469,0.0,0.0,0.502,0.922,0.0,0.896,0.0,0.0,0.515,0.228,-0.962,0.967,0.0,0.0,0,0.539,0.688,0.623,0.704,0.0,-1.282,1.282,0.653,high,0.419,1.0,0.0,0.965,0.124,au4_frown,0.322,4,11,anxiety,0.31,neutral,1,0.29,0.316,0.968,0.58,0.46,1.0,0.336,0.891,1.0,-0.344,0.257,1.0,0.184,0.2,0.108,0.209,0.391,0.289,-0.23,1.0,1.0,-0.015,0.133,1.0,-0.602,0.291,0.625,0.806,1.0,1.0,-0.015,0.133,1.0,0.542,0.412,0.826,-0.001,0.036,1.0,-0.054,1.0,1.0,-0.184,0.21,0.113,0.712,1.0,1.0,0.032,0.131,1.0,-0.021,0.016,0.005,0.0,0.0,0.0,0.0,0.0,0.0,0.0,0.0,0.0,0.075,0.058,0.082,0.151,0.072,0.36,0.084,0.056,0.078,0.184,0.091,0.352,-1.0,1.0,1.0,-0.768,1.0,1.0,0.044,0.398,0.657
20260304_135106,1772603548.235855,0.3,0.428,0.628,0.288,0.15,0.49,0.466,0.0,0.0,0.459,0.93,0.0,0.852,0.0,0.0,0.51,0.22,-0.979,0.971,0.0,0.0,0,0.541,0.689,0.61,0.704,-0.007,-1.233,1.233,0.661,high,0.374,1.0,0.0,0.965,0.143,au15_mouth_down,0.93,5,10,anxiety,0.358,neutral,1,0.302,0.318,0.84,0.601,0.461,1.0,0.365,0.886,1.0,-0.355,0.266,1.0,0.181,0.2,0.089,0.219,0.391,0.272,-0.24,1.0,1.0,-0.016,0.133,1.0,-0.628,0.294,0.74,0.848,1.0,1.0,-0.016,0.133,1.0,0.568,0.412,0.681,-0.001,0.036,1.0,-0.055,1.0,1.0,-0.181,0.21,0.093,0.76,1.0,1.0,0.034,0.129,1.0,-0.024,0.016,0.001,0.0,0.0,0.0,0.0,0.0,0.0,0.0,0.0,0.0,0.079,0.057,0.091,0.156,0.074,0.356,0.087,0.056,0.034,0.191,0.092,0.348,-1.0,1.0,1.0,-0.798,1.0,1.0,0.04,0.395,0.538
20260304_135106,1772603548.259201,0.3,0.393,0.605,0.283,0.194,0.499,0.467,0.0,0.0,0.413,0.923,0.0,0.682,0.0,0.0,0.501,0.227,-0.976,0.97,0.0,0.0,0,0.536,0.686,0.611,0.712,-0.027,-1.166,1.166,0.619,high,0.368,0.886,0.0,0.964,0.13,au15_mouth_down,0.923,5,10,anxiety,0.326,neutral,1,0.311,0.319,0.599,0.618,0.462,0.915,0.389,0.884,1.0,-0.363,0.272,0.974,0.182,0.2,0.048,0.23,0.391,0.281,-0.249,1.0,1.0,-0.016,0.133,1.0,-0.655,0.299,0.863,0.889,1.0,1.0,-0.016,0.133,1.0,0.58,0.412,0.142,-0.001,0.036,1.0,-0.057,1.0,1.0,-0.182,0.21,0.051,0.807,1.0,1.0,0.036,0.127,1.0,-0.025,0.016,0.001,0.0,0.0,0.0,0.0,0.0,0.0,0.0,0.0,0.0,0.083,0.057,0.073,0.161,0.075,0.34,0.09,0.056,0.039,0.198,0.094,0.368,-1.0,1.0,1.0,-0.822,1.0,1.0,0.027,0.391,0.383
20260304_135106,1772603548.2842102,0.3,0.447,0.692,0.297,0.127,0.475,0.469,0.0,0.0,0.442,0.978,0.0,0.739,0.0,0.0,0.525,0.223,-0.966,0.969,0.0,0.0,0,0.534,0.686,0.614,0.713,-0.028,-1.276,1.276,0.648,high,0.387,0.961,0.0,0.964,0.136,,,,,anxiety,0.341,neutral,1,0.323,0.321,0.949,0.641,0.464,1.0,0.415,0.882,1.0,-0.375,0.283,1.0,0.181,0.201,0.143,0.24,0.391,0.294,-0.259,1.0,1.0,-0.016,0.132,1.0,-0.683,0.302,0.777,0.931,1.0,1.0,-0.016,0.132,1.0,0.598,0.412,0.326,-0.002,0.036,1.0,-0.059,1.0,1.0,-0.181,0.21,0.149,0.855,1.0,1.0,0.039,0.127,1.0,-0.028,0.016,0.003,0.0,0.0,0.0,0.0,0.0,0.0,0.0,0.0,0.0,0.086,0.057,0.066,0.165,0.077,0.333,0.093,0.056,0.05,0.205,0.096,0.367,-1.0,1.0,1.0,-0.853,1.0,1.0,0.023,0.388,0.591
20260304_135106,1772603548.3110735,0.3,0.445,0.699,0.29,0.144,0.479,0.47,0.0,0.0,0.417,0.984,0.0,0.678,0.0,0.0,0.521,0.229,-0.966,0.967,0.0,0.0,0,0.533,0.687,0.62,0.714,-0.021,-1.248,1.248,0.616,high,0.376,0.882,0.0,0.964,0.127,au15_mouth_down,0.984,2,13,anxiety,0.318,neutral,1,0.335,0.323,0.924,0.665,0.466,1.0,0.439,0.882,1.0,-0.385,0.292,1.0,0.182,0.201,0.122,0.251,0.391,0.298,-0.267,1.0,1.0,-0.016,0.132,1.0,-0.711,0.306,0.845,0.973,1.0,1.0,-0.016,0.132,1.0,0.566,0.401,0.114,-0.002,0.036,1.0,-0.06,1.0,1.0,-0.182,0.209,0.128,0.901,1.0,1.0,0.041,0.127,1.0,-0.03,0.015,0.008,0.0,0.0,0.0,0.0,0.0,0.0,0.0,0.0,0.0,0.089,0.057,0.064,0.169,0.078,0.331,0.096,0.056,0.069,0.211,0.097,0.363,-1.0,1.0,1.0,-0.88,1.0,1.0,0.015,0.384,0.516
20260304_135106,1772603548.3447263,0.3,0.45,0.716,0.279,0.172,0.482,0.474,0.0,0.0,0.52,0.962,0.0,0.667,0.0,0.0,0.518,0.208,-0.964,0.96,0.0,0.0,0,0.535,0.687,0.626,0.718,0.011,-1.224,1.224,0.607,high,0.362,0.868,0.0,0.963,0.126,,,,,anxiety,0.316,neutral,1,0.345,0.325,0.942,0.686,0.468,1.0,0.454,0.881,1.0,-0.392,0.298,1.0,0.185,0.201,0.107,0.263,0.391,0.319,-0.272,1.0,1.0,-0.014,0.128,1.0,-0.734,0.307,0.553,1.0,1.0,1.0,-0.014,0.128,1.0,0.52,0.383,0.055,-0.002,0.036,1.0,-0.062,1.0,1.0,-0.185,0.208,0.111,0.943,1.0,1.0,0.043,0.129,1.0,-0.032,0.015,0.023,0.0,0.0,0.0,0.0,0.0,0.0,0.0,0.0,0.0,0.091,0.057,0.07,0.172,0.079,0.323,0.099,0.056,0.088,0.217,0.099,0.37,-1.0,1.0,1.0,-0.904,1.0,1.0,0.002,0.38,0.449
20260304_135106,1772603548.3936942,0.3,0.462,0.745,0.287,0.181,0.511,0.475,0.0,0.0,0.507,0.961,0.0,0.718,0.0,0.0,0.489,0.203,-0.958,0.952,0.0,0.0,0,0.533,0.684,0.625,0.716,0.01,-1.237,1.237,0.609,high,0.374,0.934,0.0,0.852,0.134,,,,,anxiety,0.336,neutral,1,0.355,0.327,1.0,0.708,0.47,1.0,0.464,0.877,1.0,-0.398,0.304,1.0,0.189,0.201,0.011,0.274,0.391,0.328,-0.275,1.0,1.0,-0.008,0.091,1.0,-0.751,0.31,0.586,1.0,1.0,1.0,-0.008,0.091,1.0,0.477,0.363,0.186,-0.002,0.036,1.0,-0.057,0.329,1.0,-0.189,0.208,0.011,0.981,1.0,1.0,0.044,0.131,1.0,-0.035,0.015,0.039,0.0,0.0,0.0,0.0,0.0,0.0,0.0,0.0,0.0,0.093,0.057,0.063,0.175,0.08,0.309,0.101,0.056,0.087,0.223,0.1,0.357,-1.0,1.0,1.0,-0.928,1.0,1.0,-0.011,0.376,0.459
20260304_135106,1772603548.4342146,0.3,0.475,0.769,0.285,0.159,0.493,0.474,0.0,0.0,0.536,0.951,0.0,0.804,0.0,0.0,0.507,0.205,-0.958,0.953,0.0,0.0,0,0.533,0.685,0.615,0.719,-0.016,-1.246,1.246,0.629,high,0.37,1.0,0.0,0.846,0.142,,,,,anxiety,0.356,neutral,1,0.366,0.33,1.0,0.73,0.473,1.0,0.466,0.864,1.0,-0.405,0.311,1.0,0.191,0.201,0.061,0.286,0.391,0.324,-0.277,1.0,1.0,-0.005,0.074,1.0,-0.756,0.312,0.499,1.0,1.0,1.0,-0.005,0.074,1.0,0.485,0.363,0.443,-0.002,0.036,1.0,-0.054,0.325,1.0,-0.191,0.207,0.063,1.0,1.0,1.0,0.045,0.133,1.0,-0.038,0.015,0.038,0.0,0.0,0.0,0.0,0.0,0.0,0.0,0.0,0.0,0.094,0.057,0.06,0.178,0.081,0.304,0.102,0.056,0.05,0.228,0.101,0.362,-1.0,1.0,1.0,-0.95,1.0,1.0,-0.026,0.371,0.457
20260304_135106,1772603548.4714055,0.3,0.46,0.746,0.302,0.12,0.491,0.472,0.0,0.0,0.539,0.964,0.0,0.871,0.0,0.0,0.509,0.212,-0.955,0.959,0.0,0.0,0,0.534,0.685,0.621,0.719,-0.002,-1.282,1.282,0.615,high,0.393,1.0,0.0,0.846,0.124,,,,,anxiety,0.309,neutral,1,0.373,0.331,0.945,0.747,0.474,1.0,0.465,0.844,1.0,-0.415,0.321,1.0,0.196,0.2,0.065,0.297,0.391,0.317,-0.276,1.0,1.0,-0.003,0.072,1.0,-0.756,0.314,0.483,1.0,1.0,1.0,-0.003,0.072,1.0,0.482,0.36,0.63,-0.002,0.036,1.0,-0.055,0.325,1.0,-0.196,0.206,0.067,1.0,1.0,1.0,0.046,0.135,1.0,-0.04,0.015,0.026,0.0,0.0,0.0,0.0,0.0,0.0,0.0,0.0,0.0,0.094,0.057,0.062,0.18,0.082,0.299,0.104,0.056,0.069,0.233,0.102,0.355,-1.0,1.0,1.0,-0.971,1.0,1.0,-0.041,0.366,0.51
20260304_135106,1772603548.500011,0.3,0.477,0.741,0.3,0.18,0.484,0.473,0.0,0.0,0.484,0.978,0.0,0.901,0.0,0.0,0.516,0.218,-0.96,0.955,0.0,0.0,0,0.535,0.686,0.613,0.727,-0.018,-1.184,1.184,0.627,high,0.39,1.0,0.0,0.84,0.14,,,,,anxiety,0.351,neutral,1,0.38,0.331,1.0,0.76,0.473,1.0,0.464,0.826,1.0,-0.42,0.326,0.985,0.2,0.2,0.088,0.309,0.391,0.324,-0.274,1.0,1.0,-0.001,0.058,1.0,-0.754,0.315,0.627,1.0,1.0,1.0,-0.001,0.058,1.0,0.449,0.34,0.682,-0.002,0.036,1.0,-0.048,0.31,1.0,-0.2,0.205,0.091,1.0,1.0,1.0,0.046,0.136,1.0,-0.043,0.015,0.033,0.0,0.0,0.0,0.0,0.0,0.0,0.0,0.0,0.0,0.094,0.057,0.066,0.182,0.082,0.296,0.104,0.056,0.043,0.237,0.104,0.373,-1.0,1.0,1.0,-0.984,1.0,1.0,-0.064,0.361,0.3
20260304_135106,1772603548.529386,0.3,0.48,0.779,0.306,0.153,0.514,0.478,0.0,0.0,0.443,1.0,0.0,0.875,0.0,0.0,0.486,0.215,-0.945,0.953,0.0,0.0,0,0.535,0.689,0.61,0.727,-0.029,-1.22,1.221,0.61,high,0.397,1.0,0.0,0.84,0.122,au15_mouth_down,1.0,2,13,anxiety,0.304,neutral,1,0.385,0.332,1.0,0.772,0.472,1.0,0.463,0.807,1.0,-0.425,0.333,1.0,0.202,0.2,0.036,0.321,0.391,0.346,-0.27,1.0,1.0,-0.001,0.058,1.0,-0.751,0.317,0.733,1.0,1.0,1.0,-0.001,0.058,1.0,0.476,0.341,0.6,-0.002,0.036,1.0,-0.05,0.31,1.0,-0.202,0.205,0.036,1.0,1.0,1.0,0.048,0.14,1.0,-0.044,0.015,0.038,0.0,0.0,0.0,0.0,0.0,0.0,0.0,0.0,0.0,0.094,0.057,0.064,0.184,0.083,0.297,0.103,0.056,0.032,0.241,0.105,0.366,-1.0,1.0,1.0,-0.996,1.0,1.0,-0.087,0.355,0.354
20260304_135106,1772603548.5522556,0.3,0.443,0.711,0.299,0.175,0.468,0.472,0.0,0.0,0.447,0.97,0.0,0.843,0.0,0.0,0.532,0.227,-0.96,0.96,0.0,0.0,0,0.533,0.687,0.62,0.723,-0.023,-1.202,1.202,0.626,high,0.389,1.0,0.0,0.832,0.141,,,,,anxiety,0.352,neutral,1,0.386,0.329,0.763,0.777,0.469,1.0,0.461,0.789,1.0,-0.427,0.337,0.992,0.202,0.201,0.146,0.332,0.391,0.321,-0.264,1.0,1.0,-0.001,0.058,1.0,-0.746,0.319,0.711,1.0,1.0,1.0,-0.001,0.058,1.0,0.507,0.34,0.508,-0.002,0.036,1.0,-0.038,0.258,1.0,-0.202,0.205,0.149,1.0,1.0,1.0,0.048,0.14,1.0,-0.046,0.015,0.024,0.0,0.0,0.0,0.0,0.0,0.0,0.0,0.0,0.0,0.093,0.056,0.054,0.186,0.083,0.285,0.103,0.056,0.063,0.244,0.105,0.346,-1.0,1.0,1.0,-1.0,1.0,1.0,-0.113,0.349,0.301
20260304_135106,1772603548.5907948,0.3,0.474,0.733,0.3,0.178,0.508,0.472,0.0,0.0,0.456,0.996,0.0,0.696,0.0,0.0,0.492,0.23,-0.954,0.964,0.0,0.0,0,0.536,0.692,0.622,0.726,-0.018,-1.209,1.209,0.574,medium,0.391,0.905,0.0,0.826,0.113,au15_mouth_down,0.996,2,13,anxiety,0.283,neutral,1,0.388,0.327,0.933,0.779,0.464,1.0,0.458,0.771,1.0,-0.429,0.342,0.965,0.203,0.201,0.014,0.343,0.391,0.321,-0.257,1.0,1.0,-0.001,0.058,1.0,-0.74,0.32,0.673,1.0,1.0,1.0,-0.001,0.058,1.0,0.514,0.34,0.068,-0.002,0.036,1.0,-0.029,0.217,1.0,-0.203,0.205,0.014,1.0,1.0,1.0,0.048,0.141,1.0,-0.045,0.015,0.015,0.0,0.0,0.0,0.0,0.0,0.0,0.0,0.0,0.0,0.091,0.056,0.063,0.187,0.083,0.296,0.102,0.056,0.07,0.246,0.106,0.347,-1.0,1.0,1.0,-1.0,1.0,1.0,-0.137,0.344,0.298
20260304_135106,1772603548.6179016,0.3,0.452,0.684,0.3,0.203,0.509,0.473,0.0,0.0,0.453,0.986,0.0,0.8,0.0,0.0,0.491,0.237,-0.957,0.968,0.0,0.0,0,0.537,0.698,0.625,0.724,-0.006,-1.156,1.156,0.606,high,0.39,1.0,0.0,0.819,0.123,,,,,anxiety,0.307,neutral,1,0.386,0.323,0.766,0.775,0.457,0.958,0.455,0.753,1.0,-0.428,0.344,0.809,0.203,0.201,0.017,0.354,0.391,0.326,-0.249,1.0,1.0,-0.001,0.058,1.0,-0.734,0.321,0.671,1.0,1.0,1.0,-0.001,0.058,1.0,0.486,0.328,0.355,-0.002,0.036,1.0,-0.019,0.165,1.0,-0.203,0.205,0.018,1.0,1.0,1.0,0.049,0.142,1.0,-0.044,0.015,0.006,0.0,0.0,0.0,0.0,0.0,0.0,0.0,0.0,0.0,0.09,0.056,0.065,0.189,0.084,0.309,0.101,0.055,0.077,0.248,0.106,0.332,-1.0,1.0,1.0,-1.0,1.0,1.0,-0.161,0.339,0.185
20260304_135106,1772603548.6483228,0.3,0.446,0.676,0.278,0.169,0.527,0.472,0.0,0.0,0.489,1.0,0.0,0.892,0.0,0.0,0.473,0.233,-0.961,0.971,0.0,0.0,0,0.533,0.699,0.624,0.722,-0.007,-1.193,1.193,0.616,high,0.361,1.0,0.0,0.813,0.14,au7_eye_squeeze,0.527,4,11,anxiety,0.351,neutral,1,0.383,0.318,0.703,0.769,0.449,0.889,0.45,0.735,1.0,-0.428,0.348,0.998,0.202,0.2,0.087,0.364,0.391,0.323,-0.24,1.0,1.0,-0.001,0.058,1.0,-0.723,0.321,0.551,1.0,1.0,1.0,-0.001,0.058,1.0,0.451,0.308,0.593,-0.003,0.036,1.0,-0.012,0.129,1.0,-0.202,0.205,0.089,1.0,1.0,1.0,0.049,0.142,1.0,-0.042,0.015,0.001,0.0,0.0,0.0,0.0,0.0,0.0,0.0,0.0,0.0,0.088,0.055,0.047,0.191,0.085,0.305,0.1,0.055,0.07,0.249,0.106,0.318,-1.0,1.0,1.0,-1.0,1.0,1.0,-0.174,0.337,0.245
20260304_135106,1772603548.684976,0.3,0.377,0.583,0.286,0.184,0.479,0.469,0.0,0.0,0.481,0.96,0.0,0.857,0.0,0.0,0.521,0.249,-0.969,0.981,0.0,0.0,0,0.533,0.7,0.625,0.705,-0.01,-1.213,1.213,0.618,high,0.372,1.0,0.0,0.8,0.142,,,,,anxiety,0.354,neutral,1,0.374,0.312,0.266,0.752,0.439,0.461,0.445,0.717,1.0,-0.427,0.351,0.894,0.195,0.2,0.106,0.375,0.391,0.308,-0.23,1.0,1.0,-0.001,0.058,1.0,-0.713,0.321,0.561,1.0,1.0,1.0,-0.001,0.058,1.0,0.457,0.307,0.48,-0.003,0.036,1.0,-0.003,0.043,1.0,-0.195,0.205,0.109,1.0,1.0,1.0,0.048,0.141,1.0,-0.039,0.015,0.023,0.0,0.0,0.0,0.0,0.0,0.0,0.0,0.0,0.0,0.085,0.054,0.046,0.193,0.085,0.302,0.098,0.054,0.069,0.248,0.105,0.257,-1.0,1.0,1.0,-1.0,1.0,1.0,-0.177,0.335,0.274
20260304_135106,1772603548.7138596,0.3,0.369,0.567,0.266,0.231,0.48,0.477,0.0,0.0,0.512,0.939,0.0,0.875,0.0,0.0,0.52,0.245,-0.97,0.975,0.0,0.0,0,0.533,0.697,0.623,0.717,0.001,-1.073,1.073,0.613,high,0.346,1.0,0.0,0.796,0.144,,,,,anxiety,0.359,neutral,1,0.364,0.306,0.2,0.736,0.429,0.369,0.438,0.699,0.948,-0.422,0.352,0.6,0.188,0.199,0.107,0.384,0.391,0.347,-0.22,1.0,1.0,-0.002,0.058,1.0,-0.699,0.32,0.455,1.0,1.0,1.0,-0.002,0.058,1.0,0.474,0.308,0.527,-0.003,0.036,1.0,-0.001,0.012,1.0,-0.188,0.204,0.11,1.0,1.0,1.0,0.048,0.141,1.0,-0.037,0.014,0.01,0.0,0.0,0.0,0.0,0.0,0.0,0.0,0.0,0.0,0.082,0.053,0.044,0.194,0.085,0.286,0.095,0.054,0.061,0.248,0.105,0.287,-1.0,1.0,1.0,-1.0,1.0,1.0,-0.191,0.334,0.004
20260304_135106,1772603548.7398448,0.3,0.409,0.638,0.268,0.199,0.507,0.471,0.0,0.0,0.448,0.987,0.0,0.784,0.0,0.0,0.493,0.228,-0.963,0.971,0.0,0.0,0,0.53,0.696,0.624,0.711,-0.009,-1.201,1.201,0.611,high,0.348,1.0,0.0,0.796,0.141,,,,,anxiety,0.353,neutral,1,0.359,0.301,0.425,0.723,0.42,0.642,0.431,0.682,0.918,-0.419,0.354,0.783,0.179,0.197,0.003,0.382,0.389,0.31,-0.21,1.0,1.0,-0.002,0.058,1.0,-0.689,0.32,0.638,1.0,1.0,1.0,-0.002,0.058,1.0,0.455,0.301,0.245,-0.003,0.036,1.0,-0.001,0.012,1.0,-0.179,0.203,0.003,1.0,1.0,1.0,0.048,0.141,1.0,-0.036,0.014,0.002,0.0,0.0,0.0,0.0,0.0,0.0,0.0,0.0,0.0,0.079,0.052,0.028,0.196,0.085,0.274,0.092,0.053,0.06,0.247,0.104,0.26,-1.0,1.0,1.0,-1.0,1.0,1.0,-0.176,0.334,0.246
20260304_135106,1772603548.7743742,0.3,0.422,0.65,0.284,0.159,0.475,0.468,0.0,0.0,0.522,0.996,0.0,0.816,0.0,0.0,0.525,0.222,-0.966,0.971,0.0,0.0,0,0.528,0.696,0.618,0.715,-0.017,-1.261,1.261,0.615,high,0.369,1.0,0.0,0.796,0.14,,,,,anxiety,0.351,neutral,1,0.353,0.296,0.481,0.711,0.411,0.66,0.424,0.664,1.0,-0.419,0.358,1.0,0.164,0.194,0.136,0.375,0.384,0.279,-0.201,1.0,1.0,-0.002,0.058,1.0,-0.673,0.319,0.398,1.0,1.0,1.0,-0.002,0.058,1.0,0.464,0.301,0.335,-0.003,0.036,1.0,-0.001,0.012,1.0,-0.164,0.201,0.141,1.0,1.0,1.0,0.048,0.141,1.0,-0.035,0.014,0.004,0.0,0.0,0.0,0.0,0.0,0.0,0.0,0.0,0.0,0.075,0.051,0.019,0.197,0.086,0.269,0.088,0.051,0.038,0.247,0.104,0.268,-1.0,1.0,1.0,-1.0,1.0,1.0,-0.149,0.334,0.36
20260304_135106,1772603548.804132,0.3,0.434,0.596,0.271,0.149,0.565,0.458,0.0,0.0,0.481,1.0,0.0,0.945,0.0,0.0,0.435,0.227,-0.981,0.979,0.0,0.0,0,0.531,0.703,0.612,0.714,-0.009,-1.269,1.269,0.611,high,0.352,1.0,0.0,0.796,0.141,au7_eye_squeeze,0.565,2,13,anxiety,0.352,neutral,1,0.349,0.291,0.535,0.694,0.401,0.412,0.416,0.647,0.857,-0.42,0.362,1.0,0.155,0.189,0.211,0.347,0.365,0.202,-0.192,1.0,1.0,-0.002,0.058,1.0,-0.66,0.317,0.511,1.0,1.0,1.0,-0.002,0.058,1.0,0.461,0.298,0.686,-0.003,0.036,1.0,-0.001,0.012,1.0,-0.155,0.198,0.221,1.0,1.0,1.0,0.047,0.14,1.0,-0.033,0.014,0.02,0.0,0.0,0.0,0.0,0.0,0.0,0.0,0.0,0.0,0.072,0.05,0.027,0.198,0.086,0.286,0.084,0.05,0.015,0.246,0.103,0.257,-1.0,1.0,1.0,-1.0,1.0,1.0,-0.087,0.331,0.385
20260304_135106,1772603548.8428025,0.3,0.412,0.612,0.252,0.151,0.516,0.463,0.0,0.0,0.425,1.0,0.0,0.926,0.0,0.0,0.484,0.237,-0.975,0.979,0.0,0.0,0,0.529,0.699,0.612,0.715,-0.022,-1.242,1.242,0.606,high,0.327,1.0,0.0,0.796,0.142,,,,,anxiety,0.354,neutral,1,0.343,0.286,0.389,0.678,0.392,0.454,0.407,0.63,0.612,-0.419,0.366,1.0,0.141,0.184,0.007,0.327,0.352,0.205,-0.184,1.0,1.0,-0.002,0.058,1.0,-0.649,0.317,0.673,1.0,1.0,1.0,-0.002,0.058,1.0,0.45,0.292,0.607,-0.003,0.036,1.0,-0.001,0.012,1.0,-0.141,0.195,0.007,1.0,1.0,1.0,0.046,0.14,1.0,-0.03,0.014,0.02,0.0,0.0,0.0,0.0,0.0,0.0,0.0,0.0,0.0,0.068,0.048,0.016,0.2,0.086,0.266,0.079,0.049,0.014,0.245,0.103,0.253,-1.0,1.0,1.0,-1.0,1.0,1.0,-0.044,0.329,0.34
20260304_135106,1772603548.8775458,0.3,0.436,0.63,0.278,0.174,0.496,0.466,0.0,0.0,0.451,1.0,0.0,0.886,0.0,0.0,0.504,0.234,-0.97,0.976,0.0,0.0,0,0.53,0.701,0.604,0.721,-0.04,-1.23,1.23,0.601,high,0.362,1.0,0.0,0.717,0.14,,,,,anxiety,0.351,neutral,1,0.338,0.282,0.512,0.663,0.383,0.501,0.398,0.613,0.842,-0.417,0.369,0.886,0.126,0.18,0.077,0.309,0.342,0.202,-0.176,1.0,1.0,-0.002,0.058,1.0,-0.636,0.316,0.576,1.0,0.991,1.0,-0.002,0.058,1.0,0.43,0.283,0.467,-0.003,0.036,1.0,-0.001,0.012,1.0,-0.126,0.191,0.082,1.0,1.0,1.0,0.045,0.139,1.0,-0.028,0.014,0.013,0.0,0.0,0.0,0.0,0.0,0.0,0.0,0.0,0.0,0.064,0.047,0.018,0.201,0.086,0.266,0.074,0.047,0.015,0.244,0.102,0.265,-1.0,1.0,1.0,-1.0,1.0,1.0,-0.012,0.329,0.32
20260304_135106,1772603548.901775,0.3,0.384,0.583,0.262,0.208,0.531,0.465,0.0,0.0,0.431,1.0,0.0,0.794,0.0,0.0,0.469,0.228,-0.976,0.969,0.0,0.0,0,0.532,0.702,0.617,0.73,-0.007,-1.159,1.159,0.597,medium,0.34,1.0,0.0,0.717,0.141,au7_eye_squeeze,0.531,2,13,anxiety,0.353,neutral,1,0.331,0.277,0.194,0.645,0.374,0.289,0.388,0.595,0.633,-0.412,0.37,0.652,0.112,0.174,0.049,0.299,0.338,0.184,-0.168,1.0,1.0,-0.003,0.058,1.0,-0.623,0.315,0.627,1.0,0.97,1.0,-0.003,0.058,1.0,0.413,0.278,0.195,-0.003,0.036,1.0,-0.001,0.012,1.0,-0.112,0.188,0.052,0.976,1.0,1.0,0.044,0.138,1.0,-0.026,0.013,0.0,0.0,0.0,0.0,0.0,0.0,0.0,0.0,0.0,0.0,0.061,0.046,0.024,0.202,0.086,0.264,0.07,0.046,0.025,0.244,0.102,0.286,-1.0,1.0,1.0,-0.991,1.0,1.0,0.007,0.329,0.186
20260304_135106,1772603548.935682,0.3,0.425,0.638,0.277,0.185,0.566,0.463,0.0,0.0,0.445,1.0,0.0,0.725,0.0,0.0,0.434,0.214,-0.972,0.965,0.0,0.0,0,0.535,0.702,0.616,0.729,-0.005,-1.213,1.213,0.58,medium,0.361,0.942,0.0,0.717,0.134,au7_eye_squeeze,0.566,3,12,anxiety,0.334,neutral,1,0.325,0.273,0.415,0.629,0.365,0.485,0.379,0.578,0.751,-0.408,0.371,0.793,0.103,0.17,0.177,0.284,0.33,0.161,-0.16,1.0,1.0,-0.003,0.058,1.0,-0.608,0.313,0.569,1.0,0.95,1.0,-0.003,0.058,1.0,0.393,0.274,0.006,-0.003,0.036,1.0,-0.001,0.012,1.0,-0.103,0.185,0.191,0.934,1.0,1.0,0.044,0.137,1.0,-0.025,0.013,0.008,0.0,0.0,0.0,0.0,0.0,0.0,0.0,0.0,0.0,0.058,0.044,0.03,0.203,0.086,0.258,0.065,0.044,0.02,0.243,0.101,0.276,-1.0,1.0,1.0,-0.984,1.0,1.0,0.033,0.329,0.289
20260304_135106,1772603548.967901,0.3,0.402,0.653,0.267,0.171,0.58,0.465,0.0,0.0,0.457,1.0,0.0,0.848,0.0,0.0,0.42,0.212,-0.972,0.967,0.0,0.0,0,0.531,0.7,0.619,0.727,-0.004,-1.228,1.228,0.598,medium,0.347,1.0,0.0,0.717,0.141,au7_eye_squeeze,0.58,3,12,anxiety,0.352,neutral,1,0.317,0.268,0.266,0.614,0.356,0.518,0.369,0.561,0.609,-0.404,0.373,0.87,0.094,0.166,0.221,0.264,0.319,0.149,-0.151,1.0,1.0,-0.003,0.058,1.0,-0.591,0.31,0.515,1.0,0.931,1.0,-0.003,0.058,1.0,0.359,0.259,0.312,-0.003,0.036,1.0,-0.001,0.012,1.0,-0.094,0.182,0.242,0.884,1.0,1.0,0.043,0.137,1.0,-0.023,0.013,0.003,0.0,0.0,0.0,0.0,0.0,0.0,0.0,0.0,0.0,0.054,0.043,0.013,0.203,0.086,0.248,0.061,0.043,0.026,0.242,0.101,0.263,-1.0,1.0,1.0,-0.977,1.0,1.0,0.066,0.329,0.321
20260304_135106,1772603548.9947922,0.3,0.436,0.714,0.284,0.188,0.577,0.459,0.0,0.016,0.429,1.0,0.016,0.852,0.0,0.0,0.423,0.198,-0.969,0.958,0.0,0.0,0,0.528,0.701,0.62,0.736,-0.008,-1.247,1.247,0.603,high,0.37,1.0,0.0,0.717,0.14,au7_eye_squeeze,0.577,4,11,anxiety,0.35,neutral,1,0.312,0.263,0.444,0.602,0.347,0.724,0.359,0.544,0.735,-0.4,0.374,0.746,0.085,0.162,0.196,0.246,0.31,0.106,-0.142,1.0,1.0,-0.002,0.06,1.0,-0.576,0.307,0.591,1.0,0.911,1.0,-0.002,0.06,1.0,0.352,0.257,0.312,-0.004,0.036,1.0,-0.001,0.012,1.0,-0.085,0.18,0.216,0.836,1.0,1.0,0.042,0.136,1.0,-0.022,0.013,0.021,0.0,0.0,0.0,0.0,0.0,0.0,0.0,0.0,0.0,0.05,0.042,0.001,0.203,0.086,0.242,0.057,0.041,0.028,0.242,0.1,0.281,-1.0,1.0,1.0,-0.971,1.0,1.0,0.099,0.328,0.359
20260304_135106,1772603549.0511835,0.3,0.429,0.689,0.273,0.134,0.538,0.459,0.0,0.013,0.467,1.0,0.013,0.0,0.0,0.0,0.462,0.196,-0.972,0.965,0.0,0.0,0,0.527,0.7,0.618,0.721,-0.008,-1.349,1.349,0.238,low,0.355,0.0,0.0,0.717,0.028,,,,,startled_anxiety,0.353,neutral,1,0.305,0.258,0.386,0.588,0.337,0.598,0.348,0.527,0.584,-0.398,0.377,1.0,0.071,0.156,0.038,0.222,0.296,0.087,-0.133,1.0,1.0,-0.001,0.061,1.0,-0.557,0.303,0.449,1.0,0.892,1.0,-0.001,0.061,1.0,0.274,0.275,1.0,-0.004,0.036,1.0,-0.001,0.012,1.0,-0.071,0.175,0.042,0.778,1.0,1.0,0.042,0.135,1.0,-0.021,0.012,0.005,0.0,0.0,0.0,0.0,0.0,0.0,0.0,0.0,0.0,0.046,0.04,0.007,0.203,0.086,0.234,0.052,0.04,0.019,0.239,0.099,0.228,-1.0,1.0,1.0,-0.969,1.0,1.0,0.15,0.328,0.558
20260304_135106,1772603549.0902789,0.3,0.419,0.676,0.283,0.131,0.54,0.454,0.0,0.0,0.458,1.0,0.0,0.838,0.0,0.0,0.46,0.194,-0.976,0.969,0.0,0.0,0,0.529,0.701,0.617,0.723,-0.007,-1.34,1.34,0.603,high,0.368,1.0,0.0,0.716,0.14,,,,,anxiety,0.35,neutral,1,0.297,0.252,0.313,0.572,0.327,0.523,0.338,0.51,0.647,-0.395,0.38,1.0,0.056,0.149,0.036,0.19,0.274,0.038,-0.122,1.0,1.0,-0.001,0.061,1.0,-0.537,0.299,0.463,1.0,0.873,1.0,-0.001,0.061,1.0,0.258,0.27,0.275,-0.002,0.031,1.0,-0.001,0.012,1.0,-0.056,0.169,0.041,0.707,1.0,1.0,0.04,0.134,1.0,-0.019,0.012,0.004,0.0,0.0,0.0,0.0,0.0,0.0,0.0,0.0,0.0,0.042,0.039,0.001,0.203,0.086,0.232,0.048,0.038,0.011,0.237,0.098,0.228,-1.0,1.0,1.0,-0.964,1.0,1.0,0.218,0.324,0.55
20260304_135106,1772603549.121975,0.3,0.405,0.675,0.286,0.136,0.536,0.458,0.0,0.0,0.396,1.0,0.0,0.631,0.0,0.0,0.464,0.202,-0.972,0.968,0.0,0.0,0,0.528,0.702,0.622,0.726,-0.008,-1.315,1.315,0.538,medium,0.372,0.82,0.0,0.716,0.119,,,,,anxiety,0.298,neutral,1,0.288,0.246,0.224,0.554,0.317,0.495,0.327,0.492,0.631,-0.391,0.382,1.0,0.038,0.14,0.011,0.158,0.249,0.033,-0.112,1.0,1.0,-0.002,0.061,1.0,-0.521,0.296,0.657,1.0,0.854,1.0,-0.002,0.061,1.0,0.221,0.264,0.301,-0.002,0.031,1.0,-0.001,0.012,1.0,-0.038,0.16,0.012,0.614,1.0,1.0,0.039,0.133,1.0,-0.017,0.012,0.002,0.0,0.0,0.0,0.0,0.0,0.0,0.0,0.0,0.0,0.038,0.037,0.007,0.203,0.085,0.23,0.043,0.036,0.026,0.235,0.097,0.231,-0.918,1.0,1.0,-0.956,1.0,1.0,0.312,0.312,0.521
20260304_135106,1772603549.148752,0.3,0.388,0.654,0.297,0.145,0.555,0.454,0.0,0.0,0.394,1.0,0.0,0.888,0.0,0.0,0.445,0.21,-0.972,0.97,0.0,0.0,0,0.533,0.708,0.623,0.731,-0.004,-1.315,1.315,0.607,high,0.386,1.0,0.0,0.716,0.14,,,,,anxiety,0.349,neutral,1,0.276,0.239,0.112,0.533,0.305,0.387,0.316,0.475,0.694,-0.385,0.382,0.979,0.024,0.134,0.073,0.124,0.223,0.007,-0.1,1.0,1.0,-0.002,0.061,1.0,-0.505,0.292,0.651,1.0,0.836,1.0,-0.002,0.061,1.0,0.217,0.262,0.388,-0.002,0.031,1.0,-0.001,0.012,1.0,-0.024,0.154,0.085,0.512,1.0,0.864,0.038,0.131,1.0,-0.016,0.012,0.006,0.0,0.0,0.0,0.0,0.0,0.0,0.0,0.0,0.0,0.034,0.035,0.011,0.203,0.085,0.241,0.039,0.034,0.027,0.232,0.096,0.24,-0.775,1.0,1.0,-0.945,1.0,1.0,0.419,0.292,0.546
20260304_135106,1772603549.1697605,0.3,0.456,0.698,0.264,0.113,0.548,0.452,0.0,0.0,0.442,1.0,0.0,0.86,0.0,0.0,0.452,0.203,-0.979,0.971,0.0,0.0,0,0.532,0.709,0.621,0.728,0.007,-1.35,1.35,0.598,medium,0.343,1.0,0.0,0.716,0.141,,,,,anxiety,0.352,neutral,1,0.268,0.231,0.467,0.513,0.292,0.524,0.303,0.457,0.358,-0.381,0.384,1.0,0.006,0.123,0.034,0.09,0.194,0.037,-0.088,1.0,1.0,-0.002,0.061,1.0,-0.484,0.285,0.467,1.0,0.817,1.0,-0.002,0.061,1.0,0.234,0.262,0.312,-0.003,0.031,1.0,-0.001,0.012,1.0,-0.006,0.144,0.04,0.4,1.0,0.464,0.037,0.13,1.0,-0.014,0.012,0.009,0.0,0.0,0.0,0.0,0.0,0.0,0.0,0.0,0.0,0.03,0.033,0.002,0.203,0.085,0.24,0.034,0.032,0.017,0.229,0.094,0.223,-0.618,1.0,1.0,-0.935,1.0,1.0,0.541,0.264,0.643
20260304_135106,1772603549.2127826,0.3,0.452,0.692,0.303,0.128,0.518,0.457,0.0,0.0,0.429,1.0,0.0,0.816,0.0,0.0,0.482,0.205,-0.972,0.971,0.0,0.0,0,0.535,0.712,0.619,0.74,-0.001,-1.306,1.306,0.605,high,0.394,1.0,0.0,0.803,0.122,au4_frown,0.303,2,13,anxiety,0.305,neutral,1,0.258,0.223,0.426,0.49,0.278,0.473,0.292,0.44,0.673,-0.374,0.383,1.0,-0.01,0.117,0.085,0.055,0.161,0.039,-0.076,1.0,1.0,-0.002,0.061,1.0,-0.463,0.279,0.496,1.0,0.799,1.0,-0.002,0.061,1.0,0.219,0.258,0.181,-0.003,0.031,1.0,0.0,0.0,0.0,0.01,0.138,0.1,0.311,1.0,0.296,0.036,0.129,1.0,-0.013,0.012,0.009,0.0,0.0,0.0,0.0,0.0,0.0,0.0,0.0,0.0,0.026,0.031,0.012,0.203,0.085,0.244,0.029,0.029,0.006,0.227,0.093,0.252,-0.489,1.0,1.0,-0.921,1.0,1.0,0.629,0.251,0.575
20260304_135106,1772603549.2439535,0.3,0.406,0.647,0.292,0.167,0.506,0.46,0.0,0.0,0.382,1.0,0.0,0.869,0.0,0.0,0.494,0.205,-0.964,0.97,0.0,0.0,0,0.534,0.715,0.621,0.739,-0.004,-1.277,1.277,0.604,high,0.38,1.0,0.0,0.703,0.14,au4_frown,0.292,3,12,anxiety,0.349,neutral,1,0.246,0.214,0.162,0.466,0.265,0.288,0.279,0.422,0.537,-0.365,0.381,0.769,-0.03,0.108,0.136,0.02,0.12,0.045,-0.064,1.0,1.0,-0.002,0.061,1.0,-0.444,0.272,0.645,1.0,0.781,1.0,-0.002,0.061,1.0,0.187,0.244,0.302,-0.003,0.031,1.0,0.0,0.0,0.0,0.03,0.128,0.162,0.218,0.849,0.12,0.035,0.128,1.0,-0.011,0.011,0.006,0.0,0.0,0.0,0.0,0.0,0.0,0.0,0.0,0.0,0.021,0.029,0.005,0.203,0.085,0.247,0.024,0.027,0.011,0.224,0.092,0.243,-0.357,1.0,1.0,-0.905,1.0,1.0,0.718,0.235,0.534
20260304_135106,1772603549.277831,0.3,0.44,0.682,0.297,0.16,0.48,0.46,0.0,0.0,0.4,1.0,0.0,0.879,0.0,0.0,0.52,0.205,-0.971,0.969,0.0,0.0,0,0.53,0.721,0.619,0.751,-0.006,-1.265,1.265,0.582,medium,0.386,1.0,0.0,0.55,0.14,au4_frown,0.297,4,11,anxiety,0.349,neutral,1,0.236,0.207,0.323,0.445,0.253,0.389,0.267,0.403,0.543,-0.356,0.377,0.805,-0.054,0.095,0.242,-0.016,0.056,0.067,-0.052,0.291,1.0,-0.003,0.061,1.0,-0.423,0.264,0.564,1.0,0.764,1.0,-0.003,0.061,1.0,0.148,0.225,0.303,-0.002,0.029,1.0,0.0,0.0,0.0,0.054,0.114,0.291,0.134,0.548,0.014,0.034,0.127,1.0,-0.009,0.011,0.006,0.0,0.0,0.0,0.0,0.0,0.0,0.0,0.0,0.0,0.017,0.027,0.011,0.203,0.084,0.257,0.019,0.024,0.002,0.222,0.091,0.271,-0.243,1.0,1.0,-0.886,1.0,1.0,0.786,0.227,0.522
20260304_135106,1772603549.306867,0.3,0.418,0.672,0.269,0.169,0.54,0.46,0.0,0.0,0.346,1.0,0.0,0.874,0.0,0.0,0.46,0.212,-0.973,0.966,0.0,0.0,0,0.536,0.725,0.623,0.747,0.014,-1.268,1.268,0.585,medium,0.35,1.0,0.0,0.622,0.141,,,,,anxiety,0.352,neutral,1,0.225,0.199,0.192,0.423,0.24,0.33,0.252,0.385,0.272,-0.347,0.374,0.719,-0.064,0.091,0.025,-0.033,0.032,0.075,-0.042,0.242,1.0,-0.003,0.061,1.0,-0.405,0.257,0.745,1.0,0.746,1.0,-0.003,0.061,1.0,0.099,0.197,0.259,0.0,0.0,0.0,0.0,0.0,0.0,0.064,0.11,0.03,0.08,0.383,0.027,0.033,0.125,1.0,-0.008,0.011,0.0,0.0,0.0,0.0,0.0,0.0,0.0,0.0,0.0,0.0,0.014,0.025,0.007,0.203,0.084,0.263,0.014,0.021,0.011,0.22,0.089,0.251,-0.172,1.0,0.038,-0.87,1.0,1.0,0.812,0.228,0.523
20260304_135106,1772603549.3344622,0.3,0.384,0.619,0.287,0.115,0.498,0.46,0.0,0.0,0.349,1.0,0.0,0.918,0.0,0.0,0.502,0.229,-0.974,0.982,0.0,0.0,0,0.538,0.728,0.617,0.734,-0.004,-1.328,1.329,0.585,medium,0.373,1.0,0.0,0.59,0.14,,,,,anxiety,0.35,neutral,1,0.212,0.192,0.001,0.398,0.229,0.127,0.238,0.365,0.39,-0.345,0.377,1.0,-0.077,0.089,0.181,-0.039,0.029,0.079,-0.033,0.206,1.0,-0.003,0.061,1.0,-0.386,0.247,0.714,1.0,0.729,1.0,-0.003,0.061,1.0,0.066,0.178,0.35,0.0,0.0,0.0,0.0,0.0,0.0,0.077,0.107,0.22,0.044,0.291,0.085,0.032,0.124,1.0,-0.004,0.011,0.034,0.0,0.0,0.0,0.0,0.0,0.0,0.0,0.0,0.0,0.01,0.023,0.016,0.203,0.084,0.266,0.009,0.018,0.009,0.215,0.088,0.202,-0.125,0.907,1.0,-0.861,1.0,1.0,0.825,0.229,0.632
20260304_135106,1772603549.368944,0.3,0.37,0.561,0.256,0.197,0.516,0.466,0.0,0.0,0.347,1.0,0.0,0.803,0.0,0.0,0.484,0.242,-0.976,0.983,0.0,0.0,0,0.541,0.731,0.619,0.741,0.008,-1.149,1.149,0.569,medium,0.332,1.0,0.0,0.539,0.141,,,,,anxiety,0.353,neutral,1,0.199,0.185,0.081,0.37,0.218,0.086,0.221,0.346,0.103,-0.338,0.376,0.472,-0.085,0.087,0.117,-0.043,0.028,0.056,-0.026,0.18,1.0,-0.003,0.061,1.0,-0.366,0.237,0.704,1.0,0.711,1.0,-0.003,0.061,1.0,0.036,0.168,0.04,0.0,0.0,0.0,0.0,0.0,0.0,0.085,0.106,0.142,0.021,0.238,0.166,0.03,0.122,1.0,-0.001,0.01,0.035,0.0,0.0,0.0,0.0,0.0,0.0,0.0,0.0,0.0,0.007,0.021,0.023,0.203,0.083,0.269,0.006,0.016,0.005,0.212,0.086,0.218,-0.087,0.732,1.0,-0.84,1.0,1.0,0.817,0.227,0.263
20260304_135106,1772603549.3937867,0.3,0.463,0.688,0.301,0.114,0.536,0.456,0.0,0.0,0.336,1.0,0.0,0.828,0.0,0.0,0.464,0.217,-0.978,0.971,0.0,0.0,0,0.539,0.731,0.617,0.751,0.015,-1.326,1.326,0.559,medium,0.391,1.0,0.0,0.504,0.122,au4_frown,0.301,2,13,anxiety,0.304,neutral,1,0.19,0.178,0.391,0.351,0.208,0.333,0.207,0.325,0.447,-0.335,0.379,1.0,-0.089,0.087,0.047,-0.045,0.028,0.095,-0.019,0.145,1.0,-0.003,0.061,1.0,-0.345,0.224,0.727,1.0,0.694,1.0,-0.003,0.061,1.0,0.013,0.161,0.093,0.0,0.0,0.0,0.0,0.0,0.0,0.089,0.106,0.057,0.002,0.206,0.082,0.028,0.119,1.0,0.001,0.01,0.012,0.0,0.0,0.0,0.0,0.0,0.0,0.0,0.0,0.0,0.004,0.019,0.014,0.202,0.083,0.262,0.002,0.014,0.013,0.209,0.084,0.241,-0.06,0.632,0.153,-0.83,1.0,1.0,0.814,0.225,0.598
20260304_135106,1772603549.4298816,0.3,0.421,0.626,0.263,0.172,0.51,0.461,0.0,0.0,0.291,1.0,0.0,0.882,0.0,0.0,0.49,0.202,-0.988,0.969,0.0,0.0,0,0.537,0.727,0.617,0.748,0.037,-1.214,1.214,0.561,medium,0.342,1.0,0.0,0.473,0.141,,,,,anxiety,0.352,neutral,1,0.179,0.17,0.159,0.327,0.197,0.105,0.189,0.304,0.112,-0.327,0.377,0.632,-0.097,0.086,0.143,-0.046,0.029,0.075,-0.013,0.11,1.0,-0.004,0.061,1.0,-0.327,0.211,0.882,1.0,0.677,1.0,-0.004,0.061,1.0,0.026,0.161,0.231,0.0,0.0,0.0,0.0,0.0,0.0,0.097,0.105,0.174,-0.014,0.183,0.238,0.025,0.118,1.0,0.003,0.01,0.007,0.0,0.0,0.0,0.0,0.0,0.0,0.0,0.0,0.0,0.002,0.018,0.003,0.201,0.082,0.243,-0.001,0.013,0.013,0.206,0.083,0.224,-0.034,0.541,0.365,-0.811,1.0,1.0,0.8,0.221,0.361
20260304_135106,1772603549.48475,0.3,0.474,0.698,0.266,0.117,0.515,0.461,0.0,0.0,0.346,1.0,0.0,0.827,0.0,0.0,0.485,0.206,-0.982,0.971,0.0,0.0,0,0.537,0.73,0.617,0.752,0.031,-1.299,1.3,0.558,medium,0.345,1.0,0.0,0.45,0.141,,,,,anxiety,0.352,neutral,1,0.172,0.163,0.414,0.31,0.187,0.329,0.172,0.282,0.105,-0.325,0.38,1.0,-0.1,0.087,0.121,-0.047,0.029,0.072,-0.007,0.078,1.0,-0.004,0.061,1.0,-0.307,0.197,0.652,1.0,0.66,1.0,-0.004,0.061,1.0,0.035,0.161,0.09,0.0,0.0,0.0,0.0,0.0,0.0,0.1,0.105,0.147,-0.026,0.173,0.208,0.023,0.115,1.0,0.005,0.009,0.012,0.0,0.0,0.0,0.0,0.0,0.0,0.0,0.0,0.0,-0.001,0.016,0.003,0.2,0.082,0.245,-0.004,0.012,0.014,0.202,0.081,0.228,-0.014,0.486,0.306,-0.8,1.0,1.0,0.792,0.217,0.512
20260304_135106,1772603549.5197923,0.3,0.441,0.665,0.283,0.136,0.529,0.466,0.0,0.0,0.269,1.0,0.0,0.908,0.0,0.0,0.471,0.231,-0.977,0.972,0.0,0.0,0,0.538,0.729,0.618,0.754,0.003,-1.247,1.247,0.559,medium,0.367,1.0,0.0,0.426,0.14,,,,,anxiety,0.35,neutral,1,0.162,0.156,0.232,0.292,0.178,0.204,0.155,0.258,0.214,-0.321,0.381,0.888,-0.102,0.087,0.072,-0.047,0.029,0.05,-0.003,0.038,1.0,-0.004,0.061,1.0,-0.294,0.186,0.94,1.0,0.643,1.0,-0.004,0.061,1.0,0.048,0.161,0.298,0.0,0.0,0.0,0.0,0.0,0.0,0.102,0.105,0.087,-0.034,0.162,0.003,0.02,0.111,1.0,0.007,0.009,0.014,0.0,0.0,0.0,0.0,0.0,0.0,0.0,0.0,0.0,-0.003,0.015,0.005,0.198,0.081,0.236,-0.006,0.011,0.011,0.199,0.08,0.227,0.003,0.433,0.03,-0.784,1.0,1.0,0.778,0.214,0.393
20260304_135106,1772603549.561133,0.3,0.41,0.612,0.3,0.174,0.484,0.467,0.0,0.0,0.283,1.0,0.0,0.909,0.0,0.0,0.516,0.228,-0.98,0.976,0.0,0.0,0,0.539,0.732,0.607,0.752,-0.019,-1.193,1.193,0.545,medium,0.39,1.0,0.0,0.403,0.123,,,,,anxiety,0.307,neutral,1,0.152,0.15,0.06,0.273,0.171,0.016,0.139,0.233,0.322,-0.316,0.381,0.561,-0.107,0.088,0.235,-0.048,0.029,0.044,-0.0,0.001,1.0,-0.004,0.061,1.0,-0.286,0.182,0.87,1.0,0.627,1.0,-0.004,0.061,1.0,0.061,0.161,0.298,0.0,0.0,0.0,0.0,0.0,0.0,0.107,0.106,0.285,-0.043,0.153,0.036,0.018,0.108,1.0,0.008,0.009,0.023,0.0,0.0,0.0,0.0,0.0,0.0,0.0,0.0,0.0,-0.005,0.014,0.006,0.197,0.08,0.238,-0.008,0.011,0.05,0.196,0.078,0.214,0.016,0.383,0.191,-0.767,1.0,1.0,0.763,0.21,0.276
20260304_135106,1772603549.594635,0.3,0.435,0.624,0.262,0.173,0.518,0.465,0.0,0.0,0.281,1.0,0.0,0.865,0.0,0.0,0.482,0.202,-0.985,0.968,0.0,0.0,0,0.537,0.724,0.607,0.747,0.017,-1.218,1.218,0.561,medium,0.34,1.0,0.0,0.473,0.141,,,,,anxiety,0.353,neutral,1,0.146,0.146,0.182,0.258,0.166,0.045,0.12,0.205,0.002,-0.312,0.381,0.557,-0.107,0.088,0.107,-0.048,0.029,0.055,0.0,0.0,0.0,-0.004,0.061,1.0,-0.289,0.185,0.868,1.0,0.61,1.0,-0.004,0.061,1.0,0.067,0.162,0.184,0.0,0.0,0.0,0.0,0.0,0.0,0.107,0.106,0.129,-0.054,0.145,0.273,0.015,0.105,1.0,0.008,0.009,0.006,0.0,0.0,0.0,0.0,0.0,0.0,0.0,0.0,0.0,-0.007,0.013,0.002,0.194,0.079,0.208,-0.011,0.011,0.047,0.193,0.077,0.193,0.03,0.351,0.17,-0.755,1.0,1.0,0.752,0.207,0.312
20260304_135106,1772603549.6222367,0.3,0.475,0.722,0.307,0.157,0.528,0.468,0.0,0.0,0.332,1.0,0.0,0.897,0.0,0.0,0.472,0.209,-0.972,0.969,0.0,0.0,0,0.54,0.735,0.611,0.759,0.007,-1.261,1.261,0.555,medium,0.399,1.0,0.0,0.466,0.122,,,,,anxiety,0.304,neutral,1,0.144,0.144,0.372,0.252,0.163,0.358,0.107,0.184,0.321,-0.309,0.383,0.677,-0.105,0.087,0.069,-0.048,0.029,0.042,0.0,0.0,0.0,-0.004,0.061,1.0,-0.295,0.189,0.654,1.0,0.593,1.0,-0.004,0.061,1.0,0.087,0.161,0.266,0.0,0.0,0.0,0.0,0.0,0.0,0.105,0.105,0.083,-0.062,0.14,0.218,0.013,0.102,1.0,0.009,0.009,0.008,0.0,0.0,0.0,0.0,0.0,0.0,0.0,0.0,0.0,-0.009,0.012,0.008,0.193,0.078,0.235,-0.012,0.01,0.034,0.19,0.076,0.22,0.04,0.328,0.069,-0.749,1.0,1.0,0.746,0.205,0.382
20260304_135106,1772603549.6521995,0.3,0.47,0.704,0.299,0.117,0.508,0.466,0.0,0.0,0.272,1.0,0.0,0.878,0.0,0.0,0.492,0.211,-0.984,0.968,0.0,0.0,0,0.537,0.729,0.603,0.759,-0.019,-1.274,1.274,0.559,medium,0.389,1.0,0.0,0.44,0.14,,,,,anxiety,0.349,neutral,1,0.14,0.141,0.336,0.244,0.159,0.287,0.095,0.164,0.24,-0.308,0.387,1.0,-0.107,0.088,0.138,-0.048,0.029,0.048,0.0,0.0,0.0,-0.0,0.029,1.0,-0.307,0.195,0.89,1.0,0.577,1.0,-0.0,0.029,1.0,0.102,0.161,0.22,0.0,0.0,0.0,0.0,0.0,0.0,0.107,0.105,0.166,-0.067,0.138,0.201,0.011,0.099,1.0,0.009,0.009,0.006,0.0,0.0,0.0,0.0,0.0,0.0,0.0,0.0,0.0,-0.01,0.012,0.004,0.191,0.077,0.211,-0.014,0.011,0.061,0.187,0.074,0.214,0.047,0.31,0.193,-0.742,1.0,1.0,0.74,0.203,0.395
20260304_135106,1772603549.681564,0.3,0.494,0.719,0.33,0.157,0.491,0.466,0.0,0.0,0.296,1.0,0.0,0.914,0.0,0.0,0.509,0.201,-0.977,0.96,0.0,0.0,0,0.537,0.735,0.61,0.771,0.023,-1.214,1.214,0.55,medium,0.43,1.0,0.0,0.437,0.121,au4_frown,0.33,2,13,anxiety,0.302,neutral,1,0.141,0.141,0.441,0.24,0.158,0.327,0.085,0.147,0.453,-0.305,0.388,0.649,-0.108,0.088,0.197,-0.048,0.029,0.047,0.0,0.0,0.0,-0.001,0.029,1.0,-0.32,0.2,0.786,1.0,0.562,1.0,-0.001,0.029,1.0,0.116,0.161,0.31,0.0,0.0,0.0,0.0,0.0,0.0,0.108,0.105,0.236,-0.073,0.137,0.288,0.009,0.097,1.0,0.009,0.009,0.012,0.0,0.0,0.0,0.0,0.0,0.0,0.0,0.0,0.0,-0.011,0.011,0.001,0.189,0.076,0.222,-0.016,0.011,0.039,0.186,0.074,0.243,0.056,0.301,0.229,-0.732,1.0,1.0,0.729,0.201,0.27
20260304_135106,1772603549.744585,0.3,0.508,0.75,0.317,0.151,0.489,0.47,0.0,0.0,0.304,1.0,0.0,0.822,0.0,0.0,0.511,0.2,-0.966,0.957,0.0,0.0,0,0.54,0.737,0.606,0.768,0.016,-1.253,1.253,0.546,medium,0.413,1.0,0.0,0.435,0.122,au4_frown,0.317,3,12,anxiety,0.304,neutral,1,0.143,0.141,0.501,0.239,0.157,0.415,0.077,0.134,0.335,-0.301,0.389,0.695,-0.109,0.089,0.202,-0.048,0.029,0.027,0.0,0.0,0.0,-0.001,0.029,1.0,-0.333,0.205,0.751,1.0,0.548,0.969,-0.001,0.029,1.0,0.123,0.161,0.075,0.0,0.0,0.0,0.0,0.0,0.0,0.109,0.106,0.241,-0.078,0.138,0.298,0.008,0.095,1.0,0.008,0.009,0.018,0.0,0.0,0.0,0.0,0.0,0.0,0.0,0.0,0.0,-0.012,0.011,0.008,0.188,0.075,0.221,-0.017,0.011,0.049,0.185,0.073,0.23,0.063,0.296,0.155,-0.722,1.0,1.0,0.719,0.198,0.332
,,,,,,,,,,,,,,,,,,,,,,,,,,,,,,,,,,,,,,,,,,,,,,,,,,,,,,,,,,,,,,,,,,,,,,,,,,,,,,,,,,,,,,,,,,,,,,,,,,,,,,,,,,,,,,,,,,,,,,,,,,,,,,,,,
,,,,,,,,,,,,,,,,,,,,,,,,,,,,,,,,,,,,,,,,,,,,,,,,,,,,,,,,,,,,,,,,,,,,,,,,,,,,,,,,,,,,,,,,,,,,,,,,,,,,,,,,,,,,,,,,,,,,,,,,,,,,,,,,,
,,,,,,,,,,,,,,,,,,,,,,,,,,,,,,,,,,,,,,,,,,,,,,,,,,,,,,,,,,,,,,,,,,,,,,,,,,,,,,,,,,,,,,,,,,,,,,,,,,,,,,,,,,,,,,,,,,,,,,,,,,,,,,,,,
,,,,,,,,,,,,,,,,,,,,,,,,,,,,,,,,,,,,,,,,,,,,,,,,,,,,,,,,,,,,,,,,,,,,,,,,,,,,,,,,,,,,,,,,,,,,,,,,,,,,,,,,,,,,,,,,,,,,,,,,,,,,,,,,,
,,,,,,,,,,,,,,,,,,,,,,,,,,,,,,,,,,,,,,,,,,,,,,,,,,,,,,,,,,,,,,,,,,,,,,,,,,,,,,,,,,,,,,,,,,,,,,,,,,,,,,,,,,,,,,,,,,,,,,,,,,,,,,,,,
,,,,,,,,,,,,,,,,,,,,,,,,,,,,,,,,,,,,,,,,,,,,,,,,,,,,,,,,,,,,,,,,,,,,,,,,,,,,,,,,,,,,,,,,,,,,,,,,,,,,,,,,,,,,,,,,,,,,,,,,,,,,,,,,,
,,,,,,,,,,,,,,,,,,,,,,,,,,,,,,,,,,,,,,,,,,,,,,,,,,,,,,,,,,,,,,,,,,,,,,,,,,,,,,,,,,,,,,,,,,,,,,,,,,,,,,,,,,,,,,,,,,,,,,,,,,,,,,,,,
,,,,,,,,,,,,,,,,,,,,,,,,,,,,,,,,,,,,,,,,,,,,,,,,,,,,,,,,,,,,,,,,,,,,,,,,,,,,,,,,,,,,,,,,,,,,,,,,,,,,,,,,,,,,,,,,,,,,,,,,,,,,,,,,,
,,,,,,,,,,,,,,,,,,,,,,,,,,,,,,,,,,,,,,,,,,,,,,,,,,,,,,,,,,,,,,,,,,,,,,,,,,,,,,,,,,,,,,,,,,,,,,,,,,,,,,,,,,,,,,,,,,,,,,,,,,,,,,,,,
,,,,,,,,,,,,,,,,,,,,,,,,,,,,,,,,,,,,,,,,,,,,,,,,,,,,,,,,,,,,,,,,,,,,,,,,,,,,,,,,,,,,,,,,,,,,,,,,,,,,,,,,,,,,,,,,,,,,,,,,,,,,,,,,,
,,,,,,,,,,,,,,,,,,,,,,,,,,,,,,,,,,,,,,,,,,,,,,,,,,,,,,,,,,,,,,,,,,,,,,,,,,,,,,,,,,,,,,,,,,,,,,,,,,,,,,,,,,,,,,,,,,,,,,,,,,,,,,,,,
,,,,,,,,,,,,,,,,,,,,,,,,,,,,,,,,,,,,,,,,,,,,,,,,,,,,,,,,,,,,,,,,,,,,,,,,,,,,,,,,,,,,,,,,,,,,,,,,,,,,,,,,,,,,,,,,,,,,,,,,,,,,,,,,,
,,,,,,,,,,,,,,,,,,,,,,,,,,,,,,,,,,,,,,,,,,,,,,,,,,,,,,,,,,,,,,,,,,,,,,,,,,,,,,,,,,,,,,,,,,,,,,,,,,,,,,,,,,,,,,,,,,,,,,,,,,,,,,,,,
,,,,,,,,,,,,,,,,,,,,,,,,,,,,,,,,,,,,,,,,,,,,,,,,,,,,,,,,,,,,,,,,,,,,,,,,,,,,,,,,,,,,,,,,,,,,,,,,,,,,,,,,,,,,,,,,,,,,,,,,,,,,,,,,,
,,,,,,,,,,,,,,,,,,,,,,,,,,,,,,,,,,,,,,,,,,,,,,,,,,,,,,,,,,,,,,,,,,,,,,,,,,,,,,,,,,,,,,,,,,,,,,,,,,,,,,,,,,,,,,,,,,,,,,,,,,,,,,,,,
,,,,,,,,,,,,,,,,,,,,,,,,,,,,,,,,,,,,,,,,,,,,,,,,,,,,,,,,,,,,,,,,,,,,,,,,,,,,,,,,,,,,,,,,,,,,,,,,,,,,,,,,,,,,,,,,,,,,,,,,,,,,,,,,,
,,,,,,,,,,,,,,,,,,,,,,,,,,,,,,,,,,,,,,,,,,,,,,,,,,,,,,,,,,,,,,,,,,,,,,,,,,,,,,,,,,,,,,,,,,,,,,,,,,,,,,,,,,,,,,,,,,,,,,,,,,,,,,,,,
,,,,,,,,,,,,,,,,,,,,,,,,,,,,,,,,,,,,,,,,,,,,,,,,,,,,,,,,,,,,,,,,,,,,,,,,,,,,,,,,,,,,,,,,,,,,,,,,,,,,,,,,,,,,,,,,,,,,,,,,,,,,,,,,,
,,,,,,,,,,,,,,,,,,,,,,,,,,,,,,,,,,,,,,,,,,,,,,,,,,,,,,,,,,,,,,,,,,,,,,,,,,,,,,,,,,,,,,,,,,,,,,,,,,,,,,,,,,,,,,,,,,,,,,,,,,,,,,,,,
,,,,,,,,,,,,,,,,,,,,,,,,,,,,,,,,,,,,,,,,,,,,,,,,,,,,,,,,,,,,,,,,,,,,,,,,,,,,,,,,,,,,,,,,,,,,,,,,,,,,,,,,,,,,,,,,,,,,,,,,,,,,,,,,,
,,,,,,,,,,,,,,,,,,,,,,,,,,,,,,,,,,,,,,,,,,,,,,,,,,,,,,,,,,,,,,,,,,,,,,,,,,,,,,,,,,,,,,,,,,,,,,,,,,,,,,,,,,,,,,,,,,,,,,,,,,,,,,,,,
,,,,,,,,,,,,,,,,,,,,,,,,,,,,,,,,,,,,,,,,,,,,,,,,,,,,,,,,,,,,,,,,,,,,,,,,,,,,,,,,,,,,,,,,,,,,,,,,,,,,,,,,,,,,,,,,,,,,,,,,,,,,,,,,,
,,,,,,,,,,,,,,,,,,,,,,,,,,,,,,,,,,,,,,,,,,,,,,,,,,,,,,,,,,,,,,,,,,,,,,,,,,,,,,,,,,,,,,,,,,,,,,,,,,,,,,,,,,,,,,,,,,,,,,,,,,,,,,,,,
,,,,,,,,,,,,,,,,,,,,,,,,,,,,,,,,,,,,,,,,,,,,,,,,,,,,,,,,,,,,,,,,,,,,,,,,,,,,,,,,,,,,,,,,,,,,,,,,,,,,,,,,,,,,,,,,,,,,,,,,,,,,,,,,,
,,,,,,,,,,,,,,,,,,,,,,,,,,,,,,,,,,,,,,,,,,,,,,,,,,,,,,,,,,,,,,,,,,,,,,,,,,,,,,,,,,,,,,,,,,,,,,,,,,,,,,,,,,,,,,,,,,,,,,,,,,,,,,,,,
,,,,,,,,,,,,,,,,,,,,,,,,,,,,,,,,,,,,,,,,,,,,,,,,,,,,,,,,,,,,,,,,,,,,,,,,,,,,,,,,,,,,,,,,,,,,,,,,,,,,,,,,,,,,,,,,,,,,,,,,,,,,,,,,,
,,,,,,,,,,,,,,,,,,,,,,,,,,,,,,,,,,,,,,,,,,,,,,,,,,,,,,,,,,,,,,,,,,,,,,,,,,,,,,,,,,,,,,,,,,,,,,,,,,,,,,,,,,,,,,,,,,,,,,,,,,,,,,,,,
,,,,,,,,,,,,,,,,,,,,,,,,,,,,,,,,,,,,,,,,,,,,,,,,,,,,,,,,,,,,,,,,,,,,,,,,,,,,,,,,,,,,,,,,,,,,,,,,,,,,,,,,,,,,,,,,,,,,,,,,,,,,,,,,,
,,,,,,,,,,,,,,,,,,,,,,,,,,,,,,,,,,,,,,,,,,,,,,,,,,,,,,,,,,,,,,,,,,,,,,,,,,,,,,,,,,,,,,,,,,,,,,,,,,,,,,,,,,,,,,,,,,,,,,,,,,,,,,,,,
,,,,,,,,,,,,,,,,,,,,,,,,,,,,,,,,,,,,,,,,,,,,,,,,,,,,,,,,,,,,,,,,,,,,,,,,,,,,,,,,,,,,,,,,,,,,,,,,,,,,,,,,,,,,,,,,,,,,,,,,,,,,,,,,,
,,,,,,,,,,,,,,,,,,,,,,,,,,,,,,,,,,,,,,,,,,,,,,,,,,,,,,,,,,,,,,,,,,,,,,,,,,,,,,,,,,,,,,,,,,,,,,,,,,,,,,,,,,,,,,,,,,,,,,,,,,,,,,,,,
,,,,,,,,,,,,,,,,,,,,,,,,,,,,,,,,,,,,,,,,,,,,,,,,,,,,,,,,,,,,,,,,,,,,,,,,,,,,,,,,,,,,,,,,,,,,,,,,,,,,,,,,,,,,,,,,,,,,,,,,,,,,,,,,,
,,,,,,,,,,,,,,,,,,,,,,,,,,,,,,,,,,,,,,,,,,,,,,,,,,,,,,,,,,,,,,,,,,,,,,,,,,,,,,,,,,,,,,,,,,,,,,,,,,,,,,,,,,,,,,,,,,,,,,,,,,,,,,,,,
,,,,,,,,,,,,,,,,,,,,,,,,,,,,,,,,,,,,,,,,,,,,,,,,,,,,,,,,,,,,,,,,,,,,,,,,,,,,,,,,,,,,,,,,,,,,,,,,,,,,,,,,,,,,,,,,,,,,,,,,,,,,,,,,,
,,,,,,,,,,,,,,,,,,,,,,,,,,,,,,,,,,,,,,,,,,,,,,,,,,,,,,,,,,,,,,,,,,,,,,,,,,,,,,,,,,,,,,,,,,,,,,,,,,,,,,,,,,,,,,,,,,,,,,,,,,,,,,,,,
,,,,,,,,,,,,,,,,,,,,,,,,,,,,,,,,,,,,,,,,,,,,,,,,,,,,,,,,,,,,,,,,,,,,,,,,,,,,,,,,,,,,,,,,,,,,,,,,,,,,,,,,,,,,,,,,,,,,,,,,,,,,,,,,,
,,,,,,,,,,,,,,,,,,,,,,,,,,,,,,,,,,,,,,,,,,,,,,,,,,,,,,,,,,,,,,,,,,,,,,,,,,,,,,,,,,,,,,,,,,,,,,,,,,,,,,,,,,,,,,,,,,,,,,,,,,,,,,,,,
,,,,,,,,,,,,,,,,,,,,,,,,,,,,,,,,,,,,,,,,,,,,,,,,,,,,,,,,,,,,,,,,,,,,,,,,,,,,,,,,,,,,,,,,,,,,,,,,,,,,,,,,,,,,,,,,,,,,,,,,,,,,,,,,,
,,,,,,,,,,,,,,,,,,,,,,,,,,,,,,,,,,,,,,,,,,,,,,,,,,,,,,,,,,,,,,,,,,,,,,,,,,,,,,,,,,,,,,,,,,,,,,,,,,,,,,,,,,,,,,,,,,,,,,,,,,,,,,,,,
,,,,,,,,,,,,,,,,,,,,,,,,,,,,,,,,,,,,,,,,,,,,,,,,,,,,,,,,,,,,,,,,,,,,,,,,,,,,,,,,,,,,,,,,,,,,,,,,,,,,,,,,,,,,,,,,,,,,,,,,,,,,,,,,,
,,,,,,,,,,,,,,,,,,,,,,,,,,,,,,,,,,,,,,,,,,,,,,,,,,,,,,,,,,,,,,,,,,,,,,,,,,,,,,,,,,,,,,,,,,,,,,,,,,,,,,,,,,,,,,,,,,,,,,,,,,,,,,,,,
,,,,,,,,,,,,,,,,,,,,,,,,,,,,,,,,,,,,,,,,,,,,,,,,,,,,,,,,,,,,,,,,,,,,,,,,,,,,,,,,,,,,,,,,,,,,,,,,,,,,,,,,,,,,,,,,,,,,,,,,,,,,,,,,,
,,,,,,,,,,,,,,,,,,,,,,,,,,,,,,,,,,,,,,,,,,,,,,,,,,,,,,,,,,,,,,,,,,,,,,,,,,,,,,,,,,,,,,,,,,,,,,,,,,,,,,,,,,,,,,,,,,,,,,,,,,,,,,,,,
,,,,,,,,,,,,,,,,,,,,,,,,,,,,,,,,,,,,,,,,,,,,,,,,,,,,,,,,,,,,,,,,,,,,,,,,,,,,,,,,,,,,,,,,,,,,,,,,,,,,,,,,,,,,,,,,,,,,,,,,,,,,,,,,,
,,,,,,,,,,,,,,,,,,,,,,,,,,,,,,,,,,,,,,,,,,,,,,,,,,,,,,,,,,,,,,,,,,,,,,,,,,,,,,,,,,,,,,,,,,,,,,,,,,,,,,,,,,,,,,,,,,,,,,,,,,,,,,,,,
,,,,,,,,,,,,,,,,,,,,,,,,,,,,,,,,,,,,,,,,,,,,,,,,,,,,,,,,,,,,,,,,,,,,,,,,,,,,,,,,,,,,,,,,,,,,,,,,,,,,,,,,,,,,,,,,,,,,,,,,,,,,,,,,,
,,,,,,,,,,,,,,,,,,,,,,,,,,,,,,,,,,,,,,,,,,,,,,,,,,,,,,,,,,,,,,,,,,,,,,,,,,,,,,,,,,,,,,,,,,,,,,,,,,,,,,,,,,,,,,,,,,,,,,,,,,,,,,,,,
,,,,,,,,,,,,,,,,,,,,,,,,,,,,,,,,,,,,,,,,,,,,,,,,,,,,,,,,,,,,,,,,,,,,,,,,,,,,,,,,,,,,,,,,,,,,,,,,,,,,,,,,,,,,,,,,,,,,,,,,,,,,,,,,,
,,,,,,,,,,,,,,,,,,,,,,,,,,,,,,,,,,,,,,,,,,,,,,,,,,,,,,,,,,,,,,,,,,,,,,,,,,,,,,,,,,,,,,,,,,,,,,,,,,,,,,,,,,,,,,,,,,,,,,,,,,,,,,,,,
,,,,,,,,,,,,,,,,,,,,,,,,,,,,,,,,,,,,,,,,,,,,,,,,,,,,,,,,,,,,,,,,,,,,,,,,,,,,,,,,,,,,,,,,,,,,,,,,,,,,,,,,,,,,,,,,,,,,,,,,,,,,,,,,,
,,,,,,,,,,,,,,,,,,,,,,,,,,,,,,,,,,,,,,,,,,,,,,,,,,,,,,,,,,,,,,,,,,,,,,,,,,,,,,,,,,,,,,,,,,,,,,,,,,,,,,,,,,,,,,,,,,,,,,,,,,,,,,,,,
,,,,,,,,,,,,,,,,,,,,,,,,,,,,,,,,,,,,,,,,,,,,,,,,,,,,,,,,,,,,,,,,,,,,,,,,,,,,,,,,,,,,,,,,,,,,,,,,,,,,,,,,,,,,,,,,,,,,,,,,,,,,,,,,,
,,,,,,,,,,,,,,,,,,,,,,,,,,,,,,,,,,,,,,,,,,,,,,,,,,,,,,,,,,,,,,,,,,,,,,,,,,,,,,,,,,,,,,,,,,,,,,,,,,,,,,,,,,,,,,,,,,,,,,,,,,,,,,,,,
,,,,,,,,,,,,,,,,,,,,,,,,,,,,,,,,,,,,,,,,,,,,,,,,,,,,,,,,,,,,,,,,,,,,,,,,,,,,,,,,,,,,,,,,,,,,,,,,,,,,,,,,,,,,,,,,,,,,,,,,,,,,,,,,,
,,,,,,,,,,,,,,,,,,,,,,,,,,,,,,,,,,,,,,,,,,,,,,,,,,,,,,,,,,,,,,,,,,,,,,,,,,,,,,,,,,,,,,,,,,,,,,,,,,,,,,,,,,,,,,,,,,,,,,,,,,,,,,,,,
,,,,,,,,,,,,,,,,,,,,,,,,,,,,,,,,,,,,,,,,,,,,,,,,,,,,,,,,,,,,,,,,,,,,,,,,,,,,,,,,,,,,,,,,,,,,,,,,,,,,,,,,,,,,,,,,,,,,,,,,,,,,,,,,,
,,,,,,,,,,,,,,,,,,,,,,,,,,,,,,,,,,,,,,,,,,,,,,,,,,,,,,,,,,,,,,,,,,,,,,,,,,,,,,,,,,,,,,,,,,,,,,,,,,,,,,,,,,,,,,,,,,,,,,,,,,,,,,,,,
,,,,,,,,,,,,,,,,,,,,,,,,,,,,,,,,,,,,,,,,,,,,,,,,,,,,,,,,,,,,,,,,,,,,,,,,,,,,,,,,,,,,,,,,,,,,,,,,,,,,,,,,,,,,,,,,,,,,,,,,,,,,,,,,,
,,,,,,,,,,,,,,,,,,,,,,,,,,,,,,,,,,,,,,,,,,,,,,,,,,,,,,,,,,,,,,,,,,,,,,,,,,,,,,,,,,,,,,,,,,,,,,,,,,,,,,,,,,,,,,,,,,,,,,,,,,,,,,,,,
,,,,,,,,,,,,,,,,,,,,,,,,,,,,,,,,,,,,,,,,,,,,,,,,,,,,,,,,,,,,,,,,,,,,,,,,,,,,,,,,,,,,,,,,,,,,,,,,,,,,,,,,,,,,,,,,,,,,,,,,,,,,,,,,,
,,,,,,,,,,,,,,,,,,,,,,,,,,,,,,,,,,,,,,,,,,,,,,,,,,,,,,,,,,,,,,,,,,,,,,,,,,,,,,,,,,,,,,,,,,,,,,,,,,,,,,,,,,,,,,,,,,,,,,,,,,,,,,,,,
,,,,,,,,,,,,,,,,,,,,,,,,,,,,,,,,,,,,,,,,,,,,,,,,,,,,,,,,,,,,,,,,,,,,,,,,,,,,,,,,,,,,,,,,,,,,,,,,,,,,,,,,,,,,,,,,,,,,,,,,,,,,,,,,,
,,,,,,,,,,,,,,,,,,,,,,,,,,,,,,,,,,,,,,,,,,,,,,,,,,,,,,,,,,,,,,,,,,,,,,,,,,,,,,,,,,,,,,,,,,,,,,,,,,,,,,,,,,,,,,,,,,,,,,,,,,,,,,,,,
,,,,,,,,,,,,,,,,,,,,,,,,,,,,,,,,,,,,,,,,,,,,,,,,,,,,,,,,,,,,,,,,,,,,,,,,,,,,,,,,,,,,,,,,,,,,,,,,,,,,,,,,,,,,,,,,,,,,,,,,,,,,,,,,,
,,,,,,,,,,,,,,,,,,,,,,,,,,,,,,,,,,,,,,,,,,,,,,,,,,,,,,,,,,,,,,,,,,,,,,,,,,,,,,,,,,,,,,,,,,,,,,,,,,,,,,,,,,,,,,,,,,,,,,,,,,,,,,,,,
,,,,,,,,,,,,,,,,,,,,,,,,,,,,,,,,,,,,,,,,,,,,,,,,,,,,,,,,,,,,,,,,,,,,,,,,,,,,,,,,,,,,,,,,,,,,,,,,,,,,,,,,,,,,,,,,,,,,,,,,,,,,,,,,,
,,,,,,,,,,,,,,,,,,,,,,,,,,,,,,,,,,,,,,,,,,,,,,,,,,,,,,,,,,,,,,,,,,,,,,,,,,,,,,,,,,,,,,,,,,,,,,,,,,,,,,,,,,,,,,,,,,,,,,,,,,,,,,,,,
,,,,,,,,,,,,,,,,,,,,,,,,,,,,,,,,,,,,,,,,,,,,,,,,,,,,,,,,,,,,,,,,,,,,,,,,,,,,,,,,,,,,,,,,,,,,,,,,,,,,,,,,,,,,,,,,,,,,,,,,,,,,,,,,,
,,,,,,,,,,,,,,,,,,,,,,,,,,,,,,,,,,,,,,,,,,,,,,,,,,,,,,,,,,,,,,,,,,,,,,,,,,,,,,,,,,,,,,,,,,,,,,,,,,,,,,,,,,,,,,,,,,,,,,,,,,,,,,,,,
,,,,,,,,,,,,,,,,,,,,,,,,,,,,,,,,,,,,,,,,,,,,,,,,,,,,,,,,,,,,,,,,,,,,,,,,,,,,,,,,,,,,,,,,,,,,,,,,,,,,,,,,,,,,,,,,,,,,,,,,,,,,,,,,,
,,,,,,,,,,,,,,,,,,,,,,,,,,,,,,,,,,,,,,,,,,,,,,,,,,,,,,,,,,,,,,,,,,,,,,,,,,,,,,,,,,,,,,,,,,,,,,,,,,,,,,,,,,,,,,,,,,,,,,,,,,,,,,,,,
,,,,,,,,,,,,,,,,,,,,,,,,,,,,,,,,,,,,,,,,,,,,,,,,,,,,,,,,,,,,,,,,,,,,,,,,,,,,,,,,,,,,,,,,,,,,,,,,,,,,,,,,,,,,,,,,,,,,,,,,,,,,,,,,,
,,,,,,,,,,,,,,,,,,,,,,,,,,,,,,,,,,,,,,,,,,,,,,,,,,,,,,,,,,,,,,,,,,,,,,,,,,,,,,,,,,,,,,,,,,,,,,,,,,,,,,,,,,,,,,,,,,,,,,,,,,,,,,,,,
,,,,,,,,,,,,,,,,,,,,,,,,,,,,,,,,,,,,,,,,,,,,,,,,,,,,,,,,,,,,,,,,,,,,,,,,,,,,,,,,,,,,,,,,,,,,,,,,,,,,,,,,,,,,,,,,,,,,,,,,,,,,,,,,,
,,,,,,,,,,,,,,,,,,,,,,,,,,,,,,,,,,,,,,,,,,,,,,,,,,,,,,,,,,,,,,,,,,,,,,,,,,,,,,,,,,,,,,,,,,,,,,,,,,,,,,,,,,,,,,,,,,,,,,,,,,,,,,,,,
,,,,,,,,,,,,,,,,,,,,,,,,,,,,,,,,,,,,,,,,,,,,,,,,,,,,,,,,,,,,,,,,,,,,,,,,,,,,,,,,,,,,,,,,,,,,,,,,,,,,,,,,,,,,,,,,,,,,,,,,,,,,,,,,,
,,,,,,,,,,,,,,,,,,,,,,,,,,,,,,,,,,,,,,,,,,,,,,,,,,,,,,,,,,,,,,,,,,,,,,,,,,,,,,,,,,,,,,,,,,,,,,,,,,,,,,,,,,,,,,,,,,,,,,,,,,,,,,,,,
,,,,,,,,,,,,,,,,,,,,,,,,,,,,,,,,,,,,,,,,,,,,,,,,,,,,,,,,,,,,,,,,,,,,,,,,,,,,,,,,,,,,,,,,,,,,,,,,,,,,,,,,,,,,,,,,,,,,,,,,,,,,,,,,,
,,,,,,,,,,,,,,,,,,,,,,,,,,,,,,,,,,,,,,,,,,,,,,,,,,,,,,,,,,,,,,,,,,,,,,,,,,,,,,,,,,,,,,,,,,,,,,,,,,,,,,,,,,,,,,,,,,,,,,,,,,,,,,,,,
,,,,,,,,,,,,,,,,,,,,,,,,,,,,,,,,,,,,,,,,,,,,,,,,,,,,,,,,,,,,,,,,,,,,,,,,,,,,,,,,,,,,,,,,,,,,,,,,,,,,,,,,,,,,,,,,,,,,,,,,,,,,,,,,,
,,,,,,,,,,,,,,,,,,,,,,,,,,,,,,,,,,,,,,,,,,,,,,,,,,,,,,,,,,,,,,,,,,,,,,,,,,,,,,,,,,,,,,,,,,,,,,,,,,,,,,,,,,,,,,,,,,,,,,,,,,,,,,,,,
,,,,,,,,,,,,,,,,,,,,,,,,,,,,,,,,,,,,,,,,,,,,,,,,,,,,,,,,,,,,,,,,,,,,,,,,,,,,,,,,,,,,,,,,,,,,,,,,,,,,,,,,,,,,,,,,,,,,,,,,,,,,,,,,,
20260304_135106,1772603552.4711268,0.3,0.163,0.17,0.0,0.606,0.634,0.478,0.623,0.0,0.959,0.0,0.0,0.511,0.0,0.0,0.366,0.375,-0.998,0.978,0.0,0.0,0,0.529,0.542,0.605,0.549,-0.098,-0.288,0.304,0.361,medium,0.0,0.664,0.0,0.528,0.109,,,,,startled_anxiety,0.408,neutral,1,0.119,0.154,1.0,0.196,0.174,1.0,0.047,0.162,1.0,-0.263,0.416,1.0,-0.099,0.09,0.336,-0.047,0.029,0.006,0.046,0.653,1.0,-0.0,0.029,1.0,-0.291,0.227,1.0,1.0,0.552,1.0,-0.0,0.029,1.0,0.109,0.166,0.71,0.0,0.0,0.0,0.0,0.0,0.0,0.099,0.107,0.399,-0.069,0.15,1.0,0.005,0.098,1.0,0.008,0.009,0.027,0.0,0.0,0.0,0.0,0.0,0.0,0.0,0.0,0.0,-0.013,0.011,0.035,0.172,0.077,0.372,-0.018,0.012,0.052,0.168,0.075,0.412,0.061,0.304,0.976,-0.64,1.0,1.0,0.639,0.211,1.0
20260304_135106,1772603552.5085409,0.3,0.214,0.231,0.0,0.525,0.603,0.473,0.695,0.0,1.0,0.0,0.0,0.735,0.0,0.0,0.397,0.361,-0.999,0.984,0.0,0.0,0,0.521,0.498,0.597,0.506,-0.09,-0.391,0.402,0.492,medium,0.0,0.956,0.0,0.617,0.154,au7_eye_squeeze,0.603,2,13,anxiety,0.385,neutral,1,0.099,0.161,0.945,0.159,0.186,1.0,0.019,0.19,1.0,-0.231,0.429,1.0,-0.091,0.09,0.221,-0.046,0.029,0.015,0.096,1.0,1.0,-0.0,0.029,1.0,-0.243,0.248,1.0,1.0,0.555,1.0,-0.0,0.029,1.0,0.091,0.163,0.139,0.0,0.0,0.0,0.0,0.0,0.0,0.091,0.108,0.262,-0.061,0.159,1.0,0.001,0.1,1.0,0.009,0.01,0.037,0.0,0.0,0.0,0.0,0.0,0.0,0.0,0.0,0.0,-0.015,0.012,0.062,0.153,0.08,0.502,-0.02,0.012,0.079,0.149,0.079,0.533,0.058,0.311,0.904,-0.566,1.0,1.0,0.565,0.219,1.0
20260304_135106,1772603552.5363188,0.3,0.189,0.203,0.035,0.59,0.647,0.471,0.723,0.0,1.0,0.0,0.0,0.84,0.0,0.0,0.353,0.369,-0.999,0.985,0.0,0.0,0,0.523,0.49,0.596,0.502,-0.073,-0.31,0.319,0.607,high,0.046,1.0,0.0,0.619,0.246,au7_eye_squeeze,0.647,3,12,anxiety,0.616,neutral,1,0.078,0.17,1.0,0.12,0.199,1.0,-0.005,0.209,1.0,-0.194,0.448,1.0,-0.082,0.092,0.378,-0.045,0.029,0.02,0.146,1.0,1.0,-0.0,0.029,1.0,-0.201,0.268,1.0,1.0,0.559,1.0,-0.0,0.029,1.0,0.084,0.162,0.122,0.0,0.0,0.0,0.0,0.0,0.0,0.082,0.11,0.451,-0.052,0.168,1.0,-0.001,0.103,1.0,0.009,0.01,0.039,0.0,0.0,0.0,0.0,0.0,0.0,0.0,0.0,0.0,-0.016,0.012,0.057,0.134,0.084,0.525,-0.022,0.013,0.081,0.129,0.083,0.544,0.056,0.315,0.733,-0.488,1.0,1.0,0.488,0.23,1.0
20260304_135106,1772603552.570825,0.3,0.177,0.191,0.0,0.582,0.73,0.471,0.729,0.0,1.0,0.0,0.0,0.838,0.0,0.0,0.27,0.359,-1.0,0.985,0.0,0.0,0,0.522,0.488,0.596,0.499,-0.074,-0.313,0.322,0.596,medium,0.0,1.0,0.0,0.621,0.246,au7_eye_squeeze,0.73,4,11,anxiety,0.615,neutral,1,0.057,0.18,1.0,0.081,0.212,1.0,-0.031,0.234,1.0,-0.159,0.466,1.0,-0.066,0.098,0.682,-0.044,0.028,0.019,0.196,1.0,1.0,-0.0,0.029,1.0,-0.16,0.285,1.0,0.925,0.564,1.0,-0.0,0.029,1.0,0.086,0.162,0.117,0.0,0.0,0.0,0.0,0.0,0.0,0.066,0.118,0.816,-0.044,0.175,1.0,-0.004,0.106,1.0,0.01,0.01,0.039,0.0,0.0,0.0,0.0,0.0,0.0,0.0,0.0,0.0,-0.017,0.012,0.057,0.116,0.087,0.528,-0.023,0.014,0.081,0.109,0.088,0.549,0.054,0.319,0.739,-0.412,1.0,1.0,0.412,0.241,1.0
20260304_135106,1772603552.6033034,0.3,0.178,0.183,0.0,0.589,0.737,0.469,0.73,0.0,1.0,0.0,0.0,0.812,0.0,0.0,0.263,0.343,-0.999,0.987,0.0,0.0,0,0.528,0.489,0.597,0.5,-0.046,-0.305,0.309,0.592,medium,0.0,1.0,0.0,0.622,0.242,au7_eye_squeeze,0.737,5,10,anxiety,0.605,neutral,1,0.036,0.189,1.0,0.042,0.225,1.0,-0.057,0.255,1.0,-0.123,0.482,1.0,-0.049,0.104,0.7,-0.043,0.028,0.026,0.245,1.0,1.0,-0.0,0.029,1.0,-0.118,0.3,1.0,0.835,0.568,1.0,-0.0,0.029,1.0,0.083,0.161,0.048,0.0,0.0,0.0,0.0,0.0,0.0,0.049,0.126,0.842,-0.037,0.179,0.849,-0.007,0.109,1.0,0.011,0.01,0.042,0.0,0.0,0.0,0.0,0.0,0.0,0.0,0.0,0.0,-0.018,0.012,0.036,0.097,0.091,0.522,-0.025,0.014,0.076,0.09,0.092,0.545,0.052,0.32,0.46,-0.336,1.0,1.0,0.336,0.252,1.0
20260304_135106,1772603552.6269054,0.3,0.179,0.186,0.0,0.596,0.776,0.468,0.724,0.0,1.0,0.0,0.0,0.809,0.0,0.0,0.224,0.321,-0.999,0.984,0.0,0.0,0,0.529,0.489,0.599,0.503,-0.016,-0.292,0.292,0.592,medium,0.0,1.0,0.0,0.622,0.242,au7_eye_squeeze,0.776,6,9,anxiety,0.605,neutral,1,0.014,0.198,1.0,0.003,0.237,1.0,-0.083,0.276,1.0,-0.087,0.498,1.0,-0.028,0.112,0.834,-0.043,0.028,0.033,0.293,1.0,1.0,-0.0,0.029,1.0,-0.075,0.314,1.0,0.746,0.573,1.0,-0.0,0.029,1.0,0.092,0.161,0.042,0.0,0.0,0.0,0.0,0.0,0.0,0.028,0.137,1.0,-0.031,0.182,0.653,-0.01,0.112,1.0,0.012,0.01,0.035,0.0,0.0,0.0,0.0,0.0,0.0,0.0,0.0,0.0,-0.019,0.013,0.03,0.079,0.094,0.52,-0.026,0.015,0.067,0.071,0.095,0.533,0.052,0.32,0.162,-0.257,1.0,1.0,0.257,0.263,1.0
20260304_135106,1772603552.662181,0.3,0.186,0.194,0.0,0.591,0.674,0.46,0.719,0.0,1.0,0.0,0.0,0.875,0.0,0.0,0.326,0.317,-0.999,0.984,0.0,0.0,0,0.531,0.489,0.602,0.503,0.001,-0.296,0.296,0.601,high,0.0,1.0,0.0,0.622,0.252,au7_eye_squeeze,0.674,7,8,anxiety,0.629,neutral,1,-0.007,0.206,1.0,-0.035,0.248,1.0,-0.108,0.296,1.0,-0.051,0.511,1.0,-0.018,0.114,0.448,-0.042,0.028,0.063,0.338,1.0,1.0,0.0,0.026,1.0,-0.037,0.326,1.0,0.657,0.578,1.0,0.0,0.026,1.0,0.1,0.161,0.21,0.0,0.0,0.0,0.0,0.0,0.0,0.018,0.141,0.548,-0.026,0.184,0.614,-0.013,0.115,1.0,0.012,0.01,0.034,0.0,0.0,0.0,0.0,0.0,0.0,0.0,0.0,0.0,-0.019,0.013,0.025,0.061,0.097,0.516,-0.027,0.015,0.056,0.053,0.099,0.53,0.053,0.321,0.008,-0.18,1.0,1.0,0.18,0.273,1.0
20260304_135106,1772603552.691792,0.3,0.187,0.191,0.0,0.582,0.73,0.462,0.703,0.0,1.0,0.0,0.0,0.947,0.0,0.0,0.27,0.314,-0.999,0.982,0.0,0.0,0,0.533,0.491,0.605,0.504,0.017,-0.298,0.299,0.602,high,0.0,1.0,0.0,0.623,0.253,au7_eye_squeeze,0.73,7,8,anxiety,0.632,neutral,1,-0.028,0.213,1.0,-0.073,0.259,1.0,-0.131,0.316,1.0,-0.017,0.523,1.0,-0.005,0.119,0.647,-0.042,0.028,0.055,0.382,1.0,1.0,0.0,0.026,1.0,-0.001,0.337,1.0,0.57,0.584,1.0,0.0,0.026,1.0,0.123,0.161,0.394,0.0,0.0,0.0,0.0,0.0,0.0,0.005,0.147,0.795,-0.02,0.186,0.581,-0.016,0.118,1.0,0.013,0.01,0.03,0.0,0.0,0.0,0.0,0.0,0.0,0.0,0.0,0.0,-0.019,0.013,0.014,0.044,0.101,0.508,-0.028,0.015,0.047,0.035,0.102,0.523,0.055,0.322,0.172,-0.106,1.0,1.0,0.105,0.283,1.0
20260304_135106,1772603552.722567,0.3,0.198,0.218,0.0,0.582,0.708,0.467,0.686,0.0,1.0,0.0,0.0,0.943,0.0,0.0,0.292,0.312,-0.998,0.978,0.0,0.0,0,0.537,0.493,0.61,0.507,0.025,-0.305,0.306,0.603,high,0.0,1.0,0.0,0.623,0.254,au7_eye_squeeze,0.708,5,10,anxiety,0.634,neutral,1,-0.048,0.219,0.996,-0.11,0.268,1.0,-0.15,0.337,1.0,0.016,0.535,1.0,0.007,0.122,0.558,-0.041,0.028,0.03,0.423,1.0,1.0,0.0,0.026,1.0,0.034,0.347,1.0,0.484,0.589,1.0,0.0,0.026,1.0,0.141,0.162,0.381,0.0,0.0,0.0,0.0,0.0,0.0,-0.007,0.152,0.692,-0.012,0.187,0.557,-0.018,0.12,1.0,0.014,0.011,0.022,0.0,0.0,0.0,0.0,0.0,0.0,0.0,0.0,0.0,-0.019,0.013,0.001,0.027,0.104,0.501,-0.028,0.015,0.031,0.017,0.105,0.513,0.054,0.321,0.247,-0.033,1.0,1.0,0.033,0.293,1.0
20260304_135106,1772603552.758934,0.3,0.207,0.226,0.0,0.564,0.679,0.477,0.644,0.0,1.0,0.0,0.0,0.682,0.0,0.0,0.321,0.304,-0.997,0.971,0.0,0.0,0,0.543,0.494,0.617,0.511,0.033,-0.332,0.334,0.546,medium,0.0,0.887,0.0,0.623,0.225,,,,,anxiety,0.563,neutral,1,-0.066,0.225,0.951,-0.143,0.276,1.0,-0.168,0.357,1.0,0.044,0.544,1.0,0.016,0.124,0.447,-0.039,0.027,0.014,0.459,1.0,1.0,0.0,0.026,1.0,0.073,0.356,1.0,0.398,0.595,1.0,0.0,0.026,1.0,0.134,0.163,0.281,0.0,0.0,0.0,0.0,0.0,0.0,-0.016,0.155,0.558,-0.004,0.188,0.494,-0.02,0.123,1.0,0.014,0.011,0.008,0.0,0.0,0.0,0.0,0.0,0.0,0.0,0.0,0.0,-0.018,0.013,0.021,0.011,0.106,0.494,-0.028,0.015,0.007,0.001,0.108,0.497,0.053,0.318,0.332,0.035,1.0,1.0,-0.034,0.303,1.0
20260304_135106,1772603552.793028,0.3,0.23,0.267,0.0,0.562,0.731,0.483,0.614,0.0,1.0,0.0,0.0,0.934,0.0,0.0,0.269,0.308,-0.995,0.965,0.0,0.0,0,0.551,0.497,0.625,0.518,0.008,-0.345,0.345,0.608,high,0.0,1.0,0.0,0.622,0.258,,,,,anxiety,0.646,neutral,1,-0.081,0.229,0.829,-0.172,0.283,1.0,-0.183,0.376,1.0,0.072,0.552,1.0,0.035,0.127,0.63,-0.037,0.027,0.039,0.493,1.0,1.0,0.0,0.026,1.0,0.112,0.365,1.0,0.313,0.601,1.0,0.0,0.026,1.0,0.148,0.164,0.358,0.0,0.0,0.0,0.0,0.0,0.0,-0.035,0.16,0.788,0.005,0.188,0.521,-0.022,0.125,1.0,0.015,0.011,0.005,0.0,0.0,0.0,0.0,0.0,0.0,0.0,0.0,0.0,-0.017,0.013,0.052,-0.005,0.109,0.483,-0.027,0.015,0.017,-0.016,0.111,0.475,0.051,0.313,0.076,0.1,1.0,1.0,-0.1,0.311,1.0
20260304_135106,1772603552.8265982,0.3,0.245,0.303,0.016,0.547,0.731,0.485,0.575,0.0,0.921,0.0,0.0,0.819,0.0,0.0,0.269,0.325,-0.993,0.959,0.0,0.0,0,0.56,0.498,0.634,0.525,-0.025,-0.369,0.37,0.609,high,0.021,1.0,0.0,0.622,0.255,,,,,anxiety,0.637,neutral,1,-0.095,0.233,0.748,-0.199,0.289,0.97,-0.202,0.393,1.0,0.099,0.559,1.0,0.054,0.13,0.628,-0.034,0.027,0.049,0.523,1.0,1.0,0.0,0.026,1.0,0.144,0.37,1.0,0.228,0.607,1.0,0.0,0.026,1.0,0.149,0.164,0.065,0.0,0.0,0.0,0.0,0.0,0.0,-0.054,0.164,0.788,0.015,0.19,0.66,-0.023,0.126,1.0,0.015,0.011,0.018,0.0,0.0,0.0,0.0,0.0,0.0,0.0,0.0,0.0,-0.014,0.013,0.085,-0.02,0.112,0.477,-0.026,0.015,0.048,-0.031,0.113,0.453,0.046,0.309,0.246,0.166,1.0,1.0,-0.165,0.319,1.0
20260304_135106,1772603552.8741806,0.3,0.244,0.323,0.07,0.561,0.75,0.486,0.54,0.0,0.815,0.0,0.0,0.652,0.0,0.0,0.25,0.332,-0.987,0.945,0.0,0.0,0,0.57,0.501,0.644,0.534,-0.042,-0.36,0.363,0.561,medium,0.091,0.847,0.0,0.62,0.228,,,,,anxiety,0.569,neutral,1,-0.107,0.237,0.746,-0.223,0.293,0.896,-0.212,0.403,1.0,0.127,0.566,1.0,0.07,0.134,0.686,-0.032,0.026,0.052,0.549,1.0,1.0,-0.0,0.026,1.0,0.168,0.372,1.0,0.144,0.613,1.0,-0.0,0.026,1.0,0.131,0.164,0.361,0.0,0.0,0.0,0.0,0.0,0.0,-0.07,0.171,0.866,0.026,0.191,0.722,-0.024,0.127,1.0,0.014,0.011,0.047,0.0,0.0,0.0,0.0,0.0,0.0,0.0,0.0,0.0,-0.011,0.015,0.122,-0.034,0.115,0.464,-0.023,0.016,0.079,-0.046,0.115,0.423,0.04,0.302,0.424,0.23,1.0,1.0,-0.229,0.327,1.0
20260304_135106,1772603552.9183803,0.3,0.274,0.371,0.168,0.539,0.717,0.487,0.475,0.0,0.737,0.0,0.0,0.013,0.0,0.0,0.283,0.346,-0.98,0.94,0.0,0.0,0,0.579,0.505,0.65,0.543,-0.082,-0.41,0.419,0.217,low,0.218,0.017,0.0,0.62,0.059,,,,,disgust,0.852,neutral,1,-0.118,0.24,0.588,-0.245,0.296,0.729,-0.215,0.406,0.622,0.154,0.571,1.0,0.084,0.137,0.562,-0.029,0.026,0.058,0.569,1.0,1.0,-0.0,0.026,1.0,0.188,0.372,0.723,0.061,0.62,1.0,-0.0,0.026,1.0,0.061,0.194,1.0,0.0,0.0,0.0,0.0,0.0,0.0,-0.084,0.175,0.715,0.038,0.194,0.831,-0.025,0.127,1.0,0.013,0.011,0.056,0.0,0.0,0.0,0.0,0.0,0.0,0.0,0.0,0.0,-0.007,0.017,0.154,-0.047,0.117,0.45,-0.021,0.017,0.099,-0.06,0.117,0.394,0.029,0.301,0.824,0.291,1.0,1.0,-0.289,0.333,1.0
20260304_135106,1772603552.9447796,0.3,0.29,0.416,0.222,0.535,0.753,0.488,0.432,0.0,0.698,0.0,0.0,0.933,0.0,0.0,0.247,0.355,-0.974,0.926,0.0,0.0,0,0.587,0.509,0.657,0.552,-0.085,-0.421,0.43,0.695,high,0.288,1.0,0.0,0.621,0.274,au4_frown,0.222,3,12,anxiety,0.685,neutral,1,-0.128,0.241,0.501,-0.262,0.298,0.568,-0.215,0.407,0.168,0.18,0.576,1.0,0.101,0.141,0.684,-0.027,0.026,0.063,0.586,1.0,1.0,-0.0,0.026,1.0,0.207,0.373,0.572,-0.022,0.626,1.0,-0.0,0.026,1.0,0.059,0.193,0.366,0.0,0.0,0.0,0.0,0.0,0.0,-0.101,0.182,0.876,0.049,0.198,0.891,-0.025,0.127,1.0,0.01,0.012,0.083,0.0,0.0,0.0,0.0,0.0,0.0,0.0,0.0,0.0,-0.003,0.019,0.183,-0.061,0.119,0.433,-0.017,0.018,0.121,-0.072,0.119,0.364,0.021,0.305,0.849,0.351,1.0,1.0,-0.348,0.339,1.0
20260304_135106,1772603552.9779794,0.3,0.32,0.468,0.253,0.52,0.715,0.491,0.381,0.0,0.586,0.0,0.0,0.906,0.0,0.0,0.285,0.347,-0.967,0.919,0.0,0.0,0,0.595,0.512,0.663,0.56,-0.082,-0.472,0.479,0.71,high,0.329,1.0,0.0,0.621,0.278,au4_frown,0.253,4,11,anxiety,0.696,neutral,1,-0.136,0.242,0.346,-0.277,0.298,0.39,-0.213,0.407,0.097,0.203,0.579,1.0,0.113,0.143,0.538,-0.024,0.025,0.077,0.598,1.0,1.0,-0.0,0.026,1.0,0.215,0.373,0.157,-0.104,0.633,1.0,-0.0,0.026,1.0,0.06,0.193,0.29,0.0,0.0,0.0,0.0,0.0,0.0,-0.113,0.186,0.694,0.06,0.201,0.818,-0.025,0.127,1.0,0.008,0.013,0.097,0.0,0.0,0.0,0.0,0.0,0.0,0.0,0.0,0.0,0.002,0.022,0.209,-0.074,0.121,0.421,-0.013,0.019,0.138,-0.084,0.12,0.338,0.012,0.307,0.816,0.404,1.0,1.0,-0.401,0.344,1.0
20260304_135106,1772603553.0220954,0.3,0.324,0.487,0.286,0.511,0.689,0.491,0.33,0.0,0.584,0.0,0.0,0.838,0.0,0.0,0.311,0.344,-0.96,0.916,0.0,0.0,0,0.599,0.516,0.667,0.567,-0.091,-0.503,0.511,0.726,high,0.371,1.0,0.0,0.623,0.284,au4_frown,0.286,5,10,anxiety,0.709,neutral,1,-0.144,0.242,0.325,-0.289,0.298,0.322,-0.207,0.407,0.366,0.224,0.582,1.0,0.121,0.145,0.44,-0.021,0.025,0.077,0.605,1.0,1.0,-0.0,0.026,1.0,0.224,0.373,0.151,-0.185,0.64,1.0,-0.0,0.026,1.0,0.052,0.191,0.111,0.0,0.0,0.0,0.0,0.0,0.0,-0.121,0.189,0.572,0.07,0.204,0.788,-0.024,0.128,1.0,0.004,0.014,0.103,0.0,0.0,0.0,0.0,0.0,0.0,0.0,0.0,0.0,0.007,0.025,0.225,-0.087,0.123,0.408,-0.009,0.021,0.152,-0.095,0.121,0.316,0.002,0.311,0.914,0.454,1.0,1.0,-0.45,0.349,0.98
20260304_135106,1772603553.0556664,0.3,0.345,0.52,0.276,0.52,0.664,0.489,0.296,0.0,0.578,0.0,0.0,0.738,0.0,0.0,0.336,0.354,-0.958,0.91,0.0,0.0,0,0.604,0.52,0.672,0.574,-0.109,-0.495,0.507,0.712,high,0.358,0.959,0.0,0.626,0.283,au4_frown,0.276,6,9,anxiety,0.707,neutral,1,-0.15,0.242,0.213,-0.299,0.298,0.206,-0.203,0.407,0.282,0.247,0.585,1.0,0.126,0.145,0.342,-0.018,0.025,0.066,0.61,1.0,1.0,-0.0,0.026,1.0,0.234,0.373,0.132,-0.266,0.647,1.0,-0.0,0.026,1.0,0.043,0.191,0.144,0.0,0.0,0.0,0.0,0.0,0.0,-0.126,0.191,0.448,0.081,0.208,0.862,-0.023,0.129,1.0,0.001,0.015,0.114,0.0,0.0,0.0,0.0,0.0,0.0,0.0,0.0,0.0,0.012,0.028,0.238,-0.099,0.125,0.393,-0.005,0.022,0.164,-0.105,0.122,0.295,-0.009,0.321,1.0,0.505,1.0,1.0,-0.5,0.353,0.984
20260304_135106,1772603553.0847545,0.3,0.36,0.551,0.312,0.49,0.638,0.491,0.246,0.0,0.658,0.0,0.0,0.822,0.0,0.0,0.362,0.343,-0.955,0.911,0.0,0.0,0,0.608,0.521,0.676,0.578,-0.105,-0.558,0.567,0.634,high,0.405,1.0,0.0,0.629,0.182,au4_frown,0.312,6,9,anxiety,0.456,neutral,1,-0.156,0.241,0.136,-0.307,0.298,0.1,-0.197,0.407,0.577,0.267,0.587,1.0,0.131,0.146,0.247,-0.015,0.025,0.078,0.611,1.0,1.0,-0.0,0.026,1.0,0.251,0.373,0.43,-0.346,0.653,1.0,-0.0,0.026,1.0,0.043,0.191,0.067,0.0,0.0,0.0,0.0,0.0,0.0,-0.131,0.192,0.324,0.09,0.21,0.766,-0.022,0.13,1.0,-0.002,0.016,0.111,0.0,0.0,0.0,0.0,0.0,0.0,0.0,0.0,0.0,0.017,0.031,0.25,-0.111,0.127,0.386,-0.0,0.024,0.175,-0.115,0.123,0.281,-0.018,0.332,1.0,0.552,1.0,1.0,-0.547,0.356,0.86
20260304_135106,1772603553.1027446,0.3,0.372,0.582,0.331,0.492,0.61,0.491,0.226,0.011,0.576,0.0,0.011,0.866,0.0,0.0,0.39,0.344,-0.947,0.908,0.0,0.0,0,0.61,0.525,0.678,0.58,-0.108,-0.569,0.579,0.642,high,0.431,1.0,0.0,0.633,0.184,au4_frown,0.331,7,8,anxiety,0.459,neutral,1,-0.162,0.241,0.075,-0.313,0.297,0.003,-0.189,0.408,0.733,0.287,0.589,1.0,0.133,0.146,0.143,-0.012,0.025,0.075,0.609,1.0,1.0,0.0,0.028,1.0,0.26,0.373,0.125,-0.427,0.66,1.0,0.0,0.028,1.0,0.033,0.188,0.171,0.0,0.0,0.0,0.0,0.0,0.0,-0.133,0.193,0.189,0.1,0.213,0.769,-0.02,0.133,1.0,-0.006,0.017,0.114,0.0,0.0,0.0,0.0,0.0,0.0,0.0,0.0,0.0,0.022,0.033,0.257,-0.123,0.128,0.372,0.005,0.026,0.18,-0.124,0.123,0.271,-0.027,0.342,1.0,0.597,1.0,1.0,-0.591,0.359,0.834
20260304_135106,1772603553.131218,0.3,0.367,0.566,0.341,0.472,0.643,0.494,0.198,0.004,0.557,0.0,0.004,0.842,0.0,0.0,0.357,0.333,-0.947,0.911,0.0,0.0,0,0.613,0.527,0.68,0.583,-0.098,-0.605,0.613,0.68,high,0.443,1.0,0.0,0.635,0.218,au4_frown,0.341,7,8,anxiety,0.544,neutral,1,-0.168,0.24,0.107,-0.321,0.296,0.056,-0.18,0.408,0.806,0.306,0.59,1.0,0.138,0.146,0.26,-0.009,0.025,0.09,0.606,1.0,1.0,0.0,0.028,1.0,0.267,0.373,0.059,-0.506,0.667,1.0,0.0,0.028,1.0,0.024,0.187,0.105,0.0,0.0,0.0,0.0,0.0,0.0,-0.138,0.194,0.344,0.108,0.215,0.667,-0.018,0.136,1.0,-0.009,0.018,0.108,0.0,0.0,0.0,0.0,0.0,0.0,0.0,0.0,0.0,0.028,0.036,0.263,-0.135,0.13,0.365,0.009,0.027,0.184,-0.133,0.124,0.262,-0.037,0.349,0.975,0.64,1.0,1.0,-0.633,0.362,0.763
20260304_135106,1772603553.1704452,0.3,0.358,0.564,0.329,0.494,0.594,0.492,0.208,0.0,0.56,0.0,0.0,0.839,0.0,0.0,0.406,0.341,-0.946,0.911,0.0,0.0,0,0.612,0.529,0.679,0.583,-0.097,-0.566,0.574,0.644,high,0.427,1.0,0.0,0.638,0.186,au4_frown,0.329,6,9,anxiety,0.464,neutral,1,-0.175,0.239,0.157,-0.329,0.295,0.065,-0.171,0.409,0.695,0.326,0.591,1.0,0.14,0.146,0.085,-0.005,0.024,0.08,0.602,1.0,1.0,0.0,0.028,1.0,0.276,0.373,0.071,-0.586,0.673,1.0,0.0,0.028,1.0,0.02,0.186,0.094,0.0,0.0,0.0,0.0,0.0,0.0,-0.14,0.194,0.113,0.117,0.217,0.728,-0.017,0.139,1.0,-0.013,0.019,0.105,0.0,0.0,0.0,0.0,0.0,0.0,0.0,0.0,0.0,0.033,0.038,0.258,-0.146,0.131,0.355,0.014,0.029,0.181,-0.143,0.125,0.261,-0.046,0.355,0.969,0.682,1.0,1.0,-0.675,0.365,0.838
20260304_135106,1772603553.2069695,0.3,0.349,0.55,0.328,0.5,0.613,0.494,0.203,0.0,0.553,0.0,0.0,0.78,0.0,0.0,0.387,0.341,-0.95,0.914,0.0,0.0,0,0.609,0.529,0.678,0.582,-0.1,-0.569,0.578,0.644,high,0.427,1.0,0.0,0.64,0.185,au4_frown,0.328,5,10,anxiety,0.463,neutral,1,-0.183,0.238,0.201,-0.338,0.295,0.115,-0.162,0.409,0.686,0.346,0.593,1.0,0.143,0.146,0.148,-0.002,0.024,0.088,0.598,1.0,1.0,0.0,0.028,1.0,0.282,0.373,0.05,-0.666,0.68,1.0,0.0,0.028,1.0,0.024,0.186,0.053,0.0,0.0,0.0,0.0,0.0,0.0,-0.143,0.195,0.196,0.126,0.22,0.717,-0.015,0.141,1.0,-0.016,0.02,0.098,0.0,0.0,0.0,0.0,0.0,0.0,0.0,0.0,0.0,0.038,0.04,0.242,-0.157,0.132,0.355,0.019,0.03,0.174,-0.152,0.126,0.261,-0.055,0.363,0.998,0.727,1.0,1.0,-0.719,0.368,0.828
20260304_135106,1772603553.2280781,0.3,0.358,0.541,0.328,0.482,0.648,0.495,0.204,0.0,0.555,0.0,0.0,0.816,0.0,0.0,0.352,0.34,-0.953,0.919,0.0,0.0,0,0.605,0.53,0.674,0.579,-0.097,-0.577,0.585,0.643,high,0.426,1.0,0.0,0.642,0.184,,,,,anxiety,0.459,neutral,1,-0.19,0.237,0.16,-0.347,0.294,0.148,-0.154,0.409,0.676,0.365,0.594,1.0,0.148,0.147,0.271,0.001,0.024,0.093,0.594,1.0,1.0,0.0,0.028,1.0,0.29,0.374,0.06,-0.746,0.687,1.0,0.0,0.028,1.0,0.014,0.184,0.034,0.0,0.0,0.0,0.0,0.0,0.0,-0.148,0.196,0.36,0.133,0.222,0.701,-0.014,0.142,1.0,-0.019,0.02,0.086,0.0,0.0,0.0,0.0,0.0,0.0,0.0,0.0,0.0,0.043,0.042,0.224,-0.169,0.133,0.348,0.023,0.031,0.159,-0.161,0.126,0.27,-0.062,0.372,0.974,0.768,1.0,1.0,-0.761,0.371,0.809
20260304_135106,1772603553.2643456,0.3,0.352,0.52,0.295,0.477,0.685,0.499,0.236,0.003,0.558,0.0,0.003,0.752,0.0,0.0,0.315,0.313,-0.96,0.923,0.0,0.0,0,0.593,0.523,0.668,0.572,-0.082,-0.598,0.603,0.733,high,0.383,0.978,0.0,0.644,0.29,,,,,anxiety,0.726,neutral,1,-0.197,0.237,0.191,-0.357,0.294,0.22,-0.147,0.409,0.402,0.385,0.595,1.0,0.158,0.148,0.398,0.004,0.025,0.111,0.591,1.0,1.0,0.0,0.028,1.0,0.296,0.374,0.073,-0.825,0.693,1.0,0.0,0.028,1.0,-0.0,0.183,0.13,0.0,0.0,0.0,0.0,0.0,0.0,-0.158,0.198,0.531,0.139,0.223,0.481,-0.013,0.142,1.0,-0.021,0.021,0.079,0.0,0.0,0.0,0.0,0.0,0.0,0.0,0.0,0.0,0.047,0.043,0.179,-0.179,0.135,0.367,0.027,0.032,0.139,-0.171,0.127,0.288,-0.066,0.377,0.815,0.81,1.0,1.0,-0.802,0.373,0.769
20260304_135106,1772603553.2988722,0.3,0.315,0.457,0.206,0.488,0.643,0.499,0.283,0.031,0.565,0.0,0.031,0.934,0.0,0.0,0.357,0.298,-0.977,0.927,0.0,0.0,0,0.583,0.521,0.659,0.564,-0.039,-0.548,0.55,0.712,high,0.267,1.0,0.0,0.651,0.288,,,,,anxiety,0.719,neutral,1,-0.207,0.237,0.384,-0.374,0.294,0.438,-0.148,0.411,0.324,0.407,0.596,1.0,0.171,0.147,0.251,0.008,0.025,0.112,0.592,1.0,1.0,0.002,0.042,1.0,0.303,0.374,0.102,-0.904,0.7,1.0,0.002,0.042,1.0,0.01,0.184,0.325,0.0,0.0,0.0,0.0,0.0,0.0,-0.171,0.197,0.335,0.144,0.223,0.36,-0.014,0.143,1.0,-0.023,0.021,0.068,0.0,0.0,0.0,0.0,0.0,0.0,0.0,0.0,0.0,0.05,0.044,0.14,-0.19,0.136,0.371,0.029,0.033,0.111,-0.181,0.128,0.311,-0.07,0.376,0.387,0.857,1.0,1.0,-0.849,0.376,0.877
20260304_135106,1772603553.3269799,0.3,0.301,0.422,0.155,0.481,0.667,0.5,0.309,0.0,0.775,0.0,0.0,0.472,0.0,0.0,0.333,0.268,-0.985,0.938,0.0,0.0,0,0.574,0.521,0.651,0.558,0.018,-0.541,0.542,0.529,medium,0.202,0.613,0.0,0.651,0.218,,,,,anxiety,0.545,neutral,1,-0.216,0.239,0.453,-0.391,0.296,0.556,-0.15,0.415,0.729,0.426,0.597,1.0,0.185,0.147,0.335,0.012,0.025,0.114,0.594,1.0,1.0,0.002,0.042,1.0,0.32,0.375,0.88,-0.981,0.707,1.0,0.002,0.042,1.0,-0.012,0.19,0.828,0.0,0.0,0.0,0.0,0.0,0.0,-0.185,0.197,0.447,0.148,0.223,0.12,-0.015,0.143,1.0,-0.025,0.021,0.044,0.0,0.0,0.0,0.0,0.0,0.0,0.0,0.0,0.0,0.052,0.044,0.104,-0.2,0.138,0.369,0.031,0.033,0.083,-0.191,0.13,0.328,-0.069,0.377,0.182,0.903,1.0,1.0,-0.895,0.38,0.89
20260304_135106,1772603553.359616,0.3,0.257,0.347,0.0,0.486,0.67,0.5,0.359,0.0,0.918,0.0,0.0,0.781,0.0,0.0,0.33,0.228,-0.993,0.943,0.0,0.0,0,0.561,0.519,0.642,0.551,0.098,-0.474,0.484,0.626,high,0.0,1.0,0.0,0.656,0.268,,,,,anxiety,0.67,neutral,1,-0.226,0.242,0.676,-0.411,0.3,0.811,-0.166,0.433,1.0,0.445,0.598,1.0,0.196,0.148,0.342,0.015,0.025,0.113,0.6,1.0,1.0,0.002,0.042,1.0,0.351,0.379,1.0,-1.0,0.714,1.0,0.002,0.042,1.0,-0.021,0.189,0.052,0.0,0.0,0.0,0.0,0.0,0.0,-0.196,0.199,0.456,0.148,0.224,0.195,-0.017,0.145,1.0,-0.026,0.021,0.034,0.0,0.0,0.0,0.0,0.0,0.0,0.0,0.0,0.0,0.054,0.044,0.057,-0.211,0.14,0.373,0.032,0.033,0.053,-0.202,0.131,0.347,-0.063,0.395,0.982,0.951,1.0,1.0,-0.943,0.384,1.0
20260304_135106,1772603553.391356,0.3,0.226,0.297,0.0,0.489,0.681,0.5,0.379,0.0,1.0,0.0,0.0,0.928,0.0,0.0,0.319,0.186,-0.997,0.957,0.0,0.0,0,0.549,0.518,0.629,0.544,0.145,-0.46,0.482,0.637,high,0.0,1.0,0.0,0.666,0.278,,,,,anxiety,0.695,neutral,1,-0.238,0.247,0.828,-0.434,0.306,0.976,-0.184,0.45,1.0,0.463,0.598,1.0,0.208,0.149,0.381,0.019,0.026,0.114,0.606,1.0,1.0,0.002,0.042,1.0,0.383,0.385,1.0,-1.0,0.723,1.0,0.002,0.042,1.0,-0.002,0.189,0.318,0.0,0.0,0.0,0.0,0.0,0.0,-0.208,0.2,0.51,0.144,0.226,0.526,-0.019,0.147,1.0,-0.026,0.021,0.003,0.0,0.0,0.0,0.0,0.0,0.0,0.0,0.0,0.0,0.054,0.044,0.012,-0.221,0.141,0.372,0.033,0.033,0.011,-0.212,0.132,0.365,-0.051,0.431,1.0,0.999,1.0,1.0,-0.99,0.389,1.0
20260304_135106,1772603553.4244814,0.3,0.226,0.272,0.0,0.49,0.663,0.499,0.381,0.0,1.0,0.0,0.0,0.813,0.0,0.0,0.337,0.103,-1.0,0.969,0.0,0.0,0,0.539,0.52,0.62,0.538,0.258,-0.449,0.518,0.633,high,0.0,1.0,0.0,0.688,0.27,,,,,anxiety,0.676,neutral,1,-0.251,0.252,0.827,-0.459,0.312,1.0,-0.2,0.468,1.0,0.481,0.599,1.0,0.22,0.149,0.316,0.021,0.026,0.108,0.612,1.0,1.0,0.002,0.042,1.0,0.413,0.391,1.0,-1.0,0.733,1.0,0.002,0.042,1.0,-0.002,0.189,0.027,0.0,0.0,0.0,0.0,0.0,0.0,-0.22,0.201,0.424,0.134,0.236,1.0,-0.021,0.15,1.0,-0.025,0.021,0.021,0.0,0.0,0.0,0.0,0.0,0.0,0.0,0.0,0.0,0.054,0.044,0.026,-0.23,0.143,0.364,0.032,0.033,0.019,-0.222,0.134,0.379,-0.031,0.518,1.0,1.0,1.0,1.0,-1.0,0.394,0.928
20260304_135106,1772603553.4565172,0.8,0.204,0.234,0.0,0.497,0.632,0.494,0.389,0.0,1.0,0.0,0.0,0.78,0.0,0.0,0.368,0.018,-1.0,0.983,0.0,0.0,0,0.53,0.522,0.608,0.532,0.35,-0.441,0.563,0.633,high,0.0,1.0,0.0,0.72,0.265,,,,,anxiety,0.663,neutral,1,-0.263,0.258,0.932,-0.484,0.321,1.0,-0.215,0.485,1.0,0.496,0.599,1.0,0.226,0.149,0.204,0.024,0.026,0.088,0.617,1.0,1.0,0.002,0.042,1.0,0.436,0.394,1.0,-1.0,0.744,1.0,0.002,0.042,1.0,-0.023,0.185,0.063,0.0,0.0,0.0,0.0,0.0,0.0,-0.226,0.202,0.274,0.117,0.258,1.0,-0.024,0.152,1.0,-0.022,0.021,0.051,0.0,0.0,0.0,0.0,0.0,0.0,0.0,0.0,0.0,0.052,0.044,0.056,-0.238,0.144,0.354,0.031,0.033,0.057,-0.233,0.136,0.395,-0.004,0.643,1.0,1.0,1.0,1.0,-1.0,0.398,0.827
20260304_135106,1772603553.4871783,0.5,0.196,0.209,0.0,0.504,0.656,0.497,0.399,0.0,1.0,0.0,0.0,0.399,0.0,0.0,0.344,-0.035,-0.999,0.991,0.0,0.0,0,0.521,0.524,0.599,0.529,0.436,-0.428,0.611,0.413,medium,0.0,0.519,0.0,0.759,0.16,,,,,disgust,0.6,neutral,1,-0.273,0.265,0.969,-0.507,0.33,1.0,-0.229,0.503,1.0,0.51,0.598,1.0,0.234,0.15,0.285,0.026,0.027,0.1,0.623,1.0,1.0,0.002,0.042,1.0,0.464,0.399,1.0,-1.0,0.756,1.0,0.002,0.042,1.0,-0.057,0.193,1.0,0.0,0.0,0.0,0.0,0.0,0.0,-0.234,0.203,0.383,0.094,0.287,1.0,-0.026,0.155,1.0,-0.019,0.022,0.067,0.0,0.0,0.0,0.0,0.0,0.0,0.0,0.0,0.0,0.05,0.044,0.089,-0.245,0.146,0.345,0.028,0.033,0.086,-0.243,0.138,0.401,0.03,0.795,1.0,1.0,1.0,1.0,-1.0,0.401,0.721
20260304_135106,1772603553.5242696,0.3,0.18,0.179,0.0,0.506,0.671,0.498,0.38,0.0,1.0,0.0,0.0,0.453,0.0,0.0,0.329,-0.091,-0.998,0.997,0.0,0.0,0,0.515,0.527,0.59,0.527,0.528,-0.424,0.677,0.505,medium,0.0,0.589,0.0,0.803,0.228,,,,,anxiety,0.569,neutral,1,-0.284,0.272,1.0,-0.528,0.34,1.0,-0.242,0.52,1.0,0.521,0.596,1.0,0.244,0.151,0.338,0.029,0.027,0.104,0.627,1.0,1.0,0.001,0.042,1.0,0.488,0.402,1.0,-1.0,0.771,1.0,0.001,0.042,1.0,-0.088,0.199,0.869,0.0,0.0,0.0,0.0,0.0,0.0,-0.244,0.204,0.456,0.067,0.325,1.0,-0.027,0.157,1.0,-0.017,0.022,0.078,0.0,0.0,0.0,0.0,0.0,0.0,0.0,0.0,0.0,0.048,0.045,0.112,-0.252,0.147,0.331,0.026,0.034,0.112,-0.252,0.14,0.402,0.071,0.971,1.0,1.0,1.0,1.0,-1.0,0.404,0.576
20260304_135106,1772603553.552832,0.3,0.17,0.156,0.0,0.499,0.543,0.499,0.365,0.0,1.0,0.0,0.0,0.213,0.0,0.0,0.457,-0.121,-0.996,0.993,0.0,0.0,0,0.509,0.53,0.585,0.528,0.553,-0.433,0.702,0.335,medium,0.0,0.277,0.0,0.81,0.135,,,,,disgust,0.663,neutral,1,-0.294,0.279,1.0,-0.546,0.351,1.0,-0.253,0.537,1.0,0.527,0.592,1.0,0.241,0.151,0.112,0.031,0.028,0.107,0.629,1.0,1.0,0.001,0.042,1.0,0.514,0.405,1.0,-1.0,0.787,1.0,0.001,0.042,1.0,-0.122,0.215,1.0,0.0,0.0,0.0,0.0,0.0,0.0,-0.241,0.204,0.151,0.037,0.366,1.0,-0.028,0.158,1.0,-0.015,0.022,0.069,0.0,0.0,0.0,0.0,0.0,0.0,0.0,0.0,0.0,0.045,0.045,0.132,-0.258,0.148,0.317,0.023,0.035,0.129,-0.259,0.142,0.394,0.112,1.0,1.0,1.0,1.0,1.0,-1.0,0.406,0.515
20260304_135106,1772603553.5900345,0.3,0.166,0.155,0.0,0.506,0.484,0.498,0.346,0.0,1.0,0.0,0.0,0.38,0.0,0.0,0.516,-0.138,-0.995,0.99,0.0,0.0,0,0.506,0.532,0.581,0.528,0.587,-0.449,0.739,0.465,medium,0.0,0.494,0.0,0.811,0.211,,,,,anxiety,0.527,neutral,1,-0.305,0.287,1.0,-0.569,0.362,1.0,-0.263,0.554,1.0,0.539,0.591,1.0,0.232,0.152,0.318,0.033,0.028,0.099,0.629,1.0,1.0,0.001,0.042,1.0,0.537,0.408,1.0,-1.0,0.803,1.0,0.001,0.042,1.0,-0.15,0.223,1.0,0.0,0.0,0.0,0.0,0.0,0.0,-0.232,0.205,0.431,0.008,0.409,1.0,-0.029,0.16,1.0,-0.013,0.022,0.061,0.0,0.0,0.0,0.0,0.0,0.0,0.0,0.0,0.0,0.042,0.046,0.143,-0.263,0.149,0.307,0.02,0.035,0.139,-0.266,0.143,0.391,0.154,1.0,1.0,1.0,1.0,1.0,-1.0,0.408,0.431
20260304_135106,1772603553.6247447,0.3,0.164,0.155,0.0,0.496,0.506,0.488,0.325,0.0,1.0,0.0,0.0,0.601,0.0,0.0,0.494,-0.11,-0.995,0.989,0.0,0.0,0,0.503,0.535,0.579,0.528,0.538,-0.472,0.715,0.592,medium,0.0,0.782,0.0,0.81,0.266,,,,,anxiety,0.664,neutral,1,-0.312,0.294,1.0,-0.584,0.373,1.0,-0.276,0.571,1.0,0.545,0.587,1.0,0.224,0.152,0.239,0.033,0.028,0.056,0.627,1.0,1.0,0.002,0.04,1.0,0.557,0.41,1.0,-1.0,0.82,1.0,0.002,0.04,1.0,-0.158,0.225,0.467,0.0,0.0,0.0,0.0,0.0,0.0,-0.224,0.205,0.324,-0.02,0.443,1.0,-0.031,0.161,1.0,-0.012,0.023,0.057,0.0,0.0,0.0,0.0,0.0,0.0,0.0,0.0,0.0,0.038,0.047,0.152,-0.268,0.15,0.295,0.018,0.036,0.142,-0.273,0.145,0.385,0.192,1.0,1.0,1.0,1.0,1.0,-1.0,0.41,0.475
20260304_135106,1772603553.6528246,0.5,0.164,0.15,0.0,0.49,0.487,0.495,0.308,0.0,1.0,0.0,0.0,0.515,0.0,0.0,0.513,-0.034,-0.995,0.987,0.0,0.0,0,0.501,0.537,0.579,0.529,0.443,-0.48,0.653,0.514,medium,0.0,0.669,0.0,0.811,0.216,,,,,anxiety,0.541,neutral,1,-0.317,0.3,1.0,-0.597,0.383,1.0,-0.286,0.588,1.0,0.548,0.582,1.0,0.215,0.153,0.305,0.034,0.029,0.086,0.623,1.0,1.0,0.002,0.04,1.0,0.582,0.412,1.0,-1.0,0.838,1.0,0.002,0.04,1.0,-0.176,0.229,0.683,0.0,0.0,0.0,0.0,0.0,0.0,-0.215,0.206,0.412,-0.041,0.464,1.0,-0.032,0.163,1.0,-0.011,0.023,0.052,0.0,0.0,0.0,0.0,0.0,0.0,0.0,0.0,0.0,0.035,0.047,0.16,-0.272,0.151,0.285,0.015,0.037,0.143,-0.278,0.147,0.378,0.222,1.0,1.0,1.0,1.0,1.0,-1.0,0.413,0.599
20260304_135106,1772603553.7069223,0.8,0.174,0.164,0.0,0.478,0.473,0.487,0.277,0.0,1.0,0.0,0.0,0.322,0.0,0.0,0.527,0.02,-0.995,0.989,0.0,0.0,0,0.5,0.538,0.578,0.532,0.345,-0.517,0.622,0.365,medium,0.0,0.418,0.0,0.811,0.13,,,,,disgust,0.676,neutral,1,-0.321,0.305,1.0,-0.606,0.392,1.0,-0.295,0.605,1.0,0.551,0.577,1.0,0.202,0.154,0.353,0.035,0.029,0.05,0.616,1.0,1.0,0.002,0.04,1.0,0.602,0.413,1.0,-1.0,0.857,1.0,0.002,0.04,1.0,-0.209,0.238,1.0,0.0,0.0,0.0,0.0,0.0,0.0,-0.202,0.206,0.477,-0.056,0.479,1.0,-0.032,0.163,1.0,-0.01,0.023,0.056,0.0,0.0,0.0,0.0,0.0,0.0,0.0,0.0,0.0,0.031,0.048,0.159,-0.276,0.152,0.277,0.012,0.038,0.144,-0.283,0.148,0.363,0.241,1.0,1.0,1.0,1.0,1.0,-1.0,0.416,0.656
20260304_135106,1772603553.7460277,0.5,0.17,0.187,0.0,0.473,0.459,0.488,0.252,0.0,1.0,0.0,0.0,0.831,0.0,0.0,0.541,0.058,-0.996,0.994,0.0,0.0,0,0.5,0.542,0.578,0.537,0.258,-0.526,0.586,0.668,high,0.0,1.0,0.0,0.811,0.288,,,,,anxiety,0.719,neutral,1,-0.324,0.311,1.0,-0.613,0.399,1.0,-0.308,0.622,1.0,0.553,0.572,0.988,0.185,0.154,0.403,0.036,0.029,0.055,0.607,1.0,0.693,0.002,0.04,1.0,0.625,0.415,1.0,-1.0,0.876,1.0,0.002,0.04,1.0,-0.203,0.238,0.147,0.0,0.0,0.0,0.0,0.0,0.0,-0.185,0.206,0.544,-0.07,0.489,1.0,-0.033,0.164,1.0,-0.009,0.023,0.065,0.0,0.0,0.0,0.0,0.0,0.0,0.0,0.0,0.0,0.027,0.049,0.16,-0.279,0.153,0.261,0.009,0.038,0.142,-0.287,0.149,0.345,0.257,1.0,1.0,1.0,1.0,1.0,-1.0,0.42,0.725
20260304_135106,1772603553.772169,0.3,0.19,0.211,0.0,0.448,0.512,0.484,0.215,0.0,1.0,0.0,0.0,0.906,0.0,0.0,0.488,0.085,-0.997,0.996,0.0,0.0,0,0.5,0.545,0.578,0.543,0.209,-0.559,0.597,0.677,high,0.0,1.0,0.0,0.811,0.296,,,,,anxiety,0.741,neutral,1,-0.325,0.314,0.924,-0.614,0.405,1.0,-0.318,0.639,1.0,0.554,0.567,0.801,0.178,0.154,0.215,0.037,0.029,0.039,0.595,1.0,0.261,0.001,0.04,1.0,0.647,0.417,1.0,-1.0,0.895,1.0,0.001,0.04,1.0,-0.185,0.238,0.343,0.0,0.0,0.0,0.0,0.0,0.0,-0.178,0.207,0.289,-0.082,0.496,1.0,-0.032,0.163,1.0,-0.008,0.023,0.068,0.0,0.0,0.0,0.0,0.0,0.0,0.0,0.0,0.0,0.024,0.05,0.157,-0.281,0.154,0.247,0.006,0.039,0.139,-0.289,0.15,0.321,0.268,1.0,1.0,1.0,1.0,1.0,-1.0,0.423,0.691
20260304_135106,1772603553.8076434,0.3,0.203,0.233,0.0,0.427,0.469,0.48,0.155,0.0,1.0,0.0,0.0,0.0,0.0,0.0,0.531,0.115,-0.998,0.996,0.0,0.0,0,0.5,0.548,0.583,0.546,0.158,-0.627,0.646,0.13,low,0.0,0.0,0.0,0.81,0.0,,,,,disgust,1.0,neutral,1,-0.323,0.316,0.838,-0.612,0.409,1.0,-0.324,0.656,1.0,0.556,0.564,0.653,0.169,0.155,0.364,0.037,0.029,0.019,0.579,1.0,0.383,0.001,0.04,1.0,0.666,0.417,1.0,-1.0,0.915,1.0,0.001,0.04,1.0,-0.235,0.263,1.0,0.0,0.0,0.0,0.0,0.0,0.0,-0.169,0.208,0.489,-0.093,0.5,0.965,-0.031,0.16,1.0,-0.008,0.023,0.068,0.0,0.0,0.0,0.0,0.0,0.0,0.0,0.0,0.0,0.02,0.05,0.156,-0.282,0.154,0.232,0.004,0.04,0.124,-0.29,0.151,0.304,0.276,1.0,1.0,1.0,1.0,1.0,-1.0,0.426,0.574
20260304_135106,1772603553.8342614,0.3,0.226,0.263,0.0,0.401,0.485,0.484,0.105,0.0,0.986,0.0,0.0,0.925,0.0,0.0,0.515,0.15,-0.999,0.994,0.0,0.0,0,0.503,0.552,0.585,0.555,0.114,-0.655,0.665,0.689,high,0.0,1.0,0.0,0.81,0.309,,,,,anxiety,0.772,neutral,1,-0.324,0.319,0.699,-0.613,0.414,0.962,-0.33,0.673,1.0,0.551,0.559,0.471,0.163,0.156,0.304,0.038,0.029,0.038,0.558,1.0,0.918,0.001,0.04,1.0,0.679,0.417,1.0,-1.0,0.936,1.0,0.001,0.04,1.0,-0.215,0.264,0.422,0.0,0.0,0.0,0.0,0.0,0.0,-0.163,0.208,0.406,-0.099,0.502,0.651,-0.032,0.16,1.0,-0.006,0.023,0.062,0.0,0.0,0.0,0.0,0.0,0.0,0.0,0.0,0.0,0.017,0.051,0.144,-0.281,0.154,0.214,0.002,0.04,0.114,-0.291,0.152,0.273,0.279,1.0,1.0,1.0,1.0,1.0,-1.0,0.428,0.524
20260304_135106,1772603553.8570697,0.3,0.221,0.275,0.0,0.369,0.531,0.487,0.08,0.0,0.851,0.0,0.0,0.896,0.0,0.0,0.469,0.184,-1.0,0.995,0.0,0.0,0,0.505,0.554,0.589,0.552,0.078,-0.698,0.702,0.781,high,0.0,1.0,0.0,0.81,0.4,,,,,anxiety,1.0,neutral,1,-0.324,0.321,0.719,-0.615,0.418,0.902,-0.335,0.691,1.0,0.541,0.551,0.254,0.156,0.156,0.141,0.038,0.029,0.047,0.535,1.0,1.0,0.001,0.04,1.0,0.682,0.414,0.717,-1.0,0.957,1.0,0.001,0.04,1.0,-0.205,0.264,0.342,0.0,0.0,0.0,0.0,0.0,0.0,-0.156,0.208,0.188,-0.102,0.504,0.334,-0.032,0.162,1.0,-0.004,0.024,0.063,0.0,0.0,0.0,0.0,0.0,0.0,0.0,0.0,0.0,0.014,0.051,0.135,-0.281,0.155,0.203,-0.001,0.041,0.1,-0.293,0.152,0.278,0.279,1.0,1.0,1.0,1.0,1.0,-1.0,0.429,0.429
20260304_135106,1772603553.8870425,0.3,0.258,0.334,0.0,0.365,0.541,0.486,0.032,0.0,0.708,0.0,0.0,0.847,0.0,0.0,0.459,0.205,-1.0,0.991,0.0,0.0,0,0.508,0.558,0.595,0.562,0.044,-0.734,0.735,0.781,high,0.0,1.0,0.0,0.81,0.4,,,,,anxiety,1.0,neutral,1,-0.322,0.323,0.489,-0.612,0.421,0.657,-0.34,0.708,1.0,0.529,0.544,0.211,0.148,0.155,0.108,0.038,0.029,0.043,0.509,1.0,1.0,0.001,0.04,1.0,0.678,0.412,0.246,-1.0,0.978,1.0,0.001,0.04,1.0,-0.189,0.264,0.213,0.0,0.0,0.0,0.0,0.0,0.0,-0.148,0.207,0.145,-0.102,0.504,0.141,-0.033,0.162,1.0,-0.002,0.024,0.054,0.0,0.0,0.0,0.0,0.0,0.0,0.0,0.0,0.0,0.011,0.052,0.122,-0.28,0.155,0.187,-0.002,0.041,0.081,-0.293,0.153,0.241,0.277,1.0,0.361,1.0,1.0,1.0,-1.0,0.43,0.342
20260304_135106,1772603553.9206913,0.3,0.262,0.334,0.0,0.357,0.564,0.488,0.017,0.0,0.696,0.0,0.0,0.817,0.0,0.0,0.436,0.212,-1.0,0.991,0.0,0.0,0,0.512,0.559,0.598,0.564,0.043,-0.742,0.743,0.795,high,0.0,1.0,0.0,0.909,0.4,,,,,anxiety,1.0,neutral,1,-0.321,0.324,0.46,-0.614,0.424,0.646,-0.346,0.726,1.0,0.517,0.537,0.143,0.141,0.154,0.03,0.038,0.029,0.049,0.481,1.0,1.0,0.001,0.04,1.0,0.67,0.41,0.2,-1.0,1.0,1.0,0.001,0.04,1.0,-0.179,0.264,0.136,0.0,0.0,0.0,0.0,0.0,0.0,-0.141,0.207,0.04,-0.103,0.504,0.075,-0.034,0.164,1.0,0.001,0.024,0.054,0.0,0.0,0.0,0.0,0.0,0.0,0.0,0.0,0.0,0.009,0.052,0.107,-0.279,0.155,0.181,-0.005,0.041,0.071,-0.294,0.153,0.229,0.274,1.0,0.252,1.0,1.0,1.0,-1.0,0.431,0.314
20260304_135106,1772603553.95493,0.3,0.267,0.353,0.039,0.365,0.554,0.49,0.007,0.0,0.68,0.0,0.0,0.904,0.0,0.0,0.446,0.223,-0.999,0.987,0.0,0.0,0,0.514,0.559,0.599,0.565,0.02,-0.742,0.743,0.808,high,0.051,1.0,0.0,0.91,0.4,,,,,anxiety,1.0,neutral,1,-0.323,0.326,0.421,-0.616,0.427,0.56,-0.35,0.739,1.0,0.509,0.532,0.184,0.134,0.154,0.067,0.038,0.029,0.058,0.453,1.0,1.0,0.001,0.04,1.0,0.657,0.406,0.137,-1.0,1.0,1.0,0.001,0.04,1.0,-0.175,0.263,0.357,0.0,0.0,0.0,0.0,0.0,0.0,-0.134,0.206,0.09,-0.102,0.504,0.029,-0.036,0.165,1.0,0.003,0.024,0.045,0.0,0.0,0.0,0.0,0.0,0.0,0.0,0.0,0.0,0.007,0.052,0.097,-0.277,0.155,0.174,-0.007,0.041,0.068,-0.293,0.154,0.222,0.267,1.0,0.948,1.0,1.0,1.0,-1.0,0.432,0.306
20260304_135106,1772603553.9947445,0.3,0.267,0.359,0.035,0.367,0.533,0.492,0.0,0.0,0.65,0.0,0.0,0.902,0.0,0.0,0.467,0.239,-0.997,0.984,0.0,0.0,0,0.518,0.561,0.608,0.569,0.018,-0.738,0.738,0.807,high,0.045,1.0,0.0,0.91,0.4,,,,,anxiety,1.0,neutral,1,-0.32,0.327,0.414,-0.61,0.429,0.525,-0.352,0.753,1.0,0.496,0.524,0.177,0.124,0.153,0.144,0.039,0.029,0.066,0.424,1.0,1.0,0.001,0.04,1.0,0.644,0.404,0.034,-1.0,1.0,1.0,0.001,0.04,1.0,-0.168,0.263,0.347,0.0,0.0,0.0,0.0,0.0,0.0,-0.124,0.205,0.194,-0.101,0.504,0.17,-0.036,0.166,1.0,0.004,0.024,0.04,0.0,0.0,0.0,0.0,0.0,0.0,0.0,0.0,0.0,0.005,0.053,0.083,-0.275,0.155,0.164,-0.008,0.041,0.035,-0.292,0.154,0.204,0.261,1.0,1.0,1.0,1.0,1.0,-1.0,0.433,0.305
20260304_135106,1772603554.0261118,0.3,0.285,0.395,0.12,0.34,0.546,0.491,0.0,0.015,0.616,0.0,0.015,0.831,0.0,0.0,0.454,0.253,-0.994,0.984,0.0,0.0,0,0.522,0.563,0.611,0.573,-0.02,-0.777,0.777,0.835,high,0.156,1.0,0.0,0.911,0.4,au4_frown,0.12,3,12,anxiety,1.0,neutral,1,-0.315,0.327,0.297,-0.601,0.43,0.364,-0.348,0.759,0.662,0.482,0.517,0.001,0.115,0.151,0.101,0.04,0.029,0.058,0.395,1.0,1.0,0.002,0.043,1.0,0.625,0.401,0.08,-1.0,1.0,1.0,0.002,0.043,1.0,-0.17,0.262,0.155,0.0,0.0,0.0,0.0,0.0,0.0,-0.115,0.205,0.136,-0.098,0.504,0.301,-0.037,0.166,1.0,0.006,0.024,0.039,0.0,0.0,0.0,0.0,0.0,0.0,0.0,0.0,0.0,0.003,0.053,0.065,-0.273,0.155,0.155,-0.009,0.041,0.027,-0.291,0.154,0.188,0.252,1.0,1.0,1.0,1.0,1.0,-1.0,0.433,0.203
20260304_135106,1772603554.0541282,0.3,0.298,0.426,0.127,0.326,0.553,0.491,0.0,0.0,0.632,0.0,0.0,0.69,0.0,0.0,0.447,0.249,-0.992,0.98,0.0,0.0,0,0.528,0.566,0.618,0.574,-0.009,-0.812,0.812,0.812,high,0.166,0.897,0.0,0.911,0.4,au4_frown,0.127,4,11,anxiety,1.0,neutral,1,-0.309,0.327,0.205,-0.587,0.43,0.223,-0.345,0.764,0.568,0.468,0.512,0.095,0.106,0.15,0.08,0.04,0.03,0.059,0.367,1.0,1.0,0.002,0.043,1.0,0.615,0.399,0.034,-1.0,1.0,1.0,0.002,0.043,1.0,-0.184,0.262,0.214,0.0,0.0,0.0,0.0,0.0,0.0,-0.106,0.204,0.109,-0.096,0.503,0.26,-0.036,0.166,1.0,0.006,0.024,0.029,0.0,0.0,0.0,0.0,0.0,0.0,0.0,0.0,0.0,0.002,0.053,0.045,-0.271,0.155,0.139,-0.008,0.041,0.002,-0.288,0.154,0.179,0.246,1.0,1.0,1.0,1.0,1.0,-0.995,0.433,0.111
20260304_135106,1772603554.0844498,0.3,0.295,0.425,0.163,0.347,0.56,0.495,0.0,0.029,0.543,0.015,0.029,0.714,0.0,0.0,0.44,0.28,-0.989,0.978,0.0,0.0,0,0.533,0.569,0.62,0.582,-0.047,-0.78,0.782,0.834,high,0.212,0.928,0.0,0.915,0.4,au4_frown,0.163,5,10,anxiety,1.0,neutral,1,-0.302,0.326,0.215,-0.571,0.429,0.213,-0.338,0.768,0.149,0.456,0.507,0.018,0.1,0.15,0.057,0.041,0.03,0.073,0.338,1.0,1.0,0.003,0.052,1.0,0.598,0.399,0.314,-1.0,1.0,1.0,0.003,0.052,1.0,-0.192,0.262,0.152,0.0,0.0,0.0,0.0,0.0,0.0,-0.1,0.203,0.078,-0.093,0.502,0.535,-0.035,0.165,1.0,0.006,0.024,0.026,0.0,0.0,0.0,0.0,0.0,0.0,0.0,0.0,0.0,0.001,0.053,0.025,-0.268,0.155,0.127,-0.008,0.041,0.004,-0.286,0.154,0.15,0.238,1.0,1.0,1.0,1.0,1.0,-0.972,0.433,0.171
20260304_135106,1772603554.1602626,0.3,0.3,0.437,0.256,0.372,0.545,0.499,0.0,0.0,0.535,0.033,0.0,0.0,0.0,0.0,0.455,0.324,-0.976,0.979,0.0,0.0,0,0.543,0.573,0.628,0.593,-0.094,-0.719,0.725,0.632,high,0.333,0.0,0.0,0.914,0.4,au4_frown,0.256,6,9,anxiety,1.0,neutral,1,-0.293,0.325,0.172,-0.552,0.427,0.149,-0.324,0.768,0.934,0.445,0.5,0.156,0.092,0.149,0.112,0.043,0.03,0.09,0.309,1.0,1.0,0.003,0.052,1.0,0.582,0.399,0.338,-1.0,1.0,1.0,0.003,0.052,1.0,-0.246,0.286,1.0,0.0,0.0,0.0,0.0,0.0,0.0,-0.092,0.203,0.152,-0.087,0.501,0.92,-0.034,0.163,1.0,0.006,0.024,0.027,0.0,0.0,0.0,0.0,0.0,0.0,0.0,0.0,0.0,0.001,0.053,0.013,-0.264,0.155,0.109,-0.007,0.041,0.03,-0.281,0.153,0.11,0.224,1.0,1.0,1.0,1.0,1.0,-0.952,0.434,0.293
20260304_135106,1772603554.179271,0.3,0.315,0.465,0.251,0.362,0.51,0.498,0.0,0.0,0.585,0.031,0.0,0.0,0.0,0.0,0.49,0.304,-0.976,0.98,0.0,0.0,0,0.545,0.573,0.628,0.59,-0.069,-0.762,0.765,0.63,high,0.326,0.0,0.0,0.914,0.4,au4_frown,0.251,7,8,anxiety,1.0,neutral,1,-0.284,0.324,0.074,-0.532,0.426,0.015,-0.309,0.768,0.877,0.429,0.492,0.08,0.08,0.149,0.234,0.044,0.03,0.084,0.28,1.0,1.0,0.003,0.052,1.0,0.57,0.398,0.184,-1.0,1.0,1.0,0.003,0.052,1.0,-0.294,0.308,1.0,0.0,0.0,0.0,0.0,0.0,0.0,-0.08,0.202,0.32,-0.082,0.5,0.725,-0.031,0.161,1.0,0.007,0.024,0.027,0.0,0.0,0.0,0.0,0.0,0.0,0.0,0.0,0.0,0.0,0.053,0.018,-0.261,0.155,0.105,-0.006,0.041,0.028,-0.277,0.153,0.116,0.213,1.0,1.0,1.0,1.0,1.0,-0.926,0.433,0.187
20260304_135106,1772603554.2093346,0.3,0.277,0.406,0.115,0.444,0.578,0.499,0.0,0.0,0.488,0.069,0.0,0.0,0.0,0.0,0.422,0.323,-0.988,0.956,0.0,0.0,0,0.549,0.575,0.632,0.597,-0.072,-0.614,0.618,0.586,medium,0.149,0.0,0.0,0.914,0.4,au4_frown,0.115,6,9,anxiety,1.0,neutral,1,-0.277,0.323,0.293,-0.516,0.425,0.256,-0.304,0.774,0.676,0.423,0.486,0.533,0.073,0.147,0.001,0.045,0.031,0.087,0.251,1.0,1.0,0.003,0.052,1.0,0.547,0.398,0.489,-1.0,1.0,1.0,0.003,0.052,1.0,-0.338,0.329,1.0,0.0,0.0,0.0,0.0,0.0,0.0,-0.073,0.202,0.001,-0.075,0.5,0.88,-0.031,0.16,1.0,0.005,0.024,0.023,0.0,0.0,0.0,0.0,0.0,0.0,0.0,0.0,0.0,0.001,0.053,0.034,-0.257,0.154,0.092,-0.006,0.041,0.042,-0.272,0.153,0.089,0.201,1.0,1.0,1.0,1.0,1.0,-0.917,0.435,0.527
20260304_135106,1772603554.241361,0.3,0.184,0.278,0.167,0.566,0.557,0.482,0.052,0.0,1.0,0.0,0.0,0.464,0.0,0.965,0.443,0.383,-0.997,0.956,0.0,0.0,0,0.551,0.577,0.633,0.601,-0.165,-0.419,0.45,0.499,medium,0.218,0.603,0.0,0.986,0.134,au4_frown,0.167,7,8,anxiety,0.335,neutral,1,-0.275,0.325,0.858,-0.507,0.426,0.795,-0.294,0.776,0.048,0.424,0.48,1.0,0.067,0.147,0.075,0.045,0.031,0.017,0.226,1.0,1.0,0.003,0.052,1.0,0.558,0.397,1.0,-1.0,1.0,1.0,0.003,0.052,1.0,-0.349,0.333,0.749,0.0,0.0,0.0,0.071,1.0,1.0,-0.067,0.201,0.102,-0.065,0.501,1.0,-0.029,0.157,1.0,0.003,0.024,0.023,0.0,0.0,0.0,0.0,0.0,0.0,0.0,0.0,0.0,0.001,0.053,0.04,-0.252,0.154,0.083,-0.006,0.041,0.045,-0.266,0.152,0.07,0.182,1.0,1.0,0.998,1.0,1.0,-0.916,0.44,0.918
20260304_135106,1772603554.2579033,0.3,0.152,0.248,0.128,0.628,0.574,0.485,0.104,0.045,1.0,0.0,0.045,0.859,0.0,1.0,0.426,0.364,-0.995,0.958,0.0,0.0,0,0.554,0.578,0.631,0.603,-0.122,-0.353,0.374,0.636,high,0.167,1.0,0.0,0.993,0.18,,,,,anxiety,0.449,neutral,1,-0.279,0.33,1.0,-0.503,0.429,0.912,-0.288,0.782,0.493,0.431,0.477,1.0,0.059,0.145,0.019,0.045,0.031,0.026,0.205,1.0,0.948,0.006,0.069,1.0,0.568,0.396,1.0,-1.0,1.0,1.0,0.006,0.069,1.0,-0.333,0.333,0.328,0.0,0.0,0.0,0.142,1.0,1.0,-0.059,0.2,0.027,-0.055,0.501,1.0,-0.029,0.156,1.0,0.002,0.024,0.018,0.0,0.0,0.0,0.0,0.0,0.0,0.0,0.0,0.0,0.002,0.053,0.049,-0.247,0.154,0.075,-0.005,0.041,0.036,-0.26,0.151,0.061,0.166,1.0,1.0,1.0,1.0,1.0,-0.922,0.446,1.0
20260304_135106,1772603554.2879546,0.3,0.145,0.215,0.168,0.63,0.576,0.468,0.11,0.0,1.0,0.0,0.0,0.0,0.0,1.0,0.424,0.37,-0.996,0.957,0.0,0.0,0,0.555,0.58,0.631,0.604,-0.047,-0.307,0.31,0.361,medium,0.218,0.0,0.0,0.992,0.142,au7_eye_squeeze,0.576,3,12,fear,0.354,neutral,1,-0.28,0.335,1.0,-0.5,0.433,1.0,-0.278,0.784,0.002,0.437,0.473,1.0,0.053,0.144,0.015,0.044,0.031,0.043,0.184,1.0,0.892,0.005,0.069,1.0,0.579,0.395,1.0,-1.0,1.0,1.0,0.005,0.069,1.0,-0.39,0.352,1.0,0.0,0.0,0.0,0.212,1.0,1.0,-0.053,0.199,0.02,-0.044,0.502,1.0,-0.028,0.154,1.0,0.001,0.024,0.02,0.0,0.0,0.0,0.0,0.0,0.0,0.0,0.0,0.0,0.002,0.053,0.054,-0.242,0.153,0.064,-0.004,0.041,0.037,-0.253,0.151,0.052,0.156,1.0,1.0,1.0,1.0,1.0,-0.93,0.453,1.0
,,,,,,,,,,,,,,,,,,,,,,,,,,,,,,,,,,,,,,,,,,,,,,,,,,,,,,,,,,,,,,,,,,,,,,,,,,,,,,,,,,,,,,,,,,,,,,,,,,,,,,,,,,,,,,,,,,,,,,,,,,,,,,,,,
,,,,,,,,,,,,,,,,,,,,,,,,,,,,,,,,,,,,,,,,,,,,,,,,,,,,,,,,,,,,,,,,,,,,,,,,,,,,,,,,,,,,,,,,,,,,,,,,,,,,,,,,,,,,,,,,,,,,,,,,,,,,,,,,,
,,,,,,,,,,,,,,,,,,,,,,,,,,,,,,,,,,,,,,,,,,,,,,,,,,,,,,,,,,,,,,,,,,,,,,,,,,,,,,,,,,,,,,,,,,,,,,,,,,,,,,,,,,,,,,,,,,,,,,,,,,,,,,,,,
,,,,,,,,,,,,,,,,,,,,,,,,,,,,,,,,,,,,,,,,,,,,,,,,,,,,,,,,,,,,,,,,,,,,,,,,,,,,,,,,,,,,,,,,,,,,,,,,,,,,,,,,,,,,,,,,,,,,,,,,,,,,,,,,,
,,,,,,,,,,,,,,,,,,,,,,,,,,,,,,,,,,,,,,,,,,,,,,,,,,,,,,,,,,,,,,,,,,,,,,,,,,,,,,,,,,,,,,,,,,,,,,,,,,,,,,,,,,,,,,,,,,,,,,,,,,,,,,,,,
,,,,,,,,,,,,,,,,,,,,,,,,,,,,,,,,,,,,,,,,,,,,,,,,,,,,,,,,,,,,,,,,,,,,,,,,,,,,,,,,,,,,,,,,,,,,,,,,,,,,,,,,,,,,,,,,,,,,,,,,,,,,,,,,,
,,,,,,,,,,,,,,,,,,,,,,,,,,,,,,,,,,,,,,,,,,,,,,,,,,,,,,,,,,,,,,,,,,,,,,,,,,,,,,,,,,,,,,,,,,,,,,,,,,,,,,,,,,,,,,,,,,,,,,,,,,,,,,,,,
,,,,,,,,,,,,,,,,,,,,,,,,,,,,,,,,,,,,,,,,,,,,,,,,,,,,,,,,,,,,,,,,,,,,,,,,,,,,,,,,,,,,,,,,,,,,,,,,,,,,,,,,,,,,,,,,,,,,,,,,,,,,,,,,,
,,,,,,,,,,,,,,,,,,,,,,,,,,,,,,,,,,,,,,,,,,,,,,,,,,,,,,,,,,,,,,,,,,,,,,,,,,,,,,,,,,,,,,,,,,,,,,,,,,,,,,,,,,,,,,,,,,,,,,,,,,,,,,,,,
,,,,,,,,,,,,,,,,,,,,,,,,,,,,,,,,,,,,,,,,,,,,,,,,,,,,,,,,,,,,,,,,,,,,,,,,,,,,,,,,,,,,,,,,,,,,,,,,,,,,,,,,,,,,,,,,,,,,,,,,,,,,,,,,,
,,,,,,,,,,,,,,,,,,,,,,,,,,,,,,,,,,,,,,,,,,,,,,,,,,,,,,,,,,,,,,,,,,,,,,,,,,,,,,,,,,,,,,,,,,,,,,,,,,,,,,,,,,,,,,,,,,,,,,,,,,,,,,,,,
,,,,,,,,,,,,,,,,,,,,,,,,,,,,,,,,,,,,,,,,,,,,,,,,,,,,,,,,,,,,,,,,,,,,,,,,,,,,,,,,,,,,,,,,,,,,,,,,,,,,,,,,,,,,,,,,,,,,,,,,,,,,,,,,,
,,,,,,,,,,,,,,,,,,,,,,,,,,,,,,,,,,,,,,,,,,,,,,,,,,,,,,,,,,,,,,,,,,,,,,,,,,,,,,,,,,,,,,,,,,,,,,,,,,,,,,,,,,,,,,,,,,,,,,,,,,,,,,,,,
,,,,,,,,,,,,,,,,,,,,,,,,,,,,,,,,,,,,,,,,,,,,,,,,,,,,,,,,,,,,,,,,,,,,,,,,,,,,,,,,,,,,,,,,,,,,,,,,,,,,,,,,,,,,,,,,,,,,,,,,,,,,,,,,,
,,,,,,,,,,,,,,,,,,,,,,,,,,,,,,,,,,,,,,,,,,,,,,,,,,,,,,,,,,,,,,,,,,,,,,,,,,,,,,,,,,,,,,,,,,,,,,,,,,,,,,,,,,,,,,,,,,,,,,,,,,,,,,,,,
,,,,,,,,,,,,,,,,,,,,,,,,,,,,,,,,,,,,,,,,,,,,,,,,,,,,,,,,,,,,,,,,,,,,,,,,,,,,,,,,,,,,,,,,,,,,,,,,,,,,,,,,,,,,,,,,,,,,,,,,,,,,,,,,,
20260304_135106,1772603554.8494937,0.3,0.376,0.602,0.325,0.467,0.622,0.5,0.0,0.0,0.588,0.0,0.0,0.915,0.0,0.0,0.378,0.305,-0.947,0.933,0.0,0.0,0,0.558,0.58,0.635,0.633,-0.086,-0.699,0.704,0.792,high,0.422,1.0,0.0,0.993,0.272,au4_frown,0.325,3,12,anxiety,0.679,neutral,1,-0.265,0.333,0.404,-0.471,0.432,0.7,-0.257,0.785,1.0,0.432,0.468,0.536,0.051,0.144,0.141,0.045,0.031,0.09,0.155,1.0,1.0,0.005,0.069,1.0,0.557,0.393,0.229,-1.0,1.0,1.0,0.005,0.069,1.0,-0.371,0.353,0.504,0.0,0.0,0.0,0.207,1.0,1.0,-0.051,0.2,0.196,-0.038,0.502,0.649,-0.023,0.156,1.0,-0.001,0.025,0.07,0.0,0.0,0.0,0.0,0.0,0.0,0.0,0.0,0.0,0.003,0.053,0.064,-0.236,0.153,0.06,-0.002,0.041,0.048,-0.244,0.15,0.044,0.144,1.0,1.0,0.985,1.0,1.0,-0.911,0.454,0.251
20260304_135106,1772603554.879101,0.3,0.361,0.564,0.364,0.339,0.552,0.498,0.0,0.0,0.467,0.017,0.0,0.748,0.0,0.0,0.448,0.298,-0.952,0.961,0.0,0.0,0,0.557,0.581,0.627,0.607,-0.098,-0.842,0.848,0.8,high,0.473,0.972,0.0,0.993,0.274,au4_frown,0.364,4,11,anxiety,0.686,neutral,1,-0.251,0.332,0.311,-0.445,0.431,0.535,-0.234,0.787,1.0,0.415,0.462,0.171,0.044,0.143,0.102,0.046,0.031,0.083,0.125,1.0,1.0,0.005,0.069,1.0,0.53,0.393,0.595,-1.0,1.0,1.0,0.005,0.069,1.0,-0.358,0.353,0.047,0.0,0.0,0.0,0.203,1.0,1.0,-0.044,0.199,0.142,-0.033,0.501,0.582,-0.02,0.157,1.0,-0.001,0.025,0.01,0.0,0.0,0.0,0.0,0.0,0.0,0.0,0.0,0.0,0.004,0.053,0.057,-0.23,0.152,0.054,-0.001,0.041,0.023,-0.238,0.149,0.036,0.132,1.0,1.0,0.949,1.0,1.0,-0.879,0.453,0.121
20260304_135106,1772603554.9628377,0.3,0.369,0.56,0.338,0.355,0.554,0.497,0.0,0.0,0.41,0.034,0.0,0.629,0.0,0.0,0.446,0.309,-0.958,0.958,0.0,0.0,0,0.557,0.583,0.627,0.613,-0.081,-0.823,0.827,0.737,high,0.439,0.817,0.0,0.993,0.258,au4_frown,0.338,3,12,anxiety,0.646,neutral,1,-0.242,0.332,0.368,-0.427,0.431,0.518,-0.213,0.788,1.0,0.399,0.457,0.095,0.035,0.142,0.101,0.047,0.031,0.077,0.096,1.0,1.0,0.005,0.069,1.0,0.498,0.394,0.766,-1.0,1.0,1.0,0.005,0.069,1.0,-0.356,0.354,0.277,0.0,0.0,0.0,0.198,1.0,1.0,-0.035,0.198,0.14,-0.026,0.501,0.667,-0.017,0.159,1.0,-0.001,0.025,0.016,0.0,0.0,0.0,0.0,0.0,0.0,0.0,0.0,0.0,0.004,0.053,0.06,-0.223,0.151,0.041,-0.001,0.041,0.022,-0.232,0.149,0.012,0.12,1.0,1.0,0.913,1.0,1.0,-0.846,0.452,0.08
20260304_135106,1772603554.994265,0.3,0.355,0.522,0.328,0.372,0.529,0.498,0.0,0.0,0.365,0.06,0.0,0.7,0.0,0.0,0.471,0.305,-0.96,0.956,0.0,0.0,0,0.558,0.584,0.627,0.616,-0.073,-0.79,0.793,0.715,high,0.427,0.911,0.0,0.993,0.216,au4_frown,0.328,4,11,anxiety,0.54,neutral,1,-0.235,0.332,0.277,-0.412,0.431,0.349,-0.194,0.788,1.0,0.389,0.453,0.015,0.023,0.141,0.186,0.048,0.032,0.079,0.067,1.0,1.0,0.004,0.069,1.0,0.465,0.398,0.901,-1.0,1.0,1.0,0.004,0.069,1.0,-0.347,0.354,0.073,0.0,0.0,0.0,0.193,1.0,1.0,-0.023,0.197,0.261,-0.02,0.5,0.63,-0.014,0.16,1.0,-0.001,0.025,0.021,0.0,0.0,0.0,0.0,0.0,0.0,0.0,0.0,0.0,0.005,0.053,0.061,-0.216,0.15,0.033,0.0,0.041,0.024,-0.224,0.148,0.001,0.111,1.0,1.0,0.889,1.0,1.0,-0.825,0.452,0.002
20260304_135106,1772603555.0271888,0.3,0.36,0.533,0.331,0.369,0.511,0.498,0.0,0.0,0.361,0.058,0.0,0.715,0.0,0.0,0.489,0.308,-0.958,0.956,0.0,0.0,0,0.558,0.584,0.627,0.616,-0.073,-0.799,0.803,0.724,high,0.43,0.93,0.0,0.994,0.22,au4_frown,0.331,5,10,anxiety,0.549,neutral,1,-0.224,0.331,0.311,-0.391,0.43,0.404,-0.175,0.789,1.0,0.375,0.448,0.037,0.012,0.141,0.249,0.049,0.032,0.076,0.038,1.0,1.0,0.004,0.069,1.0,0.427,0.4,0.911,-1.0,1.0,1.0,0.004,0.069,1.0,-0.344,0.354,0.029,0.0,0.0,0.0,0.188,1.0,1.0,-0.012,0.197,0.349,-0.015,0.499,0.643,-0.011,0.161,1.0,-0.001,0.025,0.019,0.0,0.0,0.0,0.0,0.0,0.0,0.0,0.0,0.0,0.005,0.053,0.06,-0.209,0.15,0.029,0.001,0.041,0.024,-0.217,0.147,0.006,0.1,1.0,1.0,0.855,1.0,1.0,-0.794,0.452,0.038
20260304_135106,1772603555.0587118,0.3,0.363,0.539,0.342,0.376,0.524,0.499,0.0,0.0,0.375,0.059,0.0,0.417,0.0,0.0,0.476,0.316,-0.957,0.956,0.0,0.0,0,0.559,0.585,0.628,0.618,-0.084,-0.791,0.796,0.565,medium,0.445,0.542,0.0,0.994,0.154,au4_frown,0.342,6,9,anxiety,0.385,neutral,1,-0.212,0.33,0.338,-0.369,0.429,0.438,-0.154,0.79,1.0,0.359,0.441,0.016,-0.0,0.14,0.205,0.049,0.032,0.079,0.008,1.0,1.0,0.004,0.069,1.0,0.396,0.403,0.866,-1.0,1.0,1.0,0.004,0.069,1.0,-0.36,0.359,0.85,0.0,0.0,0.0,0.183,1.0,1.0,0.0,0.196,0.289,-0.01,0.499,0.699,-0.008,0.162,1.0,-0.001,0.025,0.02,0.0,0.0,0.0,0.0,0.0,0.0,0.0,0.0,0.0,0.005,0.053,0.061,-0.202,0.149,0.024,0.001,0.041,0.026,-0.209,0.147,0.013,0.088,1.0,1.0,0.816,1.0,1.0,-0.758,0.45,0.034
20260304_135106,1772603555.0902123,0.3,0.374,0.551,0.366,0.357,0.522,0.498,0.0,0.0,0.395,0.058,0.0,0.44,0.0,0.0,0.478,0.307,-0.952,0.952,0.0,0.0,0,0.56,0.585,0.628,0.619,-0.074,-0.821,0.825,0.585,medium,0.475,0.572,0.0,0.994,0.159,au4_frown,0.366,4,11,anxiety,0.397,neutral,1,-0.199,0.329,0.414,-0.35,0.429,0.496,-0.132,0.792,1.0,0.34,0.434,0.125,-0.006,0.14,0.213,0.049,0.032,0.074,-0.021,1.0,1.0,0.004,0.069,1.0,0.363,0.404,0.802,-1.0,1.0,1.0,0.004,0.069,1.0,-0.364,0.363,0.775,0.0,0.0,0.0,0.178,1.0,1.0,0.006,0.196,0.298,-0.005,0.498,0.609,-0.006,0.165,1.0,-0.001,0.025,0.028,0.0,0.0,0.0,0.0,0.0,0.0,0.0,0.0,0.0,0.006,0.053,0.063,-0.194,0.148,0.018,0.001,0.041,0.025,-0.201,0.146,0.021,0.078,1.0,1.0,0.773,1.0,1.0,-0.718,0.448,0.122
20260304_135106,1772603555.1203747,0.3,0.395,0.583,0.363,0.354,0.501,0.498,0.0,0.0,0.33,0.054,0.0,0.764,0.0,0.0,0.499,0.305,-0.951,0.95,0.0,0.0,0,0.562,0.584,0.629,0.621,-0.068,-0.834,0.837,0.752,high,0.472,0.994,0.0,0.995,0.221,au4_frown,0.363,3,12,anxiety,0.553,neutral,1,-0.185,0.328,0.554,-0.327,0.428,0.644,-0.113,0.793,1.0,0.321,0.427,0.156,-0.017,0.141,0.283,0.049,0.032,0.071,-0.05,1.0,1.0,0.003,0.069,1.0,0.322,0.407,0.999,-1.0,1.0,1.0,0.003,0.069,1.0,-0.344,0.362,0.143,0.0,0.0,0.0,0.173,1.0,1.0,0.017,0.197,0.398,0.0,0.497,0.583,-0.004,0.168,1.0,-0.001,0.025,0.031,0.0,0.0,0.0,0.0,0.0,0.0,0.0,0.0,0.0,0.006,0.053,0.07,-0.187,0.147,0.016,0.001,0.041,0.027,-0.193,0.145,0.03,0.067,1.0,1.0,0.73,1.0,1.0,-0.679,0.446,0.167
20260304_135106,1772603555.15302,0.3,0.366,0.553,0.365,0.377,0.507,0.499,0.0,0.0,0.393,0.05,0.0,0.555,0.0,0.0,0.493,0.307,-0.95,0.948,0.0,0.0,0,0.563,0.584,0.63,0.621,-0.067,-0.792,0.795,0.712,high,0.474,0.721,0.0,0.995,0.248,,,,,anxiety,0.621,neutral,1,-0.171,0.327,0.37,-0.305,0.428,0.51,-0.091,0.794,1.0,0.305,0.42,0.043,-0.029,0.14,0.265,0.049,0.032,0.076,-0.079,1.0,1.0,0.003,0.069,1.0,0.287,0.408,0.806,-1.0,1.0,1.0,0.003,0.069,1.0,-0.343,0.364,0.441,0.0,0.0,0.0,0.168,1.0,1.0,0.029,0.196,0.371,0.005,0.496,0.59,-0.001,0.17,1.0,-0.002,0.025,0.035,0.0,0.0,0.0,0.0,0.0,0.0,0.0,0.0,0.0,0.007,0.053,0.074,-0.179,0.146,0.015,0.001,0.041,0.03,-0.184,0.144,0.034,0.056,1.0,1.0,0.691,1.0,1.0,-0.643,0.445,0.07
20260304_135106,1772603555.1844802,0.3,0.37,0.558,0.363,0.381,0.513,0.499,0.0,0.0,0.289,0.041,0.0,0.569,0.0,0.0,0.487,0.305,-0.95,0.945,0.0,0.0,0,0.565,0.581,0.631,0.62,-0.062,-0.796,0.798,0.718,high,0.471,0.74,0.0,0.996,0.251,,,,,anxiety,0.627,neutral,1,-0.161,0.327,0.399,-0.285,0.427,0.535,-0.071,0.795,1.0,0.291,0.415,0.032,-0.038,0.141,0.244,0.049,0.032,0.072,-0.109,1.0,1.0,0.003,0.069,1.0,0.244,0.412,1.0,-1.0,1.0,1.0,0.003,0.069,1.0,-0.347,0.366,0.396,0.0,0.0,0.0,0.164,1.0,1.0,0.038,0.197,0.342,0.009,0.495,0.567,0.002,0.173,1.0,-0.003,0.025,0.041,0.0,0.0,0.0,0.0,0.0,0.0,0.0,0.0,0.0,0.007,0.053,0.078,-0.171,0.145,0.019,0.001,0.041,0.032,-0.175,0.143,0.035,0.046,1.0,1.0,0.657,1.0,1.0,-0.612,0.444,0.089
20260304_135106,1772603555.2141597,0.3,0.369,0.564,0.372,0.385,0.501,0.5,0.0,0.0,0.345,0.035,0.0,0.619,0.0,0.0,0.499,0.301,-0.948,0.942,0.0,0.0,0,0.567,0.579,0.632,0.619,-0.057,-0.79,0.793,0.747,high,0.484,0.804,0.0,0.996,0.26,,,,,anxiety,0.651,neutral,1,-0.148,0.326,0.397,-0.262,0.427,0.57,-0.049,0.797,1.0,0.276,0.409,0.024,-0.046,0.142,0.282,0.049,0.032,0.074,-0.138,1.0,1.0,0.002,0.069,1.0,0.205,0.414,0.949,-1.0,1.0,1.0,0.002,0.069,1.0,-0.352,0.366,0.252,0.0,0.0,0.0,0.159,1.0,1.0,0.046,0.197,0.395,0.012,0.494,0.524,0.005,0.176,1.0,-0.005,0.025,0.046,0.0,0.0,0.0,0.0,0.0,0.0,0.0,0.0,0.0,0.008,0.053,0.084,-0.163,0.143,0.021,0.002,0.041,0.036,-0.165,0.142,0.037,0.038,1.0,1.0,0.618,1.0,1.0,-0.576,0.442,0.087
20260304_135106,1772603555.247207,0.3,0.362,0.567,0.374,0.402,0.507,0.5,0.0,0.0,0.345,0.021,0.0,0.671,0.0,0.0,0.493,0.304,-0.947,0.938,0.0,0.0,0,0.569,0.576,0.633,0.618,-0.055,-0.769,0.771,0.773,high,0.486,0.872,0.0,0.997,0.268,,,,,anxiety,0.67,neutral,1,-0.137,0.325,0.353,-0.237,0.426,0.588,-0.028,0.798,1.0,0.26,0.402,0.053,-0.051,0.142,0.258,0.049,0.032,0.073,-0.167,1.0,1.0,0.002,0.069,1.0,0.168,0.416,0.946,-1.0,1.0,1.0,0.002,0.069,1.0,-0.344,0.367,0.097,0.0,0.0,0.0,0.154,1.0,1.0,0.051,0.198,0.36,0.015,0.493,0.538,0.008,0.18,1.0,-0.006,0.025,0.053,0.0,0.0,0.0,0.0,0.0,0.0,0.0,0.0,0.0,0.009,0.053,0.089,-0.155,0.142,0.027,0.002,0.041,0.039,-0.155,0.14,0.039,0.03,1.0,1.0,0.578,1.0,1.0,-0.541,0.44,0.043
20260304_135106,1772603555.2783217,0.3,0.377,0.584,0.371,0.403,0.514,0.5,0.0,0.0,0.375,0.005,0.0,0.681,0.0,0.0,0.486,0.299,-0.946,0.935,0.0,0.0,0,0.57,0.574,0.635,0.617,-0.054,-0.765,0.767,0.776,high,0.482,0.885,0.0,0.997,0.269,,,,,anxiety,0.672,neutral,1,-0.123,0.324,0.46,-0.205,0.423,0.679,-0.006,0.8,1.0,0.246,0.396,0.043,-0.057,0.143,0.231,0.049,0.032,0.071,-0.196,1.0,1.0,0.003,0.068,1.0,0.131,0.418,0.852,-1.0,1.0,1.0,0.003,0.068,1.0,-0.335,0.367,0.063,0.0,0.0,0.0,0.149,1.0,1.0,0.057,0.198,0.321,0.016,0.491,0.484,0.011,0.183,1.0,-0.009,0.025,0.059,0.0,0.0,0.0,0.0,0.0,0.0,0.0,0.0,0.0,0.01,0.054,0.092,-0.147,0.141,0.028,0.003,0.041,0.043,-0.145,0.139,0.04,0.022,1.0,1.0,0.537,1.0,1.0,-0.503,0.438,0.048
20260304_135106,1772603555.3108315,0.3,0.396,0.607,0.382,0.405,0.505,0.5,0.0,0.0,0.317,0.0,0.0,0.63,0.0,0.0,0.495,0.292,-0.941,0.93,0.0,0.0,0,0.571,0.572,0.636,0.618,-0.049,-0.776,0.777,0.754,high,0.496,0.818,0.0,0.997,0.261,,,,,anxiety,0.653,neutral,1,-0.107,0.323,0.586,-0.174,0.422,0.79,0.016,0.801,1.0,0.227,0.387,0.039,-0.065,0.144,0.263,0.048,0.031,0.069,-0.226,1.0,1.0,0.004,0.066,1.0,0.093,0.421,1.0,-1.0,1.0,1.0,0.004,0.066,1.0,-0.393,0.348,0.228,0.0,0.0,0.0,0.144,1.0,1.0,0.065,0.199,0.364,0.016,0.488,0.415,0.015,0.187,1.0,-0.011,0.025,0.068,0.0,0.0,0.0,0.0,0.0,0.0,0.0,0.0,0.0,0.01,0.054,0.096,-0.139,0.14,0.03,0.004,0.041,0.045,-0.135,0.138,0.045,0.014,1.0,1.0,0.487,1.0,1.0,-0.456,0.433,0.093
20260304_135106,1772603555.3427358,0.3,0.396,0.613,0.368,0.407,0.529,0.5,0.0,0.0,0.381,0.0,0.0,0.748,0.0,0.0,0.471,0.289,-0.937,0.927,0.0,0.0,0,0.574,0.568,0.638,0.616,-0.047,-0.77,0.771,0.803,high,0.478,0.972,0.0,0.998,0.276,,,,,anxiety,0.69,neutral,1,-0.092,0.322,0.591,-0.143,0.421,0.822,0.038,0.802,1.0,0.208,0.377,0.031,-0.072,0.144,0.179,0.047,0.031,0.067,-0.255,1.0,1.0,0.004,0.066,1.0,0.059,0.423,0.829,-1.0,1.0,1.0,0.004,0.066,1.0,-0.381,0.348,0.111,0.0,0.0,0.0,0.139,1.0,1.0,0.072,0.199,0.248,0.016,0.486,0.375,0.018,0.192,1.0,-0.013,0.026,0.074,0.0,0.0,0.0,0.0,0.0,0.0,0.0,0.0,0.0,0.011,0.054,0.103,-0.13,0.138,0.04,0.005,0.042,0.052,-0.125,0.136,0.044,0.006,1.0,1.0,0.437,1.0,1.0,-0.409,0.429,0.094
20260304_135106,1772603555.390778,0.3,0.396,0.63,0.363,0.418,0.524,0.5,0.0,0.0,0.391,0.0,0.0,0.88,0.0,0.0,0.476,0.277,-0.933,0.921,0.0,0.0,0,0.575,0.567,0.639,0.618,-0.035,-0.768,0.769,0.81,high,0.472,1.0,0.0,0.999,0.277,,,,,anxiety,0.693,neutral,1,-0.078,0.322,0.589,-0.111,0.42,0.904,0.059,0.803,1.0,0.189,0.368,0.072,-0.08,0.144,0.194,0.046,0.03,0.065,-0.284,1.0,1.0,0.003,0.066,1.0,0.021,0.423,0.798,-1.0,1.0,1.0,0.003,0.066,1.0,-0.374,0.348,0.48,0.0,0.0,0.0,0.134,1.0,1.0,0.08,0.199,0.269,0.015,0.485,0.266,0.022,0.197,1.0,-0.016,0.026,0.087,0.0,0.0,0.0,0.0,0.0,0.0,0.0,0.0,0.0,0.012,0.054,0.106,-0.122,0.137,0.039,0.006,0.042,0.054,-0.115,0.135,0.053,-0.0,1.0,1.0,0.387,1.0,1.0,-0.363,0.424,0.106
20260304_135106,1772603555.4278002,0.3,0.414,0.645,0.358,0.408,0.529,0.5,0.0,0.0,0.355,0.0,0.0,0.887,0.0,0.0,0.471,0.263,-0.938,0.918,0.0,0.0,0,0.575,0.565,0.64,0.617,-0.025,-0.777,0.778,0.809,high,0.466,1.0,0.0,1.0,0.277,,,,,anxiety,0.693,neutral,1,-0.064,0.323,0.706,-0.08,0.42,0.976,0.08,0.804,1.0,0.17,0.359,0.008,-0.085,0.144,0.175,0.045,0.03,0.062,-0.313,1.0,1.0,0.003,0.066,1.0,-0.019,0.424,0.91,-0.988,1.0,1.0,0.003,0.066,1.0,-0.348,0.348,0.5,0.0,0.0,0.0,0.129,1.0,1.0,0.085,0.199,0.242,0.014,0.483,0.152,0.025,0.202,1.0,-0.018,0.027,0.091,0.0,0.0,0.0,0.0,0.0,0.0,0.0,0.0,0.0,0.013,0.054,0.104,-0.113,0.135,0.039,0.008,0.042,0.058,-0.104,0.133,0.054,-0.006,1.0,1.0,0.337,1.0,1.0,-0.316,0.419,0.148
20260304_135106,1772603555.4541347,0.3,0.42,0.659,0.357,0.4,0.531,0.5,0.0,0.0,0.394,0.0,0.0,0.914,0.0,0.0,0.469,0.261,-0.933,0.92,0.0,0.0,0,0.575,0.565,0.64,0.617,-0.024,-0.791,0.791,0.808,high,0.464,1.0,0.0,1.0,0.277,au7_eye_squeeze,0.531,3,12,anxiety,0.693,neutral,1,-0.045,0.321,0.753,-0.044,0.419,1.0,0.099,0.804,1.0,0.148,0.348,0.049,-0.091,0.144,0.171,0.044,0.029,0.059,-0.343,1.0,1.0,0.003,0.066,1.0,-0.053,0.425,0.789,-0.942,1.0,1.0,0.003,0.066,1.0,-0.322,0.348,0.574,0.0,0.0,0.0,0.125,1.0,1.0,0.091,0.199,0.236,0.012,0.482,0.127,0.028,0.207,1.0,-0.021,0.027,0.086,0.0,0.0,0.0,0.0,0.0,0.0,0.0,0.0,0.0,0.014,0.054,0.101,-0.104,0.133,0.033,0.009,0.042,0.058,-0.094,0.132,0.059,-0.011,1.0,1.0,0.281,1.0,1.0,-0.264,0.412,0.206
20260304_135106,1772603555.482649,0.3,0.427,0.674,0.342,0.395,0.537,0.5,0.0,0.0,0.41,0.0,0.0,0.921,0.0,0.0,0.463,0.257,-0.934,0.918,0.0,0.0,0,0.575,0.563,0.641,0.615,-0.017,-0.792,0.792,0.804,high,0.444,1.0,0.0,1.0,0.278,au7_eye_squeeze,0.537,5,10,anxiety,0.695,neutral,1,-0.025,0.32,0.796,-0.007,0.418,1.0,0.119,0.804,1.0,0.126,0.338,0.088,-0.099,0.144,0.151,0.043,0.029,0.058,-0.372,1.0,1.0,0.003,0.066,1.0,-0.087,0.425,0.738,-0.895,1.0,1.0,0.003,0.066,1.0,-0.299,0.348,0.591,0.0,0.0,0.0,0.12,1.0,1.0,0.099,0.199,0.208,0.01,0.48,0.092,0.032,0.212,1.0,-0.023,0.027,0.089,0.0,0.0,0.0,0.0,0.0,0.0,0.0,0.0,0.0,0.015,0.054,0.101,-0.095,0.131,0.034,0.01,0.042,0.059,-0.082,0.13,0.059,-0.015,1.0,1.0,0.229,1.0,1.0,-0.215,0.407,0.224
20260304_135106,1772603555.51189,0.3,0.398,0.629,0.326,0.434,0.541,0.5,0.0,0.0,0.398,0.0,0.0,0.855,0.0,0.0,0.459,0.265,-0.937,0.916,0.0,0.0,0,0.576,0.56,0.641,0.614,-0.014,-0.706,0.706,0.8,high,0.423,1.0,0.0,1.0,0.279,au7_eye_squeeze,0.541,5,10,anxiety,0.698,neutral,1,-0.011,0.32,0.606,0.023,0.418,0.906,0.138,0.804,1.0,0.109,0.33,0.088,-0.107,0.144,0.136,0.042,0.028,0.057,-0.401,1.0,1.0,0.002,0.066,1.0,-0.125,0.425,0.777,-0.845,1.0,1.0,0.002,0.066,1.0,-0.277,0.348,0.404,0.0,0.0,0.0,0.115,1.0,1.0,0.107,0.199,0.188,0.008,0.479,0.148,0.036,0.215,1.0,-0.026,0.028,0.092,0.0,0.0,0.0,0.0,0.0,0.0,0.0,0.0,0.0,0.016,0.054,0.102,-0.085,0.129,0.039,0.011,0.042,0.059,-0.07,0.127,0.058,-0.02,1.0,1.0,0.183,1.0,1.0,-0.173,0.401,0.002
20260304_135106,1772603555.5445623,0.3,0.387,0.612,0.309,0.453,0.537,0.5,0.039,0.0,0.529,0.0,0.0,0.705,0.0,0.0,0.463,0.255,-0.943,0.917,0.0,0.0,0,0.577,0.555,0.643,0.608,0.003,-0.676,0.676,0.768,high,0.402,0.917,0.0,1.0,0.273,au7_eye_squeeze,0.537,6,9,anxiety,0.683,neutral,1,0.005,0.319,0.542,0.055,0.417,0.831,0.155,0.804,1.0,0.092,0.321,0.165,-0.118,0.143,0.151,0.041,0.028,0.055,-0.427,1.0,1.0,0.002,0.066,1.0,-0.152,0.423,0.374,-0.795,1.0,1.0,0.002,0.066,1.0,-0.265,0.348,0.017,0.0,0.0,0.0,0.11,1.0,1.0,0.118,0.198,0.21,0.006,0.477,0.061,0.039,0.218,1.0,-0.028,0.028,0.089,0.0,0.0,0.0,0.0,0.0,0.0,0.0,0.0,0.0,0.017,0.055,0.102,-0.075,0.126,0.051,0.012,0.042,0.063,-0.058,0.125,0.045,-0.024,1.0,1.0,0.14,1.0,1.0,-0.134,0.396,0.068
20260304_135106,1772603555.5771697,0.3,0.367,0.586,0.281,0.477,0.552,0.499,0.101,0.0,0.473,0.0,0.0,0.796,0.0,0.0,0.448,0.264,-0.945,0.911,0.0,0.0,0,0.578,0.549,0.643,0.603,-0.007,-0.619,0.619,0.706,high,0.365,1.0,0.0,1.0,0.2,au7_eye_squeeze,0.552,7,8,anxiety,0.5,neutral,1,0.018,0.318,0.409,0.083,0.415,0.716,0.169,0.804,1.0,0.078,0.312,0.26,-0.123,0.142,0.102,0.04,0.027,0.05,-0.449,1.0,0.986,0.002,0.066,1.0,-0.188,0.42,0.551,-0.742,1.0,1.0,0.002,0.066,1.0,-0.247,0.348,0.244,0.0,0.0,0.0,0.105,1.0,1.0,0.123,0.197,0.142,0.004,0.476,0.129,0.041,0.221,1.0,-0.031,0.029,0.1,0.0,0.0,0.0,0.0,0.0,0.0,0.0,0.0,0.0,0.018,0.055,0.104,-0.065,0.124,0.067,0.014,0.042,0.064,-0.046,0.122,0.034,-0.026,1.0,1.0,0.1,1.0,1.0,-0.097,0.391,0.216
20260304_135106,1772603555.608337,0.3,0.368,0.58,0.269,0.494,0.598,0.499,0.16,0.0,0.552,0.0,0.0,0.886,0.0,0.0,0.402,0.267,-0.944,0.91,0.0,0.0,0,0.58,0.542,0.645,0.601,-0.004,-0.588,0.588,0.699,high,0.349,1.0,0.0,1.0,0.197,au7_eye_squeeze,0.598,5,10,anxiety,0.493,neutral,1,0.028,0.317,0.417,0.108,0.415,0.692,0.182,0.804,0.919,0.06,0.3,0.317,-0.128,0.141,0.056,0.039,0.027,0.046,-0.467,1.0,0.405,0.002,0.066,1.0,-0.218,0.416,0.311,-0.688,1.0,1.0,0.002,0.066,1.0,-0.218,0.348,0.503,0.0,0.0,0.0,0.1,1.0,1.0,0.128,0.197,0.078,0.004,0.475,0.152,0.044,0.223,1.0,-0.033,0.029,0.101,0.0,0.0,0.0,0.0,0.0,0.0,0.0,0.0,0.0,0.019,0.055,0.111,-0.055,0.12,0.085,0.015,0.042,0.068,-0.035,0.12,0.029,-0.03,1.0,1.0,0.056,1.0,1.0,-0.057,0.384,0.284
20260304_135106,1772603555.6425002,0.3,0.362,0.57,0.266,0.506,0.613,0.497,0.199,0.0,0.545,0.0,0.0,0.602,0.0,0.0,0.387,0.276,-0.942,0.904,0.0,0.0,0,0.582,0.537,0.647,0.598,-0.013,-0.557,0.557,0.612,high,0.346,0.782,0.0,1.0,0.165,au7_eye_squeeze,0.613,5,10,anxiety,0.412,neutral,1,0.037,0.317,0.382,0.128,0.415,0.641,0.193,0.804,0.889,0.048,0.293,0.356,-0.131,0.141,0.105,0.038,0.026,0.038,-0.482,1.0,0.038,0.002,0.066,1.0,-0.249,0.412,0.338,-0.632,1.0,1.0,0.002,0.066,1.0,-0.219,0.349,0.302,0.0,0.0,0.0,0.095,1.0,1.0,0.131,0.197,0.146,0.006,0.475,0.221,0.046,0.226,1.0,-0.035,0.03,0.112,0.0,0.0,0.0,0.0,0.0,0.0,0.0,0.0,0.0,0.021,0.055,0.117,-0.045,0.117,0.096,0.016,0.042,0.075,-0.023,0.117,0.024,-0.034,1.0,1.0,0.027,1.0,1.0,-0.032,0.381,0.36
20260304_135106,1772603555.6766608,0.3,0.378,0.594,0.266,0.506,0.624,0.497,0.237,0.0,0.567,0.0,0.0,0.795,0.0,0.0,0.376,0.278,-0.939,0.9,0.0,0.0,0,0.588,0.531,0.651,0.596,-0.01,-0.562,0.562,0.695,high,0.345,1.0,0.0,1.0,0.194,au7_eye_squeeze,0.624,4,11,anxiety,0.484,neutral,1,0.054,0.315,0.49,0.159,0.413,0.765,0.208,0.804,0.889,0.03,0.28,0.335,-0.131,0.14,0.138,0.036,0.025,0.034,-0.495,1.0,0.312,0.001,0.066,1.0,-0.279,0.407,0.276,-0.575,1.0,1.0,0.001,0.066,1.0,-0.204,0.349,0.251,0.0,0.0,0.0,0.09,1.0,1.0,0.131,0.197,0.194,0.006,0.473,0.234,0.048,0.229,1.0,-0.038,0.03,0.119,0.0,0.0,0.0,0.0,0.0,0.0,0.0,0.0,0.0,0.023,0.056,0.135,-0.034,0.113,0.109,0.017,0.043,0.084,-0.011,0.114,0.025,-0.037,1.0,1.0,-0.016,1.0,1.0,0.008,0.372,0.325
20260304_135106,1772603555.702901,0.3,0.378,0.594,0.274,0.515,0.65,0.494,0.273,0.0,0.564,0.0,0.0,0.794,0.0,0.0,0.35,0.29,-0.935,0.893,0.0,0.0,0,0.592,0.527,0.653,0.594,-0.023,-0.53,0.53,0.696,high,0.356,1.0,0.0,1.0,0.192,au7_eye_squeeze,0.65,5,10,anxiety,0.48,neutral,1,0.069,0.313,0.498,0.185,0.412,0.763,0.22,0.804,0.977,0.017,0.271,0.352,-0.132,0.14,0.223,0.034,0.025,0.019,-0.505,1.0,0.63,0.001,0.066,1.0,-0.313,0.401,0.294,-0.516,1.0,1.0,0.001,0.066,1.0,-0.184,0.349,0.251,0.0,0.0,0.0,0.085,1.0,1.0,0.132,0.198,0.314,0.005,0.471,0.318,0.05,0.232,1.0,-0.041,0.031,0.131,0.0,0.0,0.0,0.0,0.0,0.0,0.0,0.0,0.0,0.025,0.056,0.147,-0.025,0.109,0.115,0.019,0.043,0.09,0.002,0.111,0.024,-0.039,1.0,1.0,-0.05,1.0,1.0,0.039,0.367,0.401
20260304_135106,1772603555.75057,0.3,0.354,0.552,0.273,0.54,0.67,0.49,0.362,0.0,0.69,0.0,0.0,0.433,0.0,0.0,0.33,0.315,-0.944,0.906,0.0,0.0,0,0.594,0.52,0.655,0.583,-0.046,-0.484,0.486,0.515,medium,0.355,0.562,0.0,1.0,0.12,au7_eye_squeeze,0.67,6,9,startled_anxiety,0.434,neutral,1,0.085,0.31,0.348,0.214,0.41,0.579,0.233,0.804,0.972,-0.0,0.257,0.443,-0.131,0.14,0.284,0.032,0.024,0.002,-0.51,1.0,1.0,0.001,0.066,1.0,-0.334,0.396,0.079,-0.455,1.0,1.0,0.001,0.066,1.0,-0.195,0.353,0.773,0.0,0.0,0.0,0.081,1.0,1.0,0.131,0.199,0.403,0.006,0.469,0.511,0.052,0.234,1.0,-0.044,0.031,0.103,0.0,0.0,0.0,0.0,0.0,0.0,0.0,0.0,0.0,0.027,0.056,0.155,-0.015,0.105,0.133,0.021,0.043,0.097,0.014,0.107,0.008,-0.043,1.0,1.0,-0.089,1.0,1.0,0.074,0.358,0.516
20260304_135106,1772603555.780326,0.3,0.335,0.499,0.245,0.551,0.694,0.486,0.424,0.0,0.714,0.0,0.0,0.558,0.0,0.0,0.306,0.336,-0.956,0.904,0.0,0.0,0,0.592,0.513,0.652,0.571,-0.064,-0.447,0.452,0.572,medium,0.318,0.726,0.0,1.0,0.146,au7_eye_squeeze,0.694,6,9,startled_anxiety,0.386,neutral,1,0.098,0.307,0.227,0.237,0.408,0.337,0.245,0.805,0.663,-0.015,0.246,0.47,-0.128,0.14,0.359,0.03,0.023,0.012,-0.51,1.0,1.0,0.001,0.066,1.0,-0.36,0.388,0.137,-0.393,1.0,1.0,0.001,0.066,1.0,-0.191,0.354,0.404,0.0,0.0,0.0,0.076,1.0,1.0,0.128,0.201,0.512,0.011,0.468,0.667,0.053,0.235,1.0,-0.046,0.032,0.104,0.0,0.0,0.0,0.0,0.0,0.0,0.0,0.0,0.0,0.029,0.057,0.143,-0.005,0.101,0.151,0.022,0.043,0.086,0.025,0.103,0.044,-0.051,1.0,1.0,-0.122,1.0,1.0,0.104,0.351,0.601
20260304_135106,1772603555.8328621,0.3,0.292,0.428,0.183,0.595,0.722,0.478,0.517,0.0,0.783,0.0,0.0,0.721,0.0,0.0,0.278,0.353,-0.966,0.913,0.0,0.0,0,0.584,0.503,0.648,0.558,-0.077,-0.354,0.362,0.627,high,0.238,0.937,0.0,1.0,0.168,au7_eye_squeeze,0.722,7,8,anxiety,0.421,neutral,1,0.105,0.306,0.052,0.251,0.407,0.009,0.253,0.808,0.002,-0.025,0.237,0.642,-0.126,0.14,0.446,0.028,0.023,0.048,-0.504,1.0,1.0,0.0,0.066,1.0,-0.381,0.38,0.326,-0.329,1.0,1.0,0.0,0.066,1.0,-0.173,0.354,0.071,0.0,0.0,0.0,0.071,1.0,1.0,0.126,0.203,0.643,0.017,0.468,0.792,0.053,0.235,1.0,-0.048,0.032,0.085,0.0,0.0,0.0,0.0,0.0,0.0,0.0,0.0,0.0,0.03,0.057,0.111,0.005,0.096,0.178,0.022,0.043,0.07,0.036,0.099,0.079,-0.061,1.0,1.0,-0.145,1.0,1.0,0.124,0.347,0.865
20260304_135106,1772603555.869131,0.3,0.253,0.351,0.125,0.623,0.753,0.47,0.601,0.0,0.744,0.0,0.0,0.695,0.0,0.0,0.247,0.357,-0.976,0.92,0.0,0.0,0,0.577,0.495,0.64,0.542,-0.057,-0.293,0.298,0.589,medium,0.162,0.904,0.0,1.0,0.158,au7_eye_squeeze,0.753,7,8,anxiety,0.395,neutral,1,0.112,0.305,0.305,0.26,0.407,0.343,0.255,0.814,0.634,-0.033,0.228,0.737,-0.12,0.142,0.541,0.025,0.023,0.08,-0.493,1.0,1.0,0.0,0.066,1.0,-0.405,0.373,0.193,-0.263,1.0,1.0,0.0,0.066,1.0,-0.16,0.354,0.004,0.0,0.0,0.0,0.066,1.0,1.0,0.12,0.208,0.788,0.02,0.466,0.805,0.052,0.235,1.0,-0.049,0.032,0.069,0.0,0.0,0.0,0.0,0.0,0.0,0.0,0.0,0.0,0.03,0.057,0.086,0.014,0.091,0.198,0.022,0.043,0.045,0.046,0.094,0.126,-0.066,1.0,1.0,-0.167,1.0,1.0,0.143,0.343,1.0
20260304_135106,1772603555.8941445,0.3,0.266,0.37,0.135,0.618,0.745,0.479,0.603,0.0,0.749,0.0,0.0,0.766,0.0,0.0,0.255,0.346,-0.974,0.92,0.0,0.0,0,0.577,0.495,0.64,0.541,-0.046,-0.318,0.321,0.628,high,0.176,0.995,0.0,1.0,0.17,au7_eye_squeeze,0.745,6,9,anxiety,0.425,neutral,1,0.123,0.301,0.202,0.278,0.404,0.238,0.261,0.82,0.5,-0.044,0.218,0.683,-0.114,0.143,0.502,0.022,0.022,0.043,-0.483,1.0,1.0,-0.0,0.066,1.0,-0.426,0.366,0.192,-0.196,1.0,1.0,-0.0,0.066,1.0,-0.14,0.353,0.213,0.0,0.0,0.0,0.061,1.0,1.0,0.114,0.212,0.738,0.023,0.464,0.696,0.052,0.235,1.0,-0.05,0.032,0.068,0.0,0.0,0.0,0.0,0.0,0.0,0.0,0.0,0.0,0.031,0.057,0.084,0.024,0.084,0.19,0.022,0.043,0.042,0.056,0.089,0.122,-0.072,1.0,1.0,-0.196,1.0,1.0,0.169,0.335,0.959
20260304_135106,1772603555.9204302,0.3,0.236,0.32,0.084,0.615,0.764,0.466,0.653,0.0,0.789,0.0,0.0,0.549,0.0,0.0,0.236,0.358,-0.981,0.926,0.0,0.0,0,0.566,0.488,0.631,0.53,-0.069,-0.285,0.293,0.478,medium,0.11,0.713,0.0,0.936,0.117,au7_eye_squeeze,0.764,6,9,startled_anxiety,0.393,neutral,1,0.132,0.297,0.391,0.292,0.403,0.46,0.263,0.83,1.0,-0.058,0.203,0.637,-0.108,0.144,0.554,0.019,0.022,0.099,-0.471,0.996,1.0,-0.0,0.066,1.0,-0.449,0.358,0.291,-0.127,1.0,1.0,-0.0,0.066,1.0,-0.137,0.355,0.411,0.0,0.0,0.0,0.056,1.0,1.0,0.108,0.217,0.824,0.027,0.463,0.773,0.051,0.235,1.0,-0.051,0.032,0.054,0.0,0.0,0.0,0.0,0.0,0.0,0.0,0.0,0.0,0.03,0.057,0.042,0.033,0.077,0.208,0.02,0.043,0.014,0.067,0.083,0.155,-0.081,1.0,1.0,-0.225,1.0,1.0,0.195,0.325,1.0
20260304_135106,1772603555.9564872,0.3,0.225,0.291,0.059,0.61,0.71,0.457,0.667,0.0,1.0,0.0,0.0,0.0,0.0,0.207,0.29,0.363,-0.988,0.939,0.0,0.0,0,0.56,0.485,0.627,0.524,-0.048,-0.27,0.275,0.175,low,0.077,0.0,0.0,0.936,0.0,au7_eye_squeeze,0.71,6,9,startled_anxiety,0.555,neutral,1,0.142,0.292,0.452,0.306,0.401,0.585,0.265,0.842,1.0,-0.071,0.191,0.588,-0.108,0.144,0.364,0.014,0.023,0.136,-0.458,0.977,1.0,-0.001,0.066,1.0,-0.456,0.352,0.88,-0.057,1.0,1.0,-0.001,0.066,1.0,-0.17,0.374,1.0,0.0,0.0,0.0,0.066,1.0,1.0,0.108,0.218,0.548,0.03,0.461,0.791,0.049,0.235,1.0,-0.051,0.032,0.026,0.0,0.0,0.0,0.0,0.0,0.0,0.0,0.0,0.0,0.03,0.057,0.018,0.043,0.069,0.207,0.019,0.043,0.001,0.078,0.076,0.168,-0.085,1.0,1.0,-0.25,1.0,1.0,0.216,0.318,1.0
20260304_135106,1772603555.9860754,0.3,0.222,0.272,0.031,0.61,0.693,0.458,0.679,0.0,1.0,0.0,0.0,0.936,0.0,0.219,0.307,0.362,-0.991,0.944,0.0,0.0,0,0.553,0.485,0.622,0.518,-0.047,-0.274,0.278,0.565,medium,0.04,1.0,0.0,0.758,0.176,,,,,anxiety,0.441,neutral,1,0.153,0.285,0.457,0.322,0.398,0.661,0.266,0.857,1.0,-0.085,0.178,0.559,-0.11,0.143,0.295,0.011,0.024,0.129,-0.445,0.959,1.0,-0.001,0.066,1.0,-0.464,0.346,0.848,0.016,0.171,1.0,-0.001,0.066,1.0,-0.141,0.375,0.765,0.0,0.0,0.0,0.077,1.0,1.0,0.11,0.218,0.449,0.033,0.458,0.768,0.049,0.236,1.0,-0.051,0.032,0.015,0.0,0.0,0.0,0.0,0.0,0.0,0.0,0.0,0.0,0.028,0.057,0.008,0.054,0.059,0.201,0.017,0.043,0.019,0.089,0.067,0.177,-0.09,1.0,1.0,-0.279,1.0,1.0,0.243,0.306,1.0
20260304_135106,1772603556.0188143,0.3,0.209,0.25,0.0,0.613,0.67,0.45,0.695,0.0,0.965,0.0,0.0,0.7,0.0,0.0,0.33,0.363,-0.994,0.954,0.0,0.0,0,0.547,0.484,0.617,0.514,-0.046,-0.267,0.271,0.505,medium,0.0,0.911,0.0,0.758,0.148,,,,,anxiety,0.371,neutral,1,0.138,0.283,0.545,0.293,0.394,0.775,0.24,0.857,1.0,-0.066,0.178,0.571,-0.103,0.143,0.217,0.007,0.025,0.161,-0.386,0.961,1.0,-0.001,0.066,1.0,-0.426,0.346,0.748,0.015,0.171,1.0,-0.001,0.066,1.0,-0.152,0.372,0.054,0.0,0.0,0.0,0.072,1.0,1.0,0.103,0.219,0.331,0.049,0.458,0.773,0.045,0.235,1.0,-0.049,0.032,0.006,0.0,0.0,0.0,0.0,0.0,0.0,0.0,0.0,0.0,0.026,0.057,0.029,0.05,0.06,0.2,0.015,0.043,0.035,0.083,0.068,0.191,-0.103,1.0,1.0,-0.238,1.0,1.0,0.199,0.307,1.0
20260304_135106,1772603556.0500388,0.3,0.21,0.248,0.0,0.613,0.658,0.46,0.683,0.0,1.0,0.0,0.0,0.833,0.0,0.107,0.342,0.352,-0.994,0.957,0.0,0.0,0,0.545,0.486,0.617,0.514,-0.026,-0.276,0.277,0.55,medium,0.0,1.0,0.0,0.758,0.171,,,,,anxiety,0.428,neutral,1,0.127,0.283,0.541,0.268,0.394,0.783,0.215,0.857,1.0,-0.053,0.18,0.568,-0.099,0.143,0.177,0.004,0.025,0.119,-0.323,0.96,1.0,-0.001,0.066,1.0,-0.382,0.346,0.847,0.014,0.171,1.0,-0.001,0.066,1.0,-0.137,0.373,0.445,0.0,0.0,0.0,0.074,1.0,1.0,0.099,0.22,0.271,0.063,0.458,0.692,0.042,0.235,1.0,-0.046,0.032,0.014,0.0,0.0,0.0,0.0,0.0,0.0,0.0,0.0,0.0,0.022,0.056,0.04,0.043,0.06,0.192,0.012,0.042,0.035,0.075,0.068,0.191,-0.114,1.0,1.0,-0.205,1.0,1.0,0.163,0.311,1.0
20260304_135106,1772603556.0786266,0.3,0.216,0.251,0.0,0.598,0.696,0.465,0.661,0.0,1.0,0.0,0.0,0.825,0.0,0.0,0.304,0.357,-0.995,0.96,0.0,0.0,0,0.545,0.489,0.616,0.515,-0.038,-0.293,0.296,0.549,medium,0.0,1.0,0.0,0.758,0.17,,,,,anxiety,0.426,neutral,1,0.115,0.281,0.503,0.241,0.392,0.769,0.192,0.861,1.0,-0.036,0.18,0.501,-0.089,0.144,0.302,0.001,0.026,0.097,-0.258,0.958,1.0,-0.001,0.066,1.0,-0.338,0.346,0.847,0.013,0.171,1.0,-0.001,0.066,1.0,-0.115,0.372,0.42,0.0,0.0,0.0,0.068,1.0,1.0,0.089,0.221,0.463,0.078,0.458,0.732,0.038,0.234,1.0,-0.043,0.032,0.021,0.0,0.0,0.0,0.0,0.0,0.0,0.0,0.0,0.0,0.019,0.056,0.038,0.036,0.06,0.181,0.008,0.042,0.038,0.066,0.067,0.189,-0.125,1.0,1.0,-0.167,1.0,1.0,0.123,0.312,0.985
20260304_135106,1772603556.1131566,0.3,0.203,0.244,0.003,0.593,0.735,0.47,0.63,0.0,0.992,0.0,0.0,0.893,0.0,0.0,0.265,0.357,-0.995,0.963,0.0,0.0,0,0.545,0.493,0.616,0.516,-0.051,-0.299,0.303,0.557,medium,0.004,1.0,0.0,0.758,0.178,,,,,anxiety,0.444,neutral,1,0.1,0.28,0.59,0.213,0.389,0.808,0.167,0.861,1.0,-0.019,0.18,0.481,-0.071,0.144,0.43,-0.002,0.026,0.079,-0.196,0.955,1.0,-0.002,0.066,1.0,-0.295,0.346,0.825,0.011,0.171,1.0,-0.002,0.066,1.0,-0.088,0.373,0.621,0.0,0.0,0.0,0.062,1.0,1.0,0.071,0.221,0.657,0.092,0.458,0.73,0.035,0.234,1.0,-0.039,0.032,0.028,0.0,0.0,0.0,0.0,0.0,0.0,0.0,0.0,0.0,0.016,0.055,0.041,0.029,0.06,0.167,0.005,0.042,0.04,0.057,0.067,0.184,-0.137,1.0,1.0,-0.13,1.0,1.0,0.083,0.312,0.96
20260304_135106,1772603556.141704,0.3,0.205,0.251,0.016,0.585,0.66,0.472,0.59,0.0,0.871,0.0,0.0,0.634,0.0,0.0,0.34,0.36,-0.995,0.965,0.0,0.0,0,0.545,0.497,0.617,0.52,-0.063,-0.323,0.329,0.478,medium,0.021,0.825,0.0,0.758,0.138,,,,,startled_anxiety,0.372,neutral,1,0.086,0.278,0.584,0.185,0.386,0.774,0.143,0.859,1.0,-0.003,0.18,0.446,-0.057,0.143,0.182,-0.005,0.026,0.068,-0.136,0.951,1.0,-0.002,0.066,1.0,-0.261,0.345,0.481,0.01,0.171,1.0,-0.002,0.066,1.0,-0.082,0.373,0.14,0.0,0.0,0.0,0.057,1.0,1.0,0.057,0.219,0.278,0.105,0.458,0.756,0.031,0.233,1.0,-0.035,0.032,0.032,0.0,0.0,0.0,0.0,0.0,0.0,0.0,0.0,0.0,0.013,0.055,0.041,0.023,0.06,0.152,0.002,0.041,0.036,0.048,0.066,0.172,-0.147,1.0,1.0,-0.095,1.0,1.0,0.045,0.312,0.871
20260304_135106,1772603556.186976,0.3,0.221,0.28,0.071,0.558,0.6,0.485,0.492,0.0,0.865,0.0,0.0,0.917,0.0,0.0,0.4,0.357,-0.994,0.965,0.0,0.0,0,0.55,0.507,0.626,0.531,-0.073,-0.381,0.388,0.584,medium,0.092,1.0,0.0,0.758,0.183,,,,,anxiety,0.457,neutral,1,0.073,0.276,0.47,0.159,0.383,0.636,0.123,0.851,1.0,0.011,0.179,0.335,-0.044,0.14,0.01,-0.007,0.025,0.016,-0.084,0.946,1.0,-0.002,0.066,1.0,-0.227,0.343,0.469,0.009,0.171,1.0,-0.002,0.066,1.0,-0.055,0.374,0.694,0.0,0.0,0.0,0.051,1.0,1.0,0.044,0.213,0.015,0.116,0.458,0.728,0.028,0.233,1.0,-0.031,0.031,0.033,0.0,0.0,0.0,0.0,0.0,0.0,0.0,0.0,0.0,0.011,0.055,0.024,0.017,0.059,0.116,-0.001,0.041,0.01,0.041,0.065,0.135,-0.156,1.0,1.0,-0.062,1.0,1.0,0.009,0.309,0.668
20260304_135106,1772603556.2221289,0.3,0.252,0.315,0.082,0.529,0.572,0.493,0.447,0.0,0.839,0.0,0.0,0.737,0.0,0.0,0.428,0.338,-0.993,0.962,0.0,0.0,0,0.554,0.511,0.628,0.536,-0.066,-0.436,0.441,0.558,medium,0.107,0.958,0.0,0.758,0.163,,,,,anxiety,0.408,neutral,1,0.063,0.273,0.258,0.136,0.378,0.467,0.103,0.842,1.0,0.023,0.178,0.216,-0.041,0.14,0.102,-0.009,0.024,0.013,-0.035,0.94,1.0,-0.002,0.066,1.0,-0.195,0.342,0.4,0.008,0.171,1.0,-0.002,0.066,1.0,-0.037,0.374,0.166,0.0,0.0,0.0,0.045,1.0,1.0,0.041,0.211,0.155,0.126,0.458,0.58,0.025,0.232,1.0,-0.028,0.031,0.027,0.0,0.0,0.0,0.0,0.0,0.0,0.0,0.0,0.0,0.009,0.055,0.009,0.011,0.059,0.101,-0.003,0.041,0.003,0.034,0.064,0.116,-0.164,1.0,1.0,-0.034,1.0,1.0,-0.022,0.304,0.489
20260304_135106,1772603556.2638052,0.3,0.264,0.345,0.151,0.516,0.575,0.495,0.407,0.0,0.654,0.0,0.0,0.932,0.0,0.0,0.425,0.339,-0.989,0.96,0.0,0.0,0,0.559,0.516,0.633,0.544,-0.074,-0.469,0.474,0.614,high,0.196,1.0,0.0,0.757,0.186,,,,,anxiety,0.465,neutral,1,0.053,0.27,0.182,0.115,0.373,0.325,0.089,0.827,0.27,0.034,0.177,0.162,-0.034,0.138,0.087,-0.01,0.024,0.022,0.011,0.935,1.0,-0.003,0.066,1.0,-0.176,0.341,0.124,0.007,0.171,1.0,-0.003,0.066,1.0,0.002,0.374,0.748,0.0,0.0,0.0,0.039,1.0,1.0,0.034,0.208,0.13,0.135,0.459,0.581,0.021,0.231,1.0,-0.025,0.031,0.023,0.0,0.0,0.0,0.0,0.0,0.0,0.0,0.0,0.0,0.007,0.055,0.008,0.006,0.058,0.084,-0.004,0.041,0.011,0.027,0.063,0.09,-0.17,1.0,1.0,-0.008,1.0,1.0,-0.052,0.3,0.38
20260304_135106,1772603556.3007762,0.3,0.264,0.358,0.159,0.523,0.576,0.493,0.332,0.0,0.813,0.0,0.0,0.0,0.0,0.0,0.424,0.34,-0.986,0.952,0.0,0.0,0,0.564,0.52,0.638,0.553,-0.083,-0.461,0.469,0.207,low,0.207,0.0,0.0,0.757,0.027,,,,,startled_anxiety,0.587,neutral,1,0.044,0.268,0.184,0.097,0.368,0.268,0.075,0.812,0.195,0.045,0.176,0.197,-0.028,0.137,0.079,-0.012,0.023,0.011,0.05,0.932,0.743,-0.003,0.066,1.0,-0.145,0.339,0.345,0.006,0.171,1.0,-0.003,0.066,1.0,-0.029,0.392,1.0,0.0,0.0,0.0,0.034,1.0,1.0,0.028,0.205,0.118,0.144,0.459,0.587,0.019,0.23,1.0,-0.022,0.031,0.007,0.0,0.0,0.0,0.0,0.0,0.0,0.0,0.0,0.0,0.006,0.054,0.026,0.001,0.057,0.068,-0.005,0.04,0.027,0.021,0.062,0.061,-0.176,1.0,1.0,0.019,1.0,1.0,-0.081,0.295,0.405
20260304_135106,1772603556.3290255,0.3,0.255,0.351,0.177,0.531,0.555,0.494,0.344,0.0,0.693,0.0,0.0,0.45,0.0,0.0,0.445,0.337,-0.985,0.952,0.0,0.0,0,0.565,0.521,0.638,0.553,-0.087,-0.469,0.477,0.449,medium,0.23,0.584,0.0,0.757,0.117,au4_frown,0.177,3,12,startled_anxiety,0.442,neutral,1,0.035,0.266,0.25,0.078,0.364,0.312,0.061,0.796,0.011,0.055,0.176,0.233,-0.025,0.137,0.143,-0.012,0.023,0.017,0.087,0.929,0.884,-0.003,0.066,1.0,-0.122,0.338,0.003,0.005,0.171,1.0,-0.003,0.066,1.0,-0.044,0.395,0.66,0.0,0.0,0.0,0.028,1.0,1.0,0.025,0.204,0.213,0.153,0.459,0.558,0.016,0.229,1.0,-0.02,0.031,0.008,0.0,0.0,0.0,0.0,0.0,0.0,0.0,0.0,0.0,0.005,0.054,0.028,-0.003,0.057,0.065,-0.005,0.04,0.027,0.015,0.061,0.062,-0.182,1.0,1.0,0.043,1.0,1.0,-0.108,0.292,0.381
20260304_135106,1772603556.3631434,0.3,0.254,0.356,0.159,0.554,0.572,0.487,0.3,0.0,0.708,0.0,0.0,0.0,0.0,0.0,0.428,0.359,-0.986,0.945,0.0,0.0,0,0.569,0.527,0.643,0.561,-0.11,-0.421,0.435,0.207,low,0.206,0.0,0.0,0.757,0.027,au4_frown,0.159,4,11,startled_anxiety,0.597,neutral,1,0.028,0.265,0.26,0.063,0.362,0.291,0.047,0.781,0.241,0.067,0.175,0.329,-0.017,0.136,0.082,-0.013,0.023,0.014,0.12,0.928,0.545,-0.003,0.066,1.0,-0.098,0.336,0.057,0.004,0.171,1.0,-0.003,0.066,1.0,-0.073,0.413,1.0,0.0,0.0,0.0,0.022,1.0,1.0,0.017,0.2,0.121,0.163,0.459,0.72,0.013,0.228,1.0,-0.019,0.031,0.006,0.0,0.0,0.0,0.0,0.0,0.0,0.0,0.0,0.0,0.006,0.054,0.043,-0.007,0.056,0.046,-0.005,0.04,0.042,0.011,0.06,0.035,-0.192,1.0,1.0,0.07,1.0,1.0,-0.137,0.289,0.527
20260304_135106,1772603556.3912337,0.3,0.28,0.412,0.166,0.505,0.587,0.496,0.237,0.0,0.564,0.0,0.0,0.0,0.0,0.0,0.413,0.323,-0.985,0.938,0.0,0.0,0,0.572,0.53,0.647,0.567,-0.07,-0.506,0.511,0.211,low,0.216,0.0,0.0,0.756,0.029,au4_frown,0.166,5,10,startled_anxiety,0.609,neutral,1,0.024,0.264,0.084,0.054,0.36,0.023,0.033,0.768,0.169,0.075,0.175,0.125,-0.007,0.134,0.024,-0.013,0.023,0.021,0.145,0.931,0.038,-0.003,0.066,1.0,-0.089,0.336,0.354,0.003,0.171,1.0,-0.003,0.066,1.0,-0.109,0.431,1.0,0.0,0.0,0.0,0.016,1.0,1.0,0.007,0.196,0.035,0.172,0.459,0.445,0.011,0.227,1.0,-0.019,0.031,0.021,0.0,0.0,0.0,0.0,0.0,0.0,0.0,0.0,0.0,0.007,0.054,0.054,-0.011,0.056,0.034,-0.003,0.041,0.052,0.007,0.06,0.014,-0.2,1.0,1.0,0.089,1.0,1.0,-0.159,0.286,0.271
20260304_135106,1772603556.4246867,0.3,0.279,0.401,0.118,0.499,0.589,0.499,0.208,0.0,0.655,0.0,0.0,0.0,0.0,0.0,0.411,0.292,-0.987,0.938,0.0,0.0,0,0.577,0.537,0.647,0.573,-0.035,-0.526,0.527,0.188,low,0.154,0.0,0.0,0.757,0.021,au4_frown,0.118,6,9,startled_anxiety,0.629,neutral,1,0.019,0.263,0.091,0.046,0.358,0.079,0.02,0.764,0.709,0.083,0.174,0.104,0.004,0.131,0.013,-0.013,0.023,0.035,0.166,0.935,0.185,-0.004,0.066,1.0,-0.082,0.337,0.083,0.002,0.171,1.0,-0.004,0.066,1.0,-0.157,0.448,1.0,0.0,0.0,0.0,0.011,1.0,1.0,-0.004,0.191,0.019,0.179,0.459,0.21,0.009,0.228,1.0,-0.02,0.031,0.021,0.0,0.0,0.0,0.0,0.0,0.0,0.0,0.0,0.0,0.009,0.054,0.068,-0.014,0.055,0.012,-0.001,0.041,0.054,0.004,0.059,0.003,-0.208,1.0,1.0,0.107,1.0,1.0,-0.181,0.282,0.223
20260304_135106,1772603556.4519317,0.3,0.291,0.428,0.146,0.484,0.627,0.5,0.153,0.0,0.575,0.0,0.0,0.371,0.0,0.0,0.373,0.288,-0.984,0.934,0.0,0.0,0,0.578,0.54,0.669,0.591,0.022,-0.549,0.55,0.394,medium,0.19,0.482,0.0,0.757,0.097,au4_frown,0.146,6,9,startled_anxiety,0.516,neutral,1,0.018,0.263,0.013,0.043,0.357,0.045,0.017,0.765,0.4,0.088,0.174,0.042,0.016,0.13,0.121,-0.013,0.023,0.038,0.179,0.943,0.65,-0.004,0.066,1.0,-0.086,0.338,0.315,0.001,0.171,1.0,-0.004,0.066,1.0,-0.223,0.436,0.856,0.0,0.0,0.0,0.005,1.0,1.0,-0.016,0.188,0.175,0.187,0.459,0.188,0.007,0.228,1.0,-0.022,0.031,0.03,0.0,0.0,0.0,0.0,0.0,0.0,0.0,0.0,0.0,0.012,0.054,0.073,-0.017,0.055,0.001,0.003,0.041,0.124,0.004,0.059,0.067,-0.214,1.0,1.0,0.12,1.0,1.0,-0.197,0.28,0.15
20260304_135106,1772603556.487282,0.3,0.317,0.445,0.182,0.455,0.65,0.5,0.129,0.0,0.536,0.0,0.0,0.025,0.0,0.0,0.35,0.288,-0.981,0.942,0.0,0.0,0,0.578,0.547,0.668,0.589,0.001,-0.579,0.579,0.229,low,0.237,0.033,0.0,0.757,0.033,au4_frown,0.182,2,13,startled_anxiety,0.633,neutral,1,0.019,0.263,0.164,0.045,0.357,0.128,0.02,0.767,0.011,0.092,0.174,0.078,0.032,0.127,0.204,-0.012,0.023,0.038,0.187,0.954,0.846,-0.004,0.066,1.0,-0.095,0.339,0.424,-0.0,0.171,1.0,-0.004,0.066,1.0,-0.247,0.452,1.0,0.0,0.0,0.0,-0.001,1.0,1.0,-0.032,0.183,0.293,0.195,0.459,0.196,0.007,0.228,1.0,-0.024,0.031,0.013,0.0,0.0,0.0,0.0,0.0,0.0,0.0,0.0,0.0,0.016,0.054,0.074,-0.019,0.054,0.022,0.008,0.041,0.118,0.003,0.059,0.056,-0.222,1.0,1.0,0.13,1.0,1.0,-0.211,0.278,0.056
20260304_135106,1772603556.5208397,0.3,0.319,0.479,0.196,0.481,0.806,0.5,0.102,0.0,0.508,0.0,0.0,0.708,0.0,0.0,0.194,0.309,-0.975,0.936,0.0,0.0,0,0.587,0.559,0.667,0.581,-0.012,-0.606,0.606,0.621,high,0.255,0.92,0.0,0.85,0.185,,,,,anxiety,0.462,neutral,1,0.023,0.263,0.18,0.053,0.357,0.293,0.026,0.769,0.167,0.096,0.174,0.034,0.057,0.131,0.739,-0.011,0.023,0.036,0.191,0.966,1.0,-0.004,0.066,1.0,-0.114,0.341,0.505,-0.001,0.171,1.0,-0.004,0.066,1.0,-0.222,0.451,0.239,0.0,0.0,0.0,-0.007,1.0,1.0,-0.057,0.189,1.0,0.205,0.459,0.358,0.007,0.228,1.0,-0.027,0.031,0.025,0.073,1.0,1.0,0.0,0.0,0.0,0.0,0.0,0.0,0.021,0.054,0.106,-0.019,0.054,0.066,0.013,0.041,0.116,0.003,0.059,0.027,-0.231,1.0,1.0,0.135,1.0,1.0,-0.219,0.276,0.031
20260304_135106,1772603556.5510633,0.3,0.369,0.538,0.225,0.478,0.652,0.499,0.034,0.0,0.559,0.0,0.0,0.784,0.0,0.0,0.348,0.314,-0.964,0.924,0.0,0.0,0,0.586,0.56,0.651,0.6,-0.089,-0.619,0.626,0.699,high,0.292,1.0,0.0,0.85,0.234,,,,,anxiety,0.585,neutral,1,0.031,0.263,0.525,0.067,0.357,0.572,0.037,0.769,0.501,0.099,0.174,0.023,0.069,0.13,0.208,-0.011,0.023,0.034,0.185,0.983,1.0,-0.005,0.066,1.0,-0.13,0.341,0.353,-0.002,0.171,1.0,-0.005,0.066,1.0,-0.195,0.451,0.486,0.0,0.0,0.0,-0.012,1.0,1.0,-0.069,0.188,0.3,0.215,0.459,0.401,0.009,0.228,1.0,-0.031,0.03,0.052,0.145,1.0,1.0,0.0,0.0,0.0,0.0,0.0,0.0,0.026,0.054,0.102,-0.02,0.054,0.067,0.017,0.041,0.065,0.004,0.059,0.093,-0.246,1.0,1.0,0.137,1.0,1.0,-0.223,0.275,0.093
20260304_135106,1772603556.579524,0.3,0.337,0.503,0.184,0.486,0.632,0.499,0.032,0.0,0.669,0.0,0.0,0.641,0.0,0.0,0.368,0.299,-0.97,0.929,0.0,0.0,0,0.583,0.556,0.658,0.609,-0.054,-0.56,0.562,0.618,high,0.24,0.833,0.0,0.849,0.208,,,,,anxiety,0.519,neutral,1,0.038,0.263,0.306,0.081,0.357,0.403,0.045,0.772,0.059,0.103,0.173,0.059,0.078,0.13,0.142,-0.01,0.023,0.03,0.178,1.0,1.0,-0.005,0.066,1.0,-0.138,0.34,0.029,-0.003,0.171,1.0,-0.005,0.066,1.0,-0.187,0.451,0.031,0.0,0.0,0.0,-0.018,1.0,1.0,-0.078,0.187,0.205,0.224,0.458,0.293,0.01,0.227,1.0,-0.036,0.03,0.041,0.215,1.0,1.0,0.0,0.0,0.0,0.0,0.0,0.0,0.032,0.053,0.092,-0.02,0.054,0.054,0.022,0.041,0.088,0.007,0.06,0.126,-0.26,1.0,1.0,0.144,1.0,1.0,-0.232,0.275,0.123
20260304_135106,1772603556.6124063,0.3,0.328,0.499,0.254,0.464,0.603,0.499,0.027,0.0,0.633,0.0,0.0,0.704,0.0,0.0,0.397,0.299,-0.973,0.936,0.0,0.0,0,0.583,0.558,0.661,0.61,-0.037,-0.57,0.571,0.688,high,0.33,0.915,0.0,0.922,0.223,au4_frown,0.254,2,13,anxiety,0.558,neutral,1,0.046,0.263,0.241,0.096,0.357,0.39,0.06,0.772,0.861,0.104,0.174,0.035,0.082,0.13,0.043,-0.01,0.023,0.033,0.167,1.0,1.0,-0.005,0.066,1.0,-0.143,0.34,0.135,-0.004,0.171,1.0,-0.005,0.066,1.0,-0.167,0.451,0.236,0.0,0.0,0.0,-0.024,1.0,1.0,-0.082,0.187,0.062,0.233,0.458,0.296,0.011,0.226,1.0,-0.039,0.03,0.027,0.283,1.0,1.0,0.0,0.0,0.0,0.0,0.0,0.0,0.037,0.053,0.093,-0.021,0.054,0.057,0.028,0.04,0.099,0.01,0.06,0.125,-0.273,1.0,1.0,0.146,1.0,1.0,-0.237,0.275,0.094
20260304_135106,1772603556.6680958,0.3,0.351,0.536,0.247,0.445,0.575,0.499,0.007,0.0,0.642,0.0,0.0,0.744,0.0,0.0,0.425,0.296,-0.97,0.931,0.0,0.0,0,0.581,0.557,0.663,0.613,-0.03,-0.596,0.597,0.704,high,0.322,0.967,0.0,0.921,0.229,au4_frown,0.247,3,12,anxiety,0.573,neutral,1,0.056,0.262,0.402,0.117,0.356,0.574,0.076,0.772,0.798,0.103,0.174,0.115,0.082,0.13,0.051,-0.009,0.023,0.033,0.153,1.0,1.0,-0.004,0.066,1.0,-0.154,0.34,0.11,-0.005,0.171,1.0,-0.004,0.066,1.0,-0.141,0.451,0.371,0.0,0.0,0.0,-0.03,1.0,1.0,-0.082,0.186,0.074,0.242,0.458,0.273,0.014,0.225,1.0,-0.044,0.03,0.038,0.35,1.0,1.0,0.0,0.0,0.0,0.0,0.0,0.0,0.043,0.052,0.09,-0.021,0.054,0.053,0.034,0.04,0.107,0.013,0.06,0.136,-0.285,1.0,1.0,0.145,1.0,1.0,-0.238,0.275,0.008
20260304_135106,1772603556.7132177,0.3,0.357,0.542,0.295,0.423,0.595,0.499,0.0,0.0,0.642,0.0,0.0,0.742,0.0,0.0,0.405,0.299,-0.966,0.935,0.0,0.0,0,0.582,0.558,0.665,0.608,-0.027,-0.626,0.627,0.721,high,0.383,0.964,0.0,0.921,0.231,au4_frown,0.295,4,11,anxiety,0.578,neutral,1,0.066,0.262,0.448,0.137,0.356,0.601,0.097,0.771,1.0,0.1,0.174,0.205,0.087,0.129,0.022,-0.008,0.023,0.032,0.137,1.0,1.0,-0.004,0.066,1.0,-0.165,0.339,0.113,-0.006,0.171,1.0,-0.004,0.066,1.0,-0.117,0.451,0.368,0.0,0.0,0.0,-0.035,1.0,1.0,-0.087,0.186,0.031,0.25,0.458,0.306,0.016,0.223,1.0,-0.048,0.029,0.031,0.415,1.0,1.0,0.0,0.0,0.0,0.0,0.0,0.0,0.049,0.051,0.095,-0.021,0.054,0.056,0.04,0.039,0.112,0.016,0.06,0.117,-0.297,1.0,1.0,0.139,1.0,1.0,-0.235,0.275,0.093
20260304_135106,1772603556.7547407,0.3,0.365,0.554,0.311,0.421,0.55,0.499,0.0,0.0,0.675,0.0,0.0,0.891,0.0,0.0,0.45,0.296,-0.964,0.934,0.0,0.0,0,0.583,0.558,0.663,0.61,-0.031,-0.633,0.633,0.692,high,0.404,1.0,0.0,0.921,0.188,au4_frown,0.311,5,10,anxiety,0.469,neutral,1,0.077,0.262,0.505,0.158,0.356,0.66,0.118,0.771,1.0,0.098,0.175,0.213,0.084,0.13,0.133,-0.008,0.023,0.032,0.122,1.0,1.0,-0.005,0.066,1.0,-0.175,0.337,0.019,-0.007,0.171,1.0,-0.005,0.066,1.0,-0.082,0.451,0.849,0.0,0.0,0.0,-0.041,1.0,1.0,-0.084,0.186,0.19,0.259,0.458,0.284,0.019,0.221,1.0,-0.052,0.029,0.032,0.478,1.0,1.0,0.0,0.0,0.0,0.0,0.0,0.0,0.055,0.05,0.097,-0.021,0.053,0.055,0.046,0.039,0.107,0.02,0.061,0.123,-0.309,1.0,1.0,0.135,1.0,1.0,-0.235,0.274,0.113
20260304_135106,1772603556.7818537,0.3,0.377,0.573,0.284,0.414,0.627,0.499,0.0,0.0,0.692,0.0,0.0,0.832,0.0,0.0,0.373,0.297,-0.961,0.929,0.0,0.0,0,0.582,0.558,0.654,0.614,-0.051,-0.635,0.637,0.73,high,0.369,1.0,0.0,0.92,0.235,au4_frown,0.284,6,9,anxiety,0.588,neutral,1,0.087,0.263,0.581,0.179,0.356,0.753,0.138,0.77,1.0,0.096,0.176,0.24,0.089,0.13,0.133,-0.007,0.024,0.03,0.107,1.0,1.0,-0.005,0.066,1.0,-0.184,0.336,0.026,-0.008,0.171,1.0,-0.005,0.066,1.0,-0.056,0.451,0.657,0.0,0.0,0.0,-0.047,1.0,1.0,-0.089,0.186,0.19,0.268,0.458,0.295,0.022,0.22,1.0,-0.056,0.029,0.043,0.54,1.0,1.0,0.0,0.0,0.0,0.0,0.0,0.0,0.061,0.05,0.095,-0.021,0.053,0.053,0.052,0.038,0.08,0.023,0.061,0.136,-0.322,1.0,1.0,0.131,1.0,1.0,-0.234,0.274,0.123
20260304_135106,1772603556.8168998,0.3,0.366,0.556,0.258,0.415,0.492,0.499,0.0,0.0,0.638,0.0,0.0,0.77,0.0,0.0,0.508,0.294,-0.965,0.929,0.0,0.0,0,0.58,0.557,0.654,0.614,-0.049,-0.631,0.633,0.72,high,0.336,1.0,0.0,0.92,0.234,au4_frown,0.258,6,9,anxiety,0.584,neutral,1,0.097,0.263,0.509,0.199,0.356,0.67,0.155,0.77,0.957,0.093,0.176,0.23,0.086,0.131,0.326,-0.006,0.024,0.031,0.093,1.0,1.0,-0.005,0.066,1.0,-0.197,0.335,0.137,-0.01,0.171,1.0,-0.005,0.066,1.0,-0.031,0.451,0.456,0.0,0.0,0.0,-0.053,1.0,1.0,-0.086,0.186,0.466,0.276,0.458,0.274,0.024,0.219,1.0,-0.059,0.029,0.044,0.6,1.0,1.0,0.0,0.0,0.0,0.0,0.0,0.0,0.066,0.049,0.09,-0.021,0.053,0.05,0.057,0.038,0.08,0.026,0.061,0.134,-0.336,1.0,1.0,0.127,1.0,1.0,-0.232,0.274,0.106
20260304_135106,1772603556.8457127,0.3,0.371,0.584,0.269,0.392,0.545,0.5,0.0,0.0,0.709,0.0,0.0,0.748,0.0,0.0,0.455,0.284,-0.957,0.935,0.0,0.0,0,0.58,0.558,0.662,0.605,-0.019,-0.703,0.703,0.714,high,0.35,0.972,0.0,0.92,0.231,au4_frown,0.269,6,9,anxiety,0.577,neutral,1,0.107,0.264,0.538,0.219,0.357,0.8,0.171,0.77,1.0,0.088,0.177,0.328,0.091,0.13,0.139,-0.005,0.024,0.033,0.081,1.0,1.0,-0.005,0.066,1.0,-0.204,0.334,0.07,-0.011,0.171,1.0,-0.005,0.066,1.0,-0.013,0.451,0.385,0.0,0.0,0.0,-0.058,1.0,1.0,-0.091,0.184,0.196,0.282,0.458,0.203,0.026,0.22,1.0,-0.063,0.029,0.032,0.659,1.0,1.0,0.0,0.0,0.0,0.0,0.0,0.0,0.071,0.049,0.09,-0.022,0.053,0.051,0.062,0.038,0.107,0.028,0.062,0.1,-0.346,1.0,1.0,0.117,1.0,1.0,-0.225,0.274,0.339
20260304_135106,1772603556.8780997,0.3,0.374,0.586,0.247,0.388,0.565,0.5,0.0,0.0,0.682,0.0,0.0,0.651,0.0,0.0,0.435,0.281,-0.955,0.935,0.0,0.0,0,0.58,0.559,0.667,0.606,-0.005,-0.705,0.705,0.656,high,0.321,0.847,0.0,0.918,0.213,,,,,anxiety,0.533,neutral,1,0.115,0.264,0.552,0.234,0.358,0.803,0.178,0.769,0.82,0.084,0.179,0.339,0.094,0.13,0.067,-0.004,0.024,0.034,0.073,1.0,1.0,-0.003,0.058,1.0,-0.213,0.333,0.015,-0.012,0.171,1.0,-0.003,0.058,1.0,0.011,0.451,0.085,0.0,0.0,0.0,-0.064,1.0,1.0,-0.094,0.183,0.095,0.287,0.458,0.179,0.027,0.221,1.0,-0.065,0.029,0.033,0.715,1.0,1.0,0.0,0.0,0.0,0.0,0.0,0.0,0.075,0.049,0.089,-0.022,0.053,0.051,0.067,0.038,0.121,0.029,0.062,0.103,-0.352,1.0,1.0,0.11,1.0,1.0,-0.221,0.274,0.34
20260304_135106,1772603556.9108002,0.3,0.36,0.565,0.262,0.379,0.606,0.5,0.0,0.0,0.666,0.0,0.0,0.828,0.0,0.0,0.394,0.291,-0.954,0.94,0.0,0.0,0,0.578,0.557,0.646,0.594,-0.075,-0.747,0.75,0.721,high,0.341,1.0,0.0,0.918,0.235,,,,,anxiety,0.588,neutral,1,0.12,0.265,0.452,0.244,0.359,0.687,0.183,0.765,0.979,0.078,0.18,0.376,0.101,0.129,0.077,-0.003,0.024,0.034,0.068,1.0,1.0,-0.003,0.058,1.0,-0.208,0.333,0.058,-0.013,0.171,1.0,-0.003,0.058,1.0,0.015,0.448,0.643,0.0,0.0,0.0,-0.07,1.0,1.0,-0.101,0.182,0.109,0.29,0.458,0.254,0.028,0.221,1.0,-0.067,0.029,0.022,0.77,1.0,1.0,0.0,0.0,0.0,0.0,0.0,0.0,0.078,0.049,0.084,-0.023,0.053,0.042,0.07,0.038,0.055,0.029,0.062,0.059,-0.359,1.0,1.0,0.1,1.0,1.0,-0.215,0.273,0.483
20260304_135106,1772603556.9400444,0.3,0.35,0.535,0.357,0.379,0.499,0.5,0.0,0.0,0.631,0.0,0.0,0.695,0.0,0.0,0.501,0.277,-0.961,0.941,0.0,0.0,0,0.578,0.555,0.652,0.598,-0.043,-0.723,0.724,0.672,high,0.464,0.904,0.0,0.918,0.18,au4_frown,0.357,2,13,anxiety,0.449,neutral,1,0.122,0.264,0.375,0.247,0.357,0.531,0.183,0.748,1.0,0.074,0.182,0.373,0.102,0.13,0.288,-0.001,0.024,0.034,0.067,1.0,1.0,-0.003,0.058,1.0,-0.195,0.333,0.154,-0.014,0.171,1.0,-0.003,0.058,1.0,0.031,0.448,0.216,0.0,0.0,0.0,-0.076,1.0,1.0,-0.102,0.181,0.403,0.289,0.457,0.145,0.027,0.221,1.0,-0.068,0.029,0.019,0.824,1.0,1.0,0.0,0.0,0.0,0.0,0.0,0.0,0.08,0.049,0.081,-0.025,0.053,0.035,0.073,0.038,0.072,0.029,0.062,0.073,-0.358,1.0,1.0,0.098,1.0,1.0,-0.215,0.272,0.384
20260304_135106,1772603556.9721935,0.3,0.325,0.503,0.279,0.412,0.576,0.5,0.033,0.0,0.527,0.0,0.0,0.087,0.0,0.0,0.424,0.274,-0.966,0.935,0.0,0.0,0,0.578,0.549,0.655,0.591,-0.032,-0.704,0.705,0.336,medium,0.362,0.113,0.0,0.918,0.066,,,,,startled_anxiety,0.834,neutral,1,0.119,0.262,0.197,0.243,0.355,0.365,0.177,0.73,1.0,0.072,0.182,0.224,0.109,0.129,0.017,-0.0,0.024,0.033,0.07,1.0,1.0,-0.003,0.058,1.0,-0.183,0.332,0.449,-0.015,0.171,1.0,-0.003,0.058,1.0,0.014,0.461,1.0,0.0,0.0,0.0,-0.082,1.0,1.0,-0.109,0.178,0.024,0.285,0.454,0.107,0.026,0.219,1.0,-0.069,0.029,0.032,0.876,1.0,1.0,0.0,0.0,0.0,0.0,0.0,0.0,0.081,0.049,0.081,-0.026,0.052,0.011,0.075,0.038,0.081,0.027,0.061,0.044,-0.352,1.0,1.0,0.099,1.0,1.0,-0.218,0.271,0.311
20260304_135106,1772603557.0045235,0.3,0.321,0.497,0.254,0.42,0.537,0.5,0.059,0.0,0.621,0.0,0.0,0.772,0.0,0.0,0.463,0.262,-0.966,0.932,0.0,0.0,0,0.579,0.546,0.654,0.587,-0.013,-0.684,0.684,0.717,high,0.33,1.0,0.0,0.918,0.234,,,,,anxiety,0.584,neutral,1,0.115,0.26,0.156,0.237,0.351,0.324,0.168,0.713,0.726,0.07,0.183,0.186,0.111,0.128,0.15,0.001,0.024,0.034,0.076,1.0,1.0,-0.003,0.058,1.0,-0.163,0.331,0.156,-0.016,0.171,1.0,-0.003,0.058,1.0,0.039,0.461,0.503,0.0,0.0,0.0,-0.087,1.0,1.0,-0.111,0.177,0.207,0.273,0.447,0.001,0.025,0.218,1.0,-0.069,0.029,0.038,0.926,1.0,1.0,0.0,0.0,0.0,0.0,0.0,0.0,0.082,0.049,0.084,-0.028,0.052,0.001,0.076,0.038,0.076,0.025,0.061,0.028,-0.335,1.0,1.0,0.102,1.0,1.0,-0.22,0.27,0.235
20260304_135106,1772603557.0322845,0.3,0.313,0.485,0.242,0.439,0.534,0.5,0.093,0.0,0.623,0.0,0.0,0.789,0.0,0.0,0.466,0.261,-0.968,0.928,0.0,0.0,0,0.58,0.541,0.655,0.585,-0.003,-0.654,0.654,0.714,high,0.314,1.0,0.0,0.917,0.235,,,,,anxiety,0.588,neutral,1,0.109,0.257,0.095,0.226,0.346,0.25,0.158,0.695,0.56,0.071,0.183,0.101,0.112,0.129,0.155,0.002,0.024,0.034,0.085,1.0,0.947,-0.004,0.058,1.0,-0.142,0.329,0.139,-0.017,0.171,1.0,-0.004,0.058,1.0,0.064,0.461,0.558,0.0,0.0,0.0,-0.093,1.0,1.0,-0.112,0.176,0.213,0.255,0.431,0.025,0.023,0.216,1.0,-0.068,0.029,0.045,0.975,1.0,1.0,0.0,0.0,0.0,0.0,0.0,0.0,0.082,0.049,0.085,-0.031,0.052,0.02,0.076,0.038,0.08,0.022,0.06,0.02,-0.311,1.0,1.0,0.109,1.0,1.0,-0.22,0.269,0.13
20260304_135106,1772603557.0669174,0.3,0.347,0.534,0.249,0.424,0.55,0.5,0.099,0.0,0.648,0.0,0.0,0.654,0.0,0.0,0.45,0.257,-0.966,0.926,0.0,0.0,0,0.58,0.539,0.655,0.583,-0.004,-0.677,0.677,0.658,high,0.323,0.85,0.0,0.917,0.214,,,,,anxiety,0.535,neutral,1,0.105,0.254,0.316,0.217,0.339,0.461,0.148,0.678,0.593,0.072,0.183,0.163,0.116,0.128,0.096,0.003,0.024,0.033,0.096,1.0,0.849,-0.004,0.058,1.0,-0.119,0.326,0.053,-0.018,0.171,1.0,-0.004,0.058,1.0,0.05,0.458,0.107,0.0,0.0,0.0,-0.099,1.0,1.0,-0.116,0.175,0.131,0.232,0.409,0.078,0.021,0.214,1.0,-0.066,0.028,0.047,1.0,1.0,1.0,0.0,0.0,0.0,0.0,0.0,0.0,0.081,0.049,0.083,-0.033,0.052,0.029,0.075,0.038,0.077,0.018,0.059,0.011,-0.28,1.0,1.0,0.115,1.0,1.0,-0.216,0.269,0.204
20260304_135106,1772603557.095021,0.3,0.34,0.518,0.235,0.434,0.563,0.5,0.124,0.0,0.671,0.0,0.0,0.62,0.0,0.0,0.437,0.256,-0.97,0.924,0.0,0.0,0,0.581,0.536,0.655,0.582,-0.001,-0.656,0.656,0.598,medium,0.305,0.807,0.0,0.917,0.17,,,,,anxiety,0.425,neutral,1,0.099,0.249,0.252,0.204,0.331,0.365,0.137,0.661,0.415,0.073,0.183,0.116,0.122,0.127,0.044,0.004,0.024,0.033,0.109,1.0,0.531,-0.004,0.058,1.0,-0.093,0.324,0.029,-0.019,0.171,1.0,-0.004,0.058,1.0,0.038,0.455,0.009,0.0,0.0,0.0,-0.105,1.0,1.0,-0.122,0.173,0.06,0.204,0.379,0.113,0.02,0.212,1.0,-0.064,0.028,0.05,1.0,1.0,1.0,0.0,0.0,0.0,0.0,0.0,0.0,0.079,0.048,0.083,-0.035,0.052,0.042,0.074,0.038,0.075,0.014,0.059,0.006,-0.241,1.0,0.011,0.123,1.0,1.0,-0.208,0.269,0.137
20260304_135106,1772603557.1274207,0.3,0.325,0.505,0.216,0.452,0.596,0.5,0.155,0.0,0.659,0.0,0.0,0.663,0.0,0.0,0.404,0.253,-0.969,0.923,0.0,0.0,0,0.582,0.534,0.656,0.583,0.011,-0.609,0.609,0.611,high,0.28,0.862,0.0,0.916,0.175,,,,,anxiety,0.438,neutral,1,0.091,0.243,0.141,0.188,0.322,0.284,0.124,0.645,0.187,0.075,0.183,0.035,0.121,0.127,0.069,0.005,0.024,0.034,0.122,1.0,0.14,-0.004,0.058,1.0,-0.068,0.321,0.004,-0.02,0.171,1.0,-0.004,0.058,1.0,0.01,0.446,0.112,0.0,0.0,0.0,-0.11,1.0,1.0,-0.121,0.173,0.093,0.174,0.341,0.165,0.018,0.21,1.0,-0.063,0.028,0.051,1.0,1.0,1.0,0.0,0.0,0.0,0.0,0.0,0.0,0.077,0.047,0.083,-0.037,0.052,0.047,0.072,0.037,0.075,0.01,0.058,0.005,-0.198,1.0,0.111,0.135,1.0,1.0,-0.202,0.269,0.015
20260304_135106,1772603557.1584353,0.3,0.323,0.504,0.224,0.452,0.578,0.5,0.15,0.0,0.664,0.0,0.0,0.85,0.0,0.0,0.422,0.257,-0.969,0.924,0.0,0.0,0,0.582,0.534,0.656,0.582,0.008,-0.609,0.609,0.671,high,0.291,1.0,0.0,0.916,0.198,,,,,anxiety,0.494,neutral,1,0.082,0.237,0.116,0.171,0.312,0.261,0.111,0.628,0.246,0.078,0.183,0.031,0.114,0.126,0.003,0.006,0.024,0.034,0.135,1.0,0.175,-0.004,0.058,1.0,-0.042,0.318,0.032,-0.021,0.171,1.0,-0.004,0.058,1.0,0.007,0.442,0.694,0.0,0.0,0.0,-0.116,1.0,1.0,-0.114,0.172,0.004,0.141,0.297,0.165,0.016,0.209,1.0,-0.061,0.027,0.047,1.0,1.0,1.0,0.0,0.0,0.0,0.0,0.0,0.0,0.075,0.046,0.079,-0.039,0.052,0.048,0.07,0.036,0.073,0.007,0.057,0.001,-0.152,1.0,0.078,0.146,1.0,1.0,-0.193,0.269,0.012
20260304_135106,1772603557.1897547,0.3,0.336,0.504,0.21,0.457,0.683,0.5,0.166,0.003,0.683,0.0,0.003,0.784,0.0,0.0,0.317,0.251,-0.968,0.919,0.0,0.0,0,0.582,0.535,0.656,0.583,0.013,-0.582,0.582,0.66,high,0.273,1.0,0.0,0.895,0.195,,,,,anxiety,0.487,neutral,1,0.073,0.231,0.186,0.153,0.301,0.242,0.097,0.612,0.075,0.081,0.183,0.009,0.116,0.126,0.36,0.006,0.024,0.033,0.147,1.0,0.047,-0.004,0.058,1.0,-0.014,0.315,0.101,-0.022,0.171,1.0,-0.004,0.058,1.0,0.016,0.441,0.475,0.0,0.0,0.0,-0.122,1.0,1.0,-0.116,0.174,0.494,0.11,0.254,0.233,0.015,0.207,1.0,-0.06,0.027,0.055,1.0,1.0,1.0,0.0,0.0,0.0,0.0,0.0,0.0,0.072,0.045,0.075,-0.041,0.052,0.046,0.068,0.035,0.069,0.003,0.056,0.003,-0.109,0.877,0.125,0.157,1.0,1.0,-0.188,0.269,0.096
20260304_135106,1772603557.2195323,0.3,0.349,0.523,0.189,0.469,0.866,0.5,0.179,0.0,0.72,0.0,0.0,0.794,0.0,0.0,0.134,0.252,-0.968,0.916,0.0,0.0,0,0.586,0.542,0.654,0.588,0.026,-0.532,0.533,0.579,medium,0.246,1.0,0.0,0.788,0.136,au7_eye_squeeze,0.866,2,13,anxiety,0.341,neutral,1,0.066,0.225,0.256,0.136,0.291,0.304,0.08,0.597,0.146,0.084,0.183,0.047,0.13,0.134,0.982,0.007,0.024,0.032,0.159,1.0,0.23,-0.004,0.058,1.0,0.018,0.311,0.226,-0.023,0.171,1.0,-0.004,0.058,1.0,0.019,0.44,0.494,0.0,0.0,0.0,-0.128,1.0,1.0,-0.13,0.188,1.0,0.084,0.223,0.246,0.013,0.206,1.0,-0.059,0.027,0.059,1.0,1.0,1.0,0.002,0.035,0.333,0.0,0.0,0.0,0.07,0.044,0.087,-0.042,0.051,0.02,0.065,0.034,0.061,-0.001,0.055,0.018,-0.071,0.728,0.265,0.171,1.0,1.0,-0.19,0.27,0.254
20260304_135106,1772603557.2542613,0.3,0.344,0.513,0.168,0.475,0.871,0.5,0.187,0.0,0.692,0.0,0.0,0.876,0.0,0.0,0.129,0.248,-0.969,0.917,0.0,0.0,0,0.586,0.541,0.657,0.59,0.036,-0.526,0.527,0.572,medium,0.218,1.0,0.0,0.778,0.137,au7_eye_squeeze,0.871,4,11,anxiety,0.343,neutral,1,0.058,0.219,0.211,0.118,0.281,0.238,0.063,0.582,0.373,0.087,0.183,0.072,0.143,0.141,0.978,0.007,0.024,0.032,0.169,1.0,0.337,-0.004,0.058,1.0,0.047,0.308,0.151,-0.024,0.171,1.0,-0.004,0.058,1.0,0.012,0.434,0.729,0.0,0.0,0.0,-0.133,1.0,1.0,-0.143,0.202,1.0,0.061,0.199,0.292,0.011,0.204,1.0,-0.057,0.027,0.057,1.0,1.0,1.0,0.007,0.078,1.0,0.0,0.0,0.0,0.067,0.042,0.084,-0.043,0.051,0.021,0.062,0.033,0.065,-0.004,0.054,0.021,-0.038,0.617,0.363,0.184,1.0,1.0,-0.195,0.271,0.269
20260304_135106,1772603557.2861238,0.3,0.34,0.511,0.162,0.467,0.857,0.5,0.195,0.0,0.701,0.0,0.0,0.765,0.0,0.0,0.143,0.247,-0.97,0.918,0.0,0.0,0,0.585,0.539,0.655,0.587,0.036,-0.528,0.529,0.561,medium,0.21,0.994,0.0,0.774,0.131,au7_eye_squeeze,0.857,4,11,anxiety,0.328,neutral,1,0.049,0.212,0.168,0.102,0.272,0.215,0.044,0.568,0.448,0.088,0.183,0.038,0.153,0.146,0.906,0.008,0.024,0.032,0.179,1.0,0.454,-0.005,0.058,1.0,0.078,0.304,0.191,-0.025,0.171,1.0,-0.005,0.058,1.0,0.035,0.434,0.38,0.0,0.0,0.0,-0.139,1.0,1.0,-0.153,0.212,1.0,0.041,0.179,0.307,0.009,0.202,1.0,-0.055,0.026,0.053,1.0,1.0,1.0,0.014,0.13,1.0,0.0,0.0,0.0,0.064,0.041,0.076,-0.044,0.051,0.028,0.059,0.031,0.059,-0.007,0.053,0.009,-0.012,0.541,0.359,0.195,1.0,1.0,-0.203,0.271,0.26
20260304_135106,1772603557.3119597,0.3,0.333,0.502,0.166,0.468,0.774,0.5,0.197,0.0,0.726,0.0,0.0,0.775,0.0,0.0,0.226,0.247,-0.97,0.919,0.0,0.0,0,0.583,0.536,0.655,0.584,0.035,-0.538,0.539,0.621,high,0.216,1.0,0.0,0.765,0.19,au7_eye_squeeze,0.774,5,10,anxiety,0.474,neutral,1,0.042,0.207,0.117,0.086,0.264,0.158,0.025,0.553,0.421,0.088,0.183,0.041,0.16,0.148,0.606,0.008,0.024,0.031,0.186,1.0,0.485,-0.005,0.058,1.0,0.111,0.3,0.283,-0.026,0.171,1.0,-0.005,0.058,1.0,0.064,0.433,0.416,0.0,0.0,0.0,-0.145,1.0,1.0,-0.16,0.218,0.886,0.022,0.163,0.323,0.007,0.2,1.0,-0.053,0.026,0.049,1.0,1.0,1.0,0.014,0.13,1.0,0.0,0.0,0.0,0.06,0.039,0.066,-0.045,0.052,0.039,0.056,0.03,0.056,-0.011,0.053,0.002,0.011,0.482,0.346,0.203,1.0,1.0,-0.208,0.272,0.226
20260304_135106,1772603557.347582,0.3,0.333,0.492,0.177,0.469,0.671,0.5,0.192,0.0,0.709,0.0,0.0,0.868,0.0,0.0,0.329,0.248,-0.972,0.92,0.0,0.0,0,0.581,0.533,0.656,0.582,0.028,-0.557,0.558,0.732,high,0.23,1.0,0.0,0.759,0.297,au7_eye_squeeze,0.671,6,9,anxiety,0.743,neutral,1,0.035,0.203,0.107,0.071,0.257,0.105,0.007,0.538,0.329,0.087,0.183,0.045,0.156,0.146,0.248,0.007,0.024,0.03,0.188,1.0,0.408,-0.005,0.058,1.0,0.144,0.295,0.239,-0.027,0.171,1.0,-0.005,0.058,1.0,0.033,0.415,0.673,0.0,0.0,0.0,-0.151,1.0,1.0,-0.156,0.217,0.368,0.005,0.149,0.319,0.005,0.198,1.0,-0.051,0.025,0.045,1.0,1.0,1.0,0.014,0.13,1.0,0.0,0.0,0.0,0.057,0.037,0.055,-0.046,0.052,0.05,0.054,0.029,0.056,-0.014,0.052,0.012,0.03,0.443,0.282,0.205,1.0,1.0,-0.209,0.272,0.161
20260304_135106,1772603557.379898,0.3,0.324,0.483,0.182,0.469,0.659,0.5,0.189,0.0,0.695,0.0,0.0,0.876,0.0,0.0,0.341,0.257,-0.972,0.921,0.0,0.0,0,0.579,0.533,0.655,0.582,0.017,-0.555,0.555,0.733,high,0.237,1.0,0.0,0.754,0.298,,,,,anxiety,0.744,neutral,1,0.028,0.2,0.041,0.056,0.251,0.053,-0.011,0.523,0.297,0.083,0.182,0.042,0.152,0.145,0.199,0.007,0.024,0.029,0.186,1.0,0.358,-0.005,0.058,1.0,0.175,0.291,0.204,-0.028,0.171,1.0,-0.005,0.058,1.0,0.069,0.415,0.698,0.0,0.0,0.0,-0.156,1.0,1.0,-0.152,0.217,0.297,-0.009,0.14,0.266,0.002,0.195,1.0,-0.048,0.024,0.041,1.0,1.0,1.0,0.013,0.13,1.0,0.0,0.0,0.0,0.053,0.035,0.045,-0.047,0.052,0.049,0.051,0.027,0.05,-0.016,0.052,0.012,0.045,0.417,0.166,0.204,1.0,1.0,-0.208,0.273,0.166
20260304_135106,1772603557.4149,0.3,0.333,0.489,0.206,0.471,0.635,0.5,0.178,0.0,0.676,0.0,0.0,0.867,0.0,0.0,0.365,0.266,-0.971,0.923,0.0,0.0,0,0.58,0.536,0.655,0.583,0.01,-0.558,0.558,0.741,high,0.267,1.0,0.0,0.752,0.299,,,,,anxiety,0.747,neutral,1,0.022,0.196,0.09,0.043,0.246,0.067,-0.028,0.507,0.097,0.077,0.18,0.045,0.15,0.144,0.115,0.007,0.024,0.028,0.181,1.0,0.2,-0.005,0.058,1.0,0.194,0.29,0.151,-0.03,0.171,1.0,-0.005,0.058,1.0,0.104,0.415,0.673,0.0,0.0,0.0,-0.162,1.0,1.0,-0.15,0.217,0.174,-0.019,0.134,0.213,-0.0,0.193,1.0,-0.045,0.024,0.034,1.0,1.0,1.0,0.013,0.13,1.0,0.0,0.0,0.0,0.049,0.034,0.046,-0.047,0.052,0.037,0.048,0.026,0.046,-0.019,0.052,0.011,0.057,0.402,0.099,0.2,1.0,1.0,-0.205,0.273,0.151
20260304_135106,1772603557.4577408,0.3,0.331,0.484,0.214,0.477,0.631,0.5,0.177,0.0,0.683,0.0,0.0,0.901,0.0,0.0,0.369,0.275,-0.973,0.928,0.0,0.0,0,0.579,0.54,0.655,0.583,0.007,-0.548,0.548,0.744,high,0.278,1.0,0.0,0.75,0.299,,,,,anxiety,0.747,neutral,1,0.019,0.195,0.073,0.033,0.243,0.041,-0.044,0.49,0.04,0.071,0.179,0.064,0.148,0.144,0.099,0.007,0.024,0.027,0.173,1.0,0.169,-0.005,0.058,1.0,0.204,0.29,0.174,-0.031,0.171,1.0,-0.005,0.058,1.0,0.137,0.415,0.777,0.0,0.0,0.0,-0.168,1.0,1.0,-0.148,0.217,0.149,-0.028,0.13,0.156,-0.003,0.19,1.0,-0.042,0.023,0.023,1.0,1.0,1.0,0.013,0.13,1.0,0.0,0.0,0.0,0.046,0.032,0.041,-0.047,0.052,0.024,0.046,0.025,0.044,-0.021,0.051,0.01,0.066,0.396,0.073,0.194,1.0,1.0,-0.199,0.273,0.177
20260304_135106,1772603557.4818823,0.3,0.319,0.462,0.201,0.487,0.652,0.5,0.164,0.0,0.701,0.0,0.0,0.915,0.0,0.0,0.348,0.276,-0.975,0.933,0.0,0.0,0,0.577,0.542,0.654,0.582,0.006,-0.542,0.542,0.741,high,0.262,1.0,0.0,0.749,0.3,,,,,anxiety,0.751,neutral,1,0.014,0.194,0.008,0.022,0.241,0.06,-0.061,0.474,0.176,0.065,0.177,0.102,0.148,0.144,0.165,0.007,0.024,0.027,0.162,1.0,0.015,-0.005,0.058,1.0,0.215,0.29,0.234,-0.032,0.171,1.0,-0.005,0.058,1.0,0.168,0.416,0.817,0.0,0.0,0.0,-0.174,1.0,1.0,-0.148,0.218,0.251,-0.036,0.126,0.154,-0.006,0.187,1.0,-0.039,0.022,0.01,1.0,1.0,1.0,0.012,0.13,1.0,0.0,0.0,0.0,0.042,0.03,0.03,-0.046,0.052,0.015,0.044,0.024,0.039,-0.023,0.051,0.013,0.075,0.389,0.061,0.188,1.0,1.0,-0.192,0.273,0.192
20260304_135106,1772603557.5271091,0.3,0.306,0.448,0.204,0.475,0.633,0.5,0.153,0.0,0.701,0.0,0.0,0.699,0.0,0.0,0.367,0.294,-0.979,0.939,0.0,0.0,0,0.573,0.543,0.652,0.581,-0.016,-0.552,0.552,0.708,high,0.265,0.909,0.0,0.748,0.289,,,,,anxiety,0.723,neutral,1,0.009,0.193,0.093,0.011,0.239,0.125,-0.076,0.462,0.166,0.059,0.175,0.044,0.147,0.143,0.099,0.007,0.024,0.026,0.149,1.0,0.162,-0.006,0.058,1.0,0.224,0.29,0.233,-0.033,0.171,1.0,-0.006,0.058,1.0,0.19,0.415,0.151,0.0,0.0,0.0,-0.179,1.0,1.0,-0.147,0.218,0.151,-0.042,0.123,0.036,-0.009,0.185,1.0,-0.035,0.021,0.004,1.0,1.0,1.0,0.012,0.13,1.0,0.0,0.0,0.0,0.039,0.028,0.015,-0.045,0.052,0.012,0.041,0.023,0.031,-0.025,0.051,0.018,0.081,0.385,0.162,0.18,1.0,1.0,-0.185,0.273,0.15
20260304_135106,1772603557.5687394,0.3,0.305,0.432,0.22,0.472,0.586,0.5,0.142,0.0,0.702,0.0,0.0,0.725,0.0,0.0,0.414,0.307,-0.981,0.946,0.0,0.0,0,0.571,0.545,0.648,0.58,-0.035,-0.563,0.564,0.727,high,0.286,0.942,0.0,0.747,0.295,,,,,anxiety,0.737,neutral,1,0.004,0.192,0.105,-0.002,0.237,0.195,-0.091,0.449,0.038,0.052,0.173,0.028,0.14,0.142,0.062,0.008,0.024,0.025,0.135,1.0,0.311,-0.006,0.058,1.0,0.231,0.29,0.232,-0.034,0.171,1.0,-0.006,0.058,1.0,0.215,0.415,0.237,0.0,0.0,0.0,-0.185,1.0,1.0,-0.14,0.218,0.094,-0.046,0.121,0.046,-0.012,0.182,1.0,-0.031,0.021,0.019,1.0,1.0,1.0,0.012,0.13,1.0,0.0,0.0,0.0,0.035,0.026,0.004,-0.044,0.052,0.002,0.039,0.022,0.018,-0.026,0.051,0.024,0.086,0.381,0.346,0.171,1.0,1.0,-0.177,0.273,0.103
20260304_135106,1772603557.6067598,0.3,0.305,0.433,0.218,0.473,0.608,0.499,0.15,0.0,0.665,0.0,0.0,0.901,0.0,0.0,0.392,0.308,-0.98,0.945,0.0,0.0,0,0.57,0.544,0.649,0.58,-0.034,-0.556,0.557,0.747,high,0.283,1.0,0.0,0.746,0.302,,,,,anxiety,0.755,neutral,1,-0.0,0.191,0.106,-0.011,0.236,0.191,-0.099,0.444,0.07,0.043,0.17,0.026,0.136,0.142,0.01,0.008,0.024,0.025,0.121,1.0,0.238,-0.005,0.056,1.0,0.232,0.29,0.113,-0.035,0.171,1.0,-0.005,0.056,1.0,0.247,0.415,0.788,0.0,0.0,0.0,-0.191,1.0,1.0,-0.136,0.218,0.015,-0.049,0.12,0.048,-0.015,0.181,1.0,-0.027,0.02,0.018,1.0,1.0,1.0,0.011,0.13,1.0,0.0,0.0,0.0,0.031,0.025,0.001,-0.043,0.051,0.004,0.037,0.022,0.018,-0.028,0.051,0.023,0.087,0.38,0.339,0.16,1.0,1.0,-0.166,0.272,0.12
20260304_135106,1772603557.6413388,0.3,0.297,0.429,0.239,0.454,0.6,0.5,0.133,0.0,0.693,0.0,0.0,0.836,0.0,0.0,0.4,0.314,-0.982,0.954,0.0,0.0,0,0.568,0.546,0.644,0.577,-0.043,-0.585,0.587,0.756,high,0.31,1.0,0.0,0.746,0.304,,,,,anxiety,0.76,neutral,1,-0.004,0.191,0.152,-0.018,0.236,0.208,-0.105,0.439,0.105,0.031,0.166,0.063,0.132,0.142,0.02,0.008,0.024,0.025,0.105,1.0,0.451,-0.005,0.056,1.0,0.237,0.289,0.199,-0.036,0.171,1.0,-0.005,0.056,1.0,0.264,0.415,0.576,0.0,0.0,0.0,-0.197,1.0,1.0,-0.132,0.217,0.031,-0.052,0.118,0.086,-0.018,0.18,1.0,-0.022,0.02,0.038,1.0,1.0,1.0,0.011,0.13,1.0,0.0,0.0,0.0,0.028,0.024,0.009,-0.041,0.051,0.003,0.035,0.021,0.004,-0.03,0.051,0.033,0.089,0.379,0.429,0.144,1.0,1.0,-0.15,0.27,0.011
20260304_135106,1772603557.6676726,0.3,0.281,0.393,0.233,0.474,0.61,0.5,0.136,0.0,0.688,0.0,0.0,0.772,0.0,0.0,0.39,0.329,-0.984,0.959,0.0,0.0,0,0.564,0.548,0.643,0.576,-0.06,-0.557,0.56,0.749,high,0.303,1.0,0.0,0.743,0.302,au4_frown,0.233,4,11,anxiety,0.754,neutral,1,-0.009,0.192,0.252,-0.029,0.237,0.357,-0.11,0.437,0.051,0.022,0.163,0.016,0.129,0.141,0.013,0.009,0.024,0.024,0.09,1.0,0.43,-0.003,0.047,1.0,0.235,0.288,0.178,-0.036,0.171,1.0,-0.003,0.047,1.0,0.277,0.415,0.373,0.0,0.0,0.0,-0.202,1.0,1.0,-0.129,0.217,0.021,-0.051,0.118,0.182,-0.02,0.179,1.0,-0.017,0.019,0.05,1.0,1.0,1.0,0.011,0.13,1.0,0.0,0.0,0.0,0.025,0.023,0.024,-0.039,0.051,0.012,0.034,0.021,0.002,-0.031,0.051,0.036,0.087,0.379,0.6,0.131,1.0,1.0,-0.138,0.269,0.093
20260304_135106,1772603557.7108781,0.3,0.292,0.399,0.237,0.459,0.613,0.5,0.13,0.0,0.676,0.0,0.0,0.807,0.0,0.0,0.387,0.336,-0.985,0.961,0.0,0.0,0,0.56,0.549,0.639,0.575,-0.072,-0.576,0.58,0.753,high,0.308,1.0,0.0,0.742,0.304,au4_frown,0.237,6,9,anxiety,0.76,neutral,1,-0.012,0.192,0.182,-0.038,0.238,0.334,-0.107,0.437,0.081,0.014,0.162,0.052,0.125,0.141,0.021,0.01,0.024,0.025,0.074,1.0,0.509,-0.003,0.047,1.0,0.23,0.287,0.134,-0.034,0.169,1.0,-0.003,0.047,1.0,0.24,0.397,0.448,0.0,0.0,0.0,-0.208,1.0,1.0,-0.125,0.217,0.032,-0.047,0.118,0.226,-0.022,0.18,1.0,-0.012,0.019,0.055,1.0,1.0,1.0,0.01,0.13,1.0,0.0,0.0,0.0,0.022,0.022,0.039,-0.037,0.051,0.015,0.032,0.021,0.015,-0.031,0.051,0.04,0.081,0.377,0.722,0.122,1.0,1.0,-0.128,0.269,0.02
20260304_135106,1772603557.7562566,0.3,0.278,0.38,0.244,0.464,0.601,0.5,0.127,0.0,0.635,0.0,0.0,0.853,0.0,0.0,0.399,0.343,-0.987,0.966,0.0,0.0,0,0.558,0.55,0.636,0.573,-0.079,-0.571,0.577,0.756,high,0.318,1.0,0.0,0.742,0.304,au4_frown,0.244,4,11,anxiety,0.761,neutral,1,-0.016,0.192,0.268,-0.046,0.239,0.41,-0.104,0.437,0.151,0.006,0.159,0.035,0.117,0.139,0.023,0.01,0.024,0.025,0.057,1.0,0.555,-0.003,0.047,1.0,0.227,0.287,0.001,-0.033,0.167,1.0,-0.003,0.047,1.0,0.204,0.378,0.553,0.0,0.0,0.0,-0.214,1.0,1.0,-0.117,0.216,0.035,-0.044,0.119,0.267,-0.024,0.181,1.0,-0.007,0.019,0.066,1.0,1.0,1.0,0.01,0.13,1.0,0.0,0.0,0.0,0.019,0.022,0.048,-0.034,0.051,0.022,0.03,0.021,0.024,-0.032,0.051,0.045,0.076,0.378,0.792,0.109,1.0,1.0,-0.115,0.268,0.025
20260304_135106,1772603557.8020344,0.3,0.27,0.352,0.236,0.448,0.612,0.5,0.11,0.0,0.688,0.0,0.0,0.785,0.0,0.0,0.388,0.35,-0.989,0.974,0.0,0.0,0,0.549,0.553,0.63,0.57,-0.098,-0.595,0.603,0.754,high,0.306,1.0,0.0,0.741,0.306,au4_frown,0.236,5,10,anxiety,0.765,neutral,1,-0.023,0.193,0.32,-0.06,0.241,0.526,-0.112,0.432,0.062,0.002,0.159,0.105,0.115,0.139,0.012,0.011,0.024,0.026,0.039,1.0,0.756,-0.003,0.047,1.0,0.22,0.285,0.162,-0.029,0.154,1.0,-0.003,0.047,1.0,0.162,0.358,0.317,0.0,0.0,0.0,-0.22,1.0,1.0,-0.115,0.216,0.018,-0.039,0.12,0.317,-0.028,0.181,1.0,-0.003,0.019,0.083,1.0,1.0,1.0,0.01,0.13,1.0,0.0,0.0,0.0,0.016,0.022,0.078,-0.031,0.05,0.032,0.029,0.021,0.044,-0.032,0.051,0.056,0.069,0.381,0.979,0.106,1.0,1.0,-0.111,0.268,0.067
20260304_135106,1772603557.8345866,0.3,0.257,0.324,0.203,0.468,0.614,0.5,0.121,0.0,0.69,0.0,0.0,0.966,0.0,0.0,0.386,0.351,-0.99,0.98,0.0,0.0,0,0.545,0.553,0.626,0.569,-0.098,-0.566,0.574,0.742,high,0.264,1.0,0.0,0.738,0.305,,,,,anxiety,0.763,neutral,1,-0.038,0.188,0.408,-0.086,0.239,0.647,-0.118,0.43,0.231,0.008,0.158,0.015,0.112,0.139,0.017,0.011,0.024,0.025,0.026,1.0,0.642,-0.003,0.047,1.0,0.251,0.28,0.181,-0.03,0.154,1.0,-0.003,0.047,1.0,0.167,0.357,0.836,0.0,0.0,0.0,-0.153,1.0,1.0,-0.112,0.216,0.026,-0.029,0.118,0.323,-0.031,0.18,1.0,0.002,0.019,0.094,1.0,1.0,1.0,0.009,0.13,1.0,0.0,0.0,0.0,0.012,0.022,0.093,-0.028,0.05,0.034,0.027,0.021,0.055,-0.032,0.051,0.056,0.055,0.363,0.978,0.119,1.0,1.0,-0.122,0.266,0.037
20260304_135106,1772603557.8687057,0.3,0.266,0.33,0.186,0.442,0.628,0.5,0.114,0.0,0.659,0.0,0.0,0.753,0.0,0.0,0.372,0.354,-0.993,0.985,0.0,0.0,0,0.538,0.555,0.621,0.568,-0.103,-0.594,0.603,0.714,high,0.242,0.979,0.0,0.724,0.3,,,,,anxiety,0.75,neutral,1,-0.054,0.18,0.353,-0.114,0.235,0.624,-0.129,0.427,0.384,0.018,0.155,0.116,0.11,0.138,0.06,0.011,0.024,0.024,0.016,1.0,0.727,0.0,0.003,1.0,0.28,0.275,0.095,-0.03,0.154,1.0,0.0,0.003,1.0,0.185,0.356,0.205,0.0,0.0,0.0,-0.082,1.0,1.0,-0.11,0.216,0.093,-0.021,0.117,0.348,-0.035,0.179,1.0,0.007,0.02,0.104,1.0,1.0,1.0,0.009,0.13,1.0,0.0,0.0,0.0,0.008,0.022,0.116,-0.025,0.05,0.042,0.024,0.021,0.07,-0.032,0.051,0.058,0.044,0.358,1.0,0.135,1.0,1.0,-0.136,0.262,0.053
20260304_135106,1772603557.9182515,0.3,0.255,0.313,0.177,0.42,0.681,0.499,0.107,0.0,0.676,0.0,0.0,0.553,0.0,0.0,0.319,0.345,-0.994,0.99,0.0,0.0,0,0.534,0.553,0.614,0.561,-0.111,-0.616,0.626,0.6,high,0.231,0.719,0.0,0.625,0.268,,,,,anxiety,0.671,neutral,1,-0.073,0.171,0.432,-0.146,0.23,0.699,-0.137,0.426,0.461,0.026,0.152,0.204,0.113,0.139,0.234,0.009,0.023,0.02,0.006,1.0,0.8,0.0,0.003,1.0,0.311,0.27,0.162,-0.031,0.154,1.0,0.0,0.003,1.0,0.125,0.338,0.399,0.0,0.0,0.0,-0.01,0.331,1.0,-0.113,0.218,0.365,-0.013,0.116,0.29,-0.04,0.179,1.0,0.013,0.021,0.115,1.0,1.0,1.0,0.009,0.13,1.0,0.0,0.0,0.0,0.004,0.023,0.132,-0.021,0.049,0.038,0.021,0.022,0.092,-0.032,0.051,0.08,0.038,0.366,1.0,0.154,1.0,1.0,-0.154,0.256,0.121
20260304_135106,1772603557.9591594,0.3,0.234,0.283,0.148,0.423,0.627,0.499,0.114,0.0,0.701,0.0,0.0,0.722,0.0,0.0,0.373,0.342,-0.997,0.992,0.0,0.0,0,0.525,0.552,0.608,0.559,-0.11,-0.612,0.622,0.671,high,0.192,0.938,0.0,0.626,0.294,,,,,anxiety,0.736,neutral,1,-0.075,0.173,0.553,-0.151,0.234,0.814,-0.136,0.429,0.709,0.023,0.153,0.187,0.115,0.139,0.053,0.01,0.023,0.021,-0.012,1.0,0.727,0.0,0.003,1.0,0.314,0.269,0.239,-0.032,0.154,1.0,0.0,0.003,1.0,0.144,0.337,0.101,0.0,0.0,0.0,-0.011,0.331,1.0,-0.115,0.218,0.083,-0.01,0.117,0.26,-0.04,0.18,1.0,0.017,0.022,0.119,1.0,1.0,1.0,0.009,0.13,1.0,0.0,0.0,0.0,0.0,0.025,0.162,-0.018,0.049,0.034,0.018,0.022,0.111,-0.031,0.051,0.086,0.03,0.37,1.0,0.144,1.0,1.0,-0.144,0.256,0.109
20260304_135106,1772603557.9866626,0.3,0.236,0.287,0.061,0.403,0.573,0.495,0.078,0.0,0.701,0.0,0.0,0.037,0.0,0.0,0.427,0.293,-0.999,0.995,0.0,0.0,0,0.508,0.554,0.594,0.557,-0.064,-0.678,0.681,0.126,low,0.079,0.048,0.0,0.625,0.0,,,,,neutral,1.0,neutral,1,-0.079,0.176,0.535,-0.158,0.238,0.791,-0.138,0.438,1.0,0.009,0.15,0.279,0.108,0.138,0.125,0.01,0.023,0.001,-0.033,1.0,1.0,0.0,0.003,1.0,0.307,0.267,0.23,-0.032,0.153,1.0,0.0,0.003,1.0,0.101,0.355,1.0,0.0,0.0,0.0,-0.012,0.331,1.0,-0.108,0.217,0.197,-0.011,0.117,0.065,-0.041,0.182,1.0,0.023,0.022,0.123,1.0,1.0,1.0,0.008,0.13,1.0,0.0,0.0,0.0,-0.006,0.027,0.221,-0.014,0.048,0.041,0.013,0.024,0.154,-0.031,0.051,0.092,0.024,0.366,0.636,0.118,1.0,1.0,-0.118,0.253,0.318
20260304_135106,1772603558.0196974,0.3,0.227,0.26,0.036,0.418,0.57,0.496,0.083,0.0,0.699,0.0,0.0,0.815,0.0,0.0,0.43,0.29,-0.999,0.997,0.0,0.0,0,0.504,0.554,0.589,0.556,-0.046,-0.647,0.649,0.756,high,0.047,1.0,0.0,0.625,0.4,,,,,anxiety,1.0,neutral,1,-0.082,0.179,0.586,-0.167,0.244,0.897,-0.144,0.45,1.0,-0.003,0.148,0.214,0.101,0.138,0.137,0.01,0.023,0.006,-0.054,1.0,1.0,0.0,0.003,1.0,0.296,0.263,0.211,-0.03,0.15,1.0,0.0,0.003,1.0,0.107,0.355,0.398,0.0,0.0,0.0,-0.013,0.331,1.0,-0.101,0.217,0.216,-0.011,0.117,0.085,-0.043,0.185,1.0,0.029,0.023,0.127,1.0,1.0,1.0,0.008,0.13,1.0,0.0,0.0,0.0,-0.011,0.03,0.231,-0.011,0.048,0.043,0.008,0.025,0.166,-0.031,0.051,0.091,0.02,0.363,0.459,0.096,1.0,1.0,-0.095,0.25,0.216
20260304_135106,1772603558.0526311,0.3,0.222,0.264,0.01,0.415,0.541,0.494,0.068,0.0,0.759,0.0,0.0,0.962,0.0,0.0,0.459,0.271,-1.0,0.997,0.0,0.0,0,0.5,0.555,0.586,0.555,-0.03,-0.659,0.66,0.748,high,0.013,1.0,0.0,0.623,0.4,,,,,anxiety,1.0,neutral,1,-0.087,0.182,0.606,-0.178,0.249,0.874,-0.151,0.465,1.0,-0.014,0.147,0.229,0.089,0.138,0.233,0.011,0.023,0.0,-0.076,1.0,1.0,0.0,0.003,1.0,0.285,0.259,0.386,-0.026,0.139,1.0,0.0,0.003,1.0,0.129,0.356,0.825,0.0,0.0,0.0,-0.014,0.331,1.0,-0.089,0.217,0.367,-0.013,0.118,0.206,-0.044,0.188,1.0,0.034,0.024,0.125,1.0,1.0,1.0,0.008,0.13,1.0,0.0,0.0,0.0,-0.017,0.032,0.243,-0.006,0.047,0.05,0.003,0.027,0.174,-0.03,0.051,0.091,0.018,0.361,0.302,0.075,1.0,1.0,-0.074,0.248,0.26
20260304_135106,1772603558.084536,0.3,0.226,0.264,0.012,0.421,0.52,0.494,0.06,0.0,0.768,0.0,0.0,0.669,0.0,0.0,0.48,0.274,-1.0,0.996,0.0,0.0,0,0.496,0.555,0.584,0.556,-0.036,-0.66,0.661,0.715,high,0.016,0.87,0.0,0.621,0.4,,,,,anxiety,1.0,neutral,1,-0.09,0.185,0.574,-0.188,0.255,0.864,-0.158,0.48,1.0,-0.025,0.146,0.205,0.075,0.138,0.302,0.011,0.023,0.002,-0.098,1.0,1.0,0.0,0.003,1.0,0.274,0.254,0.397,-0.022,0.126,1.0,0.0,0.003,1.0,0.13,0.356,0.043,0.0,0.0,0.0,-0.014,0.331,1.0,-0.075,0.217,0.477,-0.015,0.118,0.188,-0.046,0.19,1.0,0.04,0.025,0.123,1.0,1.0,1.0,0.007,0.13,1.0,0.0,0.0,0.0,-0.023,0.035,0.256,-0.002,0.046,0.049,-0.003,0.028,0.18,-0.029,0.051,0.086,0.016,0.36,0.362,0.053,1.0,1.0,-0.052,0.246,0.27
20260304_135106,1772603558.1444907,0.3,0.23,0.266,0.0,0.415,0.519,0.495,0.048,0.0,0.768,0.0,0.0,0.938,0.0,0.0,0.481,0.263,-1.0,0.997,0.0,0.0,0,0.491,0.557,0.579,0.558,-0.013,-0.65,0.65,0.744,high,0.0,1.0,0.0,0.619,0.4,,,,,anxiety,1.0,neutral,1,-0.093,0.187,0.542,-0.196,0.26,0.85,-0.164,0.496,1.0,-0.036,0.144,0.235,0.062,0.138,0.306,0.011,0.023,0.004,-0.122,1.0,1.0,0.0,0.003,1.0,0.263,0.249,0.383,-0.018,0.112,1.0,0.0,0.003,1.0,0.129,0.353,0.73,0.0,0.0,0.0,-0.015,0.331,1.0,-0.062,0.217,0.484,-0.017,0.119,0.254,-0.047,0.192,1.0,0.045,0.026,0.123,1.0,1.0,1.0,0.007,0.13,1.0,0.0,0.0,0.0,-0.03,0.038,0.272,0.002,0.046,0.059,-0.008,0.03,0.195,-0.028,0.051,0.078,0.014,0.357,0.131,0.032,1.0,1.0,-0.032,0.244,0.239
20260304_135106,1772603558.174159,0.3,0.221,0.253,0.0,0.429,0.529,0.495,0.042,0.0,0.812,0.0,0.0,0.897,0.0,0.0,0.471,0.265,-1.0,0.998,0.0,0.0,0,0.488,0.557,0.576,0.559,-0.021,-0.632,0.632,0.743,high,0.0,1.0,0.0,0.617,0.4,,,,,anxiety,1.0,neutral,1,-0.096,0.19,0.595,-0.205,0.265,0.898,-0.167,0.511,1.0,-0.047,0.142,0.179,0.049,0.138,0.273,0.012,0.023,0.004,-0.145,1.0,1.0,0.0,0.003,1.0,0.257,0.245,0.502,-0.015,0.096,1.0,0.0,0.003,1.0,0.125,0.35,0.592,0.0,0.0,0.0,-0.016,0.331,1.0,-0.049,0.217,0.432,-0.019,0.12,0.238,-0.048,0.193,1.0,0.05,0.026,0.124,1.0,1.0,1.0,0.007,0.13,1.0,0.0,0.0,0.0,-0.036,0.041,0.279,0.006,0.045,0.06,-0.014,0.032,0.201,-0.027,0.05,0.073,0.012,0.356,0.21,0.01,1.0,1.0,-0.01,0.241,0.184
20260304_135106,1772603558.2058306,0.3,0.224,0.255,0.0,0.416,0.503,0.493,0.026,0.0,0.801,0.0,0.0,0.923,0.0,0.0,0.497,0.258,-1.0,1.0,0.0,0.0,0,0.488,0.558,0.576,0.559,-0.006,-0.657,0.657,0.743,high,0.0,1.0,0.0,0.614,0.4,,,,,anxiety,1.0,neutral,1,-0.096,0.191,0.567,-0.21,0.269,0.881,-0.171,0.525,1.0,-0.06,0.14,0.235,0.033,0.138,0.359,0.012,0.023,0.004,-0.171,1.0,1.0,0.0,0.003,1.0,0.244,0.239,0.449,-0.011,0.079,1.0,0.0,0.003,1.0,0.147,0.35,0.66,0.0,0.0,0.0,-0.017,0.331,1.0,-0.033,0.217,0.568,-0.022,0.121,0.285,-0.049,0.195,1.0,0.055,0.027,0.127,1.0,1.0,1.0,0.006,0.13,1.0,0.0,0.0,0.0,-0.042,0.043,0.277,0.011,0.044,0.065,-0.019,0.033,0.201,-0.025,0.05,0.071,0.012,0.355,0.058,-0.015,1.0,1.0,0.015,0.238,0.278
20260304_135106,1772603558.2429633,0.3,0.224,0.265,0.0,0.425,0.498,0.493,0.021,0.0,0.814,0.0,0.0,0.939,0.0,0.0,0.502,0.253,-1.0,0.997,0.0,0.0,0,0.488,0.56,0.576,0.56,0.001,-0.647,0.647,0.728,high,0.0,1.0,0.0,0.513,0.4,,,,,anxiety,1.0,neutral,1,-0.098,0.194,0.559,-0.216,0.274,0.825,-0.173,0.539,1.0,-0.07,0.139,0.197,0.017,0.138,0.375,0.012,0.023,0.004,-0.196,1.0,1.0,0.0,0.003,1.0,0.236,0.234,0.469,-0.007,0.06,1.0,0.0,0.003,1.0,0.154,0.349,0.69,0.0,0.0,0.0,-0.018,0.331,1.0,-0.017,0.217,0.593,-0.025,0.122,0.314,-0.049,0.196,1.0,0.06,0.028,0.119,1.0,0.988,1.0,0.006,0.13,1.0,0.0,0.0,0.0,-0.048,0.046,0.276,0.015,0.044,0.071,-0.025,0.035,0.199,-0.024,0.05,0.063,0.013,0.356,0.008,-0.037,1.0,1.0,0.037,0.236,0.249
20260304_135106,1772603558.2772932,0.3,0.222,0.259,0.0,0.428,0.503,0.494,0.017,0.0,0.83,0.0,0.0,0.892,0.0,0.0,0.497,0.251,-1.0,0.998,0.0,0.0,0,0.487,0.56,0.576,0.56,-0.0,-0.638,0.638,0.727,high,0.0,1.0,0.0,0.51,0.4,,,,,anxiety,1.0,neutral,1,-0.1,0.196,0.567,-0.222,0.278,0.847,-0.176,0.553,1.0,-0.08,0.137,0.187,0.001,0.138,0.357,0.013,0.023,0.002,-0.222,1.0,1.0,0.0,0.003,1.0,0.22,0.226,0.497,-0.004,0.043,1.0,0.0,0.003,1.0,0.158,0.348,0.539,0.0,0.0,0.0,-0.019,0.331,1.0,-0.001,0.217,0.564,-0.028,0.124,0.321,-0.049,0.196,1.0,0.064,0.028,0.122,1.0,0.967,1.0,0.006,0.13,1.0,0.0,0.0,0.0,-0.054,0.048,0.276,0.02,0.043,0.073,-0.03,0.036,0.198,-0.022,0.049,0.061,0.013,0.357,0.001,-0.058,1.0,1.0,0.058,0.233,0.227
20260304_135106,1772603558.304102,0.3,0.222,0.259,0.0,0.425,0.528,0.495,0.013,0.0,0.817,0.0,0.0,0.963,0.0,0.0,0.472,0.25,-1.0,0.999,0.0,0.0,0,0.486,0.56,0.576,0.561,0.003,-0.632,0.632,0.727,high,0.0,1.0,0.0,0.507,0.4,,,,,anxiety,1.0,neutral,1,-0.102,0.198,0.554,-0.227,0.282,0.834,-0.176,0.567,1.0,-0.09,0.136,0.204,-0.013,0.138,0.275,0.013,0.023,0.003,-0.249,1.0,1.0,0.0,0.003,1.0,0.207,0.22,0.437,-0.002,0.023,1.0,0.0,0.003,1.0,0.171,0.348,0.732,0.0,0.0,0.0,-0.02,0.331,1.0,0.013,0.217,0.435,-0.031,0.125,0.324,-0.05,0.197,1.0,0.069,0.029,0.121,1.0,0.946,1.0,0.005,0.13,1.0,0.0,0.0,0.0,-0.059,0.05,0.275,0.024,0.043,0.076,-0.035,0.038,0.196,-0.02,0.049,0.058,0.014,0.358,0.03,-0.079,1.0,1.0,0.079,0.23,0.212
20260304_135106,1772603558.3596072,0.3,0.224,0.261,0.0,0.428,0.521,0.495,0.013,0.0,0.806,0.0,0.0,0.943,0.0,0.0,0.479,0.254,-1.0,1.0,0.0,0.0,0,0.486,0.56,0.575,0.561,-0.005,-0.633,0.633,0.726,high,0.0,1.0,0.0,0.504,0.4,,,,,anxiety,1.0,neutral,1,-0.104,0.2,0.534,-0.231,0.286,0.817,-0.177,0.58,1.0,-0.099,0.136,0.193,-0.027,0.137,0.3,0.014,0.023,0.004,-0.275,1.0,1.0,0.0,0.003,1.0,0.192,0.213,0.384,-0.0,0.005,1.0,0.0,0.003,1.0,0.185,0.348,0.662,0.0,0.0,0.0,-0.021,0.331,1.0,0.027,0.216,0.475,-0.034,0.126,0.297,-0.05,0.197,1.0,0.072,0.03,0.121,1.0,0.925,1.0,0.005,0.13,1.0,0.0,0.0,0.0,-0.065,0.052,0.273,0.028,0.042,0.076,-0.04,0.039,0.195,-0.018,0.048,0.056,0.015,0.358,0.045,-0.098,1.0,1.0,0.098,0.228,0.222
20260304_135106,1772603558.3906775,0.3,0.225,0.263,0.0,0.421,0.504,0.495,0.009,0.0,0.858,0.0,0.0,0.966,0.0,0.0,0.496,0.252,-1.0,0.999,0.0,0.0,0,0.486,0.56,0.575,0.559,-0.002,-0.64,0.64,0.736,high,0.0,1.0,0.0,0.567,0.4,,,,,anxiety,1.0,neutral,1,-0.104,0.201,0.52,-0.233,0.29,0.8,-0.176,0.592,1.0,-0.108,0.135,0.222,-0.043,0.137,0.354,0.014,0.023,0.005,-0.302,1.0,1.0,0.0,0.003,1.0,0.183,0.208,0.522,0.0,0.0,0.0,0.0,0.003,1.0,0.202,0.349,0.714,0.0,0.0,0.0,-0.021,0.331,1.0,0.043,0.216,0.561,-0.037,0.128,0.309,-0.049,0.197,1.0,0.076,0.03,0.119,1.0,0.905,1.0,0.005,0.13,1.0,0.0,0.0,0.0,-0.07,0.054,0.269,0.032,0.042,0.074,-0.045,0.041,0.194,-0.016,0.048,0.058,0.016,0.359,0.016,-0.118,1.0,1.0,0.118,0.226,0.25
20260304_135106,1772603558.420251,0.3,0.225,0.264,0.0,0.422,0.512,0.495,0.01,0.0,0.834,0.0,0.0,0.936,0.0,0.0,0.488,0.251,-1.0,1.0,0.0,0.0,0,0.486,0.56,0.575,0.56,-0.003,-0.641,0.641,0.736,high,0.0,1.0,0.0,0.567,0.4,,,,,anxiety,1.0,neutral,1,-0.103,0.202,0.51,-0.233,0.292,0.783,-0.175,0.604,1.0,-0.117,0.135,0.216,-0.058,0.137,0.33,0.015,0.023,0.003,-0.328,1.0,1.0,0.0,0.003,1.0,0.167,0.2,0.428,0.0,0.0,0.0,0.0,0.003,1.0,0.212,0.348,0.616,0.0,0.0,0.0,-0.022,0.331,1.0,0.058,0.216,0.522,-0.041,0.129,0.31,-0.049,0.195,1.0,0.079,0.031,0.118,1.0,0.885,1.0,0.004,0.13,1.0,0.0,0.0,0.0,-0.074,0.056,0.267,0.036,0.042,0.075,-0.049,0.042,0.192,-0.014,0.047,0.055,0.016,0.36,0.029,-0.139,1.0,1.0,0.138,0.224,0.261
20260304_135106,1772603558.4397626,0.3,0.219,0.253,0.0,0.433,0.503,0.494,0.016,0.0,0.841,0.0,0.0,0.871,0.0,0.0,0.497,0.25,-1.0,0.999,0.0,0.0,0,0.486,0.559,0.575,0.559,-0.001,-0.631,0.631,0.736,high,0.0,1.0,0.0,0.566,0.4,,,,,anxiety,1.0,neutral,1,-0.102,0.202,0.544,-0.233,0.295,0.824,-0.173,0.616,1.0,-0.125,0.134,0.17,-0.072,0.138,0.359,0.015,0.023,0.003,-0.354,1.0,1.0,0.0,0.003,1.0,0.155,0.194,0.432,0.0,0.0,0.0,0.0,0.003,1.0,0.225,0.348,0.428,0.0,0.0,0.0,-0.023,0.331,1.0,0.072,0.217,0.568,-0.045,0.13,0.313,-0.048,0.193,1.0,0.082,0.031,0.115,1.0,0.866,1.0,0.004,0.13,1.0,0.0,0.0,0.0,-0.079,0.058,0.264,0.04,0.042,0.074,-0.053,0.043,0.19,-0.013,0.047,0.055,0.018,0.361,0.014,-0.16,1.0,1.0,0.158,0.222,0.23
20260304_135106,1772603558.4718587,0.3,0.213,0.242,0.0,0.441,0.495,0.495,0.029,0.008,0.837,0.0,0.008,0.905,0.0,0.0,0.505,0.257,-1.0,0.996,0.0,0.0,0,0.486,0.558,0.575,0.557,-0.006,-0.615,0.616,0.728,high,0.0,1.0,0.0,0.505,0.4,,,,,anxiety,1.0,neutral,1,-0.101,0.203,0.57,-0.231,0.297,0.862,-0.172,0.629,1.0,-0.131,0.134,0.138,-0.087,0.139,0.382,0.016,0.023,0.006,-0.379,1.0,1.0,0.001,0.009,1.0,0.143,0.188,0.403,0.0,0.0,0.0,0.001,0.009,1.0,0.251,0.348,0.524,0.0,0.001,0.005,-0.024,0.331,1.0,0.087,0.218,0.604,-0.049,0.131,0.267,-0.047,0.189,1.0,0.084,0.032,0.107,1.0,0.847,1.0,0.004,0.13,1.0,0.0,0.0,0.0,-0.083,0.059,0.262,0.043,0.041,0.071,-0.057,0.044,0.188,-0.011,0.046,0.058,0.019,0.362,0.064,-0.179,1.0,1.0,0.177,0.219,0.183
20260304_135106,1772603558.5013235,0.3,0.212,0.238,0.0,0.447,0.488,0.497,0.038,0.014,0.855,0.0,0.014,0.918,0.0,0.0,0.512,0.263,-1.0,0.995,0.0,0.0,0,0.486,0.559,0.575,0.556,-0.008,-0.602,0.602,0.73,high,0.0,1.0,0.0,0.508,0.4,,,,,anxiety,1.0,neutral,1,-0.099,0.202,0.567,-0.228,0.298,0.869,-0.17,0.641,1.0,-0.138,0.133,0.117,-0.102,0.14,0.405,0.016,0.023,0.012,-0.404,1.0,1.0,0.002,0.017,1.0,0.128,0.181,0.435,0.0,0.0,0.0,0.002,0.017,1.0,0.278,0.349,0.559,0.0,0.001,1.0,-0.025,0.331,1.0,0.102,0.219,0.638,-0.054,0.131,0.224,-0.045,0.187,1.0,0.085,0.032,0.102,1.0,0.828,1.0,0.003,0.13,1.0,0.0,0.0,0.0,-0.087,0.061,0.259,0.047,0.041,0.073,-0.061,0.045,0.186,-0.009,0.046,0.062,0.021,0.363,0.077,-0.198,1.0,1.0,0.196,0.217,0.144
20260304_135106,1772603558.5443594,0.3,0.209,0.236,0.0,0.454,0.491,0.497,0.05,0.0,0.858,0.0,0.0,0.922,0.023,0.037,0.509,0.267,-1.0,0.994,0.0,0.0,0,0.486,0.558,0.574,0.555,-0.016,-0.592,0.592,0.73,high,0.0,1.0,0.0,0.511,0.4,,,,,anxiety,1.0,neutral,1,-0.096,0.201,0.578,-0.224,0.299,0.866,-0.168,0.653,1.0,-0.145,0.132,0.088,-0.117,0.141,0.393,0.017,0.023,0.014,-0.428,1.0,1.0,0.002,0.017,1.0,0.116,0.175,0.425,0.0,0.0,0.0,0.002,0.017,1.0,0.307,0.349,0.569,0.002,0.024,1.0,-0.023,0.333,1.0,0.117,0.22,0.618,-0.059,0.13,0.197,-0.044,0.182,1.0,0.086,0.032,0.098,1.0,0.809,1.0,0.003,0.13,1.0,0.0,0.0,0.0,-0.091,0.062,0.257,0.05,0.041,0.072,-0.065,0.046,0.187,-0.007,0.045,0.064,0.023,0.363,0.159,-0.217,1.0,1.0,0.215,0.213,0.115
20260304_135106,1772603558.5792332,0.3,0.208,0.227,0.0,0.455,0.482,0.498,0.052,0.0,0.864,0.0,0.0,0.954,0.027,0.018,0.518,0.269,-1.0,0.993,0.0,0.0,0,0.485,0.558,0.575,0.554,-0.012,-0.587,0.587,0.731,high,0.0,1.0,0.0,0.513,0.4,,,,,anxiety,1.0,neutral,1,-0.092,0.199,0.574,-0.218,0.299,0.896,-0.166,0.667,1.0,-0.152,0.131,0.088,-0.132,0.142,0.423,0.018,0.023,0.016,-0.452,1.0,1.0,0.002,0.017,1.0,0.105,0.169,0.426,0.0,0.0,0.0,0.002,0.017,1.0,0.339,0.349,0.658,0.004,0.037,1.0,-0.023,0.333,1.0,0.132,0.221,0.665,-0.064,0.13,0.182,-0.042,0.178,1.0,0.088,0.033,0.095,1.0,0.791,1.0,0.003,0.13,1.0,0.0,0.0,0.0,-0.095,0.064,0.255,0.053,0.041,0.072,-0.069,0.047,0.184,-0.005,0.045,0.061,0.025,0.364,0.118,-0.237,1.0,1.0,0.234,0.209,0.107
20260304_135106,1772603558.6102614,0.3,0.213,0.233,0.0,0.445,0.506,0.497,0.048,0.0,0.897,0.0,0.0,0.908,0.0,0.004,0.494,0.267,-1.0,0.993,0.0,0.0,0,0.486,0.558,0.575,0.554,-0.009,-0.6,0.6,0.731,high,0.0,1.0,0.0,0.512,0.4,,,,,anxiety,1.0,neutral,1,-0.09,0.199,0.527,-0.215,0.3,0.853,-0.165,0.681,1.0,-0.158,0.13,0.131,-0.145,0.143,0.342,0.019,0.023,0.014,-0.476,1.0,1.0,0.002,0.017,1.0,0.095,0.163,0.499,0.0,0.0,0.0,0.002,0.017,1.0,0.363,0.349,0.528,0.004,0.037,1.0,-0.023,0.333,0.763,0.145,0.222,0.536,-0.068,0.13,0.202,-0.041,0.174,1.0,0.088,0.033,0.093,1.0,0.773,1.0,0.002,0.13,1.0,0.0,0.0,0.0,-0.098,0.065,0.25,0.056,0.041,0.07,-0.072,0.048,0.182,-0.003,0.044,0.061,0.028,0.364,0.09,-0.251,1.0,1.0,0.249,0.208,0.157
20260304_135106,1772603558.647798,0.3,0.214,0.236,0.0,0.438,0.497,0.497,0.041,0.0,0.926,0.0,0.0,0.95,0.0,0.014,0.503,0.263,-1.0,0.994,0.0,0.0,0,0.486,0.558,0.575,0.555,-0.006,-0.603,0.603,0.73,high,0.0,1.0,0.0,0.511,0.4,,,,,anxiety,1.0,neutral,1,-0.088,0.199,0.51,-0.211,0.301,0.826,-0.165,0.696,1.0,-0.162,0.131,0.158,-0.158,0.143,0.372,0.019,0.023,0.015,-0.497,1.0,1.0,0.001,0.017,1.0,0.096,0.163,0.566,0.0,0.0,0.0,0.001,0.017,1.0,0.379,0.349,0.635,0.003,0.037,1.0,-0.023,0.333,1.0,0.158,0.223,0.581,-0.074,0.13,0.224,-0.039,0.17,1.0,0.089,0.033,0.092,1.0,0.755,1.0,0.002,0.13,1.0,0.0,0.0,0.0,-0.102,0.066,0.247,0.059,0.041,0.071,-0.076,0.049,0.179,-0.001,0.044,0.056,0.033,0.363,0.058,-0.264,1.0,1.0,0.261,0.207,0.172
20260304_135106,1772603558.6808848,0.3,0.215,0.235,0.0,0.439,0.514,0.497,0.035,0.0,0.928,0.0,0.0,0.938,0.0,0.0,0.486,0.259,-1.0,0.993,0.0,0.0,0,0.486,0.559,0.575,0.556,-0.001,-0.604,0.604,0.73,high,0.0,1.0,0.0,0.511,0.4,,,,,anxiety,1.0,neutral,1,-0.087,0.199,0.496,-0.21,0.303,0.824,-0.166,0.712,1.0,-0.165,0.131,0.153,-0.169,0.144,0.314,0.02,0.023,0.013,-0.515,1.0,1.0,0.001,0.017,1.0,0.092,0.16,0.554,0.0,0.0,0.0,0.001,0.017,1.0,0.4,0.35,0.597,0.003,0.037,1.0,-0.024,0.333,1.0,0.169,0.224,0.489,-0.079,0.13,0.256,-0.038,0.168,1.0,0.089,0.033,0.089,1.0,0.737,1.0,0.002,0.13,1.0,0.0,0.0,0.0,-0.105,0.068,0.244,0.061,0.041,0.074,-0.079,0.05,0.176,-0.0,0.043,0.052,0.037,0.364,0.007,-0.273,1.0,1.0,0.269,0.207,0.177
20260304_135106,1772603558.7110984,0.3,0.221,0.245,0.0,0.429,0.515,0.495,0.021,0.009,0.881,0.0,0.009,0.984,0.0,0.0,0.485,0.257,-1.0,0.993,0.0,0.0,0,0.486,0.56,0.575,0.556,-0.006,-0.626,0.626,0.731,high,0.0,1.0,0.0,0.511,0.4,,,,,anxiety,1.0,neutral,1,-0.085,0.199,0.442,-0.207,0.305,0.758,-0.168,0.729,1.0,-0.167,0.132,0.192,-0.177,0.145,0.306,0.02,0.023,0.007,-0.529,1.0,1.0,0.002,0.019,1.0,0.09,0.159,0.409,0.0,0.0,0.0,0.002,0.019,1.0,0.431,0.351,0.719,0.003,0.037,1.0,-0.025,0.333,1.0,0.177,0.225,0.475,-0.084,0.13,0.265,-0.037,0.164,1.0,0.089,0.033,0.086,1.0,0.719,1.0,0.001,0.13,1.0,0.0,0.0,0.0,-0.107,0.069,0.239,0.063,0.041,0.076,-0.082,0.051,0.173,0.001,0.043,0.047,0.041,0.364,0.055,-0.281,1.0,1.0,0.277,0.208,0.254
20260304_135106,1772603558.7457235,0.3,0.215,0.236,0.0,0.438,0.506,0.497,0.022,0.0,0.917,0.0,0.0,0.964,0.0,0.0,0.494,0.262,-1.0,0.993,0.0,0.0,0,0.486,0.561,0.575,0.558,-0.007,-0.607,0.607,0.731,high,0.0,1.0,0.0,0.51,0.4,,,,,anxiety,1.0,neutral,1,-0.084,0.2,0.478,-0.206,0.307,0.793,-0.169,0.746,1.0,-0.167,0.132,0.151,-0.184,0.147,0.334,0.021,0.023,0.013,-0.54,1.0,1.0,0.002,0.019,1.0,0.089,0.157,0.495,0.0,0.0,0.0,0.002,0.019,1.0,0.439,0.35,0.649,0.003,0.037,1.0,-0.026,0.333,1.0,0.184,0.226,0.517,-0.088,0.131,0.235,-0.035,0.16,1.0,0.089,0.033,0.085,1.0,0.702,1.0,0.001,0.13,1.0,0.0,0.0,0.0,-0.11,0.07,0.236,0.064,0.042,0.079,-0.084,0.052,0.17,0.002,0.043,0.04,0.044,0.364,0.066,-0.285,1.0,1.0,0.281,0.208,0.183
20260304_135106,1772603558.795108,0.3,0.216,0.238,0.0,0.439,0.506,0.496,0.016,0.01,0.898,0.0,0.01,0.986,0.0,0.0,0.494,0.26,-1.0,0.993,0.0,0.0,0,0.486,0.562,0.576,0.559,-0.005,-0.608,0.608,0.732,high,0.0,1.0,0.0,0.51,0.4,,,,,anxiety,1.0,neutral,1,-0.082,0.199,0.462,-0.201,0.307,0.769,-0.17,0.764,1.0,-0.167,0.132,0.145,-0.19,0.148,0.33,0.021,0.023,0.012,-0.548,1.0,1.0,0.003,0.022,1.0,0.088,0.156,0.43,0.0,0.0,0.0,0.003,0.022,1.0,0.463,0.351,0.704,0.003,0.037,1.0,-0.027,0.333,1.0,0.19,0.226,0.508,-0.092,0.131,0.245,-0.034,0.155,1.0,0.088,0.032,0.083,1.0,0.684,1.0,0.001,0.13,1.0,0.0,0.0,0.0,-0.112,0.07,0.231,0.065,0.042,0.08,-0.086,0.052,0.167,0.004,0.043,0.035,0.047,0.364,0.047,-0.289,1.0,1.0,0.285,0.208,0.183
20260304_135106,1772603558.8219218,0.3,0.216,0.241,0.0,0.438,0.506,0.496,0.011,0.011,0.89,0.0,0.011,0.963,0.0,0.012,0.494,0.261,-1.0,0.994,0.0,0.0,0,0.486,0.562,0.576,0.559,-0.008,-0.613,0.613,0.732,high,0.0,1.0,0.0,0.51,0.4,,,,,anxiety,1.0,neutral,1,-0.079,0.198,0.452,-0.196,0.308,0.743,-0.17,0.781,1.0,-0.166,0.132,0.143,-0.194,0.149,0.326,0.022,0.023,0.01,-0.553,1.0,1.0,0.003,0.025,1.0,0.086,0.155,0.398,0.0,0.0,0.0,0.003,0.025,1.0,0.484,0.351,0.632,0.003,0.037,1.0,-0.027,0.333,1.0,0.194,0.227,0.498,-0.095,0.132,0.237,-0.031,0.148,1.0,0.086,0.032,0.081,1.0,0.667,1.0,0.0,0.13,1.0,0.0,0.0,0.0,-0.113,0.071,0.227,0.065,0.042,0.079,-0.088,0.053,0.164,0.005,0.043,0.034,0.05,0.365,0.078,-0.292,1.0,1.0,0.287,0.207,0.198
20260304_135106,1772603558.8525488,0.3,0.212,0.237,0.0,0.444,0.499,0.496,0.012,0.009,0.884,0.0,0.009,0.998,0.0,0.046,0.501,0.262,-1.0,0.994,0.0,0.0,0,0.486,0.562,0.576,0.559,-0.01,-0.607,0.607,0.732,high,0.0,1.0,0.0,0.51,0.4,,,,,anxiety,1.0,neutral,1,-0.078,0.199,0.469,-0.194,0.309,0.753,-0.17,0.798,1.0,-0.163,0.132,0.115,-0.197,0.15,0.344,0.021,0.023,0.01,-0.552,1.0,1.0,0.004,0.026,1.0,0.092,0.156,0.372,0.0,0.0,0.0,0.004,0.026,1.0,0.481,0.347,0.705,0.003,0.037,1.0,-0.025,0.335,1.0,0.197,0.227,0.521,-0.096,0.132,0.224,-0.03,0.143,1.0,0.085,0.032,0.079,1.0,0.65,1.0,-0.0,0.13,1.0,0.0,0.0,0.0,-0.114,0.072,0.224,0.065,0.042,0.079,-0.09,0.054,0.161,0.005,0.043,0.033,0.05,0.365,0.098,-0.29,1.0,1.0,0.285,0.207,0.171
20260304_135106,1772603558.8832543,0.3,0.215,0.241,0.0,0.439,0.501,0.495,0.007,0.006,0.886,0.0,0.006,0.959,0.0,0.057,0.499,0.258,-1.0,0.994,0.0,0.0,0,0.487,0.562,0.576,0.559,-0.007,-0.615,0.615,0.733,high,0.0,1.0,0.0,0.511,0.4,,,,,anxiety,1.0,neutral,1,-0.079,0.2,0.443,-0.195,0.312,0.719,-0.171,0.817,1.0,-0.16,0.131,0.129,-0.197,0.151,0.332,0.021,0.023,0.007,-0.545,1.0,1.0,0.004,0.027,1.0,0.1,0.156,0.374,0.0,0.0,0.0,0.004,0.027,1.0,0.483,0.346,0.584,0.003,0.037,1.0,-0.022,0.339,1.0,0.197,0.226,0.498,-0.096,0.133,0.25,-0.029,0.141,1.0,0.084,0.031,0.078,1.0,0.633,1.0,-0.0,0.13,1.0,0.0,0.0,0.0,-0.115,0.072,0.219,0.065,0.042,0.078,-0.091,0.054,0.158,0.005,0.043,0.033,0.049,0.364,0.075,-0.286,1.0,1.0,0.281,0.205,0.194
20260304_135106,1772603558.914657,0.3,0.21,0.236,0.0,0.45,0.502,0.496,0.013,0.022,0.851,0.0,0.022,0.956,0.0,0.088,0.498,0.259,-1.0,0.994,0.0,0.0,0,0.486,0.563,0.576,0.559,-0.01,-0.601,0.601,0.735,high,0.0,1.0,0.0,0.515,0.4,,,,,anxiety,1.0,neutral,1,-0.082,0.202,0.472,-0.201,0.316,0.739,-0.177,0.835,1.0,-0.152,0.128,0.078,-0.195,0.151,0.321,0.02,0.022,0.008,-0.53,1.0,1.0,0.006,0.035,1.0,0.11,0.157,0.276,0.0,0.0,0.0,0.006,0.035,1.0,0.497,0.346,0.564,0.003,0.037,1.0,-0.017,0.349,1.0,0.195,0.223,0.477,-0.094,0.132,0.235,-0.029,0.141,1.0,0.083,0.031,0.075,1.0,0.616,1.0,-0.001,0.13,1.0,0.0,0.0,0.0,-0.117,0.073,0.216,0.064,0.041,0.078,-0.093,0.055,0.155,0.003,0.043,0.031,0.047,0.361,0.1,-0.274,1.0,1.0,0.269,0.201,0.132
20260304_135106,1772603558.9457188,0.3,0.208,0.23,0.0,0.447,0.52,0.495,0.017,0.018,0.847,0.0,0.018,0.941,0.0,0.159,0.48,0.254,-1.0,0.994,0.0,0.0,0,0.485,0.562,0.576,0.558,-0.005,-0.607,0.607,0.752,high,0.0,1.0,0.0,0.624,0.4,,,,,anxiety,1.0,neutral,1,-0.088,0.204,0.485,-0.214,0.32,0.77,-0.186,0.851,1.0,-0.142,0.124,0.083,-0.189,0.149,0.252,0.018,0.022,0.002,-0.508,1.0,1.0,0.007,0.039,1.0,0.117,0.157,0.262,0.0,0.0,0.0,0.007,0.039,1.0,0.507,0.346,0.515,0.003,0.037,1.0,-0.006,1.0,1.0,0.189,0.219,0.37,-0.092,0.131,0.259,-0.029,0.141,1.0,0.083,0.031,0.073,1.0,0.599,0.992,-0.001,0.13,1.0,0.0,0.0,0.0,-0.119,0.074,0.218,0.061,0.04,0.07,-0.096,0.055,0.155,0.001,0.042,0.037,0.047,0.361,0.05,-0.257,1.0,1.0,0.252,0.194,0.14
20260304_135106,1772603558.9760187,0.3,0.209,0.238,0.0,0.447,0.535,0.495,0.023,0.003,0.854,0.0,0.003,0.934,0.019,0.188,0.465,0.249,-1.0,0.995,0.0,0.0,0,0.484,0.561,0.575,0.557,0.006,-0.607,0.607,0.753,high,0.0,1.0,0.0,0.626,0.4,au7_eye_squeeze,0.535,2,13,anxiety,1.0,neutral,1,-0.094,0.206,0.47,-0.224,0.323,0.722,-0.195,0.868,1.0,-0.132,0.12,0.075,-0.182,0.148,0.193,0.017,0.021,0.001,-0.484,1.0,1.0,0.007,0.039,1.0,0.125,0.158,0.277,0.0,0.0,0.0,0.007,0.039,1.0,0.522,0.346,0.489,0.004,0.041,1.0,0.006,1.0,1.0,0.182,0.215,0.281,-0.091,0.131,0.291,-0.029,0.142,1.0,0.082,0.031,0.073,1.0,0.582,0.942,-0.001,0.13,1.0,0.0,0.0,0.0,-0.121,0.074,0.217,0.059,0.039,0.063,-0.098,0.056,0.153,-0.002,0.042,0.04,0.048,0.362,0.058,-0.241,1.0,1.0,0.237,0.187,0.13
20260304_135106,1772603559.0059192,0.3,0.214,0.239,0.0,0.451,0.523,0.494,0.033,0.03,0.863,0.0,0.03,0.902,0.024,0.211,0.477,0.239,-1.0,0.997,0.0,0.0,0,0.483,0.56,0.575,0.556,0.024,-0.599,0.6,0.756,high,0.0,1.0,0.0,0.63,0.4,au7_eye_squeeze,0.523,3,12,anxiety,1.0,neutral,1,-0.101,0.207,0.437,-0.237,0.326,0.71,-0.207,0.88,1.0,-0.121,0.115,0.049,-0.174,0.146,0.227,0.015,0.02,0.002,-0.455,1.0,1.0,0.009,0.049,1.0,0.136,0.158,0.299,0.0,0.0,0.0,0.009,0.049,1.0,0.517,0.343,0.391,0.006,0.048,1.0,0.019,1.0,1.0,0.174,0.209,0.327,-0.09,0.131,0.353,-0.03,0.142,1.0,0.083,0.031,0.076,1.0,0.565,0.894,-0.002,0.13,1.0,0.0,0.0,0.0,-0.123,0.075,0.217,0.056,0.038,0.058,-0.101,0.056,0.153,-0.006,0.041,0.044,0.048,0.364,0.243,-0.222,1.0,1.0,0.218,0.179,0.091
20260304_135106,1772603559.04571,0.3,0.213,0.244,0.0,0.449,0.537,0.492,0.041,0.034,0.818,0.0,0.034,0.928,0.026,0.079,0.463,0.221,-0.999,0.997,0.0,0.0,0,0.482,0.559,0.572,0.556,0.045,-0.604,0.605,0.759,high,0.0,1.0,0.0,0.634,0.4,au7_eye_squeeze,0.537,4,11,anxiety,1.0,neutral,1,-0.109,0.207,0.442,-0.252,0.327,0.681,-0.221,0.889,1.0,-0.111,0.11,0.049,-0.169,0.145,0.172,0.012,0.019,0.011,-0.424,1.0,1.0,0.011,0.06,1.0,0.159,0.155,0.182,0.0,0.0,0.0,0.011,0.06,1.0,0.473,0.323,0.428,0.007,0.054,1.0,0.038,1.0,1.0,0.169,0.206,0.246,-0.089,0.131,0.47,-0.031,0.143,1.0,0.084,0.031,0.075,1.0,0.548,0.848,-0.002,0.13,1.0,0.0,0.0,0.0,-0.126,0.076,0.221,0.053,0.036,0.049,-0.104,0.057,0.162,-0.01,0.041,0.044,0.052,0.37,0.445,-0.202,0.989,1.0,0.198,0.169,0.096
20260304_135106,1772603559.0743878,0.3,0.225,0.253,0.0,0.417,0.514,0.491,0.028,0.0,1.0,0.0,0.0,0.741,0.017,0.109,0.486,0.189,-0.999,0.997,0.0,0.0,0,0.479,0.557,0.57,0.555,0.091,-0.628,0.634,0.749,high,0.0,0.963,0.0,0.63,0.4,au7_eye_squeeze,0.514,5,10,anxiety,1.0,neutral,1,-0.116,0.207,0.354,-0.268,0.328,0.634,-0.237,0.895,1.0,-0.103,0.106,0.182,-0.166,0.145,0.245,0.009,0.017,0.016,-0.391,1.0,1.0,0.011,0.06,1.0,0.196,0.155,0.676,0.0,0.0,0.0,0.011,0.06,1.0,0.484,0.323,0.061,0.008,0.057,1.0,0.061,1.0,1.0,0.166,0.204,0.347,-0.091,0.134,0.683,-0.033,0.144,1.0,0.085,0.031,0.073,1.0,0.531,0.803,-0.002,0.13,1.0,0.0,0.0,0.0,-0.13,0.077,0.227,0.049,0.034,0.042,-0.108,0.058,0.165,-0.015,0.04,0.051,0.059,0.389,0.912,-0.183,0.937,1.0,0.179,0.159,0.182
20260304_135106,1772603559.1147804,0.3,0.211,0.235,0.0,0.433,0.508,0.49,0.038,0.018,1.0,0.0,0.018,0.26,0.035,0.108,0.492,0.179,-0.998,0.998,0.0,0.0,0,0.476,0.557,0.564,0.556,0.095,-0.612,0.62,0.592,medium,0.0,0.338,0.0,0.625,0.4,,,,,anxiety,1.0,neutral,1,-0.125,0.207,0.458,-0.287,0.329,0.733,-0.255,0.895,1.0,-0.093,0.1,0.103,-0.166,0.145,0.261,0.005,0.014,0.024,-0.355,1.0,1.0,0.012,0.062,1.0,0.23,0.156,0.675,0.0,0.0,0.0,0.012,0.062,1.0,0.442,0.332,1.0,0.011,0.067,1.0,0.067,1.0,1.0,0.166,0.203,0.367,-0.093,0.137,0.744,-0.034,0.144,1.0,0.087,0.031,0.075,1.0,0.514,0.76,-0.003,0.13,1.0,0.0,0.0,0.0,-0.134,0.078,0.237,0.045,0.032,0.038,-0.112,0.059,0.182,-0.02,0.038,0.048,0.066,0.408,0.953,-0.162,0.877,1.0,0.159,0.148,0.118
20260304_135106,1772603559.1520662,0.3,0.202,0.219,0.0,0.442,0.458,0.493,0.05,0.0,1.0,0.0,0.0,0.919,0.05,0.065,0.542,0.156,-0.998,0.995,0.0,0.0,0,0.472,0.557,0.561,0.553,0.154,-0.582,0.602,0.758,high,0.0,1.0,0.0,0.624,0.4,,,,,anxiety,1.0,neutral,1,-0.135,0.208,0.525,-0.307,0.33,0.818,-0.273,0.895,1.0,-0.083,0.094,0.056,-0.169,0.147,0.427,0.002,0.012,0.014,-0.319,1.0,1.0,0.012,0.062,1.0,0.267,0.156,0.675,0.0,0.0,0.0,0.012,0.062,1.0,0.46,0.332,0.422,0.014,0.084,1.0,0.077,1.0,1.0,0.169,0.204,0.596,-0.097,0.144,0.902,-0.036,0.144,1.0,0.089,0.032,0.068,1.0,0.497,0.718,-0.003,0.13,1.0,0.0,0.0,0.0,-0.138,0.079,0.248,0.042,0.029,0.033,-0.117,0.06,0.191,-0.025,0.037,0.062,0.079,0.448,1.0,-0.139,0.814,1.0,0.137,0.136,0.042
20260304_135106,1772603559.1794899,0.5,0.207,0.229,0.0,0.446,0.5,0.481,0.058,0.0,1.0,0.0,0.0,0.78,0.017,0.079,0.5,0.079,-0.996,0.998,0.0,0.0,0,0.469,0.556,0.555,0.554,0.257,-0.58,0.635,0.758,high,0.0,1.0,0.0,0.628,0.4,,,,,anxiety,1.0,neutral,1,-0.144,0.208,0.487,-0.326,0.331,0.764,-0.292,0.895,1.0,-0.073,0.088,0.031,-0.167,0.146,0.277,-0.001,0.01,0.064,-0.282,1.0,0.928,0.011,0.062,1.0,0.304,0.156,0.675,0.0,0.0,0.0,0.011,0.062,1.0,0.466,0.333,0.053,0.015,0.085,1.0,0.081,1.0,1.0,0.167,0.201,0.382,-0.107,0.162,1.0,-0.037,0.144,1.0,0.091,0.032,0.072,1.0,0.479,0.677,-0.003,0.13,1.0,0.0,0.0,0.0,-0.143,0.081,0.256,0.038,0.027,0.028,-0.122,0.061,0.207,-0.031,0.036,0.06,0.098,0.534,1.0,-0.116,0.752,1.0,0.118,0.125,0.142
20260304_135106,1772603559.218271,0.5,0.216,0.241,0.0,0.427,0.537,0.474,0.055,0.0,1.0,0.0,0.0,0.76,0.028,0.181,0.463,0.043,-0.995,0.997,0.0,0.0,0,0.466,0.555,0.55,0.554,0.291,-0.59,0.658,0.756,high,0.0,0.988,0.0,0.633,0.4,au7_eye_squeeze,0.537,3,12,anxiety,1.0,neutral,1,-0.154,0.207,0.419,-0.344,0.331,0.694,-0.31,0.895,1.0,-0.064,0.082,0.105,-0.158,0.144,0.14,-0.005,0.01,0.09,-0.247,1.0,0.924,0.011,0.062,1.0,0.341,0.156,0.675,0.0,0.0,0.0,0.011,0.062,1.0,0.476,0.333,0.005,0.017,0.089,1.0,0.092,1.0,1.0,0.158,0.197,0.191,-0.118,0.184,1.0,-0.039,0.144,1.0,0.094,0.032,0.07,1.0,0.462,0.637,-0.004,0.13,1.0,0.0,0.0,0.0,-0.148,0.082,0.267,0.034,0.025,0.022,-0.127,0.062,0.222,-0.036,0.034,0.059,0.118,0.623,1.0,-0.095,0.685,1.0,0.101,0.113,0.207
20260304_135106,1772603559.2511106,0.5,0.194,0.206,0.0,0.444,0.548,0.468,0.078,0.0,1.0,0.0,0.0,0.656,0.02,0.072,0.452,-0.032,-0.995,0.999,0.0,0.0,0,0.462,0.555,0.546,0.552,0.392,-0.55,0.675,0.724,high,0.0,0.853,0.0,0.644,0.4,au7_eye_squeeze,0.548,3,12,anxiety,1.0,neutral,1,-0.164,0.208,0.578,-0.365,0.333,0.883,-0.327,0.898,1.0,-0.054,0.076,0.025,-0.154,0.144,0.096,-0.009,0.01,0.114,-0.212,1.0,0.384,0.011,0.062,1.0,0.368,0.159,0.669,0.0,0.0,0.0,0.011,0.062,1.0,0.459,0.332,0.272,0.018,0.091,1.0,0.095,1.0,1.0,0.154,0.195,0.131,-0.134,0.219,1.0,-0.04,0.144,1.0,0.096,0.032,0.074,1.0,0.444,0.599,-0.004,0.13,1.0,0.0,0.0,0.0,-0.153,0.083,0.278,0.031,0.023,0.021,-0.132,0.063,0.234,-0.041,0.033,0.068,0.144,0.752,1.0,-0.071,0.625,1.0,0.087,0.103,0.252
20260304_135106,1772603559.2777083,0.8,0.193,0.204,0.0,0.452,0.522,0.472,0.08,0.0,1.0,0.0,0.0,0.456,0.072,0.077,0.478,-0.025,-0.995,1.0,0.0,0.0,0,0.462,0.555,0.546,0.552,0.383,-0.543,0.665,0.661,high,0.0,0.593,0.0,0.659,0.4,,,,,anxiety,1.0,neutral,1,-0.174,0.21,0.586,-0.384,0.336,0.896,-0.339,0.909,1.0,-0.046,0.072,0.019,-0.156,0.144,0.184,-0.011,0.011,0.099,-0.183,1.0,0.249,0.01,0.062,1.0,0.395,0.161,0.664,0.0,0.0,0.0,0.01,0.062,1.0,0.449,0.337,0.795,0.023,0.116,1.0,0.098,1.0,1.0,0.156,0.195,0.249,-0.149,0.249,1.0,-0.041,0.145,1.0,0.099,0.032,0.074,1.0,0.426,0.561,-0.004,0.13,1.0,0.0,0.0,0.0,-0.157,0.085,0.276,0.028,0.021,0.018,-0.137,0.064,0.231,-0.046,0.032,0.07,0.168,0.853,1.0,-0.051,0.584,1.0,0.076,0.096,0.204
20260304_135106,1772603559.3213365,0.5,0.183,0.182,0.0,0.459,0.481,0.462,0.082,0.0,1.0,0.0,0.0,0.66,0.032,0.114,0.519,-0.067,-0.994,0.997,0.0,0.0,0,0.46,0.555,0.543,0.552,0.434,-0.533,0.687,0.714,high,0.0,0.858,0.0,0.572,0.4,,,,,anxiety,1.0,neutral,1,-0.182,0.213,0.659,-0.401,0.341,1.0,-0.351,0.921,1.0,-0.039,0.069,0.052,-0.163,0.146,0.326,-0.014,0.014,0.137,-0.157,0.968,0.132,0.01,0.062,1.0,0.419,0.164,0.658,0.0,0.0,0.0,0.01,0.062,1.0,0.441,0.337,0.249,0.024,0.12,1.0,0.104,1.0,1.0,0.163,0.196,0.44,-0.168,0.284,1.0,-0.043,0.145,1.0,0.101,0.033,0.067,1.0,0.408,0.525,-0.005,0.13,1.0,0.0,0.0,0.0,-0.161,0.086,0.281,0.025,0.02,0.016,-0.141,0.066,0.237,-0.05,0.032,0.07,0.195,0.966,1.0,-0.034,0.563,1.0,0.07,0.093,0.269
20260304_135106,1772603559.3513548,0.3,0.164,0.16,0.0,0.478,0.479,0.465,0.11,0.0,1.0,0.0,0.0,0.385,0.04,0.082,0.521,-0.125,-0.993,0.995,0.0,0.0,0,0.456,0.555,0.536,0.552,0.563,-0.483,0.742,0.475,medium,0.0,0.5,0.0,0.578,0.25,,,,,anxiety,0.624,neutral,1,-0.191,0.218,0.789,-0.418,0.348,1.0,-0.358,0.94,1.0,-0.032,0.068,0.14,-0.17,0.147,0.332,-0.016,0.015,0.124,-0.132,0.922,0.627,0.01,0.062,1.0,0.43,0.166,0.644,0.0,0.0,0.0,0.01,0.062,1.0,0.427,0.343,0.974,0.027,0.125,1.0,0.107,1.0,1.0,0.17,0.197,0.447,-0.191,0.329,1.0,-0.043,0.145,1.0,0.103,0.033,0.062,1.0,0.389,0.49,-0.005,0.13,1.0,0.0,0.0,0.0,-0.165,0.087,0.291,0.023,0.019,0.015,-0.146,0.067,0.257,-0.053,0.032,0.071,0.23,1.0,1.0,-0.016,0.56,1.0,0.07,0.092,0.441
20260304_135106,1772603559.3796628,0.3,0.172,0.166,0.0,0.471,0.409,0.447,0.104,0.0,1.0,0.0,0.0,0.576,0.036,0.112,0.591,-0.191,-0.992,0.995,0.0,0.0,0,0.455,0.556,0.537,0.55,0.643,-0.495,0.812,0.582,medium,0.0,0.749,0.0,0.577,0.294,,,,,anxiety,0.735,neutral,1,-0.198,0.222,0.724,-0.433,0.355,1.0,-0.364,0.959,1.0,-0.024,0.066,0.111,-0.182,0.151,0.572,-0.02,0.018,0.194,-0.112,0.894,0.547,0.009,0.062,1.0,0.451,0.169,0.637,0.0,0.0,0.0,0.009,0.062,1.0,0.359,0.324,0.473,0.028,0.129,1.0,0.113,1.0,1.0,0.182,0.2,0.766,-0.218,0.383,1.0,-0.044,0.145,1.0,0.104,0.033,0.061,1.0,0.37,0.455,-0.005,0.13,1.0,0.0,0.0,0.0,-0.168,0.089,0.289,0.021,0.018,0.015,-0.15,0.068,0.252,-0.056,0.032,0.076,0.27,1.0,1.0,0.002,0.551,1.0,0.074,0.095,0.658
20260304_135106,1772603559.4126587,0.3,0.15,0.149,0.0,0.483,0.441,0.442,0.113,0.0,1.0,0.0,0.0,0.511,0.0,0.025,0.559,-0.213,-0.991,0.991,0.0,0.0,0,0.455,0.556,0.533,0.549,0.667,-0.48,0.821,0.549,medium,0.0,0.664,0.0,0.577,0.282,,,,,anxiety,0.706,neutral,1,-0.208,0.228,0.886,-0.449,0.362,1.0,-0.368,0.98,1.0,-0.015,0.063,0.167,-0.192,0.153,0.454,-0.024,0.021,0.215,-0.09,0.855,0.87,0.009,0.062,1.0,0.464,0.171,0.625,0.0,0.0,0.0,0.009,0.062,1.0,0.318,0.323,0.648,0.028,0.129,1.0,0.111,1.0,0.353,0.192,0.202,0.604,-0.245,0.438,1.0,-0.044,0.145,1.0,0.105,0.033,0.051,1.0,0.351,0.422,-0.006,0.13,1.0,0.0,0.0,0.0,-0.171,0.09,0.287,0.019,0.017,0.014,-0.154,0.07,0.261,-0.06,0.032,0.08,0.31,1.0,1.0,0.02,0.549,1.0,0.079,0.098,0.672
20260304_135106,1772603559.4444351,0.3,0.157,0.147,0.0,0.47,0.433,0.44,0.107,0.0,1.0,0.0,0.0,0.608,0.015,0.0,0.567,-0.222,-0.992,0.992,0.0,0.0,0,0.454,0.556,0.533,0.55,0.678,-0.49,0.837,0.597,medium,0.0,0.79,0.0,0.573,0.299,,,,,anxiety,0.748,neutral,1,-0.217,0.233,0.831,-0.465,0.37,1.0,-0.373,1.0,1.0,-0.005,0.058,0.112,-0.202,0.155,0.478,-0.028,0.024,0.222,-0.071,0.825,0.801,0.009,0.062,1.0,0.477,0.173,0.613,0.0,0.0,0.0,0.009,0.062,1.0,0.251,0.303,0.405,0.028,0.13,1.0,0.108,1.0,1.0,0.202,0.204,0.633,-0.271,0.492,1.0,-0.045,0.145,1.0,0.105,0.033,0.054,1.0,0.33,0.389,-0.006,0.13,1.0,0.0,0.0,0.0,-0.174,0.091,0.284,0.017,0.016,0.013,-0.157,0.071,0.256,-0.062,0.032,0.078,0.347,1.0,1.0,0.042,0.528,1.0,0.082,0.099,0.702
20260304_135106,1772603559.4747338,0.3,0.159,0.155,0.0,0.472,0.461,0.445,0.103,0.0,1.0,0.0,0.0,0.59,0.0,0.05,0.539,-0.196,-0.992,0.994,0.0,0.0,0,0.454,0.556,0.532,0.55,0.619,-0.493,0.791,0.604,high,0.0,0.767,0.0,0.677,0.296,,,,,anxiety,0.741,neutral,1,-0.224,0.237,0.807,-0.475,0.377,1.0,-0.377,1.0,1.0,0.001,0.057,0.127,-0.209,0.157,0.376,-0.032,0.026,0.197,-0.057,0.812,0.745,0.009,0.062,1.0,0.478,0.173,0.597,0.0,0.0,0.0,0.009,0.062,1.0,0.182,0.283,0.466,0.027,0.13,1.0,0.109,1.0,1.0,0.209,0.205,0.494,-0.296,0.539,1.0,-0.045,0.145,1.0,0.105,0.033,0.056,1.0,0.309,0.358,-0.006,0.13,1.0,0.0,0.0,0.0,-0.176,0.092,0.282,0.016,0.015,0.013,-0.16,0.072,0.256,-0.064,0.032,0.076,0.382,1.0,1.0,0.057,0.531,1.0,0.086,0.101,0.54
20260304_135106,1772603559.5147376,0.3,0.154,0.15,0.0,0.484,0.393,0.419,0.105,0.0,1.0,0.0,0.0,0.721,0.002,0.098,0.607,-0.266,-0.991,0.992,0.0,0.0,0,0.454,0.557,0.532,0.551,0.717,-0.483,0.865,0.666,high,0.0,0.938,0.0,0.678,0.316,,,,,anxiety,0.789,neutral,1,-0.231,0.243,0.842,-0.487,0.385,1.0,-0.385,1.0,1.0,0.008,0.056,0.18,-0.22,0.161,0.612,-0.037,0.031,0.299,-0.045,0.803,0.845,0.008,0.062,1.0,0.486,0.174,0.584,0.0,0.0,0.0,0.008,0.062,1.0,0.121,0.259,0.14,0.027,0.129,1.0,0.112,1.0,1.0,0.22,0.208,0.799,-0.329,0.599,1.0,-0.046,0.145,1.0,0.105,0.033,0.05,1.0,0.287,0.327,-0.007,0.13,1.0,0.0,0.0,0.0,-0.178,0.093,0.276,0.015,0.015,0.014,-0.163,0.073,0.253,-0.065,0.033,0.073,0.426,1.0,1.0,0.071,0.539,1.0,0.096,0.106,0.763
20260304_135106,1772603559.5493817,0.3,0.152,0.147,0.0,0.491,0.393,0.404,0.112,0.0,1.0,0.0,0.0,0.512,0.026,0.101,0.607,-0.307,-0.991,0.991,0.0,0.0,0,0.453,0.557,0.531,0.55,0.788,-0.476,0.921,0.571,medium,0.0,0.666,0.0,0.68,0.289,,,,,anxiety,0.722,neutral,1,-0.238,0.248,0.847,-0.496,0.392,1.0,-0.391,1.0,1.0,0.014,0.056,0.211,-0.228,0.164,0.606,-0.043,0.036,0.358,-0.037,0.802,1.0,0.008,0.062,1.0,0.487,0.173,0.568,0.0,0.0,0.0,0.008,0.062,1.0,0.072,0.255,0.686,0.028,0.131,1.0,0.116,1.0,1.0,0.228,0.21,0.783,-0.363,0.667,1.0,-0.046,0.145,1.0,0.104,0.033,0.048,1.0,0.264,0.297,-0.007,0.13,1.0,0.0,0.0,0.0,-0.179,0.094,0.275,0.014,0.015,0.014,-0.164,0.074,0.252,-0.065,0.033,0.073,0.478,1.0,1.0,0.084,0.552,1.0,0.111,0.115,0.926
20260304_135106,1772603559.589282,0.3,0.148,0.134,0.0,0.5,0.395,0.278,0.12,0.0,1.0,0.0,0.0,0.659,0.0,0.132,0.605,-0.542,-0.987,0.989,0.0,0.0,0,0.453,0.556,0.528,0.55,1.054,-0.467,1.152,0.657,high,0.0,0.857,0.0,0.683,0.327,,,,,anxiety,0.817,neutral,1,-0.242,0.253,0.871,-0.504,0.401,1.0,-0.393,1.0,1.0,0.019,0.058,0.252,-0.233,0.167,0.593,-0.058,0.058,0.868,-0.029,0.802,1.0,0.008,0.062,1.0,0.485,0.171,0.551,0.0,0.0,0.0,0.008,0.062,1.0,0.007,0.232,0.321,0.027,0.131,1.0,0.123,1.0,1.0,0.233,0.212,0.757,-0.414,0.792,1.0,-0.046,0.145,1.0,0.103,0.033,0.041,1.0,0.239,0.268,-0.007,0.13,1.0,0.0,0.0,0.0,-0.18,0.094,0.273,0.014,0.015,0.012,-0.165,0.074,0.257,-0.066,0.033,0.073,0.546,1.0,1.0,0.095,0.569,1.0,0.145,0.142,1.0
20260304_135106,1772603559.6370158,0.3,0.163,0.16,0.0,0.481,0.421,0.353,0.113,0.0,1.0,0.0,0.0,0.663,0.067,0.118,0.579,-0.359,-0.987,0.991,0.0,0.0,0,0.452,0.559,0.527,0.548,0.812,-0.501,0.954,0.65,high,0.0,0.861,0.0,0.687,0.317,,,,,anxiety,0.793,neutral,1,-0.245,0.257,0.748,-0.508,0.406,1.0,-0.394,1.0,1.0,0.025,0.058,0.163,-0.225,0.163,0.488,-0.067,0.065,0.555,-0.024,0.802,1.0,0.007,0.062,1.0,0.48,0.168,0.533,0.0,0.0,0.0,0.007,0.062,1.0,-0.008,0.233,0.311,0.031,0.146,1.0,0.127,1.0,1.0,0.225,0.204,0.611,-0.448,0.87,1.0,-0.045,0.145,1.0,0.103,0.032,0.044,1.0,0.234,0.253,-0.008,0.13,1.0,0.0,0.0,0.0,-0.181,0.095,0.271,0.015,0.015,0.02,-0.167,0.075,0.257,-0.066,0.033,0.077,0.594,1.0,1.0,0.101,0.578,1.0,0.166,0.15,0.985
20260304_135106,1772603559.684046,0.3,0.166,0.152,0.0,0.477,0.387,0.189,0.112,0.0,1.0,0.0,0.0,0.55,0.02,0.179,0.613,-0.631,-0.985,0.987,0.0,0.0,0,0.45,0.559,0.525,0.548,1.152,-0.497,1.255,0.708,high,0.0,0.714,0.0,0.769,0.4,,,,,anxiety,1.0,neutral,1,-0.243,0.258,0.715,-0.507,0.411,1.0,-0.393,1.0,1.0,0.03,0.058,0.146,-0.23,0.166,0.6,-0.088,0.092,1.0,-0.024,0.792,1.0,0.007,0.062,1.0,0.478,0.166,0.517,0.0,0.0,0.0,0.007,0.062,1.0,-0.025,0.236,0.596,0.031,0.146,1.0,0.136,1.0,1.0,0.23,0.205,0.745,-0.501,1.0,1.0,-0.043,0.143,1.0,0.101,0.032,0.035,1.0,0.228,0.239,-0.008,0.13,1.0,0.0,0.0,0.0,-0.181,0.095,0.271,0.016,0.015,0.02,-0.169,0.076,0.259,-0.066,0.033,0.076,0.66,1.0,1.0,0.107,0.587,1.0,0.21,0.178,1.0
20260304_135106,1772603559.7062943,0.3,0.147,0.138,0.0,0.489,0.36,0.218,0.131,0.0,1.0,0.0,0.0,0.371,0.058,0.072,0.64,-0.577,-0.986,0.984,0.0,0.0,0,0.45,0.558,0.524,0.546,1.048,-0.491,1.158,0.54,medium,0.0,0.482,0.0,0.772,0.29,,,,,anxiety,0.724,neutral,1,-0.245,0.261,0.854,-0.509,0.417,1.0,-0.394,1.0,1.0,0.036,0.058,0.2,-0.238,0.17,0.693,-0.106,0.109,1.0,-0.023,0.782,1.0,0.007,0.062,1.0,0.483,0.167,0.506,0.0,0.0,0.0,0.007,0.062,1.0,-0.065,0.242,1.0,0.035,0.156,1.0,0.137,1.0,1.0,0.238,0.207,0.851,-0.549,1.0,1.0,-0.042,0.142,1.0,0.098,0.032,0.028,1.0,0.222,0.225,-0.008,0.13,1.0,0.0,0.0,0.0,-0.182,0.096,0.269,0.016,0.015,0.017,-0.17,0.077,0.259,-0.064,0.032,0.08,0.719,1.0,1.0,0.117,0.595,1.0,0.24,0.194,1.0
20260304_135106,1772603559.7326543,0.3,0.148,0.137,0.0,0.483,0.379,0.216,0.125,0.0,1.0,0.0,0.0,0.602,0.028,0.084,0.621,-0.573,-0.986,0.989,0.0,0.0,0,0.451,0.558,0.523,0.548,1.032,-0.493,1.144,0.656,high,0.0,0.782,0.0,0.773,0.33,,,,,anxiety,0.825,neutral,1,-0.248,0.265,0.834,-0.511,0.424,1.0,-0.39,1.0,1.0,0.04,0.058,0.173,-0.246,0.174,0.618,-0.124,0.124,1.0,-0.023,0.771,1.0,0.006,0.062,1.0,0.485,0.167,0.493,0.0,0.0,0.0,0.006,0.062,1.0,-0.084,0.244,0.454,0.036,0.157,1.0,0.139,1.0,1.0,0.246,0.209,0.75,-0.596,1.0,1.0,-0.041,0.141,1.0,0.097,0.032,0.036,1.0,0.216,0.211,-0.009,0.13,1.0,0.0,0.0,0.0,-0.182,0.096,0.261,0.017,0.015,0.017,-0.172,0.077,0.255,-0.063,0.032,0.072,0.776,1.0,1.0,0.126,0.604,1.0,0.27,0.206,1.0
20260304_135106,1772603559.7574909,0.3,0.15,0.13,0.0,0.487,0.374,0.202,0.126,0.0,1.0,0.0,0.0,0.62,0.007,0.154,0.626,-0.591,-0.985,0.986,0.0,0.0,0,0.449,0.559,0.522,0.547,1.053,-0.492,1.162,0.666,high,0.0,0.807,0.0,0.775,0.334,,,,,anxiety,0.835,neutral,1,-0.248,0.268,0.81,-0.51,0.429,1.0,-0.386,1.0,1.0,0.043,0.059,0.189,-0.257,0.178,0.63,-0.143,0.139,1.0,-0.025,0.755,1.0,0.006,0.062,1.0,0.487,0.166,0.48,0.0,0.0,0.0,0.006,0.062,1.0,-0.098,0.245,0.402,0.035,0.157,0.199,0.146,1.0,1.0,0.257,0.212,0.758,-0.643,1.0,1.0,-0.039,0.14,1.0,0.095,0.031,0.029,0.975,0.21,0.198,-0.009,0.13,1.0,0.0,0.0,0.0,-0.182,0.096,0.26,0.018,0.015,0.021,-0.172,0.078,0.255,-0.061,0.031,0.073,0.834,1.0,1.0,0.134,0.614,1.0,0.301,0.219,1.0
20260304_135106,1772603559.7874415,0.3,0.155,0.128,0.0,0.484,0.368,0.066,0.12,0.0,1.0,0.0,0.0,0.409,0.0,0.175,0.632,-0.782,-0.985,0.977,0.0,0.0,0,0.449,0.561,0.521,0.546,1.29,-0.49,1.38,0.663,high,0.0,0.531,0.0,0.776,0.4,,,,,anxiety,1.0,neutral,1,-0.247,0.27,0.759,-0.508,0.433,1.0,-0.378,1.0,1.0,0.044,0.059,0.173,-0.266,0.181,0.644,-0.171,0.167,1.0,-0.028,0.737,1.0,0.006,0.062,1.0,0.489,0.166,0.468,0.0,0.0,0.0,0.006,0.062,1.0,-0.127,0.251,0.946,0.034,0.157,1.0,0.154,1.0,1.0,0.266,0.214,0.767,-0.702,1.0,1.0,-0.037,0.138,1.0,0.093,0.031,0.01,0.926,0.203,0.184,-0.009,0.13,1.0,0.0,0.0,0.0,-0.182,0.097,0.257,0.019,0.015,0.028,-0.173,0.078,0.256,-0.06,0.03,0.072,0.907,1.0,1.0,0.138,0.622,1.0,0.35,0.242,1.0
20260304_135106,1772603559.822589,0.3,0.146,0.12,0.0,0.492,0.386,0.179,0.122,0.0,1.0,0.0,0.0,0.462,0.023,0.088,0.614,-0.656,-0.986,0.978,0.0,0.0,0,0.449,0.563,0.522,0.546,1.183,-0.478,1.276,0.681,high,0.0,0.601,0.0,0.777,0.4,,,,,anxiety,1.0,neutral,1,-0.246,0.271,0.819,-0.505,0.438,1.0,-0.368,1.0,1.0,0.046,0.06,0.205,-0.277,0.185,0.575,-0.19,0.181,1.0,-0.031,0.719,1.0,0.005,0.062,1.0,0.492,0.166,0.457,0.0,0.0,0.0,0.005,0.062,1.0,-0.141,0.256,0.8,0.035,0.158,1.0,0.155,1.0,1.0,0.277,0.216,0.679,-0.75,1.0,1.0,-0.036,0.136,1.0,0.09,0.031,0.009,0.876,0.197,0.171,-0.01,0.13,1.0,0.0,0.0,0.0,-0.182,0.097,0.252,0.02,0.015,0.034,-0.173,0.079,0.245,-0.058,0.029,0.07,0.97,1.0,1.0,0.144,0.631,1.0,0.391,0.256,1.0
20260304_135106,1772603559.8497775,0.3,0.15,0.126,0.0,0.495,0.343,0.15,0.12,0.0,1.0,0.0,0.0,0.682,0.0,0.118,0.657,-0.701,-0.987,0.978,0.0,0.0,0,0.45,0.562,0.522,0.547,1.266,-0.481,1.354,0.752,high,0.0,0.887,0.0,0.778,0.4,,,,,anxiety,1.0,neutral,1,-0.243,0.271,0.776,-0.499,0.441,1.0,-0.36,1.0,1.0,0.047,0.06,0.211,-0.284,0.189,0.725,-0.21,0.196,1.0,-0.034,0.701,0.925,0.005,0.062,1.0,0.497,0.166,0.446,0.0,0.0,0.0,0.005,0.062,1.0,-0.142,0.256,0.219,0.033,0.158,1.0,0.159,1.0,1.0,0.284,0.219,0.847,-0.8,1.0,1.0,-0.034,0.133,1.0,0.087,0.03,0.008,0.824,0.189,0.158,-0.01,0.13,1.0,0.0,0.0,0.0,-0.181,0.097,0.243,0.021,0.015,0.031,-0.174,0.079,0.241,-0.056,0.028,0.066,1.0,1.0,1.0,0.148,0.64,1.0,0.436,0.273,1.0
20260304_135106,1772603559.8829384,0.3,0.153,0.133,0.0,0.494,0.316,0.075,0.118,0.0,1.0,0.0,0.0,0.663,0.012,0.141,0.684,-0.802,-0.986,0.977,0.0,0.0,0,0.45,0.563,0.523,0.546,1.361,-0.477,1.442,0.746,high,0.0,0.861,0.0,0.778,0.4,,,,,anxiety,1.0,neutral,1,-0.24,0.271,0.734,-0.494,0.443,1.0,-0.353,1.0,1.0,0.048,0.061,0.203,-0.304,0.194,0.823,-0.236,0.216,1.0,-0.037,0.684,0.84,0.005,0.062,1.0,0.496,0.165,0.434,0.0,0.0,0.0,0.005,0.062,1.0,-0.149,0.257,0.267,0.033,0.157,0.987,0.163,1.0,1.0,0.304,0.223,0.955,-0.856,1.0,1.0,-0.032,0.131,1.0,0.084,0.03,0.006,0.77,0.182,0.145,-0.01,0.13,1.0,0.0,0.0,0.0,-0.181,0.097,0.239,0.022,0.015,0.034,-0.175,0.079,0.233,-0.053,0.027,0.065,1.0,1.0,1.0,0.153,0.648,1.0,0.486,0.292,1.0
20260304_135106,1772603559.9141083,0.3,0.138,0.112,0.0,0.499,0.384,0.21,0.119,0.0,1.0,0.0,0.0,0.518,0.045,0.088,0.616,-0.639,-0.986,0.976,0.0,0.0,0,0.452,0.563,0.525,0.547,1.212,-0.469,1.3,0.621,high,0.0,0.674,0.0,0.779,0.322,,,,,anxiety,0.804,neutral,1,-0.238,0.271,0.85,-0.487,0.445,1.0,-0.345,1.0,1.0,0.047,0.06,0.219,-0.314,0.197,0.562,-0.251,0.225,1.0,-0.041,0.666,0.83,0.004,0.062,1.0,0.5,0.165,0.425,0.0,0.0,0.0,0.004,0.062,1.0,-0.168,0.26,0.643,0.035,0.162,1.0,0.164,1.0,1.0,0.314,0.225,0.645,-0.899,1.0,1.0,-0.029,0.127,1.0,0.081,0.03,0.002,0.715,0.174,0.132,-0.011,0.13,1.0,0.0,0.0,0.0,-0.18,0.097,0.224,0.023,0.015,0.036,-0.174,0.08,0.224,-0.052,0.026,0.061,1.0,1.0,1.0,0.153,0.648,1.0,0.53,0.302,1.0
20260304_135106,1772603559.9443898,0.3,0.153,0.128,0.0,0.495,0.344,0.18,0.118,0.0,1.0,0.0,0.0,0.453,0.0,0.1,0.656,-0.678,-0.986,0.977,0.0,0.0,0,0.452,0.562,0.527,0.547,1.236,-0.477,1.325,0.678,high,0.0,0.588,0.0,0.777,0.4,,,,,anxiety,1.0,neutral,1,-0.234,0.27,0.712,-0.478,0.445,1.0,-0.338,1.0,1.0,0.046,0.059,0.196,-0.326,0.201,0.708,-0.268,0.235,1.0,-0.045,0.649,0.743,0.004,0.062,1.0,0.502,0.165,0.414,0.0,0.0,0.0,0.004,0.062,1.0,-0.199,0.264,0.812,0.034,0.162,1.0,0.166,1.0,1.0,0.326,0.227,0.807,-0.944,1.0,1.0,-0.027,0.122,1.0,0.079,0.029,0.004,0.659,0.166,0.119,-0.011,0.13,1.0,0.0,0.0,0.0,-0.179,0.097,0.219,0.024,0.015,0.032,-0.173,0.079,0.211,-0.05,0.025,0.059,1.0,1.0,1.0,0.151,0.644,1.0,0.575,0.312,1.0
20260304_135106,1772603559.978715,0.3,0.139,0.116,0.0,0.49,0.373,0.243,0.118,0.0,1.0,0.0,0.0,0.52,0.0,0.009,0.627,-0.602,-0.983,0.973,0.0,0.0,0,0.454,0.563,0.527,0.546,1.171,-0.481,1.266,0.615,high,0.0,0.676,0.0,0.774,0.316,,,,,anxiety,0.79,neutral,1,-0.232,0.27,0.818,-0.471,0.446,1.0,-0.33,1.0,1.0,0.043,0.057,0.169,-0.331,0.204,0.591,-0.279,0.241,0.921,-0.049,0.632,0.717,0.004,0.062,1.0,0.502,0.164,0.403,0.0,0.0,0.0,0.004,0.062,1.0,-0.211,0.267,0.629,0.033,0.162,1.0,0.16,1.0,1.0,0.331,0.228,0.665,-0.98,1.0,1.0,-0.024,0.116,1.0,0.076,0.029,0.005,0.6,0.158,0.107,-0.011,0.13,1.0,0.0,0.0,0.0,-0.177,0.096,0.208,0.025,0.015,0.035,-0.173,0.08,0.208,-0.049,0.024,0.058,1.0,1.0,1.0,0.146,0.628,1.0,0.618,0.32,1.0
20260304_135106,1772603560.0039992,0.3,0.137,0.108,0.0,0.497,0.481,0.211,0.117,0.0,1.0,0.0,0.0,0.394,0.015,0.136,0.519,-0.65,-0.987,0.976,0.0,0.0,0,0.456,0.562,0.531,0.547,1.226,-0.468,1.313,0.558,medium,0.0,0.512,0.0,0.772,0.3,,,,,anxiety,0.75,neutral,1,-0.23,0.271,0.815,-0.466,0.449,1.0,-0.314,1.0,1.0,0.041,0.055,0.191,-0.337,0.204,0.179,-0.293,0.249,1.0,-0.053,0.615,0.646,0.003,0.062,1.0,0.499,0.163,0.391,0.0,0.0,0.0,0.003,0.062,1.0,-0.242,0.273,0.958,0.032,0.162,1.0,0.164,1.0,1.0,0.337,0.228,0.201,-1.0,1.0,1.0,-0.021,0.112,1.0,0.073,0.029,0.0,0.54,0.149,0.094,-0.012,0.13,1.0,0.0,0.0,0.0,-0.175,0.096,0.195,0.026,0.015,0.032,-0.173,0.079,0.188,-0.047,0.024,0.053,1.0,1.0,1.0,0.143,0.619,1.0,0.662,0.329,1.0
20260304_135106,1772603560.0641103,0.3,0.139,0.118,0.0,0.493,0.453,0.393,0.114,0.0,1.0,0.0,0.0,0.172,0.018,0.046,0.547,-0.41,-0.987,0.975,0.0,0.0,0,0.458,0.561,0.534,0.548,0.965,-0.472,1.074,0.362,medium,0.0,0.223,0.0,0.771,0.176,au7_eye_squeeze,0.453,2,13,disgust,0.559,neutral,1,-0.23,0.273,0.789,-0.462,0.453,1.0,-0.304,1.0,1.0,0.041,0.055,0.171,-0.339,0.205,0.281,-0.292,0.25,0.229,-0.056,0.606,0.545,0.003,0.062,1.0,0.488,0.158,0.376,0.0,0.0,0.0,0.003,0.062,1.0,-0.335,0.269,1.0,0.033,0.162,1.0,0.162,1.0,0.17,0.339,0.228,0.314,-1.0,1.0,1.0,-0.019,0.11,1.0,0.07,0.028,0.002,0.478,0.139,0.082,-0.012,0.13,1.0,0.0,0.0,0.0,-0.173,0.095,0.182,0.026,0.015,0.028,-0.171,0.079,0.174,-0.046,0.023,0.049,1.0,1.0,1.0,0.141,0.613,1.0,0.686,0.33,0.953
20260304_135106,1772603560.0971296,0.3,0.128,0.109,0.0,0.492,0.514,0.447,0.12,0.0,1.0,0.0,0.0,0.321,0.005,0.125,0.486,-0.333,-0.988,0.98,0.0,0.0,0,0.461,0.56,0.538,0.548,0.903,-0.461,1.014,0.463,medium,0.0,0.417,0.0,0.77,0.23,au7_eye_squeeze,0.514,3,12,anxiety,0.574,neutral,1,-0.231,0.276,0.877,-0.458,0.457,1.0,-0.294,1.0,1.0,0.041,0.055,0.163,-0.339,0.205,0.046,-0.288,0.25,0.02,-0.056,0.601,0.658,0.003,0.062,1.0,0.483,0.156,0.364,0.0,0.0,0.0,0.003,0.062,1.0,-0.365,0.277,1.0,0.032,0.162,0.856,0.164,1.0,1.0,0.339,0.228,0.051,-1.0,1.0,1.0,-0.018,0.107,1.0,0.067,0.028,0.006,0.415,0.129,0.07,-0.012,0.13,1.0,0.0,0.0,0.0,-0.171,0.095,0.163,0.026,0.015,0.022,-0.169,0.079,0.155,-0.045,0.023,0.049,1.0,1.0,1.0,0.141,0.612,1.0,0.703,0.331,0.769
20260304_135106,1772603560.1306603,0.3,0.155,0.135,0.0,0.489,0.473,0.373,0.111,0.0,1.0,0.0,0.0,0.543,0.0,0.237,0.527,-0.445,-0.987,0.983,0.0,0.0,0,0.46,0.561,0.538,0.549,0.987,-0.469,1.093,0.605,high,0.0,0.706,0.0,0.77,0.299,au7_eye_squeeze,0.473,4,11,anxiety,0.747,neutral,1,-0.229,0.278,0.625,-0.453,0.459,1.0,-0.286,1.0,1.0,0.042,0.055,0.147,-0.342,0.206,0.201,-0.289,0.251,0.313,-0.054,0.6,0.454,0.002,0.062,1.0,0.477,0.154,0.353,0.0,0.0,0.0,0.002,0.062,1.0,-0.377,0.279,0.547,0.03,0.162,1.0,0.175,1.0,1.0,0.342,0.228,0.222,-1.0,1.0,1.0,-0.016,0.104,1.0,0.064,0.027,0.011,0.35,0.118,0.058,-0.013,0.13,1.0,0.0,0.0,0.0,-0.168,0.094,0.162,0.025,0.015,0.023,-0.167,0.078,0.154,-0.044,0.023,0.042,1.0,1.0,1.0,0.142,0.615,1.0,0.723,0.333,0.969
20260304_135106,1772603560.1613164,0.3,0.182,0.175,0.0,0.453,0.63,0.466,0.11,0.0,1.0,0.0,0.0,0.302,0.0,0.104,0.37,-0.098,-0.992,0.994,0.0,0.0,0,0.473,0.555,0.554,0.55,0.525,-0.51,0.732,0.448,medium,0.0,0.393,0.0,0.769,0.22,au7_eye_squeeze,0.63,5,10,anxiety,0.551,neutral,1,-0.223,0.274,0.373,-0.44,0.456,0.703,-0.276,1.0,1.0,0.039,0.055,0.015,-0.333,0.206,0.399,-0.282,0.251,0.113,-0.052,0.6,0.431,0.002,0.062,1.0,0.473,0.152,0.342,0.0,0.0,0.0,0.002,0.062,1.0,-0.416,0.288,1.0,0.029,0.162,1.0,0.176,1.0,1.0,0.333,0.229,0.441,-1.0,1.0,1.0,-0.014,0.101,1.0,0.061,0.027,0.032,0.283,0.105,0.046,-0.013,0.13,1.0,0.0,0.0,0.0,-0.164,0.093,0.107,0.024,0.015,0.003,-0.164,0.077,0.093,-0.043,0.022,0.036,1.0,1.0,1.0,0.138,0.607,1.0,0.718,0.332,0.023
20260304_135106,1772603560.187937,0.8,0.228,0.241,0.0,0.42,0.683,0.471,0.086,0.0,1.0,0.0,0.0,0.0,0.046,0.187,0.317,-0.003,-0.996,0.991,0.0,0.0,0,0.481,0.552,0.564,0.554,0.363,-0.57,0.676,0.129,low,0.0,0.0,0.0,0.768,0.0,au7_eye_squeeze,0.683,6,9,neutral,1.0,neutral,1,-0.214,0.27,0.052,-0.424,0.45,0.184,-0.267,1.0,1.0,0.035,0.055,0.16,-0.318,0.208,0.599,-0.276,0.251,0.14,-0.05,0.601,0.093,0.002,0.062,1.0,0.469,0.151,0.332,0.0,0.0,0.0,0.002,0.062,1.0,-0.48,0.309,1.0,0.031,0.166,1.0,0.183,1.0,1.0,0.318,0.232,0.664,-1.0,1.0,1.0,-0.013,0.099,1.0,0.058,0.026,0.025,0.215,0.091,0.034,-0.013,0.13,1.0,0.0,0.0,0.0,-0.159,0.091,0.072,0.023,0.015,0.011,-0.16,0.076,0.055,-0.042,0.022,0.022,1.0,1.0,0.549,0.131,0.599,1.0,0.707,0.332,0.177
20260304_135106,1772603560.2143626,0.3,0.233,0.278,0.0,0.423,0.651,0.49,0.082,0.0,0.95,0.0,0.0,0.69,0.0,0.084,0.349,0.131,-1.0,0.982,0.0,0.0,0,0.49,0.549,0.573,0.556,0.152,-0.587,0.607,0.753,high,0.0,0.897,0.0,0.767,0.4,au7_eye_squeeze,0.651,6,9,anxiety,1.0,neutral,1,-0.206,0.267,0.114,-0.405,0.444,0.116,-0.259,1.0,1.0,0.032,0.056,0.144,-0.304,0.209,0.471,-0.268,0.25,0.229,-0.046,0.602,0.173,0.001,0.062,1.0,0.461,0.149,0.205,0.0,0.0,0.0,0.001,0.062,1.0,-0.488,0.308,0.123,0.03,0.166,1.0,0.181,1.0,1.0,0.304,0.234,0.524,-1.0,1.0,1.0,-0.012,0.097,1.0,0.054,0.026,0.005,0.145,0.075,0.023,-0.014,0.13,1.0,0.0,0.0,0.0,-0.153,0.09,0.029,0.021,0.014,0.019,-0.154,0.075,0.022,-0.041,0.022,0.012,1.0,1.0,0.948,0.126,0.598,1.0,0.687,0.332,0.366
20260304_135106,1772603560.2415586,0.3,0.256,0.311,0.0,0.424,0.701,0.495,0.066,0.067,0.858,0.0,0.067,0.059,0.041,0.215,0.299,0.203,-0.999,0.975,0.0,0.0,0,0.5,0.547,0.589,0.561,0.067,-0.6,0.604,0.156,low,0.0,0.077,0.0,0.776,0.0,au7_eye_squeeze,0.701,5,10,neutral,1.0,neutral,1,-0.195,0.264,0.331,-0.383,0.438,0.394,-0.25,1.0,1.0,0.03,0.056,0.138,-0.288,0.211,0.658,-0.259,0.25,0.25,-0.043,0.605,0.517,0.006,0.092,1.0,0.446,0.146,0.016,0.0,0.0,0.0,0.006,0.092,1.0,-0.529,0.326,1.0,0.031,0.169,1.0,0.19,1.0,1.0,0.288,0.237,0.735,-1.0,1.0,1.0,-0.011,0.095,1.0,0.049,0.025,0.011,0.073,0.053,0.011,-0.014,0.13,1.0,0.0,0.0,0.0,-0.147,0.088,0.017,0.019,0.014,0.03,-0.148,0.074,0.037,-0.039,0.021,0.006,1.0,1.0,1.0,0.12,0.597,1.0,0.667,0.332,0.373
20260304_135106,1772603560.277057,0.3,0.274,0.351,0.105,0.435,0.708,0.497,0.061,0.051,0.76,0.0,0.051,0.0,0.0,0.212,0.292,0.259,-0.995,0.965,0.0,0.0,0,0.514,0.547,0.606,0.567,-0.001,-0.604,0.604,0.575,medium,0.137,0.0,0.0,0.78,0.4,au7_eye_squeeze,0.708,6,9,anxiety,1.0,neutral,1,-0.183,0.26,0.502,-0.358,0.431,0.72,-0.234,1.0,1.0,0.028,0.056,0.089,-0.263,0.212,0.683,-0.251,0.25,0.262,-0.039,0.606,0.612,0.01,0.105,1.0,0.424,0.145,0.246,0.0,0.0,0.0,0.01,0.105,1.0,-0.578,0.347,1.0,0.03,0.169,1.0,0.197,1.0,1.0,0.263,0.238,0.763,-0.983,1.0,1.0,-0.01,0.092,1.0,0.044,0.024,0.033,0.0,0.0,0.0,-0.014,0.13,1.0,0.0,0.0,0.0,-0.139,0.087,0.077,0.017,0.013,0.028,-0.14,0.073,0.099,-0.037,0.021,0.029,1.0,1.0,1.0,0.116,0.598,1.0,0.645,0.332,0.374
20260304_135106,1772603560.3041723,0.3,0.276,0.36,0.2,0.477,0.614,0.5,0.071,0.052,0.625,0.0,0.052,0.052,0.0,0.138,0.386,0.313,-0.987,0.957,0.0,0.0,0,0.527,0.543,0.616,0.573,-0.072,-0.568,0.573,0.626,high,0.26,0.068,0.0,0.782,0.4,au4_frown,0.2,2,13,anxiety,1.0,neutral,1,-0.169,0.255,0.527,-0.331,0.422,0.813,-0.213,1.0,1.0,0.031,0.057,0.094,-0.232,0.202,0.336,-0.242,0.25,0.274,-0.033,0.604,0.362,0.013,0.117,1.0,0.396,0.147,0.56,0.0,0.0,0.0,0.013,0.117,1.0,-0.621,0.364,1.0,0.028,0.169,1.0,0.199,1.0,1.0,0.232,0.225,0.373,-0.948,1.0,1.0,-0.008,0.088,1.0,0.037,0.023,0.051,0.0,0.0,0.0,-0.012,0.125,1.0,0.0,0.0,0.0,-0.13,0.085,0.133,0.015,0.013,0.043,-0.132,0.072,0.135,-0.034,0.02,0.049,1.0,1.0,1.0,0.118,0.597,1.0,0.617,0.331,0.459
20260304_135106,1772603560.3358603,0.3,0.301,0.408,0.298,0.461,0.588,0.499,0.049,0.0,0.67,0.0,0.0,0.0,0.015,0.0,0.412,0.36,-0.974,0.949,0.0,0.0,0,0.542,0.542,0.627,0.577,-0.131,-0.597,0.611,0.659,high,0.388,0.0,0.0,0.903,0.4,au4_frown,0.298,3,12,anxiety,1.0,neutral,1,-0.154,0.251,0.77,-0.301,0.415,1.0,-0.186,1.0,1.0,0.033,0.056,0.028,-0.202,0.192,0.249,-0.233,0.25,0.27,-0.029,0.604,0.854,0.012,0.117,1.0,0.369,0.147,0.454,0.0,0.0,0.0,0.012,0.117,1.0,-0.66,0.383,1.0,0.028,1.0,0.969,0.191,1.0,1.0,0.202,0.211,0.273,-0.91,1.0,1.0,-0.005,0.087,1.0,0.03,0.022,0.067,0.0,0.0,0.0,-0.007,0.105,1.0,0.0,0.0,0.0,-0.12,0.083,0.195,0.013,0.013,0.047,-0.122,0.071,0.175,-0.03,0.02,0.064,1.0,1.0,1.0,0.119,0.597,1.0,0.591,0.33,0.357
20260304_135106,1772603560.3734255,0.3,0.286,0.404,0.373,0.475,0.573,0.495,0.044,0.0,0.634,0.0,0.0,0.0,0.0,0.096,0.427,0.391,-0.97,0.946,0.0,0.0,0,0.555,0.541,0.633,0.579,-0.165,-0.573,0.597,0.582,medium,0.485,0.0,0.0,0.986,0.287,au4_frown,0.373,4,11,anger,0.717,neutral,1,-0.14,0.247,0.635,-0.271,0.408,1.0,-0.154,1.0,1.0,0.035,0.057,0.088,-0.173,0.181,0.202,-0.225,0.25,0.251,-0.023,0.602,0.934,0.012,0.117,1.0,0.34,0.149,0.537,0.0,0.0,0.0,0.012,0.117,1.0,-0.707,0.402,1.0,0.026,1.0,1.0,0.189,1.0,1.0,0.173,0.197,0.219,-0.87,1.0,1.0,-0.001,0.087,1.0,0.023,0.022,0.074,0.0,0.0,0.0,0.0,0.0,0.0,0.0,0.0,0.0,-0.109,0.082,0.251,0.011,0.013,0.052,-0.112,0.07,0.197,-0.026,0.019,0.072,1.0,1.0,1.0,0.121,0.595,1.0,0.565,0.329,0.398
20260304_135106,1772603560.413246,0.3,0.281,0.412,0.393,0.506,0.574,0.491,0.061,0.0,0.59,0.0,0.0,0.584,0.0,0.031,0.426,0.403,-0.968,0.945,0.0,0.0,0,0.564,0.54,0.638,0.582,-0.175,-0.539,0.567,0.738,high,0.511,0.759,0.0,0.986,0.246,au4_frown,0.393,5,10,anxiety,0.615,neutral,1,-0.126,0.243,0.599,-0.241,0.402,1.0,-0.12,1.0,1.0,0.04,0.058,0.224,-0.15,0.175,0.219,-0.217,0.25,0.231,-0.016,0.595,0.5,0.011,0.117,1.0,0.309,0.152,0.637,0.0,0.0,0.0,0.011,0.117,1.0,-0.708,0.404,0.308,0.025,1.0,1.0,0.183,1.0,0.946,0.15,0.188,0.235,-0.829,1.0,1.0,0.002,0.088,1.0,0.015,0.021,0.077,0.0,0.0,0.0,0.0,0.0,0.0,0.0,0.0,0.0,-0.097,0.081,0.286,0.008,0.013,0.053,-0.102,0.07,0.216,-0.023,0.019,0.082,1.0,1.0,1.0,0.125,0.595,1.0,0.536,0.328,0.479
20260304_135106,1772603560.4444425,0.3,0.282,0.42,0.438,0.502,0.536,0.489,0.056,0.0,0.607,0.0,0.0,0.596,0.0,0.035,0.464,0.41,-0.966,0.944,0.0,0.0,0,0.571,0.541,0.64,0.582,-0.18,-0.556,0.584,0.76,high,0.57,0.775,0.0,0.986,0.25,au4_frown,0.438,6,9,anxiety,0.625,neutral,1,-0.113,0.239,0.618,-0.211,0.397,1.0,-0.083,1.0,1.0,0.044,0.058,0.205,-0.137,0.172,0.073,-0.208,0.25,0.227,-0.01,0.589,0.606,0.01,0.117,1.0,0.279,0.154,0.595,0.0,0.0,0.0,0.01,0.117,1.0,-0.701,0.405,0.265,0.023,1.0,1.0,0.177,1.0,0.799,0.137,0.184,0.078,-0.788,1.0,1.0,0.005,0.09,1.0,0.008,0.02,0.079,0.0,0.0,0.0,0.0,0.0,0.0,0.0,0.0,0.0,-0.085,0.081,0.316,0.005,0.012,0.052,-0.091,0.069,0.225,-0.02,0.019,0.084,1.0,1.0,1.0,0.127,0.595,1.0,0.511,0.328,0.433
20260304_135106,1772603560.4892862,0.3,0.288,0.434,0.451,0.508,0.454,0.488,0.056,0.0,0.594,0.0,0.0,0.388,0.0,0.007,0.546,0.413,-0.964,0.941,0.0,0.0,0,0.575,0.54,0.641,0.584,-0.194,-0.555,0.588,0.658,high,0.586,0.504,0.0,0.987,0.212,au4_frown,0.451,6,9,anxiety,0.529,neutral,1,-0.099,0.237,0.679,-0.18,0.393,1.0,-0.045,1.0,1.0,0.049,0.06,0.229,-0.131,0.171,0.238,-0.2,0.25,0.221,-0.003,0.583,0.565,0.01,0.117,1.0,0.247,0.156,0.623,0.0,0.0,0.0,0.01,0.117,1.0,-0.709,0.409,0.865,0.022,1.0,1.0,0.169,1.0,1.0,0.131,0.181,0.253,-0.746,1.0,1.0,0.009,0.092,1.0,0.0,0.02,0.086,0.0,0.0,0.0,0.0,0.0,0.0,0.0,0.0,0.0,-0.072,0.081,0.332,0.003,0.012,0.055,-0.08,0.069,0.227,-0.016,0.019,0.09,0.986,1.0,1.0,0.128,0.595,1.0,0.485,0.327,0.424
20260304_135106,1772603560.5412478,0.3,0.279,0.432,0.467,0.522,0.485,0.483,0.061,0.0,0.596,0.0,0.0,0.526,0.0,0.182,0.515,0.422,-0.968,0.939,0.0,0.0,0,0.577,0.541,0.639,0.584,-0.2,-0.525,0.561,0.738,high,0.607,0.684,0.0,0.987,0.241,au4_frown,0.467,6,9,anxiety,0.603,neutral,1,-0.086,0.232,0.601,-0.15,0.389,1.0,-0.005,1.0,1.0,0.055,0.061,0.286,-0.125,0.17,0.112,-0.193,0.25,0.198,0.003,0.577,0.422,0.009,0.117,1.0,0.214,0.158,0.616,0.0,0.0,0.0,0.009,0.117,1.0,-0.706,0.411,0.449,0.02,1.0,1.0,0.173,1.0,1.0,0.125,0.179,0.118,-0.703,1.0,1.0,0.012,0.093,1.0,-0.008,0.019,0.091,0.0,0.0,0.0,0.0,0.0,0.0,0.0,0.0,0.0,-0.06,0.08,0.343,0.0,0.012,0.051,-0.07,0.068,0.222,-0.012,0.019,0.09,0.931,1.0,1.0,0.132,0.597,1.0,0.458,0.327,0.495
20260304_135106,1772603560.5794065,0.3,0.263,0.405,0.476,0.524,0.415,0.478,0.068,0.0,0.653,0.0,0.0,0.533,0.0,0.233,0.585,0.43,-0.968,0.94,0.0,0.0,0,0.576,0.54,0.642,0.583,-0.204,-0.51,0.549,0.752,high,0.619,0.693,0.0,0.988,0.249,au4_frown,0.476,6,9,anxiety,0.623,neutral,1,-0.074,0.227,0.46,-0.121,0.383,1.0,0.037,1.0,1.0,0.061,0.063,0.296,-0.123,0.17,0.377,-0.186,0.25,0.178,0.009,0.569,0.201,0.009,0.117,1.0,0.186,0.159,0.484,0.0,0.0,0.0,0.009,0.117,1.0,-0.7,0.413,0.418,0.019,1.0,1.0,0.181,1.0,1.0,0.123,0.177,0.395,-0.66,1.0,1.0,0.015,0.094,1.0,-0.015,0.019,0.088,0.0,0.0,0.0,0.0,0.0,0.0,0.0,0.0,0.0,-0.047,0.08,0.337,-0.002,0.012,0.054,-0.059,0.068,0.232,-0.009,0.019,0.085,0.876,1.0,1.0,0.137,0.6,1.0,0.429,0.327,0.529
20260304_135106,1772603560.6210349,0.3,0.246,0.387,0.484,0.529,0.405,0.478,0.078,0.0,0.61,0.0,0.0,0.508,0.0,0.29,0.595,0.436,-0.971,0.938,0.0,0.0,0,0.573,0.538,0.639,0.582,-0.219,-0.51,0.555,0.742,high,0.629,0.661,0.0,0.988,0.245,au4_frown,0.484,7,8,anxiety,0.613,neutral,1,-0.064,0.223,0.3,-0.095,0.379,1.0,0.077,1.0,1.0,0.069,0.065,0.314,-0.12,0.17,0.408,-0.178,0.25,0.18,0.016,0.563,0.083,0.008,0.117,1.0,0.156,0.161,0.583,0.0,0.0,0.0,0.008,0.117,1.0,-0.694,0.415,0.482,0.017,1.0,1.0,0.193,1.0,1.0,0.12,0.175,0.423,-0.616,1.0,1.0,0.018,0.095,1.0,-0.022,0.019,0.093,0.0,0.0,0.0,0.0,0.0,0.0,0.0,0.0,0.0,-0.035,0.08,0.325,-0.004,0.012,0.062,-0.049,0.067,0.222,-0.005,0.019,0.085,0.821,1.0,1.0,0.143,0.602,1.0,0.4,0.327,0.512
20260304_135106,1772603560.6603036,0.3,0.245,0.383,0.493,0.535,0.418,0.476,0.097,0.0,0.599,0.0,0.0,0.318,0.0,0.257,0.582,0.441,-0.972,0.936,0.0,0.0,0,0.572,0.536,0.635,0.583,-0.226,-0.493,0.542,0.645,high,0.64,0.414,0.0,0.99,0.207,au4_frown,0.493,5,10,anger,0.518,neutral,1,-0.055,0.219,0.299,-0.071,0.375,1.0,0.118,1.0,1.0,0.076,0.067,0.336,-0.117,0.17,0.347,-0.171,0.25,0.171,0.024,0.558,0.615,0.007,0.117,1.0,0.125,0.163,0.606,0.0,0.0,0.0,0.007,0.117,1.0,-0.717,0.421,1.0,0.016,1.0,1.0,0.202,1.0,1.0,0.117,0.173,0.357,-0.57,1.0,1.0,0.02,0.096,1.0,-0.029,0.019,0.096,0.0,0.0,0.0,0.0,0.0,0.0,0.0,0.0,0.0,-0.024,0.08,0.321,-0.007,0.012,0.069,-0.039,0.067,0.209,-0.002,0.019,0.088,0.763,1.0,1.0,0.15,0.607,1.0,0.371,0.327,0.547
20260304_135106,1772603560.694735,0.3,0.239,0.37,0.477,0.541,0.458,0.478,0.103,0.0,0.611,0.0,0.0,0.47,0.0,0.435,0.542,0.439,-0.974,0.936,0.0,0.0,0,0.569,0.535,0.632,0.578,-0.226,-0.496,0.545,0.63,high,0.62,0.611,0.0,0.99,0.147,,,,,anxiety,0.368,neutral,1,-0.046,0.216,0.254,-0.048,0.371,0.995,0.159,1.0,1.0,0.083,0.069,0.358,-0.115,0.169,0.184,-0.164,0.25,0.18,0.031,0.554,0.801,0.007,0.117,1.0,0.095,0.165,0.576,0.0,0.0,0.0,0.007,0.117,1.0,-0.727,0.424,0.583,0.014,1.0,1.0,0.224,1.0,1.0,0.115,0.172,0.187,-0.524,1.0,1.0,0.022,0.097,1.0,-0.035,0.019,0.096,0.0,0.0,0.0,0.0,0.0,0.0,0.0,0.0,0.0,-0.012,0.08,0.309,-0.009,0.013,0.073,-0.029,0.066,0.199,0.001,0.019,0.07,0.704,1.0,1.0,0.155,0.611,1.0,0.343,0.328,0.539
20260304_135106,1772603560.720531,0.3,0.243,0.36,0.475,0.543,0.434,0.476,0.113,0.0,0.659,0.0,0.0,0.611,0.0,0.454,0.566,0.446,-0.976,0.941,0.0,0.0,0,0.57,0.537,0.627,0.575,-0.222,-0.476,0.525,0.703,high,0.618,0.795,0.0,0.992,0.175,,,,,anxiety,0.437,neutral,1,-0.037,0.212,0.301,-0.026,0.367,0.919,0.199,1.0,1.0,0.09,0.072,0.363,-0.112,0.169,0.273,-0.156,0.25,0.171,0.039,0.549,1.0,0.006,0.117,1.0,0.067,0.165,0.463,0.0,0.0,0.0,0.006,0.117,1.0,-0.712,0.424,0.142,0.013,1.0,1.0,0.246,1.0,1.0,0.112,0.171,0.277,-0.478,1.0,1.0,0.024,0.098,1.0,-0.041,0.019,0.086,0.0,0.0,0.0,0.0,0.0,0.0,0.0,0.0,0.0,-0.001,0.08,0.313,-0.011,0.013,0.066,-0.02,0.066,0.183,0.004,0.019,0.057,0.646,1.0,1.0,0.162,0.618,1.0,0.313,0.328,0.592
20260304_135106,1772603560.7556896,0.3,0.244,0.372,0.463,0.538,0.445,0.479,0.114,0.0,0.622,0.0,0.0,0.57,0.0,0.321,0.555,0.439,-0.974,0.939,0.0,0.0,0,0.562,0.534,0.627,0.575,-0.223,-0.49,0.539,0.681,high,0.602,0.742,0.0,0.992,0.17,,,,,anxiety,0.426,neutral,1,-0.028,0.209,0.311,-0.003,0.364,1.0,0.239,1.0,1.0,0.095,0.074,0.336,-0.109,0.169,0.222,-0.149,0.249,0.187,0.047,0.547,1.0,0.006,0.117,1.0,0.038,0.166,0.548,0.0,0.0,0.0,0.006,0.117,1.0,-0.705,0.425,0.26,0.011,1.0,1.0,0.258,1.0,1.0,0.109,0.169,0.223,-0.431,1.0,1.0,0.026,0.099,1.0,-0.046,0.019,0.089,0.0,0.0,0.0,0.0,0.0,0.0,0.0,0.0,0.0,0.01,0.08,0.282,-0.013,0.013,0.077,-0.011,0.065,0.183,0.006,0.019,0.059,0.588,1.0,1.0,0.165,0.622,1.0,0.286,0.329,0.555
20260304_135106,1772603560.788066,0.3,0.256,0.386,0.459,0.527,0.428,0.477,0.115,0.0,0.62,0.0,0.0,0.804,0.0,0.318,0.572,0.444,-0.975,0.943,0.0,0.0,0,0.56,0.534,0.623,0.574,-0.231,-0.498,0.549,0.769,high,0.597,1.0,0.0,0.993,0.194,,,,,anxiety,0.486,neutral,1,-0.019,0.207,0.434,0.018,0.363,1.0,0.278,1.0,1.0,0.101,0.075,0.286,-0.106,0.169,0.285,-0.141,0.249,0.182,0.055,0.545,1.0,0.005,0.117,1.0,0.008,0.168,0.551,0.0,0.0,0.0,0.005,0.117,1.0,-0.686,0.425,0.462,0.01,1.0,1.0,0.269,1.0,1.0,0.106,0.168,0.284,-0.384,1.0,1.0,0.028,0.1,1.0,-0.051,0.02,0.082,0.0,0.0,0.0,0.0,0.0,0.0,0.0,0.0,0.0,0.02,0.079,0.274,-0.015,0.014,0.077,-0.002,0.065,0.172,0.009,0.019,0.053,0.528,1.0,1.0,0.17,0.626,1.0,0.258,0.329,0.527
20260304_135106,1772603560.8167987,0.3,0.251,0.385,0.459,0.526,0.472,0.478,0.116,0.0,0.613,0.0,0.0,0.344,0.0,0.268,0.528,0.443,-0.974,0.941,0.0,0.0,0,0.559,0.533,0.625,0.575,-0.218,-0.494,0.54,0.591,medium,0.597,0.448,0.0,0.994,0.154,,,,,anger,0.385,neutral,1,-0.01,0.205,0.389,0.039,0.362,1.0,0.316,1.0,1.0,0.105,0.076,0.277,-0.099,0.168,0.099,-0.134,0.249,0.185,0.062,0.543,1.0,0.004,0.117,1.0,-0.023,0.169,0.568,0.0,0.0,0.0,0.004,0.117,1.0,-0.697,0.431,0.946,0.008,1.0,1.0,0.275,1.0,1.0,0.099,0.165,0.098,-0.336,1.0,1.0,0.03,0.102,1.0,-0.055,0.02,0.084,0.0,0.0,0.0,0.0,0.0,0.0,0.0,0.0,0.0,0.03,0.079,0.271,-0.017,0.014,0.077,0.006,0.064,0.178,0.011,0.019,0.06,0.468,1.0,1.0,0.174,0.629,1.0,0.231,0.33,0.549
20260304_135106,1772603560.851375,0.3,0.258,0.395,0.465,0.513,0.46,0.481,0.103,0.0,0.609,0.0,0.0,0.857,0.0,0.281,0.54,0.435,-0.971,0.942,0.0,0.0,0,0.558,0.533,0.623,0.575,-0.215,-0.522,0.564,0.805,high,0.605,1.0,0.0,0.995,0.228,,,,,anxiety,0.57,neutral,1,-0.002,0.204,0.457,0.06,0.363,1.0,0.356,1.0,1.0,0.109,0.077,0.22,-0.094,0.167,0.142,-0.126,0.249,0.201,0.068,0.541,0.856,0.004,0.117,1.0,-0.057,0.17,0.575,0.0,0.0,0.0,0.004,0.117,1.0,-0.667,0.431,0.647,0.007,1.0,1.0,0.283,1.0,1.0,0.094,0.164,0.139,-0.289,1.0,1.0,0.031,0.104,1.0,-0.059,0.02,0.082,0.0,0.0,0.0,0.0,0.0,0.0,0.0,0.0,0.0,0.039,0.079,0.265,-0.019,0.015,0.076,0.015,0.064,0.173,0.013,0.019,0.06,0.409,1.0,1.0,0.176,0.63,1.0,0.206,0.33,0.483
20260304_135106,1772603560.889352,0.3,0.247,0.375,0.452,0.524,0.446,0.481,0.112,0.0,0.653,0.0,0.0,0.519,0.0,0.284,0.554,0.434,-0.972,0.946,0.0,0.0,0,0.556,0.533,0.621,0.574,-0.214,-0.507,0.55,0.686,high,0.588,0.675,0.0,0.995,0.194,,,,,anxiety,0.486,neutral,1,0.005,0.202,0.36,0.077,0.364,1.0,0.393,1.0,1.0,0.113,0.078,0.26,-0.089,0.166,0.194,-0.118,0.249,0.201,0.074,0.541,1.0,0.003,0.117,1.0,-0.084,0.17,0.472,0.0,0.0,0.0,0.003,0.117,1.0,-0.666,0.433,0.398,0.005,1.0,1.0,0.29,1.0,1.0,0.089,0.161,0.189,-0.241,1.0,1.0,0.033,0.105,1.0,-0.063,0.021,0.074,0.0,0.0,0.0,0.0,0.0,0.0,0.0,0.0,0.0,0.048,0.08,0.256,-0.021,0.016,0.075,0.022,0.064,0.166,0.015,0.019,0.053,0.348,1.0,1.0,0.178,0.632,1.0,0.181,0.331,0.521
20260304_135106,1772603560.9120712,0.3,0.259,0.381,0.43,0.517,0.528,0.484,0.118,0.0,0.624,0.0,0.0,0.464,0.0,0.238,0.472,0.426,-0.973,0.947,0.0,0.0,0,0.554,0.533,0.62,0.572,-0.205,-0.515,0.554,0.583,medium,0.559,0.603,0.0,0.996,0.117,,,,,startled_anxiety,0.335,neutral,1,0.012,0.203,0.471,0.093,0.366,1.0,0.426,1.0,1.0,0.117,0.079,0.228,-0.077,0.164,0.145,-0.11,0.249,0.218,0.081,0.541,1.0,0.003,0.117,1.0,-0.113,0.172,0.539,0.0,0.0,0.0,0.003,0.117,1.0,-0.656,0.434,0.558,0.004,1.0,1.0,0.293,1.0,1.0,0.077,0.159,0.14,-0.194,1.0,1.0,0.034,0.107,1.0,-0.065,0.021,0.07,0.0,0.0,0.0,0.0,0.0,0.0,0.0,0.0,0.0,0.056,0.08,0.247,-0.022,0.016,0.075,0.03,0.063,0.163,0.017,0.019,0.046,0.288,1.0,1.0,0.18,0.633,1.0,0.155,0.331,0.51
20260304_135106,1772603560.9450307,0.3,0.271,0.38,0.416,0.497,0.522,0.485,0.104,0.0,0.648,0.0,0.0,0.821,0.0,0.294,0.478,0.428,-0.973,0.952,0.0,0.0,0,0.553,0.536,0.619,0.57,-0.205,-0.529,0.567,0.723,high,0.54,1.0,0.0,0.996,0.162,au7_eye_squeeze,0.522,2,13,anxiety,0.406,neutral,1,0.021,0.203,0.592,0.109,0.368,1.0,0.457,1.0,1.0,0.117,0.079,0.138,-0.065,0.162,0.127,-0.102,0.249,0.22,0.086,0.541,0.886,0.002,0.117,1.0,-0.143,0.172,0.482,0.0,0.0,0.0,0.002,0.117,1.0,-0.634,0.434,0.567,0.002,1.0,1.0,0.3,1.0,1.0,0.065,0.157,0.122,-0.147,1.0,1.0,0.035,0.108,1.0,-0.067,0.021,0.059,0.0,0.0,0.0,0.0,0.0,0.0,0.0,0.0,0.0,0.064,0.08,0.243,-0.024,0.016,0.064,0.036,0.063,0.159,0.018,0.019,0.039,0.228,1.0,1.0,0.18,0.633,1.0,0.131,0.332,0.474
20260304_135106,1772603560.9741023,0.3,0.265,0.376,0.396,0.488,0.523,0.487,0.106,0.0,0.64,0.0,0.0,0.77,0.0,0.244,0.477,0.424,-0.975,0.954,0.0,0.0,0,0.547,0.535,0.618,0.566,-0.198,-0.539,0.574,0.717,high,0.515,1.0,0.0,0.996,0.163,au7_eye_squeeze,0.523,3,12,anxiety,0.407,neutral,1,0.028,0.203,0.53,0.123,0.37,1.0,0.485,1.0,1.0,0.116,0.078,0.094,-0.048,0.158,0.139,-0.094,0.249,0.233,0.091,0.541,0.949,0.001,0.117,1.0,-0.171,0.173,0.501,0.0,0.0,0.0,0.001,0.117,1.0,-0.631,0.433,0.396,0.001,1.0,1.0,0.303,1.0,1.0,0.048,0.151,0.133,-0.1,1.0,1.0,0.036,0.11,1.0,-0.069,0.021,0.055,0.0,0.0,0.0,0.0,0.0,0.0,0.0,0.0,0.0,0.071,0.081,0.218,-0.025,0.017,0.069,0.043,0.063,0.154,0.019,0.019,0.027,0.168,1.0,1.0,0.177,0.63,1.0,0.111,0.332,0.454
20260304_135106,1772603561.00396,0.3,0.263,0.361,0.375,0.48,0.549,0.49,0.114,0.0,0.702,0.0,0.0,0.739,0.0,0.21,0.451,0.413,-0.979,0.96,0.0,0.0,0,0.543,0.536,0.617,0.567,-0.175,-0.532,0.56,0.69,high,0.487,0.96,0.0,0.932,0.162,au7_eye_squeeze,0.549,4,11,anxiety,0.405,neutral,1,0.034,0.204,0.508,0.133,0.371,0.903,0.509,1.0,1.0,0.114,0.077,0.057,-0.034,0.156,0.248,-0.085,0.249,0.245,0.098,0.54,1.0,0.001,0.117,1.0,-0.193,0.173,0.354,0.0,0.0,0.0,0.001,0.117,1.0,-0.619,0.433,0.296,-0.001,1.0,1.0,0.303,0.99,1.0,0.034,0.149,0.236,-0.055,1.0,1.0,0.037,0.11,1.0,-0.069,0.022,0.041,0.0,0.0,0.0,0.0,0.0,0.0,0.0,0.0,0.0,0.077,0.081,0.2,-0.026,0.017,0.064,0.048,0.064,0.149,0.02,0.019,0.028,0.11,1.0,1.0,0.174,0.628,1.0,0.089,0.333,0.49
20260304_135106,1772603561.0293708,0.3,0.27,0.368,0.347,0.476,0.522,0.493,0.121,0.0,0.706,0.0,0.0,0.673,0.0,0.152,0.478,0.403,-0.982,0.962,0.0,0.0,0,0.537,0.534,0.614,0.564,-0.172,-0.548,0.574,0.649,high,0.451,0.875,0.0,0.93,0.152,au7_eye_squeeze,0.522,6,9,anxiety,0.38,neutral,1,0.04,0.206,0.565,0.145,0.373,0.948,0.524,1.0,1.0,0.109,0.076,0.038,-0.025,0.155,0.141,-0.077,0.249,0.259,0.102,0.541,1.0,0.0,0.117,1.0,-0.215,0.173,0.344,0.0,0.0,0.0,0.0,0.117,1.0,-0.662,0.417,0.065,-0.002,1.0,1.0,0.298,0.97,0.814,0.025,0.148,0.134,-0.015,1.0,1.0,0.036,0.11,1.0,-0.069,0.022,0.038,0.0,0.0,0.0,0.0,0.0,0.0,0.0,0.0,0.0,0.081,0.081,0.174,-0.028,0.018,0.071,0.052,0.064,0.138,0.02,0.019,0.016,0.055,1.0,1.0,0.166,0.614,1.0,0.072,0.334,0.45
20260304_135106,1772603561.051907,0.3,0.282,0.367,0.329,0.469,0.57,0.494,0.122,0.0,0.686,0.0,0.0,0.0,0.0,0.224,0.43,0.396,-0.983,0.964,0.0,0.0,0,0.535,0.536,0.613,0.563,-0.155,-0.549,0.57,0.383,medium,0.428,0.0,0.0,0.928,0.111,au7_eye_squeeze,0.57,6,9,startled_anxiety,0.431,neutral,1,0.047,0.208,0.681,0.154,0.374,0.927,0.535,1.0,1.0,0.106,0.075,0.006,-0.013,0.155,0.34,-0.068,0.249,0.266,0.106,0.543,1.0,-0.0,0.117,1.0,-0.239,0.173,0.39,0.0,0.0,0.0,-0.0,0.117,1.0,-0.698,0.435,1.0,-0.004,1.0,1.0,0.298,0.949,1.0,0.013,0.148,0.323,0.025,1.0,1.0,0.036,0.11,1.0,-0.069,0.022,0.032,0.0,0.0,0.0,0.0,0.0,0.0,0.0,0.0,0.0,0.085,0.082,0.165,-0.029,0.018,0.063,0.056,0.064,0.136,0.02,0.019,0.012,0.004,1.0,1.0,0.159,0.607,1.0,0.053,0.335,0.458
20260304_135106,1772603561.0820394,0.3,0.275,0.346,0.309,0.481,0.634,0.496,0.133,0.0,0.7,0.0,0.0,0.0,0.0,0.22,0.366,0.39,-0.986,0.967,0.0,0.0,0,0.535,0.539,0.613,0.563,-0.135,-0.528,0.545,0.38,medium,0.402,0.0,0.0,0.926,0.115,au7_eye_squeeze,0.634,7,8,startled_anxiety,0.427,neutral,1,0.052,0.21,0.599,0.162,0.375,0.741,0.542,1.0,1.0,0.103,0.074,0.053,0.002,0.157,0.602,-0.059,0.249,0.274,0.11,0.544,1.0,-0.001,0.117,1.0,-0.257,0.173,0.357,0.0,0.0,0.0,-0.001,0.117,1.0,-0.721,0.451,1.0,-0.005,1.0,1.0,0.298,0.928,1.0,-0.002,0.151,0.573,0.063,1.0,1.0,0.036,0.109,1.0,-0.069,0.022,0.025,0.0,0.0,0.0,0.0,0.0,0.0,0.0,0.0,0.0,0.088,0.082,0.163,-0.03,0.018,0.051,0.06,0.064,0.133,0.02,0.019,0.014,-0.045,1.0,1.0,0.153,0.597,1.0,0.033,0.337,0.525
20260304_135106,1772603561.121821,0.3,0.269,0.333,0.291,0.497,0.625,0.496,0.137,0.0,0.692,0.0,0.0,0.532,0.0,0.29,0.375,0.39,-0.988,0.97,0.0,0.0,0,0.534,0.541,0.612,0.564,-0.129,-0.504,0.52,0.588,medium,0.379,0.691,0.0,0.924,0.155,au7_eye_squeeze,0.625,5,10,startled_anxiety,0.422,neutral,1,0.058,0.211,0.538,0.168,0.375,0.636,0.548,1.0,1.0,0.101,0.073,0.119,0.014,0.159,0.558,-0.051,0.249,0.274,0.114,0.544,1.0,-0.002,0.117,1.0,-0.274,0.174,0.373,0.0,0.0,0.0,-0.002,0.117,1.0,-0.725,0.453,0.317,-0.007,1.0,1.0,0.303,0.91,1.0,-0.014,0.153,0.533,0.1,1.0,1.0,0.035,0.108,1.0,-0.068,0.022,0.018,0.0,0.0,0.0,0.0,0.0,0.0,0.0,0.0,0.0,0.091,0.082,0.156,-0.031,0.018,0.04,0.063,0.065,0.129,0.02,0.019,0.015,-0.094,1.0,1.0,0.149,0.588,1.0,0.011,0.339,0.59
20260304_135106,1772603561.1477702,0.3,0.258,0.319,0.25,0.51,0.627,0.496,0.141,0.0,0.711,0.0,0.0,0.181,0.001,0.305,0.373,0.384,-0.99,0.975,0.0,0.0,0,0.532,0.544,0.612,0.564,-0.116,-0.481,0.495,0.34,medium,0.325,0.235,0.0,0.923,0.035,au7_eye_squeeze,0.627,5,10,startled_anxiety,0.487,neutral,1,0.062,0.212,0.428,0.174,0.375,0.514,0.549,1.0,1.0,0.1,0.073,0.172,0.026,0.162,0.559,-0.042,0.249,0.274,0.116,0.543,1.0,-0.002,0.117,1.0,-0.291,0.175,0.327,0.0,0.0,0.0,-0.002,0.117,1.0,-0.735,0.462,1.0,-0.008,1.0,1.0,0.308,0.893,1.0,-0.026,0.156,0.537,0.136,1.0,1.0,0.034,0.108,1.0,-0.067,0.021,0.008,0.0,0.0,0.0,0.0,0.0,0.0,0.0,0.0,0.0,0.093,0.083,0.146,-0.031,0.018,0.031,0.066,0.065,0.127,0.02,0.019,0.016,-0.139,1.0,1.0,0.146,0.582,1.0,-0.013,0.341,0.656
20260304_135106,1772603561.1757858,0.3,0.257,0.323,0.252,0.504,0.653,0.496,0.132,0.0,0.67,0.0,0.0,0.687,0.0,0.135,0.347,0.385,-0.99,0.972,0.0,0.0,0,0.531,0.545,0.612,0.566,-0.123,-0.488,0.504,0.653,high,0.327,0.894,0.0,0.922,0.183,au7_eye_squeeze,0.653,5,10,anxiety,0.458,neutral,1,0.066,0.213,0.418,0.179,0.375,0.541,0.55,1.0,1.0,0.1,0.072,0.141,0.041,0.165,0.659,-0.033,0.249,0.276,0.118,0.539,1.0,-0.003,0.117,1.0,-0.307,0.177,0.423,0.0,0.0,0.0,-0.003,0.117,1.0,-0.71,0.462,0.221,-0.009,1.0,1.0,0.3,0.876,0.226,-0.041,0.16,0.636,0.173,1.0,1.0,0.033,0.107,1.0,-0.066,0.021,0.013,0.0,0.0,0.0,0.0,0.0,0.0,0.0,0.0,0.0,0.095,0.083,0.14,-0.031,0.018,0.027,0.069,0.065,0.125,0.02,0.019,0.021,-0.186,1.0,1.0,0.144,0.579,1.0,-0.037,0.343,0.629
20260304_135106,1772603561.2058492,0.3,0.243,0.299,0.218,0.512,0.654,0.498,0.126,0.0,0.669,0.0,0.0,0.649,0.0,0.11,0.346,0.374,-0.991,0.978,0.0,0.0,0,0.529,0.548,0.612,0.565,-0.11,-0.483,0.496,0.621,high,0.284,0.843,0.0,0.921,0.174,au7_eye_squeeze,0.654,6,9,anxiety,0.436,neutral,1,0.069,0.213,0.282,0.182,0.375,0.339,0.548,1.0,1.0,0.099,0.072,0.17,0.053,0.168,0.654,-0.025,0.249,0.283,0.118,0.531,1.0,-0.003,0.117,1.0,-0.323,0.178,0.421,0.0,0.0,0.0,-0.003,0.117,1.0,-0.685,0.461,0.105,-0.011,1.0,1.0,0.29,0.861,0.207,-0.053,0.164,0.636,0.207,1.0,1.0,0.032,0.107,1.0,-0.065,0.021,0.001,0.0,0.0,0.0,0.0,0.0,0.0,0.0,0.0,0.0,0.097,0.083,0.131,-0.031,0.018,0.015,0.072,0.066,0.125,0.021,0.02,0.021,-0.231,1.0,1.0,0.141,0.571,1.0,-0.06,0.346,0.647
20260304_135106,1772603561.241882,0.3,0.239,0.296,0.191,0.512,0.697,0.498,0.122,0.0,0.677,0.0,0.0,0.911,0.0,0.125,0.303,0.371,-0.993,0.978,0.0,0.0,0,0.528,0.551,0.612,0.566,-0.107,-0.468,0.48,0.676,high,0.248,1.0,0.0,0.92,0.199,au7_eye_squeeze,0.697,6,9,anxiety,0.498,neutral,1,0.072,0.213,0.242,0.186,0.375,0.315,0.544,1.0,1.0,0.098,0.071,0.167,0.068,0.172,0.821,-0.016,0.249,0.281,0.117,0.521,1.0,-0.004,0.117,1.0,-0.338,0.18,0.401,0.0,0.0,0.0,-0.004,0.117,1.0,-0.639,0.461,0.971,-0.012,1.0,1.0,0.281,0.845,0.01,-0.068,0.17,0.803,0.241,1.0,1.0,0.031,0.106,1.0,-0.063,0.021,0.001,0.0,0.0,0.0,0.0,0.0,0.0,0.0,0.0,0.0,0.099,0.083,0.127,-0.03,0.018,0.004,0.074,0.066,0.123,0.021,0.02,0.023,-0.274,1.0,1.0,0.139,0.566,1.0,-0.085,0.348,0.688
20260304_135106,1772603561.2802467,0.3,0.238,0.292,0.18,0.505,0.673,0.499,0.107,0.0,0.712,0.0,0.0,0.763,0.0,0.095,0.327,0.363,-0.993,0.98,0.0,0.0,0,0.528,0.552,0.612,0.567,-0.102,-0.485,0.496,0.663,high,0.234,0.992,0.0,0.919,0.193,au7_eye_squeeze,0.673,7,8,anxiety,0.482,neutral,1,0.074,0.213,0.233,0.188,0.375,0.283,0.539,1.0,0.853,0.097,0.071,0.13,0.082,0.176,0.71,-0.007,0.249,0.285,0.114,0.509,0.678,-0.004,0.117,1.0,-0.349,0.181,0.314,0.0,0.0,0.0,-0.004,0.117,1.0,-0.608,0.46,0.488,-0.014,1.0,1.0,0.269,0.832,0.481,-0.082,0.175,0.701,0.274,1.0,1.0,0.03,0.105,1.0,-0.062,0.021,0.004,0.0,0.0,0.0,0.0,0.0,0.0,0.0,0.0,0.0,0.1,0.083,0.122,-0.03,0.018,0.0,0.077,0.066,0.123,0.022,0.02,0.026,-0.317,1.0,1.0,0.136,0.56,1.0,-0.108,0.35,0.64
20260304_135106,1772603561.3077526,0.3,0.237,0.285,0.166,0.497,0.692,0.499,0.097,0.0,0.716,0.0,0.0,0.791,0.0,0.006,0.308,0.358,-0.994,0.981,0.0,0.0,0,0.528,0.553,0.612,0.567,-0.092,-0.495,0.504,0.7,high,0.215,1.0,0.0,0.917,0.232,au7_eye_squeeze,0.692,5,10,anxiety,0.581,neutral,1,0.076,0.213,0.213,0.191,0.374,0.223,0.532,1.0,0.584,0.095,0.07,0.094,0.098,0.179,0.778,0.002,0.249,0.287,0.11,0.496,0.397,-0.005,0.117,1.0,-0.36,0.182,0.302,0.0,0.0,0.0,-0.005,0.117,1.0,-0.569,0.458,0.59,-0.015,1.0,1.0,0.251,0.831,1.0,-0.098,0.18,0.773,0.307,1.0,1.0,0.029,0.105,1.0,-0.06,0.021,0.006,0.0,0.0,0.0,0.0,0.0,0.0,0.0,0.0,0.0,0.102,0.084,0.121,-0.029,0.018,0.006,0.079,0.066,0.12,0.022,0.02,0.024,-0.359,1.0,1.0,0.132,0.554,1.0,-0.132,0.352,0.615
20260304_135106,1772603561.3516853,0.3,0.247,0.299,0.148,0.486,0.703,0.5,0.08,0.0,0.734,0.0,0.0,0.729,0.01,0.079,0.297,0.352,-0.994,0.982,0.0,0.0,0,0.527,0.555,0.613,0.568,-0.081,-0.509,0.515,0.67,high,0.192,0.947,0.0,0.916,0.221,au7_eye_squeeze,0.703,6,9,anxiety,0.553,neutral,1,0.08,0.213,0.306,0.194,0.374,0.326,0.524,1.0,0.272,0.092,0.069,0.045,0.115,0.184,0.809,0.01,0.249,0.29,0.105,0.484,0.036,-0.006,0.117,1.0,-0.371,0.182,0.256,0.0,0.0,0.0,-0.006,0.117,1.0,-0.536,0.457,0.392,-0.016,1.0,0.096,0.238,0.819,0.755,-0.115,0.185,0.81,0.339,1.0,1.0,0.027,0.104,1.0,-0.058,0.021,0.011,0.0,0.0,0.0,0.0,0.0,0.0,0.0,0.0,0.0,0.103,0.084,0.116,-0.028,0.018,0.013,0.082,0.067,0.123,0.023,0.02,0.029,-0.401,1.0,1.0,0.128,0.545,1.0,-0.154,0.354,0.582
20260304_135106,1772603561.3884857,0.3,0.236,0.286,0.151,0.488,0.705,0.5,0.08,0.0,0.729,0.0,0.0,0.851,0.0,0.083,0.295,0.348,-0.995,0.985,0.0,0.0,0,0.527,0.556,0.612,0.567,-0.08,-0.51,0.517,0.698,high,0.196,1.0,0.0,0.914,0.235,au7_eye_squeeze,0.705,5,10,anxiety,0.588,neutral,1,0.082,0.214,0.209,0.197,0.374,0.222,0.516,1.0,0.293,0.089,0.068,0.05,0.129,0.188,0.804,0.019,0.249,0.29,0.099,0.47,0.062,-0.006,0.117,1.0,-0.377,0.183,0.266,0.0,0.0,0.0,-0.006,0.117,1.0,-0.492,0.456,0.804,-0.018,1.0,1.0,0.226,0.807,0.704,-0.129,0.191,0.812,0.37,1.0,1.0,0.026,0.104,1.0,-0.056,0.021,0.016,0.0,0.0,0.0,0.0,0.0,0.0,0.0,0.0,0.0,0.104,0.084,0.111,-0.027,0.018,0.017,0.084,0.067,0.116,0.024,0.02,0.026,-0.442,1.0,1.0,0.122,0.535,1.0,-0.176,0.356,0.574
20260304_135106,1772603561.416056,0.3,0.233,0.28,0.142,0.489,0.697,0.5,0.078,0.0,0.723,0.0,0.0,0.825,0.0,0.139,0.303,0.344,-0.996,0.986,0.0,0.0,0,0.526,0.557,0.611,0.567,-0.079,-0.512,0.518,0.694,high,0.184,1.0,0.0,0.912,0.235,au7_eye_squeeze,0.697,5,10,anxiety,0.588,neutral,1,0.084,0.214,0.178,0.199,0.374,0.174,0.507,1.0,0.125,0.086,0.067,0.05,0.144,0.191,0.764,0.028,0.249,0.29,0.094,0.456,0.127,-0.007,0.117,1.0,-0.387,0.184,0.279,0.0,0.0,0.0,-0.007,0.117,1.0,-0.451,0.455,0.724,-0.019,1.0,1.0,0.217,0.791,0.158,-0.144,0.196,0.778,0.401,1.0,1.0,0.025,0.103,1.0,-0.053,0.021,0.02,0.0,0.0,0.0,0.0,0.0,0.0,0.0,0.0,0.0,0.105,0.084,0.106,-0.026,0.018,0.019,0.086,0.067,0.113,0.024,0.02,0.026,-0.483,1.0,1.0,0.116,0.525,1.0,-0.197,0.357,0.568
20260304_135106,1772603561.4487712,0.3,0.24,0.283,0.125,0.47,0.724,0.5,0.072,0.0,0.756,0.0,0.0,0.875,0.0,0.065,0.276,0.333,-0.996,0.988,0.0,0.0,0,0.524,0.556,0.611,0.568,-0.069,-0.535,0.54,0.689,high,0.162,1.0,0.0,0.91,0.235,au7_eye_squeeze,0.724,3,12,anxiety,0.588,neutral,1,0.086,0.214,0.239,0.2,0.373,0.2,0.496,1.0,0.153,0.082,0.066,0.034,0.16,0.195,0.855,0.037,0.249,0.29,0.088,0.445,0.293,-0.007,0.117,1.0,-0.392,0.185,0.197,0.0,0.0,0.0,-0.007,0.117,1.0,-0.412,0.455,0.89,-0.021,1.0,1.0,0.203,0.781,0.997,-0.16,0.203,0.879,0.431,1.0,1.0,0.023,0.103,1.0,-0.051,0.02,0.023,0.0,0.0,0.0,0.0,0.0,0.0,0.0,0.0,0.0,0.106,0.084,0.096,-0.025,0.018,0.017,0.088,0.067,0.111,0.024,0.02,0.027,-0.523,1.0,1.0,0.109,0.515,1.0,-0.217,0.359,0.506
20260304_135106,1772603561.4788146,0.3,0.234,0.278,0.128,0.454,0.68,0.499,0.066,0.0,0.753,0.0,0.0,0.0,0.0,0.097,0.32,0.33,-0.997,0.991,0.0,0.0,0,0.52,0.555,0.607,0.563,-0.088,-0.566,0.572,0.238,low,0.167,0.0,0.0,0.909,0.034,,,,,startled_anxiety,0.916,neutral,1,0.088,0.214,0.183,0.201,0.373,0.151,0.485,1.0,0.122,0.078,0.066,0.099,0.171,0.198,0.67,0.046,0.249,0.288,0.082,0.438,0.434,-0.007,0.117,1.0,-0.399,0.185,0.201,0.0,0.0,0.0,-0.007,0.117,1.0,-0.434,0.472,1.0,-0.022,1.0,1.0,0.191,0.768,0.509,-0.171,0.207,0.696,0.461,1.0,1.0,0.022,0.103,1.0,-0.048,0.02,0.031,0.0,0.0,0.0,0.0,0.0,0.0,0.0,0.0,0.0,0.106,0.084,0.077,-0.025,0.018,0.013,0.09,0.067,0.096,0.024,0.02,0.011,-0.565,1.0,1.0,0.1,0.509,1.0,-0.235,0.359,0.413
20260304_135106,1772603561.5088632,0.3,0.238,0.286,0.098,0.445,0.619,0.499,0.063,0.009,0.744,0.0,0.009,0.84,0.0,0.018,0.381,0.321,-0.997,0.99,0.0,0.0,0,0.515,0.552,0.603,0.561,-0.094,-0.585,0.592,0.675,high,0.127,1.0,0.0,0.908,0.231,,,,,anxiety,0.578,neutral,1,0.089,0.214,0.213,0.201,0.372,0.209,0.472,1.0,0.583,0.073,0.066,0.137,0.177,0.198,0.42,0.055,0.249,0.287,0.077,0.434,0.513,-0.006,0.116,1.0,-0.404,0.186,0.22,0.0,0.0,0.0,-0.006,0.116,1.0,-0.393,0.471,0.826,-0.024,1.0,1.0,0.173,0.765,1.0,-0.177,0.208,0.439,0.491,1.0,1.0,0.02,0.102,1.0,-0.046,0.02,0.028,0.0,0.0,0.0,0.0,0.0,0.0,0.0,0.0,0.0,0.106,0.084,0.06,-0.024,0.018,0.002,0.091,0.068,0.081,0.024,0.02,0.002,-0.607,1.0,1.0,0.091,0.506,1.0,-0.254,0.359,0.357
20260304_135106,1772603561.5422652,0.3,0.241,0.293,0.087,0.431,0.591,0.498,0.057,0.001,0.749,0.0,0.001,0.875,0.0,0.0,0.409,0.307,-0.998,0.991,0.0,0.0,0,0.515,0.552,0.602,0.559,-0.076,-0.617,0.621,0.652,high,0.113,1.0,0.0,0.752,0.235,,,,,anxiety,0.588,neutral,1,0.091,0.214,0.24,0.202,0.371,0.257,0.458,1.0,0.749,0.068,0.067,0.197,0.181,0.198,0.306,0.064,0.249,0.282,0.073,0.432,0.668,-0.007,0.116,1.0,-0.409,0.186,0.206,0.0,0.0,0.0,-0.007,0.116,1.0,-0.348,0.47,0.948,-0.024,0.168,1.0,0.156,0.771,1.0,-0.181,0.21,0.322,0.52,1.0,1.0,0.019,0.102,1.0,-0.044,0.02,0.03,0.0,0.0,0.0,0.0,0.0,0.0,0.0,0.0,0.0,0.106,0.084,0.056,-0.024,0.018,0.0,0.092,0.068,0.075,0.024,0.02,0.007,-0.648,1.0,1.0,0.081,0.51,1.0,-0.27,0.359,0.276
20260304_135106,1772603561.5726647,0.3,0.238,0.289,0.084,0.437,0.566,0.499,0.056,0.009,0.766,0.0,0.009,0.963,0.0,0.0,0.434,0.308,-0.998,0.992,0.0,0.0,0,0.513,0.551,0.601,0.558,-0.07,-0.611,0.615,0.651,high,0.109,1.0,0.0,0.753,0.235,,,,,anxiety,0.588,neutral,1,0.092,0.214,0.207,0.202,0.37,0.224,0.444,1.0,0.804,0.063,0.067,0.172,0.183,0.198,0.202,0.073,0.249,0.284,0.068,0.432,0.69,-0.007,0.116,1.0,-0.411,0.187,0.164,0.0,0.0,0.0,-0.007,0.116,1.0,-0.295,0.47,1.0,-0.023,0.168,1.0,0.138,0.774,1.0,-0.183,0.21,0.214,0.549,1.0,1.0,0.017,0.102,1.0,-0.041,0.02,0.031,0.0,0.0,0.0,0.0,0.0,0.0,0.0,0.0,0.0,0.106,0.084,0.049,-0.023,0.018,0.001,0.094,0.068,0.073,0.023,0.02,0.01,-0.689,1.0,1.0,0.071,0.513,1.0,-0.288,0.359,0.296
20260304_135106,1772603561.603674,0.3,0.237,0.28,0.08,0.435,0.548,0.499,0.053,0.015,0.784,0.0,0.015,0.949,0.0,0.0,0.452,0.308,-0.998,0.992,0.0,0.0,0,0.513,0.551,0.6,0.558,-0.068,-0.611,0.615,0.651,high,0.104,1.0,0.0,0.754,0.235,,,,,anxiety,0.588,neutral,1,0.093,0.214,0.195,0.201,0.37,0.149,0.429,1.0,0.867,0.057,0.067,0.179,0.185,0.198,0.127,0.082,0.249,0.284,0.063,0.431,0.767,-0.006,0.117,1.0,-0.41,0.187,0.117,0.0,0.0,0.0,-0.006,0.117,1.0,-0.245,0.471,1.0,-0.024,0.168,1.0,0.119,0.774,1.0,-0.185,0.21,0.135,0.578,1.0,1.0,0.015,0.102,1.0,-0.039,0.02,0.032,0.0,0.0,0.0,0.0,0.0,0.0,0.0,0.0,0.0,0.105,0.084,0.044,-0.023,0.018,0.001,0.095,0.068,0.067,0.022,0.02,0.01,-0.729,1.0,1.0,0.061,0.515,1.0,-0.305,0.358,0.296
20260304_135106,1772603561.637845,0.3,0.238,0.281,0.053,0.441,0.544,0.499,0.054,0.005,0.808,0.0,0.005,0.95,0.0,0.011,0.456,0.301,-0.999,0.993,0.0,0.0,0,0.511,0.552,0.6,0.558,-0.057,-0.606,0.609,0.642,high,0.069,1.0,0.0,0.754,0.235,,,,,anxiety,0.588,neutral,1,0.094,0.214,0.198,0.201,0.369,0.152,0.412,1.0,1.0,0.052,0.067,0.155,0.185,0.198,0.111,0.091,0.249,0.284,0.057,0.429,0.743,-0.007,0.117,0.171,-0.405,0.187,0.056,0.0,0.0,0.0,-0.007,0.117,0.171,-0.193,0.471,1.0,-0.026,0.168,1.0,0.102,0.775,1.0,-0.185,0.211,0.118,0.606,1.0,1.0,0.014,0.102,1.0,-0.036,0.02,0.034,0.0,0.0,0.0,0.0,0.0,0.0,0.0,0.0,0.0,0.105,0.084,0.036,-0.022,0.018,0.002,0.095,0.068,0.066,0.022,0.02,0.011,-0.768,1.0,1.0,0.05,0.516,1.0,-0.322,0.358,0.312
20260304_135106,1772603561.669373,0.3,0.235,0.277,0.044,0.44,0.538,0.498,0.05,0.016,0.815,0.0,0.016,0.9,0.016,0.051,0.462,0.295,-0.999,0.994,0.0,0.0,0,0.509,0.552,0.599,0.558,-0.053,-0.61,0.612,0.639,high,0.057,1.0,0.0,0.754,0.235,,,,,anxiety,0.588,neutral,1,0.096,0.213,0.172,0.2,0.368,0.119,0.395,1.0,1.0,0.046,0.067,0.157,0.187,0.198,0.086,0.1,0.249,0.28,0.051,0.425,0.82,-0.006,0.117,1.0,-0.399,0.187,0.035,0.0,0.0,0.0,-0.006,0.117,1.0,-0.145,0.47,1.0,-0.026,0.167,1.0,0.087,0.767,1.0,-0.187,0.211,0.092,0.633,1.0,1.0,0.012,0.102,1.0,-0.034,0.02,0.036,0.0,0.0,0.0,0.0,0.0,0.0,0.0,0.0,0.0,0.104,0.083,0.029,-0.021,0.018,0.004,0.096,0.068,0.061,0.021,0.02,0.01,-0.806,1.0,1.0,0.039,0.517,1.0,-0.338,0.358,0.303
20260304_135106,1772603561.6999147,0.3,0.235,0.281,0.039,0.441,0.534,0.498,0.049,0.013,0.818,0.0,0.013,0.801,0.014,0.118,0.466,0.292,-0.999,0.994,0.0,0.0,0,0.508,0.552,0.598,0.558,-0.05,-0.608,0.61,0.627,high,0.051,1.0,0.0,0.753,0.225,,,,,anxiety,0.563,neutral,1,0.097,0.214,0.171,0.2,0.368,0.146,0.377,1.0,1.0,0.04,0.067,0.153,0.188,0.198,0.07,0.109,0.249,0.28,0.043,0.419,0.852,-0.005,0.117,1.0,-0.396,0.187,0.025,0.0,0.0,0.0,-0.005,0.117,1.0,-0.102,0.468,0.703,-0.027,0.167,0.733,0.076,0.752,0.212,-0.188,0.211,0.075,0.66,1.0,1.0,0.01,0.102,1.0,-0.031,0.02,0.036,0.0,0.0,0.0,0.0,0.0,0.0,0.0,0.0,0.0,0.104,0.083,0.024,-0.021,0.017,0.004,0.097,0.068,0.057,0.021,0.02,0.009,-0.844,1.0,1.0,0.027,0.513,1.0,-0.353,0.358,0.31
20260304_135106,1772603561.7580884,0.3,0.237,0.28,0.035,0.439,0.529,0.497,0.043,0.039,0.795,0.0,0.039,0.873,0.0,0.132,0.471,0.29,-0.999,0.994,0.0,0.0,0,0.508,0.553,0.598,0.558,-0.046,-0.613,0.615,0.638,high,0.046,1.0,0.0,0.755,0.235,,,,,anxiety,0.588,neutral,1,0.099,0.213,0.19,0.199,0.367,0.134,0.358,1.0,1.0,0.034,0.067,0.163,0.188,0.198,0.049,0.117,0.249,0.277,0.036,0.413,1.0,-0.003,0.123,1.0,-0.392,0.187,0.08,0.0,0.0,0.0,-0.003,0.123,1.0,-0.054,0.467,0.957,-0.028,0.167,1.0,0.066,0.736,0.012,-0.188,0.211,0.052,0.686,1.0,1.0,0.009,0.101,1.0,-0.029,0.02,0.036,0.0,0.0,0.0,0.0,0.0,0.0,0.0,0.0,0.0,0.103,0.083,0.023,-0.02,0.017,0.008,0.098,0.068,0.056,0.02,0.02,0.009,-0.882,1.0,1.0,0.016,0.514,1.0,-0.37,0.358,0.296
20260304_135106,1772603561.8143053,0.3,0.237,0.279,0.026,0.437,0.531,0.498,0.04,0.032,0.799,0.0,0.032,0.892,0.008,0.101,0.469,0.291,-0.999,0.995,0.0,0.0,0,0.508,0.554,0.598,0.558,-0.048,-0.615,0.617,0.659,high,0.033,1.0,0.0,0.913,0.235,,,,,anxiety,0.588,neutral,1,0.1,0.213,0.186,0.199,0.366,0.125,0.339,1.0,1.0,0.028,0.067,0.169,0.189,0.198,0.055,0.126,0.249,0.278,0.027,0.407,1.0,-0.0,0.126,1.0,-0.388,0.187,0.067,0.0,0.0,0.0,-0.0,0.126,1.0,-0.002,0.466,1.0,-0.029,1.0,0.457,0.054,0.723,0.5,-0.189,0.211,0.058,0.713,1.0,1.0,0.007,0.101,1.0,-0.026,0.02,0.039,0.0,0.0,0.0,0.0,0.0,0.0,0.0,0.0,0.0,0.102,0.083,0.02,-0.019,0.017,0.013,0.099,0.068,0.055,0.02,0.02,0.01,-0.919,1.0,1.0,0.004,0.515,1.0,-0.386,0.358,0.291
20260304_135106,1772603561.8361354,0.3,0.233,0.276,0.03,0.443,0.534,0.498,0.038,0.026,0.836,0.0,0.026,0.911,0.0,0.092,0.466,0.288,-0.999,0.995,0.0,0.0,0,0.508,0.555,0.598,0.558,-0.043,-0.607,0.608,0.661,high,0.039,1.0,0.0,0.913,0.235,,,,,anxiety,0.588,neutral,1,0.101,0.213,0.141,0.198,0.365,0.095,0.32,1.0,1.0,0.023,0.067,0.147,0.189,0.197,0.065,0.135,0.249,0.279,0.018,0.4,1.0,0.002,0.128,1.0,-0.383,0.187,0.026,0.0,0.0,0.0,0.002,0.128,1.0,0.049,0.465,1.0,-0.03,1.0,1.0,0.041,0.713,0.651,-0.189,0.211,0.069,0.74,1.0,1.0,0.005,0.101,1.0,-0.024,0.02,0.038,0.0,0.0,0.0,0.0,0.0,0.0,0.0,0.0,0.0,0.101,0.083,0.018,-0.018,0.017,0.014,0.099,0.068,0.054,0.02,0.02,0.008,-0.957,1.0,1.0,-0.007,0.514,1.0,-0.402,0.358,0.314
20260304_135106,1772603561.8571117,0.3,0.228,0.27,0.03,0.447,0.542,0.497,0.038,0.022,0.799,0.0,0.022,0.873,0.003,0.149,0.458,0.289,-0.999,0.995,0.0,0.0,0,0.508,0.555,0.598,0.559,-0.047,-0.603,0.605,0.661,high,0.039,1.0,0.0,0.914,0.235,,,,,anxiety,0.588,neutral,1,0.101,0.213,0.098,0.197,0.365,0.049,0.301,1.0,1.0,0.018,0.067,0.127,0.189,0.197,0.096,0.144,0.249,0.277,0.009,0.393,1.0,0.003,0.129,1.0,-0.38,0.187,0.062,0.0,0.0,0.0,0.003,0.129,1.0,0.1,0.463,0.97,-0.032,1.0,1.0,0.036,0.703,0.182,-0.189,0.212,0.103,0.767,1.0,1.0,0.003,0.101,1.0,-0.021,0.02,0.038,0.0,0.0,0.0,0.0,0.0,0.0,0.0,0.0,0.0,0.1,0.083,0.018,-0.017,0.017,0.015,0.1,0.068,0.052,0.019,0.02,0.005,-0.995,1.0,1.0,-0.017,0.514,1.0,-0.419,0.358,0.324
20260304_135106,1772603561.8889215,0.3,0.225,0.265,0.005,0.447,0.553,0.498,0.038,0.025,0.815,0.0,0.025,0.882,0.003,0.114,0.447,0.285,-1.0,0.996,0.0,0.0,0,0.508,0.555,0.598,0.559,-0.041,-0.6,0.602,0.653,high,0.006,1.0,0.0,0.914,0.235,,,,,anxiety,0.588,neutral,1,0.102,0.213,0.065,0.195,0.364,0.007,0.28,1.0,1.0,0.013,0.066,0.128,0.191,0.197,0.137,0.152,0.249,0.278,-0.001,0.383,1.0,0.005,0.13,1.0,-0.377,0.187,0.022,0.0,0.0,0.0,0.005,0.13,1.0,0.149,0.462,1.0,-0.033,1.0,1.0,0.028,0.698,0.338,-0.191,0.212,0.147,0.793,1.0,1.0,0.002,0.101,1.0,-0.018,0.02,0.04,0.0,0.0,0.0,0.0,0.0,0.0,0.0,0.0,0.0,0.099,0.083,0.016,-0.015,0.017,0.017,0.1,0.068,0.052,0.019,0.02,0.007,-1.0,1.0,1.0,-0.028,0.511,1.0,-0.436,0.358,0.332
20260304_135106,1772603561.9389944,0.3,0.227,0.264,0.0,0.442,0.547,0.498,0.033,0.023,0.801,0.0,0.023,0.911,0.0,0.065,0.453,0.285,-1.0,0.995,0.0,0.0,0,0.508,0.556,0.599,0.558,-0.035,-0.606,0.607,0.652,high,0.0,1.0,0.0,0.914,0.235,,,,,anxiety,0.588,neutral,1,0.102,0.213,0.083,0.193,0.364,0.003,0.259,1.0,1.0,0.009,0.067,0.148,0.192,0.197,0.112,0.161,0.249,0.277,-0.01,0.378,1.0,0.007,0.131,1.0,-0.376,0.187,0.054,0.0,0.0,0.0,0.007,0.131,1.0,0.2,0.462,1.0,-0.035,1.0,1.0,0.019,0.7,1.0,-0.192,0.212,0.121,0.819,1.0,1.0,0.0,0.101,1.0,-0.016,0.02,0.039,0.0,0.0,0.0,0.0,0.0,0.0,0.0,0.0,0.0,0.098,0.083,0.016,-0.014,0.017,0.021,0.101,0.068,0.054,0.019,0.02,0.009,-1.0,1.0,1.0,-0.039,0.512,1.0,-0.453,0.358,0.319
20260304_135106,1772603561.970166,0.3,0.225,0.264,0.0,0.442,0.546,0.497,0.027,0.009,0.844,0.0,0.009,0.847,0.0,0.056,0.454,0.281,-1.0,0.995,0.0,0.0,0,0.508,0.556,0.598,0.559,-0.033,-0.613,0.613,0.649,high,0.0,1.0,0.0,0.914,0.232,,,,,anxiety,0.581,neutral,1,0.102,0.213,0.064,0.19,0.363,0.004,0.238,1.0,1.0,0.004,0.067,0.15,0.194,0.197,0.105,0.17,0.249,0.274,-0.02,0.375,1.0,0.008,0.13,1.0,-0.373,0.187,0.051,0.0,0.0,0.0,0.008,0.13,1.0,0.245,0.46,0.893,-0.036,1.0,1.0,0.015,0.709,1.0,-0.194,0.213,0.113,0.844,1.0,1.0,-0.002,0.101,1.0,-0.013,0.02,0.039,0.0,0.0,0.0,0.0,0.0,0.0,0.0,0.0,0.0,0.097,0.083,0.015,-0.013,0.017,0.022,0.102,0.068,0.052,0.018,0.02,0.006,-1.0,1.0,1.0,-0.05,0.513,1.0,-0.469,0.358,0.3
20260304_135106,1772603561.9898558,0.3,0.226,0.264,0.003,0.442,0.541,0.497,0.027,0.017,0.808,0.0,0.017,0.942,0.0,0.05,0.459,0.285,-1.0,0.996,0.0,0.0,0,0.508,0.557,0.598,0.558,-0.037,-0.611,0.613,0.629,high,0.003,1.0,0.0,0.758,0.235,,,,,anxiety,0.588,neutral,1,0.101,0.213,0.067,0.188,0.362,0.009,0.217,1.0,1.0,-0.001,0.067,0.149,0.197,0.197,0.084,0.178,0.249,0.275,-0.029,0.373,1.0,0.009,0.131,1.0,-0.372,0.187,0.035,0.0,0.0,0.0,0.009,0.131,1.0,0.297,0.46,1.0,-0.036,0.167,1.0,0.013,0.719,1.0,-0.197,0.213,0.091,0.869,1.0,1.0,-0.003,0.101,1.0,-0.01,0.02,0.04,0.0,0.0,0.0,0.0,0.0,0.0,0.0,0.0,0.0,0.096,0.082,0.015,-0.012,0.017,0.023,0.102,0.068,0.051,0.018,0.02,0.009,-1.0,1.0,1.0,-0.061,0.514,1.0,-0.485,0.358,0.302
20260304_135106,1772603562.0272753,0.3,0.227,0.27,0.0,0.44,0.546,0.497,0.025,0.017,0.806,0.0,0.017,0.946,0.006,0.048,0.454,0.283,-1.0,0.996,0.0,0.0,0,0.508,0.557,0.598,0.56,-0.039,-0.61,0.612,0.628,high,0.0,1.0,0.0,0.758,0.235,,,,,anxiety,0.588,neutral,1,0.102,0.212,0.08,0.187,0.362,0.038,0.196,1.0,1.0,-0.006,0.067,0.158,0.199,0.197,0.103,0.187,0.249,0.275,-0.038,0.375,1.0,0.011,0.129,1.0,-0.37,0.187,0.04,0.0,0.0,0.0,0.011,0.129,1.0,0.346,0.461,1.0,-0.035,0.166,0.846,0.012,0.729,1.0,-0.199,0.213,0.111,0.893,1.0,1.0,-0.005,0.101,1.0,-0.007,0.02,0.039,0.0,0.0,0.0,0.0,0.0,0.0,0.0,0.0,0.0,0.095,0.082,0.013,-0.01,0.017,0.024,0.103,0.068,0.05,0.018,0.02,0.004,-1.0,1.0,1.0,-0.072,0.515,1.0,-0.502,0.358,0.306
20260304_135106,1772603562.0477414,0.3,0.226,0.265,0.012,0.434,0.553,0.497,0.018,0.021,0.812,0.0,0.021,0.888,0.005,0.079,0.447,0.282,-1.0,0.996,0.0,0.0,0,0.508,0.557,0.599,0.559,-0.037,-0.617,0.618,0.631,high,0.016,1.0,0.0,0.757,0.235,,,,,anxiety,0.588,neutral,1,0.102,0.212,0.07,0.185,0.361,0.006,0.175,1.0,1.0,-0.011,0.068,0.18,0.203,0.197,0.13,0.195,0.249,0.273,-0.046,0.381,1.0,0.015,0.126,1.0,-0.371,0.187,0.024,0.0,0.0,0.0,0.015,0.126,1.0,0.394,0.461,1.0,-0.035,0.165,0.902,0.004,0.729,0.806,-0.203,0.213,0.141,0.916,1.0,1.0,-0.007,0.101,1.0,-0.004,0.02,0.04,0.0,0.0,0.0,0.0,0.0,0.0,0.0,0.0,0.0,0.093,0.082,0.013,-0.009,0.017,0.026,0.103,0.068,0.051,0.017,0.02,0.005,-1.0,1.0,1.0,-0.083,0.518,1.0,-0.519,0.358,0.288
20260304_135106,1772603562.0658257,0.3,0.23,0.269,0.0,0.433,0.543,0.497,0.017,0.02,0.843,0.0,0.02,0.875,0.013,0.069,0.457,0.281,-1.0,0.995,0.0,0.0,0,0.508,0.558,0.598,0.56,-0.036,-0.615,0.616,0.627,high,0.0,1.0,0.0,0.757,0.235,,,,,anxiety,0.588,neutral,1,0.103,0.212,0.102,0.184,0.361,0.026,0.154,1.0,1.0,-0.019,0.067,0.188,0.204,0.197,0.092,0.204,0.249,0.274,-0.056,0.385,1.0,0.015,0.127,1.0,-0.356,0.186,0.056,0.0,0.0,0.0,0.015,0.127,1.0,0.426,0.461,0.981,-0.034,0.165,0.673,-0.002,0.733,0.952,-0.204,0.213,0.1,0.936,1.0,1.0,-0.009,0.101,1.0,-0.002,0.02,0.039,0.0,0.0,0.0,0.0,0.0,0.0,0.0,0.0,0.0,0.091,0.082,0.011,-0.008,0.017,0.027,0.103,0.068,0.048,0.017,0.02,0.004,-1.0,1.0,1.0,-0.096,0.515,1.0,-0.533,0.358,0.292
20260304_135106,1772603562.0959814,0.3,0.23,0.266,0.0,0.43,0.544,0.496,0.014,0.019,0.832,0.0,0.019,0.882,0.008,0.11,0.456,0.277,-1.0,0.996,0.0,0.0,0,0.508,0.558,0.6,0.56,-0.027,-0.624,0.624,0.627,high,0.0,1.0,0.0,0.757,0.235,,,,,anxiety,0.588,neutral,1,0.103,0.212,0.103,0.182,0.36,0.002,0.133,1.0,1.0,-0.025,0.067,0.198,0.205,0.197,0.092,0.212,0.249,0.27,-0.065,0.392,1.0,0.017,0.127,1.0,-0.342,0.185,0.035,0.0,0.0,0.0,0.017,0.127,1.0,0.423,0.455,0.97,-0.032,0.163,0.151,-0.005,0.733,0.335,-0.205,0.213,0.099,0.955,1.0,1.0,-0.01,0.101,1.0,0.001,0.02,0.04,0.0,0.0,0.0,0.0,0.0,0.0,0.0,0.0,0.0,0.089,0.082,0.01,-0.007,0.017,0.027,0.102,0.068,0.051,0.016,0.02,0.004,-1.0,1.0,1.0,-0.108,0.517,1.0,-0.547,0.358,0.27
20260304_135106,1772603562.1293862,0.3,0.232,0.266,0.0,0.433,0.549,0.496,0.013,0.031,0.833,0.0,0.031,0.855,0.01,0.166,0.451,0.272,-1.0,0.997,0.0,0.0,0,0.508,0.558,0.6,0.559,-0.02,-0.622,0.622,0.627,high,0.0,1.0,0.0,0.758,0.234,,,,,anxiety,0.584,neutral,1,0.103,0.212,0.118,0.179,0.359,0.003,0.112,1.0,1.0,-0.031,0.067,0.187,0.202,0.196,0.108,0.22,0.249,0.269,-0.073,0.401,1.0,0.019,0.13,1.0,-0.327,0.184,0.04,0.0,0.0,0.0,0.019,0.13,1.0,0.466,0.454,0.881,-0.029,0.157,0.378,-0.008,0.725,0.499,-0.202,0.214,0.117,0.972,1.0,1.0,-0.012,0.102,1.0,0.004,0.02,0.041,0.0,0.0,0.0,0.0,0.0,0.0,0.0,0.0,0.0,0.087,0.081,0.009,-0.006,0.017,0.027,0.102,0.068,0.05,0.015,0.019,0.007,-1.0,1.0,1.0,-0.118,0.523,1.0,-0.564,0.358,0.276
20260304_135106,1772603562.1859753,0.3,0.225,0.252,0.0,0.439,0.54,0.497,0.017,0.036,0.836,0.0,0.036,0.905,0.01,0.182,0.46,0.274,-1.0,0.997,0.0,0.0,0,0.508,0.558,0.599,0.559,-0.024,-0.609,0.609,0.629,high,0.0,1.0,0.0,0.76,0.235,,,,,anxiety,0.588,neutral,1,0.102,0.212,0.047,0.175,0.359,0.11,0.09,1.0,1.0,-0.037,0.067,0.161,0.202,0.196,0.072,0.228,0.249,0.272,-0.08,0.411,1.0,0.02,0.133,1.0,-0.312,0.183,0.054,0.0,0.0,0.0,0.02,0.133,1.0,0.502,0.455,1.0,-0.028,0.157,0.4,-0.008,0.719,0.723,-0.202,0.214,0.078,0.983,1.0,1.0,-0.013,0.102,1.0,0.007,0.02,0.043,0.0,0.0,0.0,0.0,0.0,0.0,0.0,0.0,0.0,0.084,0.081,0.007,-0.005,0.017,0.029,0.1,0.067,0.047,0.015,0.019,0.008,-1.0,1.0,1.0,-0.127,0.527,1.0,-0.578,0.358,0.311
20260304_135106,1772603562.2212238,0.3,0.222,0.25,0.0,0.446,0.538,0.497,0.02,0.035,0.837,0.0,0.035,0.848,0.0,0.216,0.462,0.273,-1.0,0.998,0.0,0.0,0,0.508,0.559,0.599,0.559,-0.022,-0.598,0.598,0.627,high,0.0,1.0,0.0,0.761,0.232,,,,,anxiety,0.581,neutral,1,0.102,0.211,0.019,0.172,0.358,0.128,0.069,1.0,1.0,-0.042,0.067,0.132,0.204,0.196,0.062,0.235,0.249,0.272,-0.087,0.419,1.0,0.022,0.136,1.0,-0.296,0.182,0.061,0.0,0.0,0.0,0.022,0.136,1.0,0.532,0.456,0.846,-0.027,0.155,1.0,0.001,0.718,1.0,-0.204,0.214,0.068,0.991,1.0,1.0,-0.015,0.103,1.0,0.01,0.02,0.044,0.0,0.0,0.0,0.0,0.0,0.0,0.0,0.0,0.0,0.082,0.08,0.004,-0.004,0.017,0.03,0.099,0.067,0.044,0.014,0.019,0.008,-1.0,1.0,1.0,-0.136,0.528,1.0,-0.592,0.359,0.342
20260304_135106,1772603562.2417567,0.3,0.22,0.251,0.0,0.447,0.523,0.497,0.016,0.039,0.835,0.0,0.039,0.888,0.017,0.241,0.477,0.266,-1.0,0.997,0.0,0.0,0,0.508,0.559,0.599,0.559,-0.018,-0.604,0.604,0.631,high,0.0,1.0,0.0,0.763,0.235,,,,,anxiety,0.588,neutral,1,0.1,0.211,0.002,0.166,0.357,0.126,0.048,1.0,1.0,-0.047,0.067,0.127,0.207,0.196,0.008,0.241,0.25,0.268,-0.093,0.431,1.0,0.024,0.14,1.0,-0.281,0.181,0.06,0.0,0.0,0.0,0.024,0.14,1.0,0.558,0.457,0.971,-0.026,0.155,1.0,0.004,0.712,1.0,-0.207,0.213,0.009,0.992,1.0,1.0,-0.016,0.103,1.0,0.014,0.02,0.043,0.0,0.0,0.0,0.0,0.0,0.0,0.0,0.0,0.0,0.078,0.08,0.002,-0.003,0.017,0.03,0.097,0.067,0.043,0.013,0.019,0.008,-1.0,1.0,1.0,-0.142,0.532,1.0,-0.604,0.359,0.323
20260304_135106,1772603562.2760274,0.3,0.213,0.244,0.0,0.453,0.523,0.497,0.016,0.029,0.874,0.0,0.029,0.938,0.038,0.235,0.477,0.267,-1.0,0.998,0.0,0.0,0,0.508,0.56,0.599,0.56,-0.016,-0.589,0.589,0.632,high,0.0,1.0,0.0,0.762,0.235,,,,,anxiety,0.588,neutral,1,0.098,0.21,0.062,0.159,0.356,0.183,0.027,1.0,1.0,-0.051,0.067,0.1,0.207,0.196,0.008,0.248,0.25,0.269,-0.098,0.443,1.0,0.025,0.142,1.0,-0.262,0.179,0.16,0.0,0.0,0.0,0.025,0.142,1.0,0.572,0.456,1.0,-0.019,0.143,1.0,0.007,0.705,1.0,-0.207,0.214,0.009,0.994,1.0,1.0,-0.017,0.104,1.0,0.017,0.02,0.044,0.0,0.0,0.0,0.0,0.0,0.0,0.0,0.0,0.0,0.075,0.079,0.001,-0.002,0.017,0.033,0.094,0.066,0.038,0.013,0.019,0.005,-1.0,1.0,1.0,-0.146,0.535,1.0,-0.617,0.36,0.364
20260304_135106,1772603562.3073077,0.3,0.213,0.248,0.0,0.456,0.513,0.497,0.014,0.021,0.879,0.0,0.021,0.899,0.028,0.256,0.487,0.262,-1.0,0.998,0.0,0.0,0,0.508,0.56,0.599,0.56,-0.01,-0.588,0.588,0.796,high,0.0,1.0,0.0,0.763,0.4,,,,,anxiety,1.0,neutral,1,0.095,0.209,0.064,0.151,0.353,0.159,0.005,1.0,1.0,-0.054,0.067,0.091,0.203,0.196,0.034,0.254,0.25,0.266,-0.104,0.455,1.0,0.025,0.142,1.0,-0.243,0.178,0.176,0.0,0.0,0.0,0.025,0.142,1.0,0.597,0.456,0.967,-0.015,0.143,1.0,0.014,0.702,1.0,-0.203,0.213,0.037,0.991,1.0,1.0,-0.019,0.104,1.0,0.02,0.02,0.044,0.0,0.0,0.0,0.0,0.0,0.0,0.0,0.0,0.0,0.071,0.078,0.002,-0.001,0.017,0.033,0.092,0.066,0.037,0.012,0.019,0.005,-1.0,1.0,1.0,-0.15,0.538,1.0,-0.629,0.361,0.363
20260304_135106,1772603562.3413732,0.3,0.22,0.255,0.0,0.455,0.555,0.497,0.007,0.04,0.815,0.002,0.04,0.839,0.029,0.222,0.445,0.268,-1.0,0.997,0.0,0.0,0,0.509,0.562,0.6,0.563,-0.01,-0.586,0.586,0.785,high,0.0,1.0,0.0,0.68,0.4,,,,,anxiety,1.0,neutral,1,0.09,0.207,0.006,0.142,0.349,0.11,-0.016,1.0,1.0,-0.055,0.067,0.094,0.202,0.195,0.126,0.26,0.25,0.265,-0.107,0.47,1.0,0.027,0.146,1.0,-0.228,0.177,0.021,0.0,0.002,0.021,0.027,0.146,1.0,0.597,0.453,0.744,-0.011,0.141,1.0,0.016,0.696,1.0,-0.202,0.214,0.138,0.984,1.0,1.0,-0.02,0.105,1.0,0.023,0.02,0.043,0.0,0.0,0.0,0.0,0.0,0.0,0.0,0.0,0.0,0.067,0.077,0.001,-0.0,0.017,0.04,0.089,0.065,0.039,0.011,0.019,0.005,-1.0,1.0,1.0,-0.15,0.538,1.0,-0.637,0.363,0.364
20260304_135106,1772603562.3714614,0.3,0.233,0.272,0.0,0.456,0.575,0.496,0.0,0.036,0.784,0.009,0.036,0.913,0.015,0.125,0.425,0.265,-1.0,0.996,0.0,0.0,0,0.513,0.566,0.603,0.568,0.007,-0.588,0.588,0.786,high,0.0,1.0,0.0,0.681,0.4,au7_eye_squeeze,0.575,2,13,anxiety,1.0,neutral,1,0.088,0.205,0.102,0.135,0.345,0.005,-0.037,1.0,1.0,-0.057,0.067,0.088,0.198,0.194,0.196,0.265,0.25,0.258,-0.112,0.488,1.0,0.029,0.149,1.0,-0.215,0.176,0.05,0.001,0.009,1.0,0.029,0.149,1.0,0.616,0.453,0.972,-0.009,0.138,1.0,0.012,0.695,0.233,-0.198,0.213,0.215,0.971,1.0,1.0,-0.021,0.105,1.0,0.026,0.02,0.041,0.0,0.0,0.0,0.0,0.0,0.0,0.0,0.0,0.0,0.064,0.076,0.013,0.001,0.017,0.057,0.086,0.064,0.047,0.011,0.019,0.025,-1.0,1.0,1.0,-0.15,0.538,1.0,-0.639,0.364,0.354
20260304_135106,1772603562.4039848,0.3,0.254,0.306,0.017,0.437,0.649,0.496,0.0,0.03,0.75,0.023,0.03,0.75,0.01,0.05,0.351,0.271,-1.0,0.994,0.0,0.0,0,0.516,0.569,0.608,0.574,0.009,-0.604,0.604,0.786,high,0.022,0.975,0.0,0.685,0.4,au7_eye_squeeze,0.649,3,12,anxiety,1.0,neutral,1,0.085,0.202,0.282,0.128,0.34,0.244,-0.057,1.0,1.0,-0.06,0.068,0.166,0.201,0.194,0.471,0.269,0.25,0.252,-0.115,0.505,1.0,0.03,0.15,1.0,-0.204,0.174,0.129,0.002,0.026,1.0,0.03,0.15,1.0,0.618,0.451,0.421,-0.009,0.137,0.747,-0.003,0.692,1.0,-0.201,0.215,0.522,0.957,1.0,1.0,-0.022,0.106,1.0,0.028,0.02,0.036,0.0,0.0,0.0,0.0,0.0,0.0,0.0,0.0,0.0,0.06,0.075,0.022,0.003,0.018,0.066,0.083,0.063,0.059,0.011,0.019,0.044,-1.0,1.0,1.0,-0.15,0.539,1.0,-0.639,0.365,0.302
20260304_135106,1772603562.4400516,0.3,0.255,0.315,0.031,0.424,0.73,0.496,0.0,0.025,0.767,0.033,0.025,0.879,0.0,0.0,0.27,0.273,-0.999,0.992,0.0,0.0,0,0.518,0.572,0.609,0.578,-0.0,-0.606,0.606,0.797,high,0.041,1.0,0.0,0.688,0.4,au7_eye_squeeze,0.73,4,11,anxiety,1.0,neutral,1,0.082,0.199,0.279,0.122,0.335,0.297,-0.076,1.0,1.0,-0.064,0.069,0.218,0.209,0.196,0.766,0.273,0.25,0.25,-0.119,0.522,1.0,0.03,0.151,1.0,-0.192,0.173,0.081,0.005,0.043,1.0,0.03,0.151,1.0,0.636,0.451,0.831,-0.009,0.137,1.0,-0.024,0.692,1.0,-0.209,0.221,0.857,0.941,1.0,1.0,-0.023,0.106,1.0,0.03,0.02,0.031,0.0,0.0,0.0,0.0,0.0,0.0,0.0,0.0,0.0,0.056,0.074,0.027,0.005,0.018,0.077,0.08,0.063,0.06,0.011,0.019,0.057,-1.0,1.0,1.0,-0.152,0.54,1.0,-0.637,0.367,0.29
20260304_135106,1772603562.4640627,0.3,0.249,0.302,0.058,0.421,0.756,0.496,0.0,0.044,0.731,0.055,0.044,0.763,0.0,0.0,0.244,0.275,-0.999,0.991,0.0,0.0,0,0.52,0.575,0.61,0.58,-0.005,-0.612,0.612,0.806,high,0.076,0.991,0.0,0.695,0.4,au7_eye_squeeze,0.756,4,11,anxiety,1.0,neutral,1,0.079,0.196,0.213,0.115,0.33,0.188,-0.093,1.0,1.0,-0.068,0.07,0.232,0.22,0.199,0.849,0.277,0.25,0.247,-0.123,0.539,1.0,0.032,0.155,1.0,-0.182,0.172,0.163,0.009,0.072,1.0,0.032,0.155,1.0,0.644,0.45,0.444,-0.01,0.137,1.0,-0.041,0.699,1.0,-0.22,0.227,0.96,0.926,1.0,1.0,-0.024,0.107,1.0,0.033,0.02,0.03,0.0,0.0,0.0,0.0,0.0,0.0,0.0,0.0,0.0,0.053,0.073,0.031,0.007,0.018,0.085,0.077,0.062,0.061,0.012,0.019,0.063,-1.0,1.0,1.0,-0.153,0.543,1.0,-0.638,0.368,0.268
20260304_135106,1772603562.500245,0.3,0.256,0.317,0.08,0.411,0.736,0.496,0.0,0.037,0.739,0.067,0.037,0.74,0.0,0.0,0.264,0.283,-0.999,0.991,0.0,0.0,0,0.522,0.577,0.612,0.583,-0.014,-0.63,0.63,0.964,high,0.105,0.962,0.0,0.982,0.4,au7_eye_squeeze,0.736,5,10,anxiety,1.0,neutral,1,0.076,0.192,0.273,0.108,0.324,0.285,-0.109,1.0,0.899,-0.072,0.071,0.269,0.224,0.199,0.751,0.28,0.25,0.242,-0.126,0.556,1.0,0.033,1.0,1.0,-0.17,0.17,0.137,0.014,0.099,1.0,0.033,1.0,1.0,0.659,0.45,0.37,-0.011,0.137,1.0,-0.055,0.712,1.0,-0.224,0.231,0.863,0.906,1.0,1.0,-0.025,0.107,1.0,0.035,0.02,0.03,0.0,0.0,0.0,0.0,0.0,0.0,0.0,0.0,0.0,0.049,0.072,0.038,0.009,0.019,0.093,0.074,0.061,0.065,0.012,0.019,0.073,-1.0,1.0,1.0,-0.155,0.547,1.0,-0.631,0.368,0.211
20260304_135106,1772603562.5283349,0.3,0.256,0.323,0.087,0.41,0.749,0.495,0.0,0.024,0.706,0.081,0.024,0.89,0.0,0.0,0.251,0.289,-0.998,0.992,0.0,0.0,0,0.524,0.578,0.615,0.585,-0.027,-0.633,0.633,0.976,high,0.114,1.0,0.0,0.987,0.4,au7_eye_squeeze,0.749,6,9,anxiety,1.0,neutral,1,0.073,0.189,0.253,0.102,0.318,0.311,-0.124,1.0,0.811,-0.076,0.073,0.273,0.229,0.2,0.781,0.281,0.249,0.235,-0.129,0.573,1.0,0.033,1.0,1.0,-0.161,0.169,0.213,0.019,0.129,1.0,0.033,1.0,1.0,0.67,0.449,0.839,-0.01,0.136,1.0,-0.068,0.725,1.0,-0.229,0.236,0.912,0.882,1.0,1.0,-0.025,0.108,1.0,0.037,0.02,0.031,0.0,0.0,0.0,0.0,0.0,0.0,0.0,0.0,0.0,0.045,0.071,0.042,0.012,0.02,0.097,0.071,0.06,0.072,0.013,0.02,0.079,-1.0,1.0,1.0,-0.156,0.55,1.0,-0.62,0.369,0.193
20260304_135106,1772603562.568642,0.3,0.261,0.328,0.084,0.413,0.747,0.496,0.0,0.03,0.734,0.086,0.03,0.981,0.0,0.0,0.253,0.286,-0.998,0.993,0.0,0.0,0,0.527,0.58,0.617,0.586,-0.018,-0.631,0.632,0.976,high,0.109,1.0,0.0,0.992,0.4,au7_eye_squeeze,0.747,6,9,anxiety,1.0,neutral,1,0.069,0.185,0.291,0.094,0.312,0.328,-0.139,1.0,0.871,-0.078,0.074,0.253,0.233,0.201,0.753,0.272,0.245,0.224,-0.131,0.59,1.0,0.034,1.0,1.0,-0.15,0.168,0.134,0.025,0.156,1.0,0.034,1.0,1.0,0.698,0.45,1.0,-0.011,0.136,1.0,-0.079,0.74,1.0,-0.233,0.24,0.894,0.839,1.0,1.0,-0.026,0.108,1.0,0.039,0.02,0.034,0.0,0.0,0.0,0.0,0.0,0.0,0.0,0.0,0.0,0.042,0.07,0.049,0.014,0.02,0.101,0.068,0.059,0.076,0.014,0.02,0.082,-1.0,1.0,1.0,-0.157,0.55,1.0,-0.591,0.365,0.183
20260304_135106,1772603562.6091394,0.3,0.261,0.329,0.123,0.412,0.74,0.496,0.0,0.041,0.67,0.1,0.041,0.978,0.0,0.0,0.26,0.289,-0.997,0.99,0.0,0.0,0,0.529,0.58,0.618,0.589,-0.029,-0.636,0.637,0.989,high,0.159,1.0,0.0,0.995,0.4,au4_frown,0.123,6,9,anxiety,1.0,neutral,1,0.067,0.182,0.276,0.089,0.307,0.318,-0.152,1.0,0.353,-0.082,0.075,0.255,0.238,0.201,0.71,0.269,0.244,0.217,-0.134,0.606,1.0,0.036,1.0,1.0,-0.142,0.167,0.291,0.032,0.185,1.0,0.036,1.0,1.0,0.725,0.451,1.0,-0.008,0.121,1.0,-0.09,0.754,1.0,-0.238,0.244,0.855,0.809,1.0,1.0,-0.026,0.108,1.0,0.041,0.02,0.027,0.0,0.0,0.0,0.0,0.0,0.0,0.0,0.0,0.0,0.038,0.069,0.053,0.017,0.021,0.102,0.064,0.057,0.074,0.014,0.02,0.089,-1.0,1.0,1.0,-0.159,0.556,1.0,-0.576,0.365,0.159
20260304_135106,1772603562.644834,0.3,0.266,0.337,0.14,0.406,0.72,0.496,0.0,0.026,0.703,0.103,0.026,0.843,0.0,0.0,0.28,0.296,-0.997,0.99,0.0,0.0,0,0.529,0.58,0.619,0.589,-0.036,-0.646,0.647,0.996,high,0.182,1.0,0.0,1.0,0.4,au4_frown,0.14,6,9,anxiety,1.0,neutral,1,0.065,0.179,0.314,0.083,0.301,0.359,-0.164,1.0,0.136,-0.087,0.077,0.277,0.239,0.2,0.616,0.253,0.234,0.2,-0.136,0.623,1.0,0.036,1.0,1.0,-0.132,0.165,0.197,0.038,0.212,1.0,0.036,1.0,1.0,0.734,0.45,0.642,-0.007,0.12,1.0,-0.097,0.772,1.0,-0.239,0.247,0.754,0.758,1.0,1.0,-0.027,0.109,1.0,0.043,0.02,0.028,0.0,0.0,0.0,0.0,0.0,0.0,0.0,0.0,0.0,0.034,0.067,0.049,0.019,0.022,0.102,0.061,0.056,0.073,0.015,0.021,0.088,-1.0,1.0,1.0,-0.163,0.562,1.0,-0.537,0.358,0.11
20260304_135106,1772603562.6750102,0.3,0.265,0.332,0.132,0.406,0.7,0.496,0.0,0.023,0.719,0.109,0.023,0.892,0.0,0.0,0.3,0.296,-0.997,0.99,0.0,0.0,0,0.53,0.581,0.62,0.591,-0.036,-0.645,0.646,0.993,high,0.171,1.0,0.0,1.0,0.4,au4_frown,0.132,6,9,anxiety,1.0,neutral,1,0.061,0.175,0.285,0.075,0.294,0.309,-0.177,1.0,0.266,-0.09,0.078,0.273,0.235,0.197,0.526,0.239,0.226,0.188,-0.137,0.639,1.0,0.036,1.0,1.0,-0.119,0.163,0.148,0.046,0.237,1.0,0.036,1.0,1.0,0.732,0.445,0.772,-0.004,0.107,1.0,-0.111,0.782,1.0,-0.235,0.247,0.655,0.71,1.0,1.0,-0.027,0.109,1.0,0.044,0.02,0.027,0.0,0.0,0.0,0.0,0.0,0.0,0.0,0.0,0.0,0.03,0.066,0.05,0.022,0.022,0.103,0.057,0.055,0.074,0.016,0.021,0.094,-0.94,1.0,1.0,-0.165,0.567,1.0,-0.504,0.354,0.096
20260304_135106,1772603562.7145557,0.3,0.268,0.334,0.143,0.41,0.677,0.495,0.0,0.017,0.677,0.115,0.017,0.9,0.0,0.0,0.323,0.298,-0.997,0.99,0.0,0.0,0,0.531,0.581,0.62,0.592,-0.041,-0.653,0.655,0.996,high,0.186,1.0,0.0,1.0,0.4,au4_frown,0.143,7,8,anxiety,1.0,neutral,1,0.057,0.17,0.301,0.067,0.287,0.306,-0.189,1.0,0.139,-0.093,0.079,0.253,0.231,0.194,0.425,0.224,0.218,0.168,-0.138,0.655,1.0,0.035,1.0,0.826,-0.11,0.161,0.25,0.053,0.263,1.0,0.035,1.0,0.826,0.747,0.445,0.783,-0.002,0.104,1.0,-0.125,0.794,1.0,-0.231,0.247,0.537,0.661,1.0,0.991,-0.027,0.109,1.0,0.046,0.02,0.028,0.0,0.0,0.0,0.0,0.0,0.0,0.0,0.0,0.0,0.026,0.065,0.05,0.024,0.023,0.102,0.053,0.053,0.071,0.016,0.021,0.095,-0.881,1.0,1.0,-0.168,0.573,1.0,-0.471,0.349,0.056
20260304_135106,1772603562.767272,0.3,0.266,0.337,0.134,0.413,0.7,0.497,0.0,0.014,0.684,0.117,0.014,0.786,0.0,0.0,0.3,0.299,-0.997,0.988,0.0,0.0,0,0.531,0.582,0.621,0.592,-0.038,-0.638,0.639,0.994,high,0.174,1.0,0.0,1.0,0.4,au4_frown,0.134,5,10,anxiety,1.0,neutral,1,0.053,0.166,0.268,0.058,0.28,0.306,-0.201,1.0,0.271,-0.096,0.08,0.238,0.227,0.192,0.492,0.208,0.209,0.158,-0.139,0.67,1.0,0.035,1.0,0.404,-0.099,0.16,0.224,0.06,1.0,1.0,0.035,1.0,0.404,0.755,0.444,0.42,-0.003,0.104,1.0,-0.133,0.811,1.0,-0.227,0.247,0.63,0.609,1.0,0.852,-0.027,0.109,1.0,0.048,0.02,0.022,0.0,0.0,0.0,0.0,0.0,0.0,0.0,0.0,0.0,0.022,0.063,0.048,0.027,0.023,0.104,0.049,0.051,0.071,0.017,0.022,0.095,-0.818,1.0,1.0,-0.169,0.575,1.0,-0.437,0.343,0.086
20260304_135106,1772603562.8015208,0.3,0.266,0.338,0.144,0.407,0.702,0.496,0.0,0.026,0.664,0.125,0.026,0.829,0.0,0.0,0.298,0.299,-0.996,0.988,0.0,0.0,0,0.531,0.582,0.621,0.593,-0.048,-0.648,0.65,0.997,high,0.187,1.0,0.0,1.0,0.4,au4_frown,0.144,6,9,anxiety,1.0,neutral,1,0.05,0.161,0.26,0.049,0.271,0.293,-0.214,1.0,0.16,-0.099,0.082,0.261,0.223,0.189,0.486,0.181,0.186,0.134,-0.139,0.687,1.0,0.035,1.0,1.0,-0.09,0.158,0.269,0.068,1.0,1.0,0.035,1.0,1.0,0.75,0.44,0.535,-0.003,0.104,1.0,-0.139,0.829,1.0,-0.223,0.247,0.631,0.541,1.0,0.697,-0.027,0.109,1.0,0.049,0.021,0.022,0.0,0.0,0.0,0.0,0.0,0.0,0.0,0.0,0.0,0.018,0.061,0.045,0.029,0.024,0.105,0.044,0.049,0.067,0.017,0.022,0.093,-0.736,1.0,1.0,-0.171,0.579,1.0,-0.385,0.328,0.027
20260304_135106,1772603562.8393438,0.3,0.262,0.33,0.138,0.41,0.717,0.496,0.0,0.03,0.684,0.125,0.03,0.882,0.0,0.0,0.283,0.298,-0.996,0.989,0.0,0.0,0,0.531,0.583,0.622,0.593,-0.044,-0.642,0.643,0.995,high,0.179,1.0,0.0,1.0,0.4,au4_frown,0.138,5,10,anxiety,1.0,neutral,1,0.045,0.156,0.216,0.039,0.262,0.224,-0.227,1.0,0.255,-0.102,0.083,0.246,0.22,0.186,0.521,0.161,0.173,0.118,-0.14,0.703,1.0,0.035,1.0,1.0,-0.078,0.155,0.206,0.075,1.0,1.0,0.035,1.0,1.0,0.752,0.437,0.68,-0.002,0.103,1.0,-0.152,0.842,1.0,-0.22,0.247,0.687,0.48,1.0,0.565,-0.028,0.109,1.0,0.05,0.021,0.026,0.0,0.0,0.0,0.0,0.0,0.0,0.0,0.0,0.0,0.014,0.059,0.042,0.032,0.025,0.107,0.04,0.047,0.067,0.018,0.022,0.091,-0.66,1.0,1.0,-0.171,0.579,1.0,-0.34,0.316,0.027
20260304_135106,1772603562.8678305,0.3,0.266,0.339,0.143,0.409,0.729,0.496,0.0,0.03,0.689,0.123,0.03,0.899,0.0,0.0,0.271,0.295,-0.997,0.989,0.0,0.0,0,0.532,0.584,0.622,0.593,-0.042,-0.646,0.647,0.996,high,0.186,1.0,0.0,1.0,0.4,au15_mouth_down,0.123,4,11,anxiety,1.0,neutral,1,0.04,0.151,0.232,0.029,0.253,0.265,-0.24,1.0,0.211,-0.104,0.084,0.246,0.215,0.182,0.544,0.14,0.156,0.098,-0.141,0.72,1.0,0.035,1.0,1.0,-0.066,0.153,0.186,0.082,1.0,1.0,0.035,1.0,1.0,0.771,0.437,0.724,-0.003,0.103,1.0,-0.162,0.857,1.0,-0.215,0.246,0.73,0.415,1.0,0.423,-0.028,0.109,1.0,0.05,0.021,0.024,0.0,0.0,0.0,0.0,0.0,0.0,0.0,0.0,0.0,0.009,0.058,0.04,0.035,0.025,0.108,0.035,0.045,0.062,0.018,0.022,0.092,-0.575,1.0,1.0,-0.171,0.58,1.0,-0.288,0.299,0.01
20260304_135106,1772603562.8946564,0.3,0.27,0.347,0.142,0.403,0.736,0.495,0.0,0.025,0.689,0.128,0.025,0.853,0.0,0.0,0.264,0.293,-0.996,0.99,0.0,0.0,0,0.532,0.584,0.623,0.593,-0.04,-0.656,0.657,0.996,high,0.184,1.0,0.0,1.0,0.4,au15_mouth_down,0.128,4,11,anxiety,1.0,neutral,1,0.036,0.146,0.254,0.02,0.245,0.301,-0.253,1.0,0.244,-0.106,0.085,0.269,0.207,0.177,0.548,0.111,0.127,0.074,-0.141,0.737,1.0,0.035,1.0,1.0,-0.053,0.15,0.176,0.09,1.0,1.0,0.035,1.0,1.0,0.785,0.437,0.572,-0.003,0.103,1.0,-0.17,0.874,1.0,-0.207,0.244,0.749,0.34,0.968,0.288,-0.028,0.11,1.0,0.051,0.021,0.025,0.0,0.0,0.0,0.0,0.0,0.0,0.0,0.0,0.0,0.005,0.056,0.038,0.038,0.026,0.109,0.031,0.043,0.06,0.018,0.022,0.09,-0.481,1.0,1.0,-0.172,0.581,1.0,-0.227,0.272,0.07
20260304_135106,1772603562.9331894,0.3,0.267,0.346,0.141,0.4,0.751,0.495,0.0,0.029,0.676,0.132,0.029,0.885,0.0,0.0,0.249,0.294,-0.996,0.99,0.0,0.0,0,0.532,0.585,0.623,0.594,-0.038,-0.657,0.658,0.996,high,0.183,1.0,0.0,1.0,0.4,au15_mouth_down,0.132,2,13,anxiety,1.0,neutral,1,0.031,0.138,0.217,0.009,0.234,0.274,-0.267,1.0,0.271,-0.108,0.086,0.276,0.205,0.175,0.584,0.093,0.111,0.061,-0.141,0.753,1.0,0.036,1.0,1.0,-0.04,0.147,0.202,0.097,1.0,1.0,0.036,1.0,1.0,0.79,0.435,0.655,-0.0,0.094,1.0,-0.182,0.887,1.0,-0.205,0.245,0.811,0.276,0.859,0.204,-0.028,0.11,1.0,0.052,0.021,0.025,0.0,0.0,0.0,0.0,0.0,0.0,0.0,0.0,0.0,0.0,0.054,0.036,0.041,0.026,0.11,0.026,0.041,0.058,0.019,0.022,0.09,-0.396,1.0,1.0,-0.172,0.581,1.0,-0.176,0.251,0.095
20260304_135106,1772603562.964685,0.3,0.265,0.339,0.14,0.404,0.741,0.496,0.0,0.029,0.681,0.134,0.029,0.922,0.0,0.0,0.259,0.295,-0.996,0.989,0.0,0.0,0,0.532,0.585,0.623,0.594,-0.04,-0.651,0.652,0.996,high,0.182,1.0,0.0,1.0,0.4,au15_mouth_down,0.134,2,13,anxiety,1.0,neutral,1,0.026,0.132,0.188,-0.002,0.225,0.213,-0.28,1.0,0.297,-0.11,0.087,0.255,0.199,0.17,0.53,0.071,0.089,0.048,-0.141,0.771,1.0,0.036,1.0,1.0,-0.027,0.144,0.181,0.104,1.0,1.0,0.036,1.0,1.0,0.792,0.432,0.744,-0.001,0.094,1.0,-0.193,0.901,1.0,-0.199,0.243,0.751,0.207,0.743,0.123,-0.028,0.11,1.0,0.053,0.021,0.024,0.0,0.0,0.0,0.0,0.0,0.0,0.0,0.0,0.0,-0.005,0.052,0.032,0.044,0.027,0.111,0.022,0.038,0.054,0.019,0.022,0.089,-0.307,1.0,0.403,-0.171,0.58,1.0,-0.122,0.225,0.101
20260304_135106,1772603563.0127418,0.3,0.262,0.338,0.146,0.402,0.768,0.496,0.0,0.035,0.673,0.135,0.035,0.917,0.0,0.0,0.232,0.296,-0.996,0.989,0.0,0.0,0,0.532,0.585,0.622,0.594,-0.044,-0.652,0.653,0.997,high,0.19,1.0,0.0,1.0,0.4,au15_mouth_down,0.135,3,12,anxiety,1.0,neutral,1,0.019,0.124,0.154,-0.014,0.213,0.187,-0.294,1.0,0.243,-0.113,0.088,0.26,0.196,0.168,0.603,0.054,0.071,0.035,-0.141,0.788,1.0,0.036,1.0,1.0,-0.013,0.14,0.194,0.112,1.0,1.0,0.036,1.0,1.0,0.799,0.43,0.713,-0.002,0.094,1.0,-0.21,0.902,1.0,-0.196,0.243,0.868,0.142,0.64,0.056,-0.028,0.11,1.0,0.053,0.021,0.023,0.0,0.0,0.0,0.0,0.0,0.0,0.0,0.0,0.0,-0.009,0.05,0.029,0.046,0.028,0.11,0.017,0.036,0.048,0.019,0.022,0.086,-0.221,1.0,0.442,-0.171,0.579,1.0,-0.071,0.198,0.129
20260304_135106,1772603563.0378203,0.3,0.265,0.345,0.134,0.392,0.764,0.496,0.0,0.029,0.689,0.132,0.029,0.951,0.0,0.0,0.236,0.293,-0.996,0.989,0.0,0.0,0,0.531,0.584,0.621,0.591,-0.048,-0.656,0.657,0.993,high,0.174,1.0,0.0,1.0,0.4,au7_eye_squeeze,0.764,2,13,anxiety,1.0,neutral,1,0.013,0.114,0.166,-0.026,0.2,0.211,-0.309,0.994,0.407,-0.115,0.089,0.298,0.2,0.168,0.576,0.034,0.038,0.024,-0.141,0.805,1.0,0.036,1.0,1.0,0.002,0.137,0.141,0.118,1.0,1.0,0.036,1.0,1.0,0.797,0.426,0.788,-0.001,0.093,1.0,-0.218,0.92,1.0,-0.2,0.248,0.84,0.073,0.519,0.033,-0.028,0.11,1.0,0.054,0.021,0.023,0.0,0.0,0.0,0.0,0.0,0.0,0.0,0.0,0.0,-0.014,0.048,0.021,0.049,0.028,0.103,0.012,0.033,0.04,0.019,0.022,0.074,-0.129,1.0,0.485,-0.169,0.575,1.0,-0.016,0.159,0.169
20260304_135106,1772603563.085783,0.3,0.259,0.337,0.143,0.396,0.642,0.496,0.0,0.029,0.675,0.13,0.029,0.825,0.003,0.0,0.358,0.288,-0.997,0.989,0.0,0.0,0,0.528,0.578,0.619,0.586,-0.053,-0.674,0.676,0.996,high,0.185,1.0,0.0,1.0,0.4,,,,,anxiety,1.0,neutral,1,0.006,0.104,0.104,-0.039,0.188,0.143,-0.323,0.979,0.314,-0.118,0.09,0.28,0.193,0.166,0.151,0.027,0.031,0.018,-0.141,0.823,1.0,0.036,1.0,1.0,0.016,0.132,0.17,0.125,1.0,1.0,0.036,1.0,1.0,0.769,0.415,0.388,-0.0,0.092,0.247,-0.233,0.927,1.0,-0.193,0.246,0.224,0.019,0.443,0.12,-0.028,0.11,1.0,0.055,0.021,0.022,0.0,0.0,0.0,0.0,0.0,0.0,0.0,0.0,0.0,-0.019,0.046,0.007,0.051,0.028,0.083,0.007,0.031,0.031,0.018,0.022,0.056,-0.055,1.0,0.535,-0.17,0.575,1.0,0.025,0.138,0.248
20260304_135106,1772603563.1264424,0.3,0.257,0.336,0.136,0.394,0.577,0.495,0.0,0.032,0.665,0.123,0.032,0.937,0.018,0.0,0.423,0.283,-0.997,0.989,0.0,0.0,0,0.526,0.574,0.617,0.582,-0.054,-0.688,0.691,0.994,high,0.177,1.0,0.0,1.0,0.4,,,,,anxiety,1.0,neutral,1,-0.002,0.091,0.073,-0.053,0.173,0.119,-0.338,0.965,0.406,-0.12,0.091,0.282,0.185,0.165,0.073,0.024,0.03,0.013,-0.14,0.84,1.0,0.036,1.0,1.0,0.031,0.128,0.189,0.13,1.0,1.0,0.036,1.0,1.0,0.759,0.408,0.69,0.001,0.093,1.0,-0.241,0.944,1.0,-0.185,0.246,0.108,-0.031,0.375,0.192,-0.029,0.11,1.0,0.056,0.021,0.022,0.0,0.0,0.0,0.0,0.0,0.0,0.0,0.0,0.0,-0.024,0.044,0.004,0.053,0.028,0.068,0.002,0.028,0.021,0.018,0.022,0.04,0.016,1.0,0.537,-0.169,0.575,1.0,0.062,0.12,0.311
20260304_135106,1772603563.1722422,0.3,0.259,0.337,0.122,0.398,0.547,0.495,0.0,0.049,0.694,0.111,0.049,0.855,0.017,0.0,0.453,0.283,-0.997,0.988,0.0,0.0,0,0.525,0.572,0.616,0.581,-0.055,-0.689,0.691,0.99,high,0.159,1.0,0.0,1.0,0.4,,,,,anxiety,1.0,neutral,1,-0.008,0.081,0.077,-0.065,0.161,0.112,-0.355,0.952,0.581,-0.122,0.092,0.261,0.172,0.164,0.176,0.015,0.015,0.007,-0.14,0.859,1.0,0.038,1.0,1.0,0.048,0.123,0.101,0.135,1.0,1.0,0.038,1.0,1.0,0.759,0.406,0.441,0.002,0.094,1.0,-0.241,0.965,1.0,-0.172,0.244,0.263,-0.09,0.267,0.235,-0.029,0.11,1.0,0.057,0.021,0.02,0.0,0.0,0.0,0.0,0.0,0.0,0.0,0.0,0.0,-0.029,0.041,0.012,0.054,0.029,0.06,-0.003,0.025,0.015,0.017,0.022,0.035,0.095,1.0,0.546,-0.17,0.576,1.0,0.106,0.084,0.33
20260304_135106,1772603563.201772,0.3,0.25,0.324,0.104,0.413,0.53,0.496,0.0,0.051,0.673,0.103,0.051,0.774,0.014,0.0,0.47,0.288,-0.998,0.988,0.0,0.0,0,0.523,0.57,0.614,0.58,-0.063,-0.665,0.668,0.984,high,0.136,1.0,0.0,1.0,0.4,,,,,anxiety,1.0,neutral,1,-0.013,0.076,0.003,-0.076,0.153,0.022,-0.372,0.941,0.798,-0.126,0.093,0.191,0.169,0.164,0.228,0.013,0.014,0.009,-0.139,0.878,1.0,0.039,1.0,1.0,0.064,0.117,0.148,0.138,1.0,1.0,0.039,1.0,1.0,0.734,0.399,0.189,0.002,0.094,1.0,-0.251,0.981,1.0,-0.169,0.244,0.339,-0.123,0.225,0.232,-0.029,0.11,1.0,0.058,0.021,0.02,0.0,0.0,0.0,0.0,0.0,0.0,0.0,0.0,0.0,-0.033,0.04,0.019,0.055,0.029,0.053,-0.007,0.023,0.006,0.016,0.021,0.03,0.14,0.896,0.635,-0.171,0.578,1.0,0.121,0.082,0.255
20260304_135106,1772603563.2258198,0.3,0.248,0.322,0.077,0.419,0.534,0.496,0.0,0.056,0.687,0.095,0.056,0.957,0.027,0.0,0.466,0.28,-0.998,0.988,0.0,0.0,0,0.523,0.569,0.615,0.578,-0.051,-0.656,0.658,0.975,high,0.1,1.0,0.0,1.0,0.4,,,,,anxiety,1.0,neutral,1,-0.015,0.075,0.017,-0.082,0.15,0.002,-0.392,0.932,1.0,-0.131,0.093,0.165,0.171,0.165,0.211,0.012,0.013,0.01,-0.14,0.898,1.0,0.041,1.0,1.0,0.081,0.111,0.101,0.142,1.0,1.0,0.041,1.0,1.0,0.699,0.381,0.674,0.007,0.087,1.0,-0.254,1.0,1.0,-0.171,0.243,0.313,-0.151,0.197,0.295,-0.03,0.11,1.0,0.06,0.021,0.02,0.0,0.0,0.0,0.0,0.0,0.0,0.0,0.0,0.0,-0.037,0.039,0.024,0.056,0.029,0.047,-0.01,0.021,0.007,0.015,0.021,0.022,0.175,0.765,0.512,-0.175,0.583,1.0,0.132,0.081,0.219
20260304_135106,1772603563.2510145,0.3,0.249,0.316,0.063,0.416,0.528,0.496,0.0,0.029,0.745,0.083,0.029,0.88,0.051,0.0,0.472,0.281,-0.998,0.99,0.0,0.0,0,0.522,0.569,0.615,0.576,-0.043,-0.656,0.657,0.953,high,0.082,1.0,0.0,0.881,0.4,,,,,anxiety,1.0,neutral,1,-0.016,0.075,0.007,-0.085,0.149,0.043,-0.413,0.925,1.0,-0.136,0.093,0.179,0.17,0.165,0.225,0.012,0.013,0.01,-0.142,0.918,1.0,0.04,0.992,1.0,0.1,0.106,0.069,0.144,1.0,1.0,0.04,0.992,1.0,0.709,0.38,0.449,0.01,0.1,1.0,-0.264,1.0,1.0,-0.17,0.242,0.332,-0.17,0.186,0.298,-0.031,0.11,1.0,0.061,0.021,0.024,0.0,0.0,0.0,0.0,0.0,0.0,0.0,0.0,0.0,-0.041,0.038,0.029,0.056,0.029,0.045,-0.013,0.02,0.005,0.014,0.021,0.014,0.195,0.725,0.428,-0.181,0.588,1.0,0.138,0.082,0.215
20260304_135106,1772603563.2947123,0.3,0.25,0.319,0.053,0.419,0.543,0.496,0.0,0.031,0.754,0.073,0.031,0.96,0.039,0.0,0.457,0.277,-0.998,0.989,0.0,0.0,0,0.521,0.568,0.613,0.575,-0.042,-0.653,0.654,0.949,high,0.069,1.0,0.0,0.878,0.4,,,,,anxiety,1.0,neutral,1,-0.016,0.075,0.0,-0.086,0.149,0.02,-0.435,0.919,1.0,-0.142,0.093,0.167,0.174,0.165,0.17,0.012,0.013,0.009,-0.144,0.937,1.0,0.045,0.971,1.0,0.113,0.104,0.098,0.145,1.0,1.0,0.045,0.971,1.0,0.677,0.364,0.636,0.015,0.099,1.0,-0.265,1.0,1.0,-0.174,0.24,0.248,-0.183,0.182,0.326,-0.033,0.11,1.0,0.062,0.021,0.022,0.0,0.0,0.0,0.0,0.0,0.0,0.0,0.0,0.0,-0.044,0.037,0.033,0.057,0.029,0.041,-0.015,0.019,0.0,0.014,0.021,0.011,0.21,0.708,0.425,-0.188,0.593,1.0,0.143,0.082,0.203
20260304_135106,1772603563.3192365,0.3,0.245,0.311,0.052,0.418,0.539,0.496,0.0,0.024,0.736,0.071,0.024,0.914,0.054,0.0,0.461,0.279,-0.999,0.991,0.0,0.0,0,0.521,0.567,0.613,0.573,-0.036,-0.648,0.649,0.949,high,0.068,1.0,0.0,0.88,0.4,,,,,anxiety,1.0,neutral,1,-0.014,0.074,0.036,-0.085,0.149,0.067,-0.45,0.924,1.0,-0.146,0.093,0.171,0.179,0.164,0.178,0.013,0.013,0.01,-0.147,0.956,1.0,0.048,0.965,0.851,0.117,0.104,0.047,0.145,1.0,1.0,0.048,0.965,0.851,0.636,0.344,0.474,0.019,0.111,1.0,-0.265,1.0,1.0,-0.179,0.237,0.257,-0.192,0.181,0.319,-0.033,0.11,1.0,0.062,0.021,0.025,0.0,0.0,0.0,0.0,0.0,0.0,0.0,0.0,0.0,-0.046,0.037,0.034,0.057,0.029,0.038,-0.016,0.019,0.001,0.013,0.021,0.004,0.22,0.704,0.357,-0.194,0.596,1.0,0.148,0.083,0.185
20260304_135106,1772603563.336703,0.3,0.243,0.298,0.028,0.423,0.543,0.497,0.0,0.025,0.758,0.069,0.025,0.835,0.041,0.0,0.457,0.275,-0.999,0.991,0.0,0.0,0,0.52,0.567,0.612,0.573,-0.035,-0.635,0.636,0.942,high,0.036,1.0,0.0,0.883,0.4,,,,,anxiety,1.0,neutral,1,-0.013,0.073,0.051,-0.084,0.149,0.144,-0.458,0.938,1.0,-0.147,0.094,0.144,0.177,0.165,0.162,0.013,0.013,0.013,-0.149,0.976,1.0,0.051,0.958,1.0,0.113,0.103,0.106,0.146,1.0,1.0,0.051,0.958,1.0,0.591,0.326,0.232,0.021,0.117,1.0,-0.271,1.0,1.0,-0.177,0.237,0.234,-0.197,0.182,0.336,-0.034,0.111,1.0,0.061,0.021,0.024,0.0,0.0,0.0,0.0,0.0,0.0,0.0,0.0,0.0,-0.046,0.037,0.038,0.056,0.029,0.036,-0.016,0.019,0.005,0.013,0.021,0.001,0.225,0.706,0.347,-0.197,0.598,1.0,0.149,0.083,0.138
20260304_135106,1772603563.3573194,0.3,0.24,0.295,0.033,0.427,0.544,0.497,0.0,0.029,0.75,0.064,0.029,0.923,0.034,0.037,0.456,0.276,-0.999,0.991,0.0,0.0,0,0.519,0.567,0.612,0.572,-0.034,-0.635,0.636,0.943,high,0.043,1.0,0.0,0.884,0.4,,,,,anxiety,1.0,neutral,1,-0.01,0.07,0.071,-0.079,0.147,0.16,-0.459,0.955,1.0,-0.149,0.094,0.128,0.174,0.165,0.156,0.014,0.013,0.012,-0.152,0.993,1.0,0.051,0.937,1.0,0.111,0.103,0.08,0.146,1.0,1.0,0.051,0.937,1.0,0.548,0.305,0.435,0.023,0.12,1.0,-0.284,1.0,1.0,-0.174,0.237,0.224,-0.199,0.183,0.331,-0.033,0.109,1.0,0.06,0.02,0.024,0.0,0.0,0.0,0.0,0.0,0.0,0.0,0.0,0.0,-0.046,0.037,0.038,0.056,0.029,0.034,-0.015,0.019,0.006,0.014,0.021,0.001,0.225,0.707,0.342,-0.201,0.601,1.0,0.153,0.083,0.135
20260304_135106,1772603563.3760028,0.3,0.232,0.279,0.022,0.438,0.516,0.497,0.0,0.024,0.773,0.061,0.024,0.94,0.01,0.088,0.484,0.274,-0.999,0.991,0.0,0.0,0,0.518,0.566,0.611,0.571,-0.029,-0.624,0.625,0.953,high,0.029,1.0,0.0,0.971,0.4,,,,,anxiety,1.0,neutral,1,-0.008,0.069,0.134,-0.076,0.146,0.251,-0.455,0.973,1.0,-0.149,0.094,0.077,0.167,0.166,0.251,0.014,0.013,0.011,-0.156,1.0,1.0,0.05,0.917,0.809,0.108,0.102,0.139,0.146,1.0,1.0,0.05,0.917,0.809,0.504,0.283,0.447,0.023,0.12,1.0,-0.286,1.0,0.345,-0.167,0.237,0.361,-0.199,0.184,0.331,-0.032,0.107,1.0,0.058,0.02,0.023,0.0,0.0,0.0,0.0,0.0,0.0,0.0,0.0,0.0,-0.045,0.037,0.04,0.055,0.029,0.03,-0.013,0.019,0.008,0.014,0.021,0.004,0.223,0.704,0.29,-0.203,0.602,1.0,0.155,0.083,0.097
20260304_135106,1772603563.3939807,0.3,0.235,0.275,0.013,0.435,0.512,0.496,0.0,0.02,0.787,0.058,0.02,0.962,0.034,0.124,0.488,0.271,-1.0,0.992,0.0,0.0,0,0.518,0.565,0.61,0.571,-0.02,-0.626,0.627,0.95,high,0.017,1.0,0.0,0.97,0.4,,,,,anxiety,1.0,neutral,1,-0.007,0.068,0.108,-0.072,0.144,0.268,-0.449,0.992,1.0,-0.146,0.094,0.087,0.16,0.166,0.263,0.014,0.013,0.009,-0.158,1.0,1.0,0.049,0.899,0.34,0.103,0.1,0.171,0.145,1.0,1.0,0.049,0.899,0.34,0.504,0.282,0.491,0.025,0.123,1.0,-0.291,1.0,0.317,-0.16,0.238,0.378,-0.197,0.184,0.342,-0.031,0.104,1.0,0.056,0.02,0.024,0.0,0.0,0.0,0.0,0.0,0.0,0.0,0.0,0.0,-0.043,0.037,0.04,0.055,0.028,0.027,-0.012,0.019,0.008,0.015,0.021,0.005,0.221,0.7,0.197,-0.203,0.601,1.0,0.155,0.083,0.1
20260304_135106,1772603563.4480479,0.3,0.235,0.278,0.008,0.441,0.514,0.496,0.0,0.026,0.79,0.051,0.026,0.976,0.042,0.163,0.486,0.267,-1.0,0.993,0.0,0.0,0,0.518,0.566,0.61,0.57,-0.016,-0.622,0.622,0.952,high,0.01,1.0,0.0,1.0,0.4,,,,,anxiety,1.0,neutral,1,-0.005,0.067,0.097,-0.068,0.141,0.241,-0.439,1.0,1.0,-0.144,0.093,0.055,0.151,0.167,0.256,0.014,0.013,0.007,-0.16,1.0,1.0,0.048,0.88,0.96,0.099,0.099,0.175,0.144,1.0,1.0,0.048,0.88,0.96,0.505,0.281,0.516,0.027,0.129,1.0,-0.292,1.0,1.0,-0.151,0.238,0.367,-0.195,0.184,0.361,-0.029,0.101,1.0,0.054,0.019,0.025,0.0,0.0,0.0,0.0,0.0,0.0,0.0,0.0,0.0,-0.041,0.036,0.039,0.054,0.028,0.027,-0.01,0.018,0.008,0.015,0.021,0.008,0.218,0.696,0.162,-0.203,0.602,1.0,0.156,0.083,0.083
20260304_135106,1772603563.4760573,0.3,0.233,0.274,0.0,0.443,0.497,0.496,0.0,0.028,0.788,0.049,0.028,0.973,0.058,0.157,0.503,0.266,-1.0,0.992,0.0,0.0,0,0.517,0.565,0.609,0.57,-0.015,-0.616,0.616,0.95,high,0.0,1.0,0.0,1.0,0.4,,,,,anxiety,1.0,neutral,1,-0.003,0.065,0.109,-0.062,0.137,0.257,-0.429,1.0,1.0,-0.14,0.092,0.045,0.134,0.166,0.314,0.013,0.013,0.008,-0.163,1.0,1.0,0.048,0.86,1.0,0.093,0.097,0.163,0.143,1.0,0.881,0.048,0.86,1.0,0.49,0.274,0.484,0.03,0.139,1.0,-0.296,1.0,0.842,-0.134,0.237,0.452,-0.193,0.183,0.361,-0.028,0.097,1.0,0.052,0.019,0.021,0.0,0.0,0.0,0.0,0.0,0.0,0.0,0.0,0.0,-0.038,0.035,0.038,0.053,0.028,0.022,-0.008,0.017,0.01,0.016,0.02,0.007,0.215,0.688,0.149,-0.203,0.601,1.0,0.157,0.083,0.063
20260304_135106,1772603563.514861,0.3,0.228,0.267,0.0,0.451,0.499,0.497,0.0,0.029,0.802,0.043,0.029,0.871,0.049,0.183,0.501,0.265,-1.0,0.993,0.0,0.0,0,0.517,0.565,0.609,0.569,-0.012,-0.604,0.604,0.95,high,0.0,1.0,0.0,1.0,0.4,,,,,anxiety,1.0,neutral,1,-0.002,0.064,0.151,-0.056,0.132,0.29,-0.416,1.0,1.0,-0.135,0.091,0.005,0.12,0.165,0.309,0.013,0.013,0.01,-0.165,1.0,1.0,0.047,0.841,1.0,0.089,0.095,0.194,0.141,1.0,0.477,0.047,0.841,1.0,0.477,0.271,0.211,0.033,0.146,1.0,-0.285,1.0,1.0,-0.12,0.237,0.445,-0.19,0.183,0.359,-0.026,0.093,1.0,0.05,0.018,0.022,0.0,0.0,0.0,0.0,0.0,0.0,0.0,0.0,0.0,-0.035,0.033,0.037,0.052,0.028,0.021,-0.006,0.017,0.01,0.017,0.02,0.008,0.21,0.679,0.117,-0.199,0.598,1.0,0.155,0.083,0.019
20260304_135106,1772603563.5443745,0.3,0.224,0.266,0.0,0.457,0.494,0.498,0.0,0.027,0.803,0.043,0.027,0.884,0.054,0.21,0.506,0.265,-1.0,0.992,0.0,0.0,0,0.516,0.564,0.608,0.569,-0.008,-0.589,0.589,0.95,high,0.0,1.0,0.0,1.0,0.4,,,,,anxiety,1.0,neutral,1,-0.002,0.064,0.176,-0.053,0.13,0.291,-0.402,1.0,1.0,-0.129,0.09,0.025,0.1,0.163,0.328,0.012,0.012,0.013,-0.166,1.0,1.0,0.047,0.822,0.902,0.088,0.095,0.193,0.139,1.0,0.449,0.047,0.822,0.902,0.465,0.268,0.234,0.035,0.153,1.0,-0.269,1.0,1.0,-0.1,0.234,0.474,-0.186,0.181,0.348,-0.025,0.089,1.0,0.047,0.018,0.018,0.0,0.0,0.0,0.0,0.0,0.0,0.0,0.0,0.0,-0.032,0.032,0.037,0.051,0.028,0.02,-0.004,0.016,0.011,0.017,0.02,0.009,0.206,0.669,0.078,-0.194,0.592,1.0,0.15,0.082,0.032
20260304_135106,1772603563.5714278,0.3,0.227,0.265,0.0,0.454,0.49,0.497,0.0,0.026,0.819,0.04,0.026,0.921,0.024,0.184,0.51,0.26,-1.0,0.993,0.0,0.0,0,0.516,0.564,0.607,0.568,-0.005,-0.597,0.597,0.95,high,0.0,1.0,0.0,1.0,0.4,,,,,anxiety,1.0,neutral,1,-0.004,0.065,0.148,-0.05,0.129,0.286,-0.387,1.0,1.0,-0.123,0.088,0.014,0.079,0.16,0.346,0.011,0.012,0.009,-0.167,1.0,1.0,0.046,0.804,0.753,0.085,0.094,0.228,0.136,1.0,0.23,0.046,0.804,0.753,0.453,0.264,0.314,0.036,0.154,1.0,-0.25,1.0,1.0,-0.079,0.231,0.501,-0.182,0.179,0.371,-0.024,0.086,1.0,0.045,0.017,0.019,0.0,0.0,0.0,0.0,0.0,0.0,0.0,0.0,0.0,-0.029,0.03,0.037,0.05,0.027,0.018,-0.003,0.015,0.012,0.018,0.02,0.012,0.2,0.655,0.054,-0.188,0.586,1.0,0.147,0.082,0.008
20260304_135106,1772603563.6069827,0.3,0.224,0.267,0.0,0.46,0.526,0.498,0.0,0.019,0.851,0.035,0.019,0.938,0.058,0.178,0.474,0.261,-1.0,0.992,0.0,0.0,0,0.515,0.565,0.605,0.569,-0.018,-0.574,0.574,0.95,high,0.0,1.0,0.0,1.0,0.4,,,,,anxiety,1.0,neutral,1,-0.005,0.065,0.171,-0.048,0.128,0.268,-0.37,1.0,1.0,-0.116,0.086,0.046,0.061,0.157,0.225,0.01,0.011,0.013,-0.166,1.0,1.0,0.044,0.788,0.018,0.083,0.093,0.309,0.134,1.0,0.034,0.044,0.788,0.018,0.428,0.255,0.338,0.039,0.162,1.0,-0.234,1.0,1.0,-0.061,0.228,0.327,-0.177,0.176,0.351,-0.022,0.084,1.0,0.042,0.016,0.016,0.0,0.0,0.0,0.0,0.0,0.0,0.0,0.0,0.0,-0.027,0.029,0.038,0.049,0.027,0.018,-0.001,0.015,0.02,0.019,0.02,0.007,0.192,0.636,0.181,-0.18,0.577,1.0,0.141,0.081,0.085
20260304_135106,1772603563.6359222,0.3,0.228,0.269,0.0,0.449,0.542,0.497,0.0,0.041,0.833,0.037,0.041,0.913,0.044,0.143,0.458,0.258,-1.0,0.992,0.0,0.0,0,0.514,0.565,0.605,0.569,-0.018,-0.591,0.591,0.95,high,0.0,1.0,0.0,1.0,0.4,,,,,anxiety,1.0,neutral,1,-0.007,0.066,0.14,-0.046,0.127,0.247,-0.354,1.0,1.0,-0.11,0.083,0.004,0.047,0.156,0.174,0.009,0.01,0.009,-0.164,1.0,1.0,0.045,0.772,1.0,0.08,0.092,0.252,0.131,1.0,0.009,0.045,0.772,1.0,0.41,0.25,0.259,0.041,1.0,1.0,-0.207,1.0,0.722,-0.047,0.227,0.254,-0.172,0.174,0.358,-0.021,0.081,1.0,0.039,0.016,0.016,0.0,0.0,0.0,0.0,0.0,0.0,0.0,0.0,0.0,-0.024,0.028,0.04,0.047,0.027,0.019,-0.0,0.014,0.02,0.019,0.02,0.007,0.184,0.616,0.181,-0.173,0.568,1.0,0.136,0.081,0.029
20260304_135106,1772603563.6669612,0.3,0.224,0.265,0.0,0.454,0.545,0.498,0.0,0.017,0.87,0.034,0.017,0.9,0.021,0.179,0.455,0.261,-1.0,0.992,0.0,0.0,0,0.513,0.565,0.604,0.569,-0.016,-0.576,0.576,0.95,high,0.0,1.0,0.0,1.0,0.4,,,,,anxiety,1.0,neutral,1,-0.009,0.066,0.169,-0.045,0.127,0.265,-0.337,1.0,1.0,-0.102,0.08,0.03,0.032,0.153,0.165,0.007,0.009,0.012,-0.161,1.0,1.0,0.043,0.757,0.261,0.084,0.092,0.346,0.128,1.0,0.151,0.043,0.757,0.261,0.402,0.248,0.218,0.041,1.0,1.0,-0.176,0.976,1.0,-0.032,0.224,0.243,-0.166,0.17,0.329,-0.02,0.079,1.0,0.036,0.015,0.014,0.0,0.0,0.0,0.0,0.0,0.0,0.0,0.0,0.0,-0.022,0.026,0.038,0.046,0.026,0.017,0.001,0.014,0.02,0.019,0.02,0.006,0.176,0.595,0.162,-0.163,0.555,1.0,0.129,0.08,0.083
20260304_135106,1772603563.6980538,0.3,0.226,0.267,0.0,0.456,0.532,0.498,0.0,0.036,0.848,0.035,0.036,0.824,0.02,0.165,0.468,0.257,-1.0,0.992,0.0,0.0,0,0.513,0.565,0.604,0.57,-0.014,-0.579,0.58,0.95,high,0.0,1.0,0.0,1.0,0.4,,,,,anxiety,1.0,neutral,1,-0.01,0.067,0.152,-0.043,0.126,0.249,-0.32,1.0,1.0,-0.095,0.078,0.042,0.016,0.151,0.215,0.006,0.009,0.009,-0.158,1.0,1.0,0.043,0.74,1.0,0.082,0.092,0.276,0.125,1.0,0.13,0.043,0.74,1.0,0.385,0.245,0.023,0.04,1.0,1.0,-0.155,0.968,1.0,-0.016,0.222,0.317,-0.161,0.166,0.343,-0.019,0.075,1.0,0.033,0.014,0.013,0.0,0.0,0.0,0.0,0.0,0.0,0.0,0.0,0.0,-0.019,0.025,0.037,0.044,0.026,0.016,0.001,0.014,0.019,0.019,0.02,0.004,0.168,0.573,0.144,-0.154,0.544,1.0,0.123,0.079,0.072
20260304_135106,1772603563.7301054,0.3,0.229,0.266,0.0,0.459,0.525,0.497,0.0,0.038,0.858,0.034,0.038,0.921,0.033,0.186,0.475,0.255,-1.0,0.992,0.0,0.0,0,0.513,0.566,0.604,0.57,-0.008,-0.575,0.575,0.95,high,0.0,1.0,0.0,1.0,0.4,,,,,anxiety,1.0,neutral,1,-0.01,0.067,0.126,-0.04,0.124,0.249,-0.302,1.0,1.0,-0.088,0.076,0.058,-0.001,0.148,0.242,0.005,0.008,0.006,-0.155,1.0,1.0,0.043,0.723,1.0,0.081,0.091,0.296,0.122,1.0,0.173,0.043,0.723,1.0,0.392,0.245,0.26,0.041,1.0,1.0,-0.132,0.959,1.0,0.001,0.219,0.358,-0.154,0.162,0.348,-0.018,0.072,1.0,0.03,0.013,0.011,0.0,0.0,0.0,0.0,0.0,0.0,0.0,0.0,0.0,-0.017,0.024,0.037,0.043,0.025,0.018,0.002,0.014,0.018,0.02,0.02,0.002,0.159,0.547,0.078,-0.145,0.535,1.0,0.117,0.079,0.088
20260304_135106,1772603563.7657447,0.3,0.234,0.269,0.0,0.456,0.536,0.497,0.0,0.03,0.863,0.033,0.03,0.937,0.041,0.208,0.464,0.254,-1.0,0.991,0.0,0.0,0,0.512,0.566,0.604,0.57,-0.008,-0.58,0.58,0.95,high,0.0,1.0,0.0,1.0,0.4,,,,,anxiety,1.0,neutral,1,-0.011,0.067,0.084,-0.036,0.122,0.218,-0.284,1.0,1.0,-0.081,0.073,0.049,-0.015,0.147,0.207,0.004,0.007,0.004,-0.152,1.0,1.0,0.042,0.705,0.916,0.079,0.09,0.301,0.119,1.0,0.238,0.042,0.705,0.916,0.365,0.235,0.281,0.043,1.0,1.0,-0.111,0.955,1.0,0.015,0.217,0.307,-0.148,0.157,0.342,-0.016,0.069,1.0,0.027,0.012,0.008,0.0,0.0,0.0,0.0,0.0,0.0,0.0,0.0,0.0,-0.015,0.023,0.037,0.041,0.025,0.018,0.003,0.013,0.017,0.02,0.02,0.002,0.151,0.523,0.075,-0.136,0.524,1.0,0.111,0.078,0.074
20260304_135106,1772603563.809111,0.3,0.228,0.261,0.0,0.46,0.536,0.497,0.0,0.046,0.842,0.037,0.046,0.907,0.045,0.276,0.464,0.254,-1.0,0.992,0.0,0.0,0,0.513,0.566,0.604,0.57,-0.007,-0.577,0.577,0.95,high,0.0,1.0,0.0,1.0,0.4,,,,,anxiety,1.0,neutral,1,-0.011,0.068,0.131,-0.032,0.119,0.266,-0.265,1.0,1.0,-0.075,0.072,0.072,-0.03,0.145,0.207,0.003,0.006,0.003,-0.149,1.0,1.0,0.042,0.691,1.0,0.075,0.088,0.236,0.116,1.0,0.068,0.042,0.691,1.0,0.374,0.236,0.204,0.044,1.0,1.0,-0.085,0.955,1.0,0.03,0.215,0.308,-0.142,0.153,0.333,-0.015,0.064,1.0,0.024,0.011,0.008,0.0,0.0,0.0,0.0,0.0,0.0,0.0,0.0,0.0,-0.013,0.022,0.034,0.039,0.024,0.016,0.003,0.013,0.016,0.02,0.02,0.002,0.143,0.499,0.065,-0.129,0.519,1.0,0.106,0.078,0.084
20260304_135106,1772603563.831682,0.3,0.228,0.262,0.0,0.457,0.538,0.497,0.0,0.057,0.818,0.039,0.057,0.925,0.046,0.254,0.462,0.257,-1.0,0.992,0.0,0.0,0,0.512,0.566,0.604,0.57,-0.012,-0.583,0.583,0.95,high,0.0,1.0,0.0,1.0,0.4,,,,,anxiety,1.0,neutral,1,-0.012,0.068,0.131,-0.029,0.117,0.251,-0.246,1.0,1.0,-0.068,0.069,0.06,-0.046,0.143,0.206,0.002,0.005,0.001,-0.146,1.0,1.0,0.043,0.685,1.0,0.072,0.087,0.165,0.113,1.0,0.008,0.043,0.685,1.0,0.359,0.231,0.238,0.046,1.0,1.0,-0.059,0.952,1.0,0.046,0.213,0.308,-0.136,0.148,0.298,-0.013,0.059,1.0,0.021,0.01,0.007,0.0,0.0,0.0,0.0,0.0,0.0,0.0,0.0,0.0,-0.011,0.021,0.033,0.037,0.024,0.016,0.004,0.013,0.017,0.02,0.02,0.002,0.134,0.471,0.123,-0.122,0.51,1.0,0.101,0.077,0.065
20260304_135106,1772603563.8819666,0.3,0.232,0.27,0.0,0.452,0.547,0.497,0.0,0.031,0.832,0.043,0.031,0.93,0.049,0.253,0.453,0.252,-1.0,0.992,0.0,0.0,0,0.512,0.566,0.604,0.57,-0.005,-0.588,0.588,0.95,high,0.0,1.0,0.0,1.0,0.4,au7_eye_squeeze,0.547,2,13,anxiety,1.0,neutral,1,-0.011,0.068,0.095,-0.025,0.114,0.192,-0.227,1.0,1.0,-0.062,0.067,0.04,-0.055,0.142,0.175,0.001,0.004,0.0,-0.142,1.0,1.0,0.042,0.668,0.843,0.068,0.086,0.197,0.111,1.0,0.212,0.042,0.668,0.843,0.339,0.225,0.236,0.048,1.0,1.0,-0.038,0.953,1.0,0.055,0.212,0.262,-0.13,0.143,0.321,-0.012,0.054,1.0,0.018,0.01,0.006,0.0,0.0,0.0,0.0,0.0,0.0,0.0,0.0,0.0,-0.01,0.02,0.031,0.036,0.023,0.015,0.004,0.013,0.018,0.02,0.02,0.002,0.126,0.445,0.052,-0.115,0.503,1.0,0.096,0.077,0.048
20260304_135106,1772603563.9131408,0.3,0.232,0.273,0.0,0.453,0.555,0.496,0.0,0.047,0.821,0.043,0.047,0.942,0.034,0.218,0.445,0.25,-1.0,0.991,0.0,0.0,0,0.511,0.567,0.604,0.57,-0.007,-0.587,0.587,0.947,high,0.0,1.0,0.0,1.0,0.4,au7_eye_squeeze,0.555,2,13,anxiety,1.0,neutral,1,-0.01,0.067,0.088,-0.021,0.111,0.163,-0.21,1.0,1.0,-0.057,0.066,0.047,-0.064,0.142,0.151,-0.0,0.004,0.001,-0.139,1.0,1.0,0.042,0.654,1.0,0.064,0.084,0.163,0.108,1.0,0.179,0.042,0.654,1.0,0.346,0.226,0.261,0.048,1.0,1.0,-0.014,0.946,1.0,0.064,0.212,0.226,-0.125,0.137,0.322,-0.01,0.047,1.0,0.016,0.009,0.004,0.0,0.0,0.0,0.0,0.0,0.0,0.0,0.0,0.0,-0.008,0.019,0.033,0.034,0.022,0.015,0.005,0.013,0.017,0.02,0.02,0.001,0.118,0.416,0.074,-0.109,0.497,1.0,0.092,0.077,0.052
20260304_135106,1772603563.9419746,0.3,0.252,0.309,0.0,0.428,0.838,0.497,0.0,0.013,0.85,0.041,0.013,0.984,0.05,0.127,0.162,0.249,-1.0,0.991,0.0,0.0,0,0.515,0.573,0.602,0.576,0.007,-0.565,0.565,0.934,high,0.0,1.0,0.0,0.93,0.4,au7_eye_squeeze,0.838,2,13,anxiety,1.0,neutral,1,-0.008,0.066,0.074,-0.014,0.108,0.091,-0.192,1.0,1.0,-0.055,0.066,0.063,-0.052,0.146,0.794,-0.001,0.003,0.001,-0.135,1.0,1.0,0.04,0.643,0.873,0.062,0.083,0.233,0.105,1.0,0.033,0.04,0.643,0.873,0.352,0.225,0.355,0.05,1.0,1.0,-0.001,0.946,0.657,0.052,0.222,1.0,-0.119,0.132,0.321,-0.009,0.041,1.0,0.013,0.008,0.004,0.073,0.052,1.0,0.002,0.035,0.333,0.0,0.0,0.0,-0.006,0.018,0.018,0.033,0.022,0.036,0.005,0.013,0.023,0.02,0.02,0.018,0.11,0.389,0.07,-0.102,0.495,1.0,0.087,0.077,0.125
20260304_135106,1772603563.9836426,0.3,0.25,0.303,0.0,0.446,0.869,0.496,0.0,0.002,0.857,0.05,0.002,0.961,0.011,0.067,0.131,0.247,-1.0,0.989,0.0,0.0,0,0.515,0.578,0.603,0.584,0.013,-0.556,0.556,0.748,high,0.0,1.0,0.0,0.933,0.214,au7_eye_squeeze,0.869,3,12,anxiety,0.535,neutral,1,-0.006,0.066,0.062,-0.009,0.105,0.053,-0.176,1.0,1.0,-0.052,0.065,0.022,-0.036,0.152,0.881,-0.001,0.003,0.004,-0.131,1.0,1.0,0.037,0.641,1.0,0.064,0.084,0.245,0.103,1.0,0.462,0.037,0.641,1.0,0.354,0.225,0.293,0.049,1.0,0.435,0.006,0.954,0.591,0.036,0.234,1.0,-0.114,0.127,0.324,-0.008,0.036,1.0,0.011,0.007,0.002,0.145,0.073,0.983,0.007,0.078,1.0,0.0,0.0,0.0,-0.005,0.017,0.018,0.032,0.021,0.051,0.005,0.013,0.019,0.021,0.02,0.044,0.105,0.369,0.131,-0.093,0.492,1.0,0.081,0.077,0.157
20260304_135106,1772603564.0112312,0.3,0.253,0.311,0.0,0.435,0.86,0.496,0.0,0.0,0.811,0.075,0.0,0.745,0.001,0.0,0.14,0.241,-1.0,0.989,0.0,0.0,0,0.515,0.58,0.601,0.584,0.021,-0.568,0.568,0.722,high,0.0,0.969,0.0,0.938,0.195,au7_eye_squeeze,0.86,4,11,fatigue,0.513,neutral,1,-0.003,0.065,0.093,-0.002,0.102,0.11,-0.162,1.0,1.0,-0.05,0.065,0.029,-0.024,0.157,0.831,-0.002,0.002,0.005,-0.126,1.0,1.0,0.033,0.641,1.0,0.063,0.083,0.12,0.103,1.0,1.0,0.033,0.641,1.0,0.334,0.224,0.229,0.047,1.0,1.0,0.003,0.975,1.0,0.024,0.245,1.0,-0.109,0.123,0.355,-0.007,0.032,1.0,0.009,0.007,0.003,0.215,0.088,0.967,0.014,0.13,1.0,0.0,0.0,0.0,-0.004,0.017,0.016,0.031,0.021,0.058,0.005,0.013,0.023,0.021,0.02,0.047,0.1,0.349,0.213,-0.087,0.49,1.0,0.076,0.077,0.115
20260304_135106,1772603564.0458515,0.3,0.256,0.32,0.0,0.417,0.857,0.491,0.0,0.011,0.776,0.083,0.011,0.933,0.0,0.0,0.143,0.231,-1.0,0.989,0.0,0.0,0,0.514,0.582,0.6,0.585,0.015,-0.6,0.601,0.749,high,0.0,1.0,0.0,0.944,0.216,au7_eye_squeeze,0.857,4,11,anxiety,0.539,neutral,1,0.001,0.063,0.118,0.005,0.1,0.18,-0.148,1.0,1.0,-0.05,0.064,0.107,-0.009,0.161,0.807,-0.002,0.003,0.022,-0.12,1.0,1.0,0.031,0.631,1.0,0.058,0.083,0.024,0.103,1.0,1.0,0.031,0.631,1.0,0.278,0.195,0.196,0.045,1.0,1.0,0.006,0.995,1.0,0.009,0.256,1.0,-0.106,0.12,0.415,-0.006,0.028,1.0,0.007,0.006,0.004,0.283,0.101,0.95,0.024,0.189,1.0,0.0,0.0,0.0,-0.003,0.017,0.02,0.03,0.02,0.061,0.005,0.013,0.027,0.022,0.02,0.046,0.096,0.333,0.153,-0.083,0.487,1.0,0.074,0.077,0.008
20260304_135106,1772603564.0735312,0.3,0.265,0.342,0.0,0.405,0.836,0.493,0.0,0.025,0.786,0.094,0.025,0.83,0.0,0.0,0.164,0.231,-1.0,0.987,0.0,0.0,0,0.511,0.582,0.599,0.586,0.009,-0.612,0.612,0.938,high,0.0,1.0,0.0,1.0,0.4,au7_eye_squeeze,0.836,6,9,anxiety,1.0,neutral,1,0.005,0.062,0.196,0.013,0.099,0.329,-0.135,1.0,1.0,-0.049,0.064,0.16,0.009,0.165,0.727,-0.003,0.003,0.016,-0.114,1.0,1.0,0.029,0.614,0.17,0.055,0.082,0.049,0.103,1.0,1.0,0.029,0.614,0.17,0.213,0.162,0.071,0.042,1.0,1.0,0.009,1.0,1.0,-0.009,0.264,1.0,-0.103,0.117,0.401,-0.005,0.025,1.0,0.005,0.005,0.007,0.35,0.111,0.934,0.036,0.255,1.0,0.0,0.0,0.0,-0.002,0.016,0.029,0.029,0.02,0.058,0.004,0.013,0.031,0.022,0.02,0.05,0.092,0.321,0.094,-0.079,0.481,1.0,0.07,0.076,0.029
20260304_135106,1772603564.098815,0.3,0.266,0.334,0.0,0.406,0.814,0.492,0.0,0.031,0.789,0.096,0.031,0.736,0.0,0.0,0.186,0.227,-1.0,0.986,0.0,0.0,0,0.51,0.581,0.6,0.587,0.014,-0.621,0.621,0.923,high,0.0,0.956,0.0,1.0,0.4,au7_eye_squeeze,0.814,6,9,anxiety,1.0,neutral,1,0.009,0.062,0.197,0.018,0.099,0.275,-0.123,1.0,1.0,-0.047,0.064,0.151,0.024,0.168,0.645,-0.003,0.003,0.019,-0.107,1.0,1.0,0.028,0.597,0.627,0.051,0.081,0.054,0.104,1.0,1.0,0.028,0.597,0.627,0.179,0.158,0.296,0.04,1.0,1.0,0.018,1.0,1.0,-0.024,0.271,1.0,-0.1,0.114,0.422,-0.004,0.023,1.0,0.003,0.005,0.009,0.415,0.121,0.918,0.035,0.255,1.0,0.0,0.0,0.0,-0.002,0.016,0.032,0.028,0.02,0.056,0.004,0.013,0.026,0.023,0.02,0.055,0.089,0.311,0.136,-0.073,0.47,1.0,0.065,0.074,0.054
20260304_135106,1772603564.1344218,0.3,0.272,0.343,0.0,0.397,0.79,0.492,0.0,0.02,0.795,0.098,0.02,0.95,0.0,0.0,0.21,0.224,-1.0,0.987,0.0,0.0,0,0.511,0.581,0.6,0.587,0.019,-0.627,0.628,0.931,high,0.0,1.0,0.0,1.0,0.4,,,,,anxiety,1.0,neutral,1,0.012,0.063,0.249,0.024,0.101,0.338,-0.113,1.0,1.0,-0.045,0.062,0.186,0.037,0.17,0.558,-0.004,0.003,0.018,-0.1,1.0,1.0,0.026,0.583,0.333,0.048,0.081,0.067,0.104,1.0,1.0,0.026,0.583,0.333,0.135,0.133,0.184,0.038,1.0,1.0,0.028,1.0,1.0,-0.037,0.277,0.901,-0.097,0.111,0.434,-0.004,0.021,1.0,0.002,0.005,0.009,0.478,0.129,0.902,0.034,0.255,1.0,0.0,0.0,0.0,-0.001,0.016,0.028,0.028,0.019,0.055,0.004,0.013,0.024,0.023,0.021,0.051,0.087,0.304,0.186,-0.066,0.452,1.0,0.058,0.072,0.071
20260304_135106,1772603564.163504,0.3,0.265,0.331,0.0,0.402,0.783,0.493,0.0,0.024,0.815,0.099,0.024,0.968,0.0,0.0,0.217,0.227,-1.0,0.986,0.0,0.0,0,0.512,0.58,0.601,0.587,0.016,-0.622,0.622,0.918,high,0.0,1.0,0.0,0.938,0.4,,,,,anxiety,1.0,neutral,1,0.015,0.063,0.19,0.029,0.101,0.253,-0.103,1.0,1.0,-0.043,0.061,0.159,0.052,0.172,0.529,-0.004,0.003,0.013,-0.093,1.0,1.0,0.024,0.567,0.039,0.044,0.08,0.116,0.105,0.996,1.0,0.024,0.567,0.039,0.128,0.131,0.218,0.036,1.0,1.0,0.026,1.0,1.0,-0.052,0.281,0.86,-0.094,0.107,0.4,-0.003,0.019,1.0,-0.0,0.004,0.01,0.54,0.136,0.886,0.033,0.255,1.0,0.0,0.0,0.0,-0.001,0.016,0.024,0.027,0.019,0.048,0.003,0.013,0.021,0.024,0.021,0.052,0.084,0.294,0.159,-0.058,0.436,1.0,0.052,0.069,0.048
20260304_135106,1772603564.1999457,0.3,0.263,0.328,0.0,0.403,0.808,0.493,0.0,0.024,0.797,0.098,0.024,0.936,0.019,0.0,0.192,0.231,-1.0,0.987,0.0,0.0,0,0.512,0.58,0.603,0.587,0.016,-0.619,0.619,0.914,high,0.0,1.0,0.0,0.933,0.4,,,,,anxiety,1.0,neutral,1,0.017,0.064,0.17,0.032,0.101,0.227,-0.095,1.0,1.0,-0.039,0.059,0.147,0.068,0.174,0.603,-0.004,0.003,0.014,-0.086,1.0,1.0,0.022,0.551,0.039,0.039,0.079,0.066,0.105,0.974,1.0,0.022,0.551,0.039,0.116,0.128,0.137,0.036,1.0,0.7,0.023,1.0,1.0,-0.068,0.287,0.986,-0.091,0.104,0.363,-0.003,0.017,1.0,-0.002,0.004,0.009,0.6,0.143,0.871,0.032,0.255,1.0,0.0,0.0,0.0,-0.0,0.016,0.023,0.027,0.019,0.046,0.003,0.013,0.016,0.024,0.021,0.05,0.082,0.288,0.158,-0.05,0.416,1.0,0.044,0.066,0.034
20260304_135106,1772603564.2297661,0.3,0.259,0.321,0.0,0.411,0.78,0.493,0.0,0.029,0.763,0.101,0.029,0.911,0.024,0.0,0.22,0.231,-1.0,0.986,0.0,0.0,0,0.513,0.579,0.602,0.587,0.016,-0.617,0.617,0.909,high,0.0,1.0,0.0,0.926,0.4,au15_mouth_down,0.101,6,9,anxiety,1.0,neutral,1,0.018,0.064,0.134,0.034,0.102,0.177,-0.089,1.0,1.0,-0.035,0.056,0.105,0.085,0.175,0.51,-0.004,0.003,0.014,-0.08,1.0,1.0,0.021,0.534,0.363,0.031,0.077,0.026,0.105,0.953,1.0,0.021,0.534,0.363,0.121,0.128,0.079,0.035,1.0,1.0,0.021,1.0,1.0,-0.085,0.29,0.839,-0.088,0.101,0.358,-0.003,0.016,1.0,-0.003,0.004,0.012,0.659,0.149,0.856,0.031,0.255,1.0,0.0,0.0,0.0,0.0,0.016,0.017,0.027,0.019,0.043,0.003,0.013,0.017,0.025,0.021,0.051,0.08,0.281,0.16,-0.04,0.389,1.0,0.035,0.062,0.021
20260304_135106,1772603564.26203,0.3,0.261,0.32,0.0,0.417,0.759,0.494,0.0,0.029,0.784,0.097,0.029,0.867,0.027,0.0,0.241,0.232,-1.0,0.987,0.0,0.0,0,0.513,0.578,0.603,0.586,0.018,-0.613,0.614,0.904,high,0.0,1.0,0.0,0.921,0.4,,,,,anxiety,1.0,neutral,1,0.019,0.065,0.148,0.035,0.102,0.17,-0.083,1.0,1.0,-0.031,0.053,0.073,0.099,0.176,0.438,-0.004,0.003,0.011,-0.074,1.0,1.0,0.019,0.517,0.282,0.027,0.077,0.025,0.105,0.932,1.0,0.019,0.517,0.282,0.112,0.127,0.025,0.035,1.0,1.0,0.016,1.0,1.0,-0.099,0.293,0.724,-0.085,0.098,0.335,-0.002,0.015,1.0,-0.004,0.004,0.01,0.715,0.154,0.84,0.031,0.255,1.0,0.0,0.0,0.0,0.001,0.015,0.018,0.026,0.019,0.038,0.003,0.013,0.013,0.025,0.021,0.046,0.078,0.275,0.18,-0.031,0.366,1.0,0.027,0.059,0.006
20260304_135106,1772603564.311309,0.3,0.266,0.326,0.0,0.415,0.738,0.494,0.0,0.011,0.794,0.095,0.011,0.947,0.023,0.0,0.262,0.23,-1.0,0.985,0.0,0.0,0,0.513,0.577,0.604,0.586,0.019,-0.615,0.615,0.901,high,0.0,1.0,0.0,0.916,0.4,,,,,anxiety,1.0,neutral,1,0.02,0.065,0.192,0.037,0.102,0.205,-0.078,1.0,1.0,-0.028,0.051,0.078,0.112,0.177,0.367,-0.004,0.003,0.01,-0.069,1.0,1.0,0.016,0.506,1.0,0.024,0.076,0.051,0.105,0.912,1.0,0.016,0.506,1.0,0.11,0.126,0.154,0.035,1.0,1.0,0.006,1.0,1.0,-0.112,0.295,0.608,-0.083,0.095,0.345,-0.002,0.014,1.0,-0.005,0.003,0.014,0.77,0.159,0.825,0.03,0.255,1.0,0.0,0.0,0.0,0.001,0.015,0.016,0.026,0.019,0.034,0.004,0.013,0.012,0.026,0.021,0.046,0.077,0.272,0.185,-0.023,0.345,1.0,0.019,0.056,0.007
20260304_135106,1772603564.345992,0.3,0.261,0.323,0.0,0.42,0.648,0.494,0.0,0.03,0.782,0.088,0.03,0.847,0.014,0.0,0.352,0.226,-1.0,0.983,0.0,0.0,0,0.513,0.572,0.602,0.583,0.019,-0.622,0.622,0.897,high,0.0,1.0,0.0,0.912,0.4,,,,,anxiety,1.0,neutral,1,0.021,0.066,0.144,0.039,0.103,0.184,-0.074,1.0,1.0,-0.025,0.05,0.051,0.12,0.177,0.075,-0.004,0.003,0.011,-0.065,1.0,1.0,0.015,0.489,0.392,0.022,0.076,0.018,0.104,0.891,1.0,0.015,0.489,0.392,0.096,0.125,0.078,0.034,1.0,0.161,0.0,1.0,1.0,-0.12,0.294,0.125,-0.081,0.093,0.365,-0.002,0.014,1.0,-0.007,0.003,0.016,0.824,0.164,0.811,0.029,0.255,1.0,0.0,0.0,0.0,0.002,0.015,0.016,0.025,0.018,0.016,0.004,0.013,0.017,0.026,0.021,0.032,0.077,0.27,0.189,-0.016,0.327,1.0,0.012,0.053,0.026
20260304_135106,1772603564.392437,0.3,0.252,0.313,0.0,0.414,0.571,0.492,0.0,0.03,0.806,0.071,0.03,0.959,0.03,0.007,0.429,0.22,-1.0,0.982,0.0,0.0,0,0.512,0.567,0.604,0.575,0.027,-0.647,0.648,0.892,high,0.0,1.0,0.0,0.909,0.4,,,,,anxiety,1.0,neutral,1,0.022,0.066,0.069,0.039,0.103,0.115,-0.07,1.0,1.0,-0.022,0.048,0.079,0.122,0.177,0.169,-0.004,0.003,0.016,-0.061,1.0,1.0,0.013,0.471,0.338,0.02,0.076,0.077,0.101,0.873,0.683,0.013,0.471,0.338,0.1,0.125,0.176,0.034,1.0,1.0,-0.004,1.0,1.0,-0.122,0.292,0.279,-0.08,0.092,0.398,-0.002,0.013,1.0,-0.008,0.003,0.019,0.876,0.168,0.796,0.028,0.255,1.0,0.0,0.0,0.0,0.002,0.015,0.018,0.024,0.018,0.002,0.004,0.013,0.012,0.026,0.021,0.006,0.077,0.27,0.274,-0.011,0.311,1.0,0.007,0.05,0.106
20260304_135106,1772603564.4203207,0.3,0.246,0.307,0.0,0.421,0.517,0.493,0.0,0.039,0.777,0.057,0.039,0.923,0.004,0.05,0.483,0.224,-1.0,0.983,0.0,0.0,0,0.513,0.561,0.603,0.568,0.025,-0.651,0.651,0.888,high,0.0,1.0,0.0,0.906,0.4,,,,,anxiety,1.0,neutral,1,0.021,0.066,0.015,0.039,0.103,0.069,-0.066,1.0,1.0,-0.018,0.046,0.043,0.12,0.178,0.337,-0.004,0.003,0.012,-0.057,1.0,1.0,0.012,0.455,0.983,0.016,0.075,0.0,0.097,0.856,0.125,0.012,0.455,0.983,0.099,0.125,0.091,0.032,1.0,1.0,-0.001,1.0,0.64,-0.12,0.291,0.555,-0.078,0.09,0.362,-0.001,0.013,1.0,-0.009,0.004,0.016,0.926,0.172,0.781,0.027,0.255,1.0,0.0,0.0,0.0,0.002,0.015,0.016,0.023,0.018,0.025,0.004,0.013,0.012,0.025,0.021,0.019,0.076,0.269,0.254,-0.006,0.294,1.0,0.003,0.048,0.112
20260304_135106,1772603564.4473164,0.3,0.241,0.296,0.0,0.438,0.499,0.495,0.0,0.051,0.837,0.035,0.051,0.82,0.014,0.159,0.501,0.221,-1.0,0.984,0.0,0.0,0,0.511,0.559,0.603,0.567,0.031,-0.618,0.619,0.885,high,0.0,1.0,0.0,0.904,0.4,,,,,anxiety,1.0,neutral,1,0.02,0.066,0.021,0.038,0.102,0.007,-0.063,1.0,1.0,-0.014,0.045,0.04,0.118,0.179,0.389,-0.004,0.003,0.006,-0.053,1.0,1.0,0.012,0.444,1.0,0.019,0.076,0.155,0.092,0.844,0.715,0.012,0.444,1.0,0.093,0.125,0.143,0.031,1.0,0.268,0.005,1.0,1.0,-0.118,0.29,0.634,-0.078,0.09,0.376,-0.001,0.012,1.0,-0.01,0.004,0.016,0.975,0.176,0.767,0.026,0.255,1.0,0.0,0.0,0.0,0.003,0.015,0.019,0.022,0.018,0.033,0.004,0.013,0.012,0.024,0.021,0.023,0.077,0.271,0.309,0.0,0.281,1.0,-0.003,0.046,0.002
20260304_135106,1772603564.4811344,0.3,0.242,0.298,0.0,0.439,0.465,0.495,0.0,0.035,0.883,0.022,0.035,0.884,0.067,0.226,0.535,0.223,-1.0,0.984,0.0,0.0,0,0.512,0.556,0.604,0.564,0.038,-0.619,0.62,0.858,high,0.0,1.0,0.0,0.747,0.4,,,,,anxiety,1.0,neutral,1,0.02,0.065,0.013,0.037,0.102,0.005,-0.059,1.0,1.0,-0.012,0.045,0.044,0.112,0.181,0.496,-0.004,0.003,0.003,-0.05,0.171,1.0,0.011,0.426,0.608,0.025,0.077,0.27,0.086,0.836,1.0,0.011,0.426,0.608,0.027,0.065,0.02,0.033,1.0,1.0,0.017,1.0,1.0,-0.112,0.29,0.801,-0.077,0.089,0.357,-0.001,0.012,1.0,-0.01,0.004,0.014,1.0,0.179,0.753,0.026,0.255,1.0,0.0,0.0,0.0,0.002,0.015,0.019,0.02,0.018,0.044,0.004,0.013,0.01,0.023,0.021,0.033,0.077,0.27,0.382,0.004,0.275,1.0,-0.006,0.045,0.005
20260304_135106,1772603564.5103474,0.3,0.237,0.281,0.0,0.442,0.484,0.496,0.0,0.062,0.871,0.015,0.062,0.9,0.096,0.175,0.516,0.232,-1.0,0.987,0.0,0.0,0,0.512,0.555,0.604,0.563,0.034,-0.608,0.609,0.858,high,0.0,1.0,0.0,0.744,0.4,,,,,anxiety,1.0,neutral,1,0.019,0.065,0.056,0.034,0.102,0.111,-0.058,1.0,1.0,-0.01,0.045,0.059,0.102,0.183,0.43,-0.004,0.003,0.001,-0.046,0.162,1.0,0.012,0.43,1.0,0.029,0.078,0.235,0.079,0.83,1.0,0.012,0.43,1.0,0.024,0.065,0.015,0.038,1.0,1.0,0.02,1.0,1.0,-0.102,0.291,0.69,-0.076,0.089,0.282,-0.001,0.012,1.0,-0.01,0.004,0.008,1.0,0.182,0.738,0.025,0.255,1.0,0.0,0.0,0.0,0.002,0.015,0.017,0.018,0.018,0.046,0.003,0.013,0.011,0.021,0.021,0.039,0.076,0.266,0.343,0.007,0.273,1.0,-0.009,0.045,0.033
20260304_135106,1772603564.5407448,0.3,0.232,0.27,0.0,0.453,0.499,0.498,0.0,0.048,0.955,0.011,0.048,0.841,0.091,0.327,0.501,0.236,-1.0,0.987,0.0,0.0,0,0.511,0.556,0.605,0.564,0.035,-0.58,0.581,0.766,high,0.0,1.0,0.0,0.743,0.311,,,,,anxiety,0.777,neutral,1,0.018,0.066,0.099,0.032,0.103,0.183,-0.057,1.0,1.0,-0.008,0.045,0.112,0.092,0.184,0.376,-0.003,0.003,0.006,-0.043,0.154,1.0,0.011,0.417,1.0,0.04,0.081,0.446,0.071,0.826,1.0,0.011,0.417,1.0,0.018,0.065,0.119,0.042,1.0,1.0,0.033,1.0,1.0,-0.092,0.292,0.601,-0.076,0.089,0.244,-0.001,0.012,1.0,-0.011,0.004,0.007,1.0,0.185,0.724,0.024,0.255,1.0,0.0,0.0,0.0,0.002,0.015,0.019,0.015,0.018,0.042,0.003,0.013,0.005,0.019,0.021,0.035,0.076,0.266,0.345,0.01,0.276,1.0,-0.012,0.045,0.122
20260304_135106,1772603564.5660887,0.3,0.225,0.26,0.0,0.451,0.485,0.497,0.0,0.044,0.933,0.022,0.044,0.973,0.105,0.398,0.515,0.232,-1.0,0.991,0.0,0.0,0,0.512,0.556,0.605,0.562,0.035,-0.582,0.583,0.763,high,0.0,1.0,0.0,0.742,0.309,,,,,anxiety,0.773,neutral,1,0.016,0.066,0.152,0.029,0.104,0.246,-0.057,1.0,1.0,-0.006,0.045,0.101,0.079,0.186,0.42,-0.003,0.003,0.004,-0.04,0.146,1.0,0.011,0.409,1.0,0.049,0.083,0.383,0.065,0.818,1.0,0.011,0.409,1.0,0.03,0.065,0.181,0.047,1.0,1.0,0.05,1.0,1.0,-0.079,0.293,0.668,-0.075,0.089,0.27,-0.001,0.012,1.0,-0.011,0.004,0.001,1.0,0.187,0.711,0.023,0.255,1.0,0.0,0.0,0.0,0.001,0.015,0.018,0.013,0.018,0.043,0.002,0.013,0.005,0.017,0.021,0.042,0.076,0.266,0.347,0.013,0.279,1.0,-0.014,0.046,0.114
20260304_135106,1772603564.594176,0.3,0.228,0.266,0.0,0.456,0.486,0.496,0.0,0.048,0.862,0.023,0.048,0.93,0.092,0.36,0.514,0.234,-1.0,0.988,0.0,0.0,0,0.512,0.557,0.605,0.562,0.021,-0.586,0.587,0.764,high,0.0,1.0,0.0,0.74,0.311,,,,,anxiety,0.778,neutral,1,0.014,0.066,0.127,0.025,0.104,0.205,-0.056,1.0,1.0,-0.003,0.046,0.121,0.065,0.187,0.416,-0.003,0.003,0.002,-0.037,0.138,1.0,0.011,0.406,1.0,0.055,0.083,0.198,0.058,0.81,1.0,0.011,0.406,1.0,0.036,0.065,0.084,0.051,1.0,1.0,0.064,1.0,1.0,-0.065,0.294,0.66,-0.075,0.089,0.25,-0.001,0.012,1.0,-0.011,0.004,0.006,1.0,0.189,0.697,0.022,0.255,1.0,0.0,0.0,0.0,0.0,0.015,0.015,0.011,0.018,0.04,0.001,0.013,0.006,0.015,0.021,0.043,0.075,0.264,0.214,0.016,0.28,1.0,-0.017,0.046,0.102
20260304_135106,1772603564.627187,0.3,0.232,0.266,0.0,0.452,0.473,0.496,0.0,0.062,0.884,0.024,0.062,0.991,0.088,0.38,0.527,0.238,-1.0,0.988,0.0,0.0,0,0.513,0.556,0.607,0.562,0.017,-0.594,0.594,0.762,high,0.0,1.0,0.0,0.739,0.31,,,,,anxiety,0.774,neutral,1,0.013,0.067,0.097,0.022,0.104,0.205,-0.058,1.0,1.0,-0.001,0.046,0.102,0.05,0.188,0.455,-0.003,0.003,0.001,-0.034,0.129,1.0,0.012,0.405,1.0,0.064,0.084,0.252,0.052,0.802,1.0,0.012,0.405,1.0,0.048,0.066,0.22,0.054,1.0,1.0,0.079,1.0,1.0,-0.05,0.296,0.72,-0.074,0.089,0.22,-0.001,0.012,1.0,-0.011,0.004,0.006,1.0,0.191,0.683,0.022,0.255,1.0,0.0,0.0,0.0,-0.0,0.015,0.012,0.009,0.018,0.044,0.001,0.013,0.002,0.013,0.021,0.043,0.075,0.263,0.173,0.018,0.281,1.0,-0.019,0.046,0.077
20260304_135106,1772603564.655826,0.3,0.228,0.259,0.0,0.455,0.461,0.497,0.0,0.061,0.917,0.024,0.061,0.958,0.097,0.421,0.539,0.236,-1.0,0.99,0.0,0.0,0,0.514,0.556,0.607,0.561,0.019,-0.586,0.587,0.76,high,0.0,1.0,0.0,0.737,0.307,,,,,anxiety,0.768,neutral,1,0.011,0.067,0.127,0.018,0.105,0.25,-0.06,1.0,1.0,0.002,0.046,0.117,0.033,0.19,0.494,-0.002,0.003,0.003,-0.032,0.12,1.0,0.013,0.409,1.0,0.076,0.086,0.332,0.046,0.793,1.0,0.013,0.409,1.0,0.053,0.066,0.146,0.059,1.0,1.0,0.1,1.0,1.0,-0.033,0.297,0.779,-0.075,0.089,0.231,-0.001,0.012,1.0,-0.011,0.004,0.001,1.0,0.193,0.67,0.021,0.255,1.0,0.0,0.0,0.0,-0.001,0.015,0.01,0.007,0.017,0.044,0.0,0.013,0.001,0.011,0.021,0.045,0.074,0.263,0.188,0.021,0.283,1.0,-0.022,0.047,0.1
20260304_135106,1772603564.6907327,0.3,0.226,0.259,0.0,0.46,0.453,0.497,0.0,0.052,0.906,0.028,0.052,0.932,0.104,0.433,0.547,0.24,-1.0,0.989,0.0,0.0,0,0.514,0.557,0.608,0.562,0.012,-0.579,0.579,0.758,high,0.0,1.0,0.0,0.736,0.306,,,,,anxiety,0.766,neutral,1,0.009,0.067,0.147,0.014,0.106,0.249,-0.062,1.0,1.0,0.005,0.047,0.137,0.016,0.192,0.518,-0.002,0.003,0.006,-0.029,0.111,1.0,0.014,0.406,1.0,0.087,0.087,0.301,0.04,0.783,0.984,0.014,0.406,1.0,0.049,0.065,0.082,0.064,1.0,1.0,0.126,1.0,1.0,-0.016,0.299,0.814,-0.075,0.089,0.194,-0.001,0.012,1.0,-0.011,0.004,0.003,1.0,0.195,0.657,0.02,0.255,1.0,0.0,0.0,0.0,-0.002,0.015,0.009,0.005,0.017,0.042,-0.0,0.013,0.003,0.008,0.021,0.044,0.074,0.262,0.121,0.024,0.286,1.0,-0.025,0.047,0.124
20260304_135106,1772603564.7445369,0.3,0.225,0.258,0.0,0.461,0.448,0.498,0.0,0.052,0.914,0.031,0.052,0.95,0.092,0.417,0.552,0.241,-1.0,0.99,0.0,0.0,0,0.515,0.558,0.609,0.561,0.014,-0.577,0.577,0.76,high,0.0,1.0,0.0,0.735,0.308,,,,,anxiety,0.769,neutral,1,0.008,0.068,0.15,0.01,0.107,0.258,-0.064,1.0,1.0,0.007,0.047,0.144,-0.002,0.193,0.531,-0.002,0.003,0.007,-0.026,0.103,1.0,0.016,0.409,1.0,0.096,0.089,0.319,0.034,0.773,0.907,0.016,0.409,1.0,0.051,0.066,0.121,0.068,1.0,1.0,0.152,1.0,1.0,0.002,0.3,0.832,-0.074,0.089,0.182,-0.001,0.012,1.0,-0.011,0.004,0.003,1.0,0.197,0.644,0.019,0.255,1.0,0.0,0.0,0.0,-0.002,0.015,0.007,0.003,0.017,0.039,-0.001,0.013,0.005,0.006,0.02,0.044,0.074,0.262,0.143,0.027,0.289,1.0,-0.028,0.048,0.129
20260304_135106,1772603564.772,0.3,0.226,0.255,0.0,0.461,0.465,0.497,0.0,0.056,0.875,0.033,0.056,0.902,0.104,0.458,0.535,0.24,-1.0,0.99,0.0,0.0,0,0.515,0.557,0.61,0.561,0.014,-0.581,0.581,0.758,high,0.0,1.0,0.0,0.734,0.305,,,,,anxiety,0.762,neutral,1,0.006,0.068,0.137,0.006,0.108,0.275,-0.068,1.0,1.0,0.01,0.048,0.142,-0.018,0.195,0.473,-0.002,0.003,0.004,-0.024,0.096,1.0,0.018,0.415,1.0,0.103,0.089,0.215,0.028,0.761,0.827,0.018,0.415,1.0,0.051,0.066,0.013,0.072,1.0,1.0,0.177,1.0,1.0,0.018,0.302,0.738,-0.074,0.089,0.186,-0.002,0.012,1.0,-0.01,0.004,0.002,1.0,0.198,0.631,0.018,0.255,1.0,0.0,0.0,0.0,-0.003,0.015,0.005,0.001,0.017,0.04,-0.001,0.013,0.007,0.004,0.02,0.045,0.073,0.261,0.142,0.03,0.291,1.0,-0.031,0.048,0.114
20260304_135106,1772603564.8022735,0.3,0.228,0.26,0.0,0.461,0.459,0.497,0.0,0.062,0.881,0.032,0.062,0.931,0.108,0.464,0.541,0.236,-1.0,0.99,0.0,0.0,0,0.516,0.557,0.61,0.561,0.019,-0.58,0.581,0.759,high,0.0,1.0,0.0,0.733,0.304,,,,,anxiety,0.759,neutral,1,0.004,0.068,0.119,0.002,0.108,0.241,-0.071,1.0,1.0,0.013,0.048,0.141,-0.035,0.196,0.492,-0.002,0.003,0.004,-0.022,0.09,1.0,0.02,0.422,1.0,0.113,0.09,0.23,0.022,0.751,0.889,0.02,0.422,1.0,0.055,0.066,0.076,0.076,1.0,1.0,0.202,1.0,1.0,0.035,0.303,0.765,-0.075,0.09,0.213,-0.002,0.012,1.0,-0.01,0.004,0.001,1.0,0.199,0.618,0.017,0.255,1.0,0.0,0.0,0.0,-0.004,0.015,0.004,-0.001,0.017,0.041,-0.002,0.012,0.008,0.002,0.02,0.046,0.073,0.261,0.188,0.033,0.293,1.0,-0.034,0.048,0.115
20260304_135106,1772603564.83886,0.3,0.227,0.259,0.0,0.456,0.469,0.498,0.0,0.064,0.879,0.034,0.064,0.935,0.094,0.481,0.531,0.243,-1.0,0.99,0.0,0.0,0,0.516,0.557,0.611,0.561,0.009,-0.584,0.584,0.759,high,0.0,1.0,0.0,0.732,0.302,,,,,anxiety,0.756,neutral,1,0.002,0.068,0.132,-0.002,0.109,0.245,-0.073,1.0,1.0,0.016,0.048,0.117,-0.049,0.198,0.458,-0.001,0.003,0.007,-0.019,0.082,1.0,0.021,0.428,1.0,0.12,0.09,0.221,0.016,0.74,0.821,0.021,0.428,1.0,0.056,0.066,0.084,0.079,1.0,1.0,0.232,1.0,1.0,0.049,0.304,0.709,-0.074,0.09,0.151,-0.002,0.013,1.0,-0.01,0.004,0.002,1.0,0.2,0.605,0.017,0.255,1.0,0.0,0.0,0.0,-0.004,0.015,0.003,-0.003,0.017,0.042,-0.003,0.012,0.01,0.0,0.02,0.047,0.072,0.26,0.093,0.036,0.295,1.0,-0.037,0.049,0.103
20260304_135106,1772603564.8686416,0.3,0.219,0.251,0.0,0.463,0.454,0.498,0.0,0.056,0.873,0.037,0.056,0.925,0.102,0.454,0.546,0.243,-1.0,0.991,0.0,0.0,0,0.517,0.558,0.611,0.561,0.012,-0.574,0.574,0.762,high,0.0,1.0,0.0,0.731,0.306,,,,,anxiety,0.764,neutral,1,-0.001,0.069,0.194,-0.008,0.109,0.296,-0.078,1.0,1.0,0.02,0.049,0.148,-0.065,0.2,0.502,-0.001,0.003,0.007,-0.017,0.073,1.0,0.023,0.43,1.0,0.128,0.091,0.206,0.01,0.728,0.72,0.023,0.43,1.0,0.057,0.066,0.062,0.083,1.0,1.0,0.257,1.0,1.0,0.065,0.305,0.774,-0.074,0.09,0.15,-0.002,0.013,1.0,-0.009,0.004,0.001,1.0,0.201,0.592,0.016,0.255,1.0,0.0,0.0,0.0,-0.005,0.014,0.001,-0.004,0.017,0.038,-0.003,0.012,0.011,-0.002,0.02,0.045,0.072,0.259,0.117,0.041,0.297,1.0,-0.041,0.049,0.135
20260304_135106,1772603564.8998644,0.3,0.218,0.251,0.0,0.468,0.456,0.497,0.0,0.058,0.884,0.036,0.058,0.938,0.124,0.544,0.544,0.242,-1.0,0.99,0.0,0.0,0,0.517,0.558,0.612,0.561,0.011,-0.571,0.571,0.696,high,0.0,1.0,0.0,0.73,0.239,,,,,anxiety,0.597,neutral,1,-0.004,0.069,0.207,-0.013,0.11,0.297,-0.083,1.0,1.0,0.023,0.049,0.169,-0.08,0.201,0.495,-0.001,0.003,0.006,-0.015,0.066,1.0,0.024,0.432,1.0,0.135,0.092,0.229,0.004,0.716,0.747,0.024,0.432,1.0,0.061,0.066,0.09,0.088,1.0,1.0,0.284,1.0,1.0,0.08,0.307,0.76,-0.074,0.09,0.159,-0.002,0.013,1.0,-0.009,0.004,0.001,1.0,0.202,0.58,0.015,0.255,1.0,0.0,0.0,0.0,-0.006,0.014,0.001,-0.006,0.017,0.039,-0.003,0.012,0.013,-0.004,0.02,0.045,0.072,0.259,0.11,0.044,0.301,1.0,-0.045,0.05,0.143
20260304_135106,1772603564.9304373,0.3,0.223,0.253,0.0,0.463,0.472,0.497,0.0,0.081,0.838,0.038,0.081,0.959,0.105,0.509,0.528,0.242,-1.0,0.99,0.0,0.0,0,0.518,0.558,0.612,0.562,0.009,-0.579,0.579,0.7,high,0.0,1.0,0.0,0.73,0.242,,,,,anxiety,0.604,neutral,1,-0.007,0.069,0.165,-0.019,0.11,0.281,-0.088,1.0,1.0,0.026,0.05,0.145,-0.094,0.203,0.438,-0.001,0.003,0.003,-0.013,0.061,1.0,0.026,0.441,1.0,0.142,0.091,0.113,-0.002,0.704,0.712,0.026,0.441,1.0,0.061,0.066,0.134,0.091,1.0,1.0,0.307,1.0,1.0,0.094,0.308,0.67,-0.074,0.09,0.149,-0.002,0.013,1.0,-0.009,0.004,0.0,1.0,0.203,0.567,0.014,0.255,1.0,0.0,0.0,0.0,-0.006,0.014,0.004,-0.008,0.017,0.038,-0.004,0.012,0.013,-0.006,0.02,0.044,0.072,0.259,0.089,0.047,0.303,1.0,-0.048,0.05,0.117
20260304_135106,1772603564.9616466,0.3,0.224,0.257,0.0,0.461,0.48,0.497,0.0,0.077,0.846,0.037,0.077,0.941,0.089,0.507,0.52,0.244,-1.0,0.99,0.0,0.0,0,0.518,0.557,0.613,0.561,0.007,-0.578,0.578,0.702,high,0.0,1.0,0.0,0.729,0.241,,,,,anxiety,0.603,neutral,1,-0.01,0.069,0.155,-0.024,0.111,0.254,-0.093,1.0,1.0,0.029,0.05,0.133,-0.107,0.204,0.409,-0.001,0.003,0.004,-0.012,0.055,1.0,0.027,0.449,1.0,0.147,0.092,0.131,-0.008,0.692,0.736,0.027,0.449,1.0,0.068,0.066,0.094,0.093,1.0,1.0,0.328,1.0,1.0,0.107,0.309,0.623,-0.073,0.09,0.131,-0.002,0.013,1.0,-0.008,0.003,0.001,1.0,0.203,0.555,0.013,0.255,1.0,0.0,0.0,0.0,-0.007,0.014,0.005,-0.01,0.017,0.04,-0.004,0.012,0.016,-0.008,0.02,0.045,0.071,0.258,0.068,0.05,0.305,1.0,-0.051,0.05,0.118
20260304_135106,1772603564.994516,0.3,0.228,0.264,0.0,0.454,0.479,0.497,0.0,0.082,0.879,0.037,0.082,0.927,0.087,0.52,0.521,0.24,-1.0,0.989,0.0,0.0,0,0.519,0.558,0.614,0.561,0.011,-0.587,0.587,0.701,high,0.0,1.0,0.0,0.728,0.239,,,,,anxiety,0.597,neutral,1,-0.012,0.069,0.125,-0.028,0.111,0.208,-0.098,1.0,1.0,0.031,0.051,0.1,-0.121,0.205,0.412,-0.0,0.003,0.004,-0.01,0.049,1.0,0.03,0.46,1.0,0.154,0.092,0.213,-0.014,0.68,0.749,0.03,0.46,1.0,0.073,0.066,0.063,0.095,1.0,1.0,0.35,1.0,1.0,0.121,0.309,0.627,-0.073,0.09,0.162,-0.002,0.013,1.0,-0.008,0.003,0.002,1.0,0.204,0.543,0.012,0.255,1.0,0.0,0.0,0.0,-0.008,0.014,0.005,-0.011,0.017,0.039,-0.005,0.012,0.018,-0.01,0.02,0.045,0.071,0.257,0.11,0.052,0.306,1.0,-0.053,0.051,0.088
20260304_135106,1772603565.0306296,0.3,0.227,0.259,0.0,0.457,0.469,0.497,0.0,0.08,0.856,0.038,0.08,0.936,0.087,0.431,0.531,0.244,-1.0,0.99,0.0,0.0,0,0.52,0.558,0.614,0.562,0.01,-0.583,0.583,0.771,high,0.0,1.0,0.0,0.727,0.306,,,,,anxiety,0.766,neutral,1,-0.014,0.069,0.13,-0.032,0.111,0.242,-0.102,1.0,1.0,0.033,0.051,0.116,-0.134,0.206,0.441,-0.0,0.003,0.005,-0.009,0.046,1.0,0.032,0.468,1.0,0.16,0.093,0.153,-0.02,0.668,0.73,0.032,0.468,1.0,0.075,0.066,0.081,0.097,1.0,1.0,0.367,1.0,1.0,0.134,0.31,0.668,-0.073,0.09,0.131,-0.002,0.013,1.0,-0.008,0.003,0.001,1.0,0.204,0.531,0.012,0.255,1.0,0.0,0.0,0.0,-0.008,0.014,0.009,-0.013,0.017,0.039,-0.005,0.012,0.016,-0.012,0.02,0.042,0.07,0.256,0.102,0.054,0.308,1.0,-0.055,0.051,0.101
20260304_135106,1772603565.0582476,0.3,0.22,0.253,0.0,0.464,0.483,0.498,0.0,0.057,0.889,0.037,0.057,0.935,0.105,0.443,0.517,0.247,-1.0,0.991,0.0,0.0,0,0.52,0.558,0.615,0.562,0.009,-0.568,0.568,0.77,high,0.0,1.0,0.0,0.727,0.306,au7_eye_squeeze,0.483,3,12,anxiety,0.766,neutral,1,-0.017,0.07,0.189,-0.037,0.112,0.279,-0.107,1.0,1.0,0.036,0.051,0.144,-0.147,0.207,0.395,-0.0,0.003,0.008,-0.008,0.043,1.0,0.032,0.465,1.0,0.17,0.093,0.238,-0.026,0.657,0.773,0.032,0.465,1.0,0.076,0.066,0.077,0.1,1.0,1.0,0.383,1.0,1.0,0.147,0.311,0.596,-0.073,0.09,0.103,-0.002,0.013,1.0,-0.007,0.003,0.001,1.0,0.204,0.519,0.011,0.255,1.0,0.0,0.0,0.0,-0.009,0.014,0.009,-0.014,0.017,0.036,-0.005,0.012,0.019,-0.014,0.02,0.044,0.069,0.255,0.093,0.057,0.311,1.0,-0.058,0.052,0.147
20260304_135106,1772603565.0926902,0.3,0.221,0.253,0.0,0.465,0.468,0.498,0.0,0.063,0.881,0.036,0.063,0.969,0.101,0.47,0.532,0.246,-1.0,0.99,0.0,0.0,0,0.519,0.557,0.615,0.562,0.005,-0.571,0.571,0.768,high,0.0,1.0,0.0,0.727,0.304,,,,,anxiety,0.761,neutral,1,-0.02,0.07,0.18,-0.042,0.112,0.284,-0.112,1.0,1.0,0.038,0.052,0.147,-0.161,0.209,0.443,0.0,0.003,0.007,-0.007,0.041,1.0,0.033,0.463,1.0,0.179,0.094,0.216,-0.032,0.645,0.824,0.033,0.463,1.0,0.079,0.066,0.151,0.103,1.0,1.0,0.403,1.0,1.0,0.161,0.312,0.666,-0.072,0.09,0.106,-0.003,0.013,1.0,-0.007,0.003,0.0,1.0,0.204,0.507,0.01,0.255,1.0,0.0,0.0,0.0,-0.009,0.014,0.007,-0.016,0.017,0.04,-0.006,0.012,0.018,-0.016,0.02,0.044,0.069,0.255,0.049,0.059,0.314,1.0,-0.06,0.052,0.136
20260304_135106,1772603565.1465285,0.3,0.221,0.25,0.0,0.462,0.459,0.497,0.0,0.056,0.896,0.037,0.056,0.874,0.103,0.506,0.541,0.245,-1.0,0.99,0.0,0.0,0,0.519,0.557,0.614,0.561,0.006,-0.575,0.575,0.689,high,0.0,1.0,0.0,0.617,0.242,,,,,anxiety,0.606,neutral,1,-0.022,0.071,0.181,-0.048,0.113,0.297,-0.117,1.0,1.0,0.04,0.052,0.134,-0.175,0.21,0.47,0.0,0.003,0.006,-0.006,0.039,1.0,0.034,0.462,1.0,0.189,0.094,0.251,-0.038,0.634,0.796,0.034,0.462,1.0,0.074,0.066,0.063,0.106,0.997,1.0,0.43,1.0,1.0,0.175,0.313,0.704,-0.073,0.09,0.112,-0.003,0.013,1.0,-0.006,0.003,0.0,1.0,0.204,0.495,0.009,0.255,1.0,0.0,0.0,0.0,-0.01,0.013,0.007,-0.018,0.017,0.041,-0.006,0.011,0.017,-0.018,0.02,0.045,0.069,0.255,0.057,0.061,0.316,1.0,-0.062,0.053,0.12
20260304_135106,1772603565.1801476,0.3,0.224,0.257,0.0,0.461,0.464,0.498,0.0,0.062,0.846,0.04,0.062,0.933,0.105,0.488,0.536,0.248,-1.0,0.99,0.0,0.0,0,0.519,0.557,0.614,0.561,0.001,-0.577,0.577,0.749,high,0.0,1.0,0.0,0.616,0.302,,,,,anxiety,0.756,neutral,1,-0.025,0.071,0.152,-0.053,0.113,0.253,-0.122,1.0,1.0,0.042,0.053,0.129,-0.189,0.212,0.45,0.0,0.003,0.007,-0.005,0.035,1.0,0.036,0.464,1.0,0.196,0.094,0.123,-0.044,0.621,0.696,0.036,0.464,1.0,0.076,0.066,0.07,0.109,0.984,1.0,0.457,1.0,1.0,0.189,0.314,0.672,-0.072,0.09,0.086,-0.003,0.013,1.0,-0.006,0.003,0.0,1.0,0.204,0.484,0.008,0.255,1.0,0.0,0.0,0.0,-0.01,0.013,0.004,-0.019,0.017,0.042,-0.006,0.011,0.016,-0.021,0.02,0.046,0.069,0.255,0.008,0.064,0.318,1.0,-0.065,0.053,0.113
20260304_135106,1772603565.2009184,0.3,0.224,0.255,0.0,0.466,0.463,0.497,0.0,0.066,0.823,0.032,0.066,0.926,0.084,0.437,0.537,0.249,-1.0,0.99,0.0,0.0,0,0.519,0.556,0.614,0.561,0.002,-0.577,0.577,0.754,high,0.0,1.0,0.0,0.615,0.306,,,,,anxiety,0.766,neutral,1,-0.027,0.071,0.152,-0.06,0.113,0.268,-0.126,1.0,1.0,0.046,0.053,0.148,-0.204,0.213,0.45,0.0,0.003,0.005,-0.004,0.028,1.0,0.038,0.467,1.0,0.201,0.094,0.066,-0.051,0.611,0.966,0.038,0.467,1.0,0.074,0.066,0.052,0.109,0.963,1.0,0.481,1.0,1.0,0.204,0.315,0.67,-0.072,0.09,0.078,-0.003,0.013,1.0,-0.005,0.003,0.001,1.0,0.204,0.472,0.008,0.255,1.0,0.0,0.0,0.0,-0.011,0.013,0.003,-0.021,0.017,0.044,-0.007,0.011,0.014,-0.023,0.02,0.047,0.068,0.255,0.02,0.067,0.32,1.0,-0.068,0.053,0.113
20260304_135106,1772603565.3299758,0.3,0.223,0.258,0.0,0.463,0.474,0.497,0.008,0.066,0.84,0.021,0.066,0.905,0.09,0.398,0.526,0.242,-1.0,0.989,0.0,0.0,0,0.518,0.555,0.613,0.56,0.007,-0.579,0.579,0.757,high,0.0,1.0,0.0,0.615,0.309,,,,,anxiety,0.773,neutral,1,-0.031,0.07,0.165,-0.065,0.112,0.248,-0.131,1.0,1.0,0.049,0.054,0.132,-0.218,0.214,0.413,0.001,0.003,0.004,-0.002,0.025,1.0,0.04,0.47,1.0,0.207,0.094,0.108,-0.059,0.603,1.0,0.04,0.47,1.0,0.073,0.066,0.005,0.111,0.951,1.0,0.504,1.0,1.0,0.218,0.316,0.613,-0.073,0.091,0.13,-0.003,0.013,1.0,-0.005,0.003,0.001,1.0,0.203,0.461,0.007,0.255,1.0,0.0,0.0,0.0,-0.012,0.013,0.0,-0.023,0.017,0.049,-0.007,0.011,0.012,-0.025,0.02,0.051,0.069,0.255,0.072,0.07,0.322,1.0,-0.071,0.053,0.106
20260304_135106,1772603565.3761334,0.3,0.216,0.252,0.0,0.47,0.496,0.498,0.047,0.07,0.823,0.0,0.07,0.933,0.128,0.507,0.504,0.25,-1.0,0.994,0.0,0.0,0,0.516,0.55,0.61,0.554,0.002,-0.567,0.567,0.692,high,0.0,1.0,0.0,0.621,0.242,,,,,anxiety,0.606,neutral,1,-0.035,0.07,0.219,-0.072,0.112,0.291,-0.136,1.0,1.0,0.053,0.054,0.165,-0.231,0.214,0.337,0.001,0.003,0.008,0.002,0.052,1.0,0.042,0.472,1.0,0.214,0.094,0.066,-0.068,0.603,1.0,0.042,0.472,1.0,0.078,0.066,0.068,0.118,0.954,1.0,0.535,1.0,1.0,0.231,0.316,0.498,-0.073,0.091,0.065,-0.003,0.013,1.0,-0.004,0.003,0.008,1.0,0.203,0.45,0.006,0.255,1.0,0.0,0.0,0.0,-0.013,0.013,0.007,-0.025,0.017,0.064,-0.008,0.011,0.002,-0.028,0.02,0.073,0.069,0.255,0.019,0.075,0.324,1.0,-0.076,0.054,0.146
20260304_135106,1772603565.4028575,0.3,0.214,0.239,0.0,0.475,0.484,0.499,0.058,0.075,0.847,0.0,0.075,0.872,0.09,0.453,0.516,0.261,-1.0,0.993,0.0,0.0,0,0.516,0.549,0.611,0.553,-0.004,-0.551,0.551,0.758,high,0.0,1.0,0.0,0.628,0.307,au7_eye_squeeze,0.484,2,13,anxiety,0.768,neutral,1,-0.039,0.07,0.234,-0.08,0.112,0.378,-0.141,1.0,1.0,0.057,0.055,0.188,-0.245,0.215,0.377,0.001,0.003,0.011,0.008,0.078,1.0,0.043,0.473,1.0,0.224,0.094,0.13,-0.077,0.603,1.0,0.043,0.473,1.0,0.075,0.066,0.068,0.12,0.946,1.0,0.562,1.0,1.0,0.245,0.316,0.557,-0.072,0.091,0.023,-0.003,0.013,1.0,-0.003,0.003,0.006,1.0,0.202,0.438,0.005,0.255,1.0,0.0,0.0,0.0,-0.014,0.013,0.009,-0.027,0.018,0.068,-0.009,0.011,0.003,-0.03,0.02,0.075,0.069,0.255,0.041,0.081,0.329,1.0,-0.082,0.055,0.197
20260304_135106,1772603565.4327326,0.3,0.21,0.24,0.0,0.478,0.48,0.499,0.056,0.093,0.863,0.0,0.093,0.947,0.085,0.543,0.52,0.265,-1.0,0.991,0.0,0.0,0,0.516,0.547,0.611,0.552,-0.016,-0.549,0.549,0.696,high,0.0,1.0,0.0,0.633,0.241,,,,,anxiety,0.602,neutral,1,-0.043,0.071,0.267,-0.087,0.113,0.368,-0.146,1.0,1.0,0.062,0.055,0.199,-0.257,0.216,0.389,0.001,0.003,0.013,0.012,0.097,1.0,0.047,0.488,1.0,0.23,0.094,0.169,-0.086,0.604,1.0,0.047,0.488,1.0,0.074,0.066,0.098,0.122,0.937,1.0,0.594,1.0,1.0,0.257,0.317,0.574,-0.071,0.091,0.055,-0.003,0.013,1.0,-0.002,0.003,0.003,1.0,0.202,0.427,0.004,0.255,1.0,0.0,0.0,0.0,-0.014,0.012,0.009,-0.029,0.018,0.075,-0.009,0.011,0.003,-0.033,0.02,0.078,0.068,0.255,0.163,0.087,0.335,1.0,-0.088,0.056,0.201
20260304_135106,1772603565.4621487,0.3,0.217,0.247,0.0,0.477,0.485,0.499,0.056,0.097,0.841,0.0,0.097,0.958,0.111,0.543,0.515,0.255,-1.0,0.991,0.0,0.0,0,0.517,0.547,0.611,0.552,-0.006,-0.554,0.554,0.698,high,0.0,1.0,0.0,0.638,0.24,au7_eye_squeeze,0.485,3,12,anxiety,0.599,neutral,1,-0.046,0.072,0.211,-0.092,0.114,0.323,-0.151,1.0,1.0,0.067,0.056,0.196,-0.266,0.217,0.369,0.002,0.003,0.01,0.016,0.113,1.0,0.051,0.503,1.0,0.233,0.094,0.11,-0.095,0.608,1.0,0.051,0.503,1.0,0.079,0.066,0.12,0.125,0.926,1.0,0.617,1.0,1.0,0.266,0.317,0.541,-0.071,0.091,0.023,-0.004,0.013,1.0,-0.002,0.002,0.003,1.0,0.201,0.416,0.003,0.255,1.0,0.0,0.0,0.0,-0.015,0.012,0.005,-0.031,0.018,0.076,-0.01,0.011,0.003,-0.035,0.021,0.079,0.069,0.255,0.057,0.093,0.339,1.0,-0.094,0.056,0.183
20260304_135106,1772603565.4917405,0.3,0.215,0.244,0.0,0.471,0.488,0.499,0.075,0.096,0.747,0.0,0.096,0.884,0.107,0.102,0.512,0.245,-1.0,0.99,0.0,0.0,0,0.516,0.546,0.612,0.551,0.011,-0.551,0.551,0.862,high,0.0,1.0,0.0,0.644,0.4,au7_eye_squeeze,0.488,4,11,anxiety,1.0,neutral,1,-0.047,0.073,0.227,-0.094,0.116,0.335,-0.155,1.0,1.0,0.069,0.057,0.164,-0.27,0.218,0.352,0.002,0.003,0.012,0.021,0.136,1.0,0.055,0.514,1.0,0.225,0.094,0.127,-0.102,0.616,1.0,0.055,0.514,1.0,0.066,0.063,0.049,0.128,0.913,1.0,0.602,1.0,0.862,0.27,0.317,0.513,-0.071,0.091,0.1,-0.004,0.013,1.0,-0.001,0.002,0.0,1.0,0.2,0.405,0.003,0.255,1.0,0.0,0.0,0.0,-0.015,0.012,0.008,-0.032,0.019,0.076,-0.01,0.011,0.006,-0.037,0.021,0.081,0.071,0.255,0.105,0.097,0.344,1.0,-0.099,0.057,0.191
20260304_135106,1772603565.5257576,0.3,0.222,0.264,0.0,0.481,0.484,0.497,0.09,0.0,0.8,0.0,0.0,0.772,0.015,0.115,0.516,0.219,-1.0,0.98,0.0,0.0,0,0.517,0.545,0.612,0.551,0.035,-0.552,0.554,0.866,high,0.0,1.0,0.0,0.651,0.4,,,,,anxiety,1.0,neutral,1,-0.047,0.073,0.164,-0.095,0.116,0.193,-0.158,1.0,1.0,0.072,0.058,0.209,-0.267,0.219,0.359,0.002,0.003,0.005,0.027,0.163,1.0,0.051,0.527,1.0,0.223,0.094,0.005,-0.109,0.627,1.0,0.051,0.527,1.0,0.054,0.065,0.295,0.122,0.906,1.0,0.584,1.0,0.717,0.267,0.314,0.518,-0.072,0.092,0.298,-0.004,0.013,1.0,-0.002,0.003,0.018,1.0,0.199,0.395,0.002,0.255,1.0,0.0,0.0,0.0,-0.015,0.012,0.006,-0.033,0.019,0.079,-0.01,0.011,0.004,-0.038,0.022,0.078,0.075,0.258,0.35,0.102,0.349,1.0,-0.103,0.058,0.182
20260304_135106,1772603565.568897,0.3,0.216,0.256,0.0,0.496,0.479,0.5,0.117,0.123,0.474,0.0,0.123,0.0,0.064,0.159,0.521,0.216,-1.0,0.977,0.0,0.0,0,0.517,0.544,0.612,0.551,0.057,-0.521,0.524,0.225,low,0.0,0.0,0.0,0.664,0.0,,,,,happy,0.501,neutral,1,-0.049,0.074,0.213,-0.097,0.117,0.245,-0.158,1.0,1.0,0.075,0.059,0.276,-0.263,0.219,0.368,0.002,0.003,0.014,0.035,0.201,1.0,0.057,0.557,1.0,0.195,0.103,0.813,-0.114,0.642,1.0,0.057,0.557,1.0,-0.023,0.124,1.0,0.12,0.887,0.813,0.569,1.0,0.24,0.263,0.31,0.524,-0.074,0.093,0.318,-0.004,0.013,1.0,-0.003,0.003,0.024,1.0,0.198,0.384,0.001,0.255,1.0,0.0,0.0,0.0,-0.015,0.012,0.006,-0.034,0.02,0.081,-0.01,0.011,0.005,-0.039,0.022,0.078,0.08,0.267,0.572,0.108,0.361,1.0,-0.109,0.06,0.278
20260304_135106,1772603565.5991838,0.3,0.196,0.225,0.0,0.511,0.539,0.499,0.123,0.174,0.644,0.0,0.174,0.082,0.0,0.693,0.461,0.253,-1.0,0.987,0.0,0.0,0,0.516,0.544,0.611,0.551,0.03,-0.485,0.486,0.376,medium,0.0,0.107,0.0,0.676,0.106,au7_eye_squeeze,0.539,2,13,fear,0.266,neutral,1,-0.051,0.076,0.371,-0.1,0.12,0.458,-0.157,1.0,1.0,0.079,0.061,0.34,-0.255,0.218,0.155,0.002,0.003,0.012,0.043,0.236,1.0,0.066,0.627,1.0,0.179,0.105,0.382,-0.117,0.658,1.0,0.066,0.627,1.0,-0.095,0.156,1.0,0.113,0.887,1.0,0.593,1.0,1.0,0.255,0.306,0.217,-0.072,0.093,0.027,-0.004,0.013,1.0,-0.003,0.003,0.005,1.0,0.197,0.373,0.0,0.255,1.0,0.0,0.0,0.0,-0.015,0.012,0.01,-0.035,0.02,0.082,-0.01,0.011,0.003,-0.04,0.022,0.078,0.082,0.27,0.304,0.115,0.382,1.0,-0.116,0.064,0.4
20260304_135106,1772603565.6300426,0.3,0.199,0.22,0.0,0.522,0.521,0.499,0.119,0.245,1.0,0.0,0.245,0.455,0.0,1.0,0.479,0.26,-1.0,0.991,0.0,0.0,0,0.516,0.544,0.613,0.551,0.032,-0.471,0.473,0.482,medium,0.0,0.592,0.0,0.687,0.081,au7_eye_squeeze,0.521,2,13,fear,0.202,neutral,1,-0.053,0.078,0.345,-0.103,0.122,0.487,-0.155,1.0,1.0,0.083,0.064,0.381,-0.247,0.217,0.209,0.002,0.003,0.011,0.051,0.263,1.0,0.08,0.755,1.0,0.188,0.107,0.516,-0.12,0.676,1.0,0.08,0.755,1.0,-0.126,0.165,0.976,0.107,0.887,1.0,0.639,1.0,1.0,0.247,0.301,0.29,-0.07,0.092,0.032,-0.004,0.013,1.0,-0.002,0.003,0.004,1.0,0.196,0.363,-0.001,0.255,1.0,0.0,0.0,0.0,-0.015,0.012,0.007,-0.036,0.02,0.078,-0.009,0.011,0.008,-0.041,0.022,0.076,0.083,0.271,0.323,0.123,0.406,1.0,-0.124,0.068,0.439
20260304_135106,1772603565.6606116,0.3,0.197,0.217,0.0,0.514,0.527,0.499,0.106,0.224,0.968,0.0,0.224,0.345,0.0,0.892,0.473,0.258,-1.0,0.991,0.0,0.0,0,0.516,0.544,0.614,0.551,0.021,-0.476,0.477,0.452,medium,0.0,0.448,0.0,0.696,0.086,au7_eye_squeeze,0.527,3,12,fear,0.215,neutral,1,-0.054,0.08,0.355,-0.105,0.125,0.5,-0.153,1.0,1.0,0.086,0.066,0.337,-0.239,0.216,0.18,0.003,0.003,0.01,0.057,0.282,1.0,0.092,0.82,1.0,0.196,0.109,0.426,-0.123,0.693,1.0,0.092,0.82,1.0,-0.158,0.178,1.0,0.1,0.887,1.0,0.674,1.0,1.0,0.239,0.297,0.248,-0.067,0.091,0.02,-0.004,0.013,1.0,-0.002,0.003,0.003,1.0,0.194,0.352,-0.002,0.255,1.0,0.0,0.0,0.0,-0.015,0.012,0.009,-0.037,0.021,0.078,-0.008,0.01,0.012,-0.041,0.023,0.074,0.084,0.272,0.214,0.13,0.426,1.0,-0.131,0.071,0.42
20260304_135106,1772603565.7018425,0.3,0.191,0.207,0.0,0.533,0.544,0.499,0.111,0.182,0.948,0.0,0.182,0.327,0.0,1.0,0.456,0.243,-1.0,0.993,0.0,0.0,0,0.518,0.546,0.616,0.551,0.033,-0.454,0.455,0.477,medium,0.0,0.425,0.0,0.856,0.092,au7_eye_squeeze,0.544,4,11,fear,0.231,neutral,1,-0.056,0.083,0.402,-0.108,0.128,0.558,-0.148,1.0,1.0,0.091,0.069,0.421,-0.229,0.215,0.115,0.003,0.003,0.011,0.064,1.0,1.0,0.101,0.845,1.0,0.197,0.109,0.368,-0.124,0.71,1.0,0.101,0.845,1.0,-0.191,0.191,1.0,0.093,0.887,1.0,0.717,1.0,1.0,0.229,0.293,0.157,-0.066,0.091,0.098,-0.004,0.013,1.0,-0.002,0.003,0.008,1.0,0.193,0.342,-0.002,0.255,1.0,0.0,0.0,0.0,-0.014,0.012,0.001,-0.037,0.021,0.071,-0.007,0.01,0.019,-0.041,0.023,0.071,0.085,0.274,0.331,0.138,0.451,1.0,-0.139,0.076,0.487
20260304_135106,1772603565.7263737,0.3,0.191,0.21,0.0,0.543,0.518,0.499,0.117,0.214,1.0,0.0,0.214,0.0,0.0,1.0,0.482,0.244,-1.0,0.994,0.0,0.0,0,0.521,0.549,0.618,0.553,0.035,-0.448,0.449,0.394,medium,0.0,0.0,0.0,0.861,0.115,au7_eye_squeeze,0.518,5,10,fear,0.288,neutral,1,-0.057,0.085,0.398,-0.11,0.13,0.536,-0.142,1.0,1.0,0.096,0.072,0.457,-0.223,0.214,0.199,0.003,0.004,0.012,0.071,1.0,1.0,0.111,0.877,1.0,0.204,0.111,0.488,-0.124,0.727,1.0,0.111,0.877,1.0,-0.257,0.22,1.0,0.086,0.887,1.0,0.757,1.0,1.0,0.223,0.289,0.27,-0.064,0.089,0.087,-0.004,0.012,1.0,-0.001,0.003,0.01,1.0,0.192,0.332,-0.003,0.255,1.0,0.0,0.0,0.0,-0.013,0.012,0.01,-0.037,0.021,0.056,-0.006,0.01,0.026,-0.041,0.023,0.064,0.085,0.275,0.354,0.146,0.476,1.0,-0.147,0.08,0.502
20260304_135106,1772603565.759918,0.3,0.2,0.22,0.0,0.525,0.521,0.5,0.09,0.168,0.955,0.0,0.168,0.0,0.0,1.0,0.479,0.235,-1.0,0.99,0.0,0.0,0,0.522,0.553,0.621,0.557,0.044,-0.476,0.478,0.426,medium,0.0,0.0,0.0,0.864,0.146,au7_eye_squeeze,0.521,6,9,fear,0.366,neutral,1,-0.058,0.086,0.314,-0.111,0.132,0.454,-0.136,1.0,1.0,0.099,0.074,0.365,-0.217,0.214,0.182,0.003,0.004,0.014,0.076,1.0,1.0,0.118,0.879,1.0,0.208,0.111,0.366,-0.125,0.744,1.0,0.118,0.879,1.0,-0.318,0.247,1.0,0.08,0.887,1.0,0.796,1.0,1.0,0.217,0.287,0.244,-0.062,0.088,0.153,-0.003,0.012,1.0,-0.001,0.003,0.001,1.0,0.19,0.322,-0.004,0.255,1.0,0.0,0.0,0.0,-0.012,0.012,0.016,-0.037,0.021,0.043,-0.005,0.01,0.036,-0.041,0.023,0.049,0.086,0.277,0.444,0.151,0.49,1.0,-0.152,0.082,0.4
20260304_135106,1772603565.790684,0.3,0.201,0.227,0.0,0.524,0.512,0.5,0.085,0.151,0.999,0.0,0.151,0.216,0.0,1.0,0.488,0.24,-1.0,0.992,0.0,0.0,0,0.524,0.555,0.623,0.557,0.033,-0.49,0.491,0.478,medium,0.0,0.281,0.0,0.866,0.128,,,,,fear,0.32,neutral,1,-0.058,0.086,0.302,-0.111,0.133,0.399,-0.129,1.0,1.0,0.102,0.076,0.354,-0.214,0.214,0.209,0.003,0.004,0.014,0.08,1.0,1.0,0.122,0.873,1.0,0.212,0.112,0.466,-0.124,0.759,1.0,0.122,0.873,1.0,-0.36,0.261,1.0,0.073,0.887,1.0,0.833,1.0,1.0,0.214,0.285,0.278,-0.06,0.087,0.107,-0.003,0.012,1.0,-0.001,0.003,0.006,1.0,0.188,0.312,-0.005,0.255,1.0,0.0,0.0,0.0,-0.01,0.011,0.023,-0.036,0.021,0.035,-0.003,0.011,0.043,-0.04,0.022,0.047,0.086,0.276,0.326,0.154,0.498,1.0,-0.155,0.084,0.35
20260304_135106,1772603565.824387,0.3,0.198,0.217,0.0,0.531,0.516,0.5,0.087,0.153,0.927,0.0,0.153,0.325,0.0,1.0,0.484,0.249,-1.0,0.99,0.0,0.0,0,0.525,0.556,0.625,0.559,0.023,-0.48,0.481,0.498,medium,0.0,0.423,0.0,0.868,0.112,,,,,fear,0.28,neutral,1,-0.059,0.087,0.317,-0.112,0.134,0.462,-0.123,1.0,1.0,0.106,0.078,0.382,-0.208,0.214,0.186,0.004,0.004,0.014,0.084,1.0,1.0,0.127,0.865,1.0,0.211,0.111,0.278,-0.123,0.775,1.0,0.127,0.865,1.0,-0.402,0.271,1.0,0.066,0.887,1.0,0.869,1.0,1.0,0.208,0.282,0.246,-0.056,0.085,0.031,-0.003,0.011,1.0,-0.001,0.003,0.002,1.0,0.187,0.302,-0.006,0.255,1.0,0.0,0.0,0.0,-0.009,0.011,0.03,-0.036,0.021,0.029,-0.001,0.011,0.049,-0.039,0.022,0.039,0.085,0.275,0.227,0.159,0.51,1.0,-0.16,0.086,0.38
20260304_135106,1772603565.858597,0.3,0.202,0.228,0.0,0.537,0.509,0.5,0.075,0.182,0.939,0.0,0.182,0.606,0.0,1.0,0.491,0.244,-1.0,0.992,0.0,0.0,0,0.527,0.558,0.627,0.561,0.023,-0.478,0.478,0.586,medium,0.0,0.788,0.0,0.869,0.108,,,,,anxiety,0.271,neutral,1,-0.059,0.087,0.277,-0.112,0.134,0.376,-0.115,1.0,1.0,0.11,0.08,0.399,-0.203,0.214,0.206,0.004,0.004,0.013,0.088,1.0,1.0,0.134,0.868,1.0,0.209,0.11,0.301,-0.121,0.788,1.0,0.134,0.868,1.0,-0.42,0.273,0.554,0.059,0.887,1.0,0.903,1.0,1.0,0.203,0.279,0.27,-0.054,0.083,0.066,-0.003,0.011,1.0,-0.001,0.003,0.006,1.0,0.185,0.292,-0.006,0.255,1.0,0.0,0.0,0.0,-0.007,0.011,0.035,-0.035,0.02,0.02,0.001,0.011,0.054,-0.038,0.022,0.031,0.083,0.271,0.228,0.163,0.52,1.0,-0.164,0.088,0.384
20260304_135106,1772603565.8863165,0.3,0.202,0.231,0.0,0.536,0.496,0.5,0.074,0.186,1.0,0.0,0.186,0.537,0.0,1.0,0.504,0.242,-1.0,0.991,0.0,0.0,0,0.528,0.56,0.628,0.563,0.035,-0.484,0.485,0.55,medium,0.0,0.699,0.0,0.871,0.095,,,,,anxiety,0.238,neutral,1,-0.059,0.088,0.27,-0.112,0.135,0.349,-0.108,1.0,1.0,0.113,0.081,0.386,-0.196,0.213,0.244,0.004,0.004,0.013,0.091,1.0,1.0,0.141,0.872,1.0,0.212,0.111,0.44,-0.119,0.801,1.0,0.141,0.872,1.0,-0.438,0.277,0.713,0.053,0.887,1.0,0.935,1.0,1.0,0.196,0.275,0.317,-0.051,0.081,0.076,-0.003,0.01,1.0,-0.001,0.003,0.003,1.0,0.183,0.282,-0.007,0.255,1.0,0.0,0.0,0.0,-0.005,0.011,0.042,-0.034,0.02,0.013,0.003,0.011,0.059,-0.037,0.021,0.022,0.082,0.27,1.0,0.167,0.529,1.0,-0.168,0.09,0.356
20260304_135106,1772603565.9225366,0.3,0.208,0.241,0.0,0.524,0.521,0.498,0.05,0.161,1.0,0.0,0.161,0.605,0.0,1.0,0.479,0.235,-1.0,0.992,0.0,0.0,0,0.528,0.561,0.629,0.565,0.039,-0.509,0.51,0.586,medium,0.0,0.786,0.0,0.871,0.109,,,,,anxiety,0.273,neutral,1,-0.059,0.088,0.214,-0.11,0.134,0.272,-0.1,1.0,1.0,0.115,0.082,0.324,-0.187,0.212,0.145,0.004,0.004,0.007,0.092,1.0,1.0,0.146,0.867,1.0,0.215,0.111,0.43,-0.118,0.815,1.0,0.146,0.867,1.0,-0.45,0.279,0.544,0.046,0.887,1.0,0.966,1.0,1.0,0.187,0.271,0.186,-0.049,0.079,0.128,-0.002,0.01,1.0,-0.0,0.003,0.005,1.0,0.181,0.272,-0.008,0.255,1.0,0.0,0.0,0.0,-0.003,0.011,0.042,-0.032,0.02,0.01,0.005,0.011,0.062,-0.036,0.021,0.016,0.082,0.269,1.0,0.169,0.532,1.0,-0.169,0.091,0.265
20260304_135106,1772603565.9783654,0.3,0.198,0.226,0.0,0.535,0.516,0.5,0.059,0.212,1.0,0.0,0.212,0.587,0.0,1.0,0.484,0.231,-1.0,0.991,0.0,0.0,0,0.53,0.561,0.631,0.565,0.055,-0.486,0.489,0.575,medium,0.0,0.763,0.0,0.873,0.104,,,,,anxiety,0.259,neutral,1,-0.058,0.088,0.297,-0.109,0.134,0.372,-0.092,1.0,1.0,0.118,0.083,0.367,-0.178,0.21,0.156,0.004,0.004,0.012,0.094,1.0,1.0,0.155,0.874,1.0,0.218,0.112,0.42,-0.115,0.826,1.0,0.155,0.874,1.0,-0.466,0.282,0.582,0.039,0.887,1.0,0.995,1.0,1.0,0.178,0.267,0.198,-0.047,0.078,0.155,-0.002,0.009,1.0,-0.0,0.003,0.003,1.0,0.179,0.263,-0.009,0.255,1.0,0.0,0.0,0.0,-0.001,0.011,0.047,-0.031,0.019,0.008,0.008,0.012,0.066,-0.034,0.021,0.014,0.083,0.271,1.0,0.171,0.537,1.0,-0.171,0.092,0.333
20260304_135106,1772603566.0149028,0.3,0.203,0.228,0.0,0.53,0.53,0.5,0.051,0.239,1.0,0.0,0.239,0.659,0.0,1.0,0.47,0.238,-1.0,0.991,0.0,0.0,0,0.529,0.561,0.631,0.566,0.039,-0.492,0.494,0.61,high,0.0,0.857,0.0,0.873,0.114,,,,,anxiety,0.286,neutral,1,-0.058,0.087,0.247,-0.107,0.133,0.346,-0.084,1.0,1.0,0.119,0.084,0.336,-0.165,0.208,0.097,0.004,0.004,0.011,0.095,1.0,1.0,0.165,0.887,1.0,0.219,0.112,0.409,-0.112,0.836,1.0,0.165,0.887,1.0,-0.473,0.283,0.4,0.032,0.887,1.0,1.0,1.0,1.0,0.165,0.261,0.122,-0.045,0.076,0.092,-0.002,0.009,1.0,-0.0,0.003,0.002,1.0,0.177,0.253,-0.01,0.255,1.0,0.0,0.0,0.0,0.001,0.01,0.046,-0.03,0.019,0.006,0.01,0.012,0.067,-0.033,0.02,0.008,0.082,0.27,1.0,0.172,0.54,1.0,-0.173,0.093,0.311
20260304_135106,1772603566.0444336,0.3,0.203,0.232,0.0,0.532,0.528,0.5,0.047,0.207,1.0,0.0,0.207,0.866,0.0,1.0,0.472,0.24,-1.0,0.99,0.0,0.0,0,0.53,0.564,0.632,0.568,0.036,-0.486,0.487,0.661,high,0.0,1.0,0.0,0.769,0.145,,,,,anxiety,0.363,neutral,1,-0.058,0.087,0.247,-0.106,0.132,0.313,-0.075,1.0,1.0,0.121,0.085,0.34,-0.154,0.206,0.096,0.004,0.004,0.011,0.096,1.0,1.0,0.173,0.887,1.0,0.22,0.112,0.399,-0.109,0.843,1.0,0.173,0.887,1.0,-0.463,0.283,0.107,0.026,0.887,1.0,1.0,0.989,1.0,0.154,0.256,0.12,-0.042,0.074,0.075,-0.002,0.008,1.0,-0.0,0.003,0.001,1.0,0.175,0.244,-0.011,0.255,1.0,0.0,0.0,0.0,0.003,0.01,0.051,-0.028,0.018,0.003,0.013,0.012,0.07,-0.031,0.019,0.001,0.081,0.268,1.0,0.175,0.545,1.0,-0.175,0.094,0.328
20260304_135106,1772603566.0729663,0.3,0.203,0.232,0.0,0.532,0.521,0.5,0.047,0.218,0.905,0.0,0.218,0.685,0.0,1.0,0.479,0.242,-1.0,0.989,0.0,0.0,0,0.531,0.564,0.632,0.569,0.027,-0.487,0.488,0.608,high,0.0,0.891,0.0,0.769,0.12,,,,,anxiety,0.299,neutral,1,-0.057,0.087,0.24,-0.104,0.131,0.302,-0.066,1.0,1.0,0.123,0.086,0.331,-0.14,0.203,0.113,0.004,0.004,0.011,0.096,1.0,1.0,0.182,0.889,1.0,0.213,0.11,0.16,-0.105,0.848,1.0,0.182,0.889,1.0,-0.466,0.284,0.331,0.019,0.887,1.0,1.0,0.973,1.0,0.14,0.25,0.139,-0.039,0.071,0.052,-0.002,0.007,1.0,-0.0,0.003,0.002,1.0,0.172,0.234,-0.011,0.255,1.0,0.0,0.0,0.0,0.005,0.01,0.051,-0.026,0.018,0.004,0.015,0.013,0.071,-0.029,0.019,0.004,0.079,0.264,1.0,0.176,0.549,1.0,-0.176,0.095,0.32
20260304_135106,1772603566.0994961,0.3,0.195,0.217,0.0,0.543,0.528,0.5,0.051,0.218,1.0,0.0,0.218,0.664,0.0,1.0,0.472,0.24,-1.0,0.987,0.0,0.0,0,0.531,0.564,0.633,0.569,0.037,-0.473,0.475,0.571,medium,0.0,0.864,0.0,0.59,0.117,,,,,anxiety,0.292,neutral,1,-0.057,0.087,0.301,-0.103,0.131,0.406,-0.058,0.288,1.0,0.124,0.086,0.372,-0.126,0.2,0.077,0.005,0.004,0.012,0.097,1.0,1.0,0.189,0.888,1.0,0.214,0.109,0.381,-0.101,0.853,1.0,0.189,0.888,1.0,-0.467,0.286,0.375,0.012,0.887,1.0,1.0,0.956,1.0,0.126,0.243,0.094,-0.036,0.069,0.063,-0.001,0.006,1.0,-0.0,0.003,0.005,1.0,0.17,0.225,-0.012,0.255,1.0,0.0,0.0,0.0,0.007,0.01,0.052,-0.024,0.017,0.006,0.017,0.013,0.072,-0.027,0.018,0.004,0.078,0.259,1.0,0.178,0.554,1.0,-0.178,0.096,0.36
20260304_135106,1772603566.1280284,0.3,0.197,0.222,0.0,0.54,0.524,0.5,0.051,0.197,1.0,0.0,0.197,0.821,0.0,1.0,0.476,0.245,-1.0,0.988,0.0,0.0,0,0.532,0.563,0.634,0.568,0.025,-0.48,0.48,0.627,high,0.0,1.0,0.0,0.579,0.14,,,,,anxiety,0.351,neutral,1,-0.057,0.088,0.279,-0.102,0.13,0.361,-0.048,0.251,1.0,0.126,0.087,0.351,-0.121,0.2,0.086,0.005,0.004,0.01,0.098,1.0,1.0,0.195,0.882,1.0,0.213,0.109,0.371,-0.098,0.858,1.0,0.195,0.882,1.0,-0.466,0.286,0.012,0.006,0.888,1.0,1.0,0.94,1.0,0.121,0.242,0.104,-0.034,0.067,0.018,-0.001,0.006,1.0,-0.001,0.003,0.003,1.0,0.167,0.216,-0.013,0.255,1.0,0.0,0.0,0.0,0.009,0.01,0.057,-0.023,0.017,0.005,0.02,0.014,0.074,-0.025,0.018,0.004,0.074,0.252,1.0,0.178,0.553,1.0,-0.178,0.096,0.334
20260304_135106,1772603566.1605692,0.3,0.198,0.222,0.0,0.535,0.54,0.5,0.049,0.201,1.0,0.0,0.201,0.798,0.0,1.0,0.46,0.24,-1.0,0.989,0.0,0.0,0,0.532,0.564,0.634,0.568,0.031,-0.481,0.482,0.622,high,0.0,1.0,0.0,0.566,0.137,,,,,anxiety,0.343,neutral,1,-0.058,0.088,0.264,-0.1,0.13,0.355,-0.039,0.211,1.0,0.126,0.087,0.322,-0.119,0.2,0.028,0.005,0.004,0.01,0.098,1.0,1.0,0.202,0.876,1.0,0.211,0.107,0.361,-0.094,0.863,1.0,0.202,0.876,1.0,-0.459,0.286,0.043,0.0,0.896,1.0,1.0,0.923,1.0,0.119,0.241,0.033,-0.032,0.065,0.056,-0.001,0.005,1.0,-0.001,0.003,0.001,1.0,0.165,0.207,-0.014,0.255,1.0,0.0,0.0,0.0,0.01,0.011,0.058,-0.022,0.017,0.007,0.022,0.014,0.076,-0.024,0.018,0.005,0.072,0.245,1.0,0.176,0.549,1.0,-0.176,0.095,0.323
20260304_135106,1772603566.194102,0.3,0.19,0.213,0.0,0.551,0.539,0.5,0.054,0.216,1.0,0.0,0.216,0.788,0.0,1.0,0.461,0.246,-1.0,0.99,0.0,0.0,0,0.532,0.564,0.635,0.569,0.018,-0.459,0.459,0.618,high,0.0,1.0,0.0,0.554,0.135,au7_eye_squeeze,0.539,2,13,anxiety,0.338,neutral,1,-0.058,0.089,0.329,-0.099,0.13,0.412,-0.031,0.172,1.0,0.128,0.087,0.383,-0.12,0.2,0.032,0.005,0.004,0.012,0.099,1.0,1.0,0.21,0.876,1.0,0.21,0.107,0.351,-0.091,0.873,1.0,0.21,0.876,1.0,-0.458,0.286,0.064,-0.005,0.904,1.0,1.0,0.906,1.0,0.12,0.241,0.038,-0.029,0.064,0.006,-0.001,0.004,1.0,-0.001,0.003,0.0,1.0,0.162,0.198,-0.015,0.255,1.0,0.0,0.0,0.0,0.012,0.011,0.057,-0.021,0.017,0.009,0.024,0.015,0.076,-0.023,0.018,0.006,0.068,0.236,1.0,0.176,0.548,1.0,-0.176,0.096,0.395
20260304_135106,1772603566.2218254,0.3,0.199,0.225,0.0,0.547,0.541,0.5,0.053,0.215,1.0,0.0,0.215,0.888,0.0,1.0,0.459,0.242,-1.0,0.989,0.0,0.0,0,0.533,0.565,0.635,0.569,0.026,-0.465,0.466,0.655,high,0.0,1.0,0.0,0.736,0.144,au7_eye_squeeze,0.541,3,12,anxiety,0.361,neutral,1,-0.058,0.09,0.248,-0.098,0.129,0.317,-0.024,0.136,1.0,0.13,0.088,0.355,-0.121,0.2,0.023,0.005,0.004,0.011,0.1,1.0,1.0,0.218,0.874,1.0,0.207,0.106,0.341,-0.089,0.885,1.0,0.218,0.874,1.0,-0.455,0.286,0.18,-0.011,0.91,1.0,1.0,0.889,1.0,0.121,0.241,0.028,-0.026,0.061,0.031,-0.001,0.004,1.0,-0.001,0.003,0.002,1.0,0.159,0.189,-0.016,0.255,1.0,0.0,0.0,0.0,0.014,0.011,0.061,-0.02,0.017,0.012,0.026,0.015,0.076,-0.022,0.017,0.009,0.063,1.0,1.0,0.177,0.55,1.0,-0.176,0.096,0.365
20260304_135106,1772603566.2533553,0.3,0.195,0.219,0.0,0.546,0.602,0.5,0.05,0.222,1.0,0.0,0.222,0.836,0.0,1.0,0.398,0.25,-1.0,0.987,0.0,0.0,0,0.534,0.567,0.635,0.57,0.003,-0.46,0.46,0.65,high,0.0,1.0,0.0,0.731,0.141,au7_eye_squeeze,0.602,4,11,anxiety,0.352,neutral,1,-0.059,0.09,0.274,-0.098,0.129,0.353,-0.019,0.112,1.0,0.133,0.089,0.347,-0.118,0.2,0.201,0.005,0.004,0.011,0.1,1.0,1.0,0.227,0.874,1.0,0.205,0.104,0.331,-0.087,0.899,1.0,0.227,0.874,1.0,-0.443,0.286,0.055,-0.015,0.922,1.0,1.0,0.873,1.0,0.118,0.242,0.243,-0.023,0.059,0.035,-0.0,0.003,1.0,-0.001,0.003,0.005,1.0,0.156,0.18,-0.016,0.255,1.0,0.0,0.0,0.0,0.015,0.012,0.063,-0.019,0.017,0.02,0.028,0.016,0.076,-0.021,0.017,0.011,0.058,1.0,1.0,0.178,0.553,1.0,-0.177,0.097,0.379
20260304_135106,1772603566.2860212,0.3,0.198,0.221,0.0,0.543,0.87,0.5,0.058,0.255,1.0,0.0,0.255,0.489,0.0,1.0,0.13,0.23,-0.999,0.987,0.0,0.0,0,0.54,0.573,0.63,0.575,0.045,-0.413,0.416,0.482,medium,0.0,0.636,0.0,0.73,0.064,au7_eye_squeeze,0.87,5,10,fatigue,0.292,neutral,1,-0.059,0.091,0.249,-0.097,0.129,0.332,-0.015,0.092,1.0,0.135,0.09,0.326,-0.096,0.207,1.0,0.005,0.004,0.011,0.101,1.0,1.0,0.236,0.873,1.0,0.207,0.105,0.324,-0.086,0.917,1.0,0.236,0.873,1.0,-0.462,0.29,0.797,-0.018,0.939,1.0,1.0,0.856,1.0,0.096,0.255,1.0,-0.022,0.058,0.121,-0.0,0.003,1.0,-0.001,0.003,0.005,1.0,0.159,0.894,-0.015,0.256,1.0,0.0,0.0,0.0,0.017,0.013,0.084,-0.018,0.017,0.039,0.029,0.016,0.059,-0.019,0.017,0.03,0.057,1.0,1.0,0.183,0.568,1.0,-0.182,0.1,0.529
20260304_135106,1772603566.3776836,0.3,0.197,0.217,0.0,0.546,0.888,0.5,0.058,0.25,1.0,0.0,0.25,0.807,0.0,1.0,0.112,0.241,-1.0,0.987,0.0,0.0,0,0.539,0.575,0.63,0.577,0.036,-0.406,0.407,0.612,high,0.0,1.0,0.0,0.731,0.102,au7_eye_squeeze,0.888,5,10,anxiety,0.255,neutral,1,-0.06,0.091,0.254,-0.097,0.129,0.358,-0.011,0.075,1.0,0.137,0.091,0.332,-0.072,0.215,1.0,0.005,0.004,0.011,0.102,1.0,1.0,0.244,0.87,1.0,0.209,0.105,0.316,-0.085,0.937,1.0,0.244,0.87,1.0,-0.451,0.29,0.001,-0.022,0.955,1.0,1.0,0.839,1.0,0.072,0.269,1.0,-0.02,0.056,0.027,-0.0,0.002,1.0,-0.002,0.003,0.005,1.0,0.161,0.871,-0.011,0.264,1.0,0.0,0.0,0.0,0.019,0.013,0.081,-0.017,0.017,0.045,0.031,0.016,0.06,-0.018,0.017,0.038,0.054,1.0,1.0,0.187,0.583,1.0,-0.186,0.103,0.553
20260304_135106,1772603566.4650276,0.3,0.194,0.209,0.0,0.535,0.859,0.5,0.049,0.243,1.0,0.0,0.243,0.655,0.0,1.0,0.141,0.226,-1.0,0.986,0.0,0.0,0,0.533,0.573,0.634,0.576,0.043,-0.422,0.424,0.557,medium,0.0,0.851,0.0,0.732,0.084,au7_eye_squeeze,0.859,4,11,fatigue,0.265,neutral,1,-0.06,0.092,0.271,-0.097,0.13,0.411,-0.007,0.052,1.0,0.138,0.091,0.277,-0.051,0.221,1.0,0.005,0.004,0.011,0.102,1.0,1.0,0.251,0.863,1.0,0.209,0.104,0.308,-0.085,0.958,1.0,0.251,0.863,1.0,-0.454,0.291,0.376,-0.024,0.973,1.0,1.0,0.822,1.0,0.051,0.281,1.0,-0.018,0.055,0.15,-0.0,0.002,1.0,-0.002,0.003,0.006,1.0,0.163,0.848,-0.004,0.281,1.0,0.0,0.0,0.0,0.02,0.014,0.058,-0.015,0.017,0.039,0.032,0.017,0.069,-0.017,0.017,0.034,0.053,1.0,1.0,0.191,0.593,1.0,-0.19,0.106,0.485
20260304_135106,1772603566.5573957,0.3,0.188,0.216,0.0,0.542,0.552,0.499,0.041,0.266,1.0,0.0,0.266,0.764,0.0,1.0,0.448,0.234,-1.0,0.99,0.0,0.0,0,0.53,0.566,0.631,0.57,0.021,-0.475,0.476,0.637,high,0.0,0.993,0.0,0.73,0.129,au7_eye_squeeze,0.552,5,10,anxiety,0.323,neutral,1,-0.062,0.094,0.321,-0.098,0.131,0.35,-0.005,0.044,1.0,0.139,0.091,0.299,-0.053,0.221,0.027,0.006,0.004,0.008,0.101,1.0,1.0,0.26,0.859,1.0,0.211,0.104,0.301,-0.084,0.979,1.0,0.26,0.859,1.0,-0.455,0.292,0.101,-0.027,0.989,1.0,1.0,0.806,1.0,0.053,0.281,0.035,-0.017,0.054,0.082,-0.0,0.002,1.0,-0.002,0.003,0.001,1.0,0.165,0.825,-0.006,0.281,1.0,0.0,0.0,0.0,0.021,0.014,0.046,-0.015,0.017,0.014,0.034,0.017,0.06,-0.016,0.017,0.012,0.05,1.0,0.979,0.191,0.594,1.0,-0.19,0.106,0.293
20260304_135106,1772603566.6467626,0.3,0.195,0.225,0.0,0.544,0.523,0.5,0.045,0.233,1.0,0.0,0.233,0.641,0.0,1.0,0.477,0.24,-1.0,0.989,0.0,0.0,0,0.531,0.566,0.632,0.57,0.028,-0.466,0.467,0.608,high,0.0,0.833,0.0,0.92,0.112,,,,,anxiety,0.279,neutral,1,-0.063,0.094,0.252,-0.098,0.132,0.276,-0.003,0.028,1.0,0.141,0.092,0.304,-0.057,0.222,0.131,0.006,0.004,0.01,0.101,1.0,1.0,0.266,0.85,1.0,0.211,0.104,0.294,-0.084,1.0,1.0,0.266,0.85,1.0,-0.458,0.293,0.404,-0.031,1.0,1.0,1.0,0.791,1.0,0.057,0.281,0.166,-0.015,0.052,0.029,-0.0,0.001,1.0,-0.001,0.003,0.0,1.0,0.166,0.803,-0.007,0.281,1.0,0.0,0.0,0.0,0.022,0.014,0.047,-0.014,0.017,0.014,0.035,0.017,0.062,-0.016,0.017,0.01,0.047,1.0,1.0,0.192,0.595,1.0,-0.191,0.107,0.32
20260304_135106,1772603566.7428534,0.3,0.194,0.22,0.0,0.54,0.527,0.5,0.043,0.183,1.0,0.0,0.183,0.633,0.0,1.0,0.473,0.248,-1.0,0.989,0.0,0.0,0,0.531,0.566,0.631,0.569,0.006,-0.471,0.471,0.607,high,0.0,0.822,0.0,0.918,0.114,,,,,anxiety,0.284,neutral,1,-0.064,0.096,0.262,-0.099,0.133,0.311,-0.001,0.016,1.0,0.144,0.092,0.282,-0.062,0.221,0.116,0.006,0.004,0.011,0.1,1.0,1.0,0.267,0.837,1.0,0.213,0.104,0.287,-0.084,1.0,1.0,0.267,0.837,1.0,-0.46,0.295,0.417,-0.037,1.0,1.0,1.0,0.778,1.0,0.062,0.281,0.147,-0.012,0.05,0.044,0.0,0.001,1.0,-0.001,0.003,0.001,1.0,0.167,0.781,-0.008,0.281,1.0,0.0,0.0,0.0,0.023,0.014,0.046,-0.013,0.017,0.016,0.036,0.018,0.057,-0.015,0.017,0.008,0.044,1.0,1.0,0.193,0.597,1.0,-0.191,0.107,0.301
20260304_135106,1772603566.8402388,0.3,0.195,0.226,0.0,0.53,0.534,0.5,0.038,0.119,1.0,0.0,0.119,0.625,0.0,1.0,0.466,0.245,-1.0,0.988,0.0,0.0,0,0.531,0.566,0.631,0.57,0.016,-0.486,0.486,0.607,high,0.0,0.813,0.0,0.916,0.116,,,,,anxiety,0.29,neutral,1,-0.065,0.096,0.249,-0.101,0.134,0.259,-0.001,0.008,1.0,0.145,0.093,0.231,-0.068,0.221,0.094,0.006,0.004,0.01,0.099,1.0,0.843,0.263,0.824,0.504,0.215,0.104,0.281,-0.084,1.0,1.0,0.263,0.824,0.504,-0.46,0.296,0.429,-0.04,1.0,1.0,1.0,0.767,1.0,0.068,0.281,0.119,-0.01,0.049,0.024,0.0,0.001,1.0,-0.001,0.003,0.002,1.0,0.167,0.76,-0.009,0.281,1.0,0.0,0.0,0.0,0.024,0.014,0.046,-0.013,0.017,0.016,0.037,0.018,0.058,-0.015,0.017,0.012,0.041,1.0,0.123,0.192,0.596,1.0,-0.191,0.107,0.24
20260304_135106,1772603566.925953,0.3,0.181,0.211,0.0,0.541,0.524,0.5,0.049,0.128,1.0,0.0,0.128,0.695,0.0,1.0,0.476,0.262,-1.0,0.991,0.0,0.0,0,0.53,0.566,0.631,0.57,-0.003,-0.464,0.464,0.654,high,0.0,0.904,0.0,1.0,0.128,,,,,anxiety,0.32,neutral,1,-0.067,0.099,0.375,-0.103,0.135,0.373,0.0,0.0,0.0,0.147,0.093,0.274,-0.074,0.221,0.127,0.006,0.004,0.01,0.099,1.0,1.0,0.26,0.811,0.657,0.218,0.105,0.275,-0.085,1.0,1.0,0.26,0.811,0.657,-0.454,0.297,0.244,-0.044,1.0,1.0,1.0,0.757,1.0,0.074,0.281,0.162,-0.006,0.048,0.161,0.0,0.001,1.0,-0.001,0.003,0.004,1.0,0.167,0.738,-0.01,0.281,1.0,0.0,0.0,0.0,0.024,0.015,0.044,-0.012,0.017,0.016,0.038,0.018,0.058,-0.014,0.017,0.011,0.037,1.0,1.0,0.193,0.598,1.0,-0.192,0.108,0.316
20260304_135106,1772603567.059062,0.3,0.189,0.221,0.0,0.541,0.532,0.5,0.038,0.112,1.0,0.0,0.112,0.59,0.0,1.0,0.468,0.263,-1.0,0.99,0.0,0.0,0,0.531,0.568,0.631,0.571,-0.013,-0.461,0.461,0.602,high,0.0,0.767,0.0,1.0,0.11,,,,,anxiety,0.276,neutral,1,-0.069,0.1,0.298,-0.105,0.136,0.289,0.0,0.0,0.0,0.149,0.094,0.268,-0.081,0.221,0.099,0.006,0.004,0.01,0.098,1.0,0.781,0.256,0.8,0.287,0.22,0.105,0.268,-0.085,1.0,1.0,0.256,0.8,0.287,-0.455,0.298,0.504,-0.045,1.0,1.0,1.0,0.747,1.0,0.081,0.281,0.126,-0.003,0.048,0.174,0.0,0.001,1.0,-0.001,0.003,0.001,1.0,0.167,0.718,-0.011,0.281,1.0,0.0,0.0,0.0,0.025,0.015,0.046,-0.012,0.017,0.021,0.039,0.018,0.055,-0.014,0.017,0.015,0.033,1.0,1.0,0.195,0.601,1.0,-0.194,0.109,0.321
20260304_135106,1772603567.1081097,0.3,0.189,0.218,0.0,0.541,0.528,0.5,0.041,0.133,1.0,0.0,0.133,0.577,0.0,1.0,0.472,0.253,-1.0,0.989,0.0,0.0,0,0.531,0.569,0.631,0.571,-0.001,-0.459,0.459,0.594,medium,0.0,0.751,0.0,1.0,0.107,,,,,anxiety,0.267,neutral,1,-0.071,0.101,0.296,-0.107,0.138,0.312,0.0,0.0,0.0,0.152,0.094,0.264,-0.087,0.22,0.118,0.006,0.004,0.01,0.097,1.0,0.978,0.254,0.788,0.704,0.222,0.105,0.263,-0.086,1.0,1.0,0.254,0.788,0.704,-0.464,0.301,0.53,-0.048,1.0,1.0,1.0,0.738,1.0,0.087,0.281,0.15,-0.001,0.047,0.087,0.0,0.001,1.0,-0.0,0.003,0.0,1.0,0.166,0.697,-0.012,0.281,1.0,0.0,0.0,0.0,0.026,0.015,0.047,-0.011,0.017,0.024,0.04,0.019,0.057,-0.013,0.017,0.015,0.03,1.0,1.0,0.197,0.605,1.0,-0.196,0.11,0.324
20260304_135106,1772603567.1749403,0.3,0.187,0.224,0.0,0.533,0.539,0.5,0.04,0.156,1.0,0.0,0.156,0.413,0.026,1.0,0.461,0.236,-1.0,0.99,0.0,0.0,0,0.532,0.567,0.633,0.571,0.02,-0.471,0.471,0.536,medium,0.0,0.537,0.0,1.0,0.102,,,,,fear,0.255,neutral,1,-0.073,0.103,0.307,-0.109,0.138,0.259,0.0,0.0,0.0,0.154,0.095,0.227,-0.094,0.22,0.079,0.006,0.004,0.01,0.095,1.0,0.855,0.253,0.775,1.0,0.224,0.105,0.257,-0.087,1.0,1.0,0.253,0.775,1.0,-0.483,0.306,0.944,-0.048,1.0,0.702,1.0,0.729,1.0,0.094,0.281,0.101,0.001,0.046,0.049,0.0,0.001,1.0,0.0,0.003,0.001,1.0,0.165,0.677,-0.014,0.281,1.0,0.0,0.0,0.0,0.027,0.015,0.047,-0.01,0.017,0.017,0.041,0.019,0.06,-0.013,0.017,0.014,0.028,1.0,0.452,0.199,0.609,1.0,-0.198,0.111,0.275
20260304_135106,1772603567.2549827,0.3,0.19,0.219,0.0,0.533,0.53,0.5,0.04,0.186,1.0,0.0,0.186,0.642,0.0,1.0,0.47,0.246,-1.0,0.989,0.0,0.0,0,0.531,0.567,0.633,0.57,0.003,-0.477,0.477,0.624,high,0.0,0.835,0.0,1.0,0.115,,,,,anxiety,0.288,neutral,1,-0.075,0.104,0.28,-0.111,0.14,0.294,0.0,0.0,0.0,0.156,0.095,0.222,-0.102,0.219,0.112,0.007,0.004,0.01,0.094,1.0,0.765,0.253,0.763,1.0,0.227,0.105,0.252,-0.088,1.0,1.0,0.253,0.763,1.0,-0.483,0.308,0.346,-0.052,1.0,1.0,1.0,0.72,1.0,0.102,0.281,0.143,0.002,0.046,0.036,0.0,0.001,1.0,0.0,0.003,0.001,1.0,0.163,0.657,-0.015,0.281,1.0,0.0,0.0,0.0,0.027,0.015,0.045,-0.01,0.017,0.019,0.042,0.019,0.06,-0.012,0.017,0.011,0.026,1.0,1.0,0.2,0.61,1.0,-0.199,0.112,0.25
20260304_135106,1772603567.349956,0.3,0.18,0.213,0.0,0.552,0.534,0.5,0.049,0.14,1.0,0.0,0.14,0.631,0.0,1.0,0.466,0.262,-1.0,0.988,0.0,0.0,0,0.533,0.569,0.633,0.572,-0.014,-0.441,0.441,0.621,high,0.0,0.82,0.0,1.0,0.116,,,,,anxiety,0.291,neutral,1,-0.077,0.106,0.363,-0.113,0.141,0.341,0.0,0.0,0.0,0.16,0.096,0.296,-0.106,0.219,0.097,0.007,0.005,0.009,0.093,1.0,1.0,0.25,0.749,0.714,0.233,0.106,0.248,-0.089,1.0,1.0,0.25,0.749,0.714,-0.481,0.309,0.368,-0.053,1.0,1.0,1.0,0.71,1.0,0.106,0.281,0.124,0.005,0.046,0.165,0.0,0.001,1.0,0.0,0.003,0.002,1.0,0.162,0.637,-0.016,0.281,1.0,0.0,0.0,0.0,0.028,0.015,0.05,-0.009,0.017,0.026,0.042,0.019,0.059,-0.012,0.017,0.02,0.021,1.0,1.0,0.206,0.619,1.0,-0.205,0.113,0.375
